case_name,case_prefix,program,premium_multiple_of_gross_aal,expense_ratio,ceded_price_multiplier,earned_premium_2022_usd,expenses_2022_usd,retained_aal_2022_usd,expected_reinsurance_premium_2022_usd,underwriting_result_2022_usd,var99_5_economic_capital_floored_2022_usd,tvar99_5_tail_capital_2022_usd,raroc_using_var99_5_capital,raroc_using_tvar99_5_tail_capital,var_capital_informative,pricing_status
I0_PHASE1_INDEPENDENT,i0,NO_REINSURANCE,1.25,0.2,0.0,153724.44995916059,30744.88999183212,122979.55996732846,0.0,1.4551915228366852e-11,0.0,24470473.088233545,,5.946724109459101e-19,False,assumption grid; not a central estimate
I0_PHASE1_INDEPENDENT,i0,NO_REINSURANCE,1.5,0.2,0.0,184469.3399509927,36893.86799019854,122979.55996732846,0.0,24595.911993465692,0.0,24470473.088233545,,0.0010051261332292127,False,assumption grid; not a central estimate
I0_PHASE1_INDEPENDENT,i0,NO_REINSURANCE,2.0,0.2,0.0,245959.11993465692,49191.823986931384,122979.55996732846,0.0,73787.73598039708,0.0,24470473.088233545,,0.0030153783996876376,False,assumption grid; not a central estimate
I0_PHASE1_INDEPENDENT,i0,NO_REINSURANCE,2.5,0.2,0.0,307448.89991832117,61489.77998366424,122979.55996732846,0.0,122979.55996732849,0.0,24470473.088233545,,0.005025630666146064,False,assumption grid; not a central estimate
I0_PHASE1_INDEPENDENT,i0,NO_REINSURANCE,3.0,0.2,0.0,368938.6799019854,73787.73598039708,122979.55996732846,0.0,172171.38395425986,0.0,24470473.088233545,,0.007035882932604489,False,assumption grid; not a central estimate
I0_PHASE1_INDEPENDENT,i0,NO_REINSURANCE,1.25,0.3,0.0,153724.44995916059,46117.334987748174,122979.55996732846,0.0,-15372.444995916056,0.0,24470473.088233545,,-0.0006282038332682578,False,assumption grid; not a central estimate
I0_PHASE1_INDEPENDENT,i0,NO_REINSURANCE,1.5,0.3,0.0,184469.3399509927,55340.80198529781,122979.55996732846,0.0,6148.977998366419,0.0,24470473.088233545,,0.000251281533307303,False,assumption grid; not a central estimate
I0_PHASE1_INDEPENDENT,i0,NO_REINSURANCE,2.0,0.3,0.0,245959.11993465692,73787.73598039708,122979.55996732846,0.0,49191.8239869314,0.0,24470473.088233545,,0.0020102522664584258,False,assumption grid; not a central estimate
I0_PHASE1_INDEPENDENT,i0,NO_REINSURANCE,2.5,0.3,0.0,307448.89991832117,92234.66997549635,122979.55996732846,0.0,92234.66997549635,0.0,24470473.088233545,,0.0037692229996095475,False,assumption grid; not a central estimate
I0_PHASE1_INDEPENDENT,i0,NO_REINSURANCE,3.0,0.3,0.0,368938.6799019854,110681.60397059562,122979.55996732846,0.0,135277.5159640613,0.0,24470473.088233545,,0.00552819373276067,False,assumption grid; not a central estimate
I0_PHASE1_INDEPENDENT,i0,NO_REINSURANCE,1.25,0.4,0.0,153724.44995916059,61489.77998366424,122979.55996732846,0.0,-30744.88999183211,0.0,24470473.088233545,,-0.0012564076665365156,False,assumption grid; not a central estimate
I0_PHASE1_INDEPENDENT,i0,NO_REINSURANCE,1.5,0.4,0.0,184469.3399509927,73787.73598039708,122979.55996732846,0.0,-12297.955996732839,0.0,24470473.088233545,,-0.000502563066614606,False,assumption grid; not a central estimate
I0_PHASE1_INDEPENDENT,i0,NO_REINSURANCE,2.0,0.4,0.0,245959.11993465692,98383.64797386277,122979.55996732846,0.0,24595.911993465692,0.0,24470473.088233545,,0.0010051261332292127,False,assumption grid; not a central estimate
I0_PHASE1_INDEPENDENT,i0,NO_REINSURANCE,2.5,0.4,0.0,307448.89991832117,122979.55996732847,122979.55996732846,0.0,61489.77998366424,0.0,24470473.088233545,,0.0025128153330730317,False,assumption grid; not a central estimate
I0_PHASE1_INDEPENDENT,i0,NO_REINSURANCE,3.0,0.4,0.0,368938.6799019854,147575.47196079415,122979.55996732846,0.0,98383.64797386278,0.0,24470473.088233545,,0.004020504532916851,False,assumption grid; not a central estimate
I0_PHASE1_INDEPENDENT,i0,FROZEN_OCCURRENCE_XOL,1.25,0.2,1.0,153724.44995916059,30744.88999183212,59302.9626400624,63676.597327266056,2.1827872842550278e-11,0.0,11800103.624713682,,1.8498034878977522e-18,False,assumption grid; not a central estimate
I0_PHASE1_INDEPENDENT,i0,FROZEN_OCCURRENCE_XOL,1.5,0.2,1.0,184469.3399509927,36893.86799019854,59302.9626400624,63676.597327266056,24595.9119934657,0.0,11800103.624713682,,0.0020843810169558995,False,assumption grid; not a central estimate
I0_PHASE1_INDEPENDENT,i0,FROZEN_OCCURRENCE_XOL,2.0,0.2,1.0,245959.11993465692,49191.823986931384,59302.9626400624,63676.597327266056,73787.73598039709,0.0,11800103.624713682,,0.006253143050867698,False,assumption grid; not a central estimate
I0_PHASE1_INDEPENDENT,i0,FROZEN_OCCURRENCE_XOL,2.5,0.2,1.0,307448.89991832117,61489.77998366424,59302.9626400624,63676.597327266056,122979.5599673285,0.0,11800103.624713682,,0.010421905084779498,False,assumption grid; not a central estimate
I0_PHASE1_INDEPENDENT,i0,FROZEN_OCCURRENCE_XOL,3.0,0.2,1.0,368938.6799019854,73787.73598039708,59302.9626400624,63676.597327266056,172171.38395425986,0.0,11800103.624713682,,0.014590667118691293,False,assumption grid; not a central estimate
I0_PHASE1_INDEPENDENT,i0,FROZEN_OCCURRENCE_XOL,1.25,0.3,1.0,153724.44995916059,46117.334987748174,59302.9626400624,63676.597327266056,-15372.444995916048,0.0,11800103.624713682,,-0.001302738135597436,False,assumption grid; not a central estimate
I0_PHASE1_INDEPENDENT,i0,FROZEN_OCCURRENCE_XOL,1.5,0.3,1.0,184469.3399509927,55340.80198529781,59302.9626400624,63676.597327266056,6148.977998366427,0.0,11800103.624713682,,0.000521095254238975,False,assumption grid; not a central estimate
I0_PHASE1_INDEPENDENT,i0,FROZEN_OCCURRENCE_XOL,2.0,0.3,1.0,245959.11993465692,73787.73598039708,59302.9626400624,63676.597327266056,49191.823986931406,0.0,11800103.624713682,,0.0041687620339118,False,assumption grid; not a central estimate
I0_PHASE1_INDEPENDENT,i0,FROZEN_OCCURRENCE_XOL,2.5,0.3,1.0,307448.89991832117,92234.66997549635,59302.9626400624,63676.597327266056,92234.66997549636,0.0,11800103.624713682,,0.007816428813584622,False,assumption grid; not a central estimate
I0_PHASE1_INDEPENDENT,i0,FROZEN_OCCURRENCE_XOL,3.0,0.3,1.0,368938.6799019854,110681.60397059562,59302.9626400624,63676.597327266056,135277.5159640613,0.0,11800103.624713682,,0.011464095593257444,False,assumption grid; not a central estimate
I0_PHASE1_INDEPENDENT,i0,FROZEN_OCCURRENCE_XOL,1.25,0.4,1.0,153724.44995916059,61489.77998366424,59302.9626400624,63676.597327266056,-30744.889991832104,0.0,11800103.624713682,,-0.0026054762711948728,False,assumption grid; not a central estimate
I0_PHASE1_INDEPENDENT,i0,FROZEN_OCCURRENCE_XOL,1.5,0.4,1.0,184469.3399509927,73787.73598039708,59302.9626400624,63676.597327266056,-12297.955996732831,0.0,11800103.624713682,,-0.0010421905084779482,False,assumption grid; not a central estimate
I0_PHASE1_INDEPENDENT,i0,FROZEN_OCCURRENCE_XOL,2.0,0.4,1.0,245959.11993465692,98383.64797386277,59302.9626400624,63676.597327266056,24595.9119934657,0.0,11800103.624713682,,0.0020843810169558995,False,assumption grid; not a central estimate
I0_PHASE1_INDEPENDENT,i0,FROZEN_OCCURRENCE_XOL,2.5,0.4,1.0,307448.89991832117,122979.55996732847,59302.9626400624,63676.597327266056,61489.779983664244,0.0,11800103.624713682,,0.005210952542389748,False,assumption grid; not a central estimate
I0_PHASE1_INDEPENDENT,i0,FROZEN_OCCURRENCE_XOL,3.0,0.4,1.0,368938.6799019854,147575.47196079415,59302.9626400624,63676.597327266056,98383.64797386277,0.0,11800103.624713682,,0.008337524067823595,False,assumption grid; not a central estimate
I0_PHASE1_INDEPENDENT,i0,FROZEN_OCCURRENCE_XOL,1.25,0.2,1.25,153724.44995916059,30744.88999183212,59302.9626400624,79595.74665908256,-15919.149331816487,0.0,11800103.624713682,,-0.0013490686046583552,False,assumption grid; not a central estimate
I0_PHASE1_INDEPENDENT,i0,FROZEN_OCCURRENCE_XOL,1.5,0.2,1.25,184469.3399509927,36893.86799019854,59302.9626400624,79595.74665908256,8676.76266164919,0.0,11800103.624713682,,0.0007353124122975424,False,assumption grid; not a central estimate
I0_PHASE1_INDEPENDENT,i0,FROZEN_OCCURRENCE_XOL,2.0,0.2,1.25,245959.11993465692,49191.823986931384,59302.9626400624,79595.74665908256,57868.58664858059,0.0,11800103.624713682,,0.004904074446209342,False,assumption grid; not a central estimate
I0_PHASE1_INDEPENDENT,i0,FROZEN_OCCURRENCE_XOL,2.5,0.2,1.25,307448.89991832117,61489.77998366424,59302.9626400624,79595.74665908256,107060.410635512,0.0,11800103.624713682,,0.009072836480121142,False,assumption grid; not a central estimate
I0_PHASE1_INDEPENDENT,i0,FROZEN_OCCURRENCE_XOL,3.0,0.2,1.25,368938.6799019854,73787.73598039708,59302.9626400624,79595.74665908256,156252.23462244336,0.0,11800103.624713682,,0.013241598514032936,False,assumption grid; not a central estimate
I0_PHASE1_INDEPENDENT,i0,FROZEN_OCCURRENCE_XOL,1.25,0.3,1.25,153724.44995916059,46117.334987748174,59302.9626400624,79595.74665908256,-31291.594327732557,0.0,11800103.624713682,,-0.002651806740255793,False,assumption grid; not a central estimate
I0_PHASE1_INDEPENDENT,i0,FROZEN_OCCURRENCE_XOL,1.5,0.3,1.25,184469.3399509927,55340.80198529781,59302.9626400624,79595.74665908256,-9770.171333450082,0.0,11800103.624713682,,-0.0008279733504193821,False,assumption grid; not a central estimate
I0_PHASE1_INDEPENDENT,i0,FROZEN_OCCURRENCE_XOL,2.0,0.3,1.25,245959.11993465692,73787.73598039708,59302.9626400624,79595.74665908256,33272.6746551149,0.0,11800103.624713682,,0.0028196934292534425,False,assumption grid; not a central estimate
I0_PHASE1_INDEPENDENT,i0,FROZEN_OCCURRENCE_XOL,2.5,0.3,1.25,307448.89991832117,92234.66997549635,59302.9626400624,79595.74665908256,76315.52064367986,0.0,11800103.624713682,,0.006467360208926266,False,assumption grid; not a central estimate
I0_PHASE1_INDEPENDENT,i0,FROZEN_OCCURRENCE_XOL,3.0,0.3,1.25,368938.6799019854,110681.60397059562,59302.9626400624,79595.74665908256,119358.36663224481,0.0,11800103.624713682,,0.010115026988599087,False,assumption grid; not a central estimate
I0_PHASE1_INDEPENDENT,i0,FROZEN_OCCURRENCE_XOL,1.25,0.4,1.25,153724.44995916059,61489.77998366424,59302.9626400624,79595.74665908256,-46664.03932364861,0.0,11800103.624713682,,-0.00395454487585323,False,assumption grid; not a central estimate
I0_PHASE1_INDEPENDENT,i0,FROZEN_OCCURRENCE_XOL,1.5,0.4,1.25,184469.3399509927,73787.73598039708,59302.9626400624,79595.74665908256,-28217.10532854934,0.0,11800103.624713682,,-0.002391259113136305,False,assumption grid; not a central estimate
I0_PHASE1_INDEPENDENT,i0,FROZEN_OCCURRENCE_XOL,2.0,0.4,1.25,245959.11993465692,98383.64797386277,59302.9626400624,79595.74665908256,8676.76266164919,0.0,11800103.624713682,,0.0007353124122975424,False,assumption grid; not a central estimate
I0_PHASE1_INDEPENDENT,i0,FROZEN_OCCURRENCE_XOL,2.5,0.4,1.25,307448.89991832117,122979.55996732847,59302.9626400624,79595.74665908256,45570.630651847736,0.0,11800103.624713682,,0.0038618839377313912,False,assumption grid; not a central estimate
I0_PHASE1_INDEPENDENT,i0,FROZEN_OCCURRENCE_XOL,3.0,0.4,1.25,368938.6799019854,147575.47196079415,59302.9626400624,79595.74665908256,82464.49864204627,0.0,11800103.624713682,,0.006988455463165239,False,assumption grid; not a central estimate
I0_PHASE1_INDEPENDENT,i0,FROZEN_OCCURRENCE_XOL,1.25,0.2,1.5,153724.44995916059,30744.88999183212,59302.9626400624,95514.89599089908,-31838.298663633002,0.0,11800103.624713682,,-0.002698137209316713,False,assumption grid; not a central estimate
I0_PHASE1_INDEPENDENT,i0,FROZEN_OCCURRENCE_XOL,1.5,0.2,1.5,184469.3399509927,36893.86799019854,59302.9626400624,95514.89599089908,-7242.386670167325,0.0,11800103.624713682,,-0.0006137561923608153,False,assumption grid; not a central estimate
I0_PHASE1_INDEPENDENT,i0,FROZEN_OCCURRENCE_XOL,2.0,0.2,1.5,245959.11993465692,49191.823986931384,59302.9626400624,95514.89599089908,41949.43731676407,0.0,11800103.624713682,,0.0035550058415509834,False,assumption grid; not a central estimate
I0_PHASE1_INDEPENDENT,i0,FROZEN_OCCURRENCE_XOL,2.5,0.2,1.5,307448.89991832117,61489.77998366424,59302.9626400624,95514.89599089908,91141.26130369549,0.0,11800103.624713682,,0.007723767875462783,False,assumption grid; not a central estimate
I0_PHASE1_INDEPENDENT,i0,FROZEN_OCCURRENCE_XOL,3.0,0.2,1.5,368938.6799019854,73787.73598039708,59302.9626400624,95514.89599089908,140333.08529062686,0.0,11800103.624713682,,0.01189252990937458,False,assumption grid; not a central estimate
I0_PHASE1_INDEPENDENT,i0,FROZEN_OCCURRENCE_XOL,1.25,0.3,1.5,153724.44995916059,46117.334987748174,59302.9626400624,95514.89599089908,-47210.74365954907,0.0,11800103.624713682,,-0.004000875344914151,False,assumption grid; not a central estimate
I0_PHASE1_INDEPENDENT,i0,FROZEN_OCCURRENCE_XOL,1.5,0.3,1.5,184469.3399509927,55340.80198529781,59302.9626400624,95514.89599089908,-25689.320665266598,0.0,11800103.624713682,,-0.0021770419550777398,False,assumption grid; not a central estimate
I0_PHASE1_INDEPENDENT,i0,FROZEN_OCCURRENCE_XOL,2.0,0.3,1.5,245959.11993465692,73787.73598039708,59302.9626400624,95514.89599089908,17353.52532329838,0.0,11800103.624713682,,0.0014706248245950847,False,assumption grid; not a central estimate
I0_PHASE1_INDEPENDENT,i0,FROZEN_OCCURRENCE_XOL,2.5,0.3,1.5,307448.89991832117,92234.66997549635,59302.9626400624,95514.89599089908,60396.371311863346,0.0,11800103.624713682,,0.005118291604267908,False,assumption grid; not a central estimate
I0_PHASE1_INDEPENDENT,i0,FROZEN_OCCURRENCE_XOL,3.0,0.3,1.5,368938.6799019854,110681.60397059562,59302.9626400624,95514.89599089908,103439.2173004283,0.0,11800103.624713682,,0.00876595838394073,False,assumption grid; not a central estimate
I0_PHASE1_INDEPENDENT,i0,FROZEN_OCCURRENCE_XOL,1.25,0.4,1.5,153724.44995916059,61489.77998366424,59302.9626400624,95514.89599089908,-62583.18865546513,0.0,11800103.624713682,,-0.0053036134805115875,False,assumption grid; not a central estimate
I0_PHASE1_INDEPENDENT,i0,FROZEN_OCCURRENCE_XOL,1.5,0.4,1.5,184469.3399509927,73787.73598039708,59302.9626400624,95514.89599089908,-44136.254660365856,0.0,11800103.624713682,,-0.003740327717794663,False,assumption grid; not a central estimate
I0_PHASE1_INDEPENDENT,i0,FROZEN_OCCURRENCE_XOL,2.0,0.4,1.5,245959.11993465692,98383.64797386277,59302.9626400624,95514.89599089908,-7242.386670167325,0.0,11800103.624713682,,-0.0006137561923608153,False,assumption grid; not a central estimate
I0_PHASE1_INDEPENDENT,i0,FROZEN_OCCURRENCE_XOL,2.5,0.4,1.5,307448.89991832117,122979.55996732847,59302.9626400624,95514.89599089908,29651.48132003122,0.0,11800103.624713682,,0.0025128153330730334,False,assumption grid; not a central estimate
I0_PHASE1_INDEPENDENT,i0,FROZEN_OCCURRENCE_XOL,3.0,0.4,1.5,368938.6799019854,147575.47196079415,59302.9626400624,95514.89599089908,66545.34931022975,0.0,11800103.624713682,,0.005639386858506882,False,assumption grid; not a central estimate
I0_PHASE1_INDEPENDENT,i0,FROZEN_OCCURRENCE_XOL,1.25,0.2,2.0,153724.44995916059,30744.88999183212,59302.9626400624,127353.19465453211,-63676.597327266034,0.0,11800103.624713682,,-0.005396274418633429,False,assumption grid; not a central estimate
I0_PHASE1_INDEPENDENT,i0,FROZEN_OCCURRENCE_XOL,1.5,0.2,2.0,184469.3399509927,36893.86799019854,59302.9626400624,127353.19465453211,-39080.68533380036,0.0,11800103.624713682,,-0.003311893401677531,False,assumption grid; not a central estimate
I0_PHASE1_INDEPENDENT,i0,FROZEN_OCCURRENCE_XOL,2.0,0.2,2.0,245959.11993465692,49191.823986931384,59302.9626400624,127353.19465453211,10111.138653131042,0.0,11800103.624713682,,0.0008568686322342681,False,assumption grid; not a central estimate
I0_PHASE1_INDEPENDENT,i0,FROZEN_OCCURRENCE_XOL,2.5,0.2,2.0,307448.89991832117,61489.77998366424,59302.9626400624,127353.19465453211,59302.962640062455,0.0,11800103.624713682,,0.0050256306661460685,False,assumption grid; not a central estimate
I0_PHASE1_INDEPENDENT,i0,FROZEN_OCCURRENCE_XOL,3.0,0.2,2.0,368938.6799019854,73787.73598039708,59302.9626400624,127353.19465453211,108494.78662699381,0.0,11800103.624713682,,0.009194392700057863,False,assumption grid; not a central estimate
I0_PHASE1_INDEPENDENT,i0,FROZEN_OCCURRENCE_XOL,1.25,0.3,2.0,153724.44995916059,46117.334987748174,59302.9626400624,127353.19465453211,-79049.0423231821,0.0,11800103.624713682,,-0.006699012554230866,False,assumption grid; not a central estimate
I0_PHASE1_INDEPENDENT,i0,FROZEN_OCCURRENCE_XOL,1.5,0.3,2.0,184469.3399509927,55340.80198529781,59302.9626400624,127353.19465453211,-57527.61932889963,0.0,11800103.624713682,,-0.004875179164394455,False,assumption grid; not a central estimate
I0_PHASE1_INDEPENDENT,i0,FROZEN_OCCURRENCE_XOL,2.0,0.3,2.0,245959.11993465692,73787.73598039708,59302.9626400624,127353.19465453211,-14484.77334033465,0.0,11800103.624713682,,-0.0012275123847216307,False,assumption grid; not a central estimate
I0_PHASE1_INDEPENDENT,i0,FROZEN_OCCURRENCE_XOL,2.5,0.3,2.0,307448.89991832117,92234.66997549635,59302.9626400624,127353.19465453211,28558.072648230314,0.0,11800103.624713682,,0.0024201543949511927,False,assumption grid; not a central estimate
I0_PHASE1_INDEPENDENT,i0,FROZEN_OCCURRENCE_XOL,3.0,0.3,2.0,368938.6799019854,110681.60397059562,59302.9626400624,127353.19465453211,71600.91863679526,0.0,11800103.624713682,,0.006067821174624015,False,assumption grid; not a central estimate
I0_PHASE1_INDEPENDENT,i0,FROZEN_OCCURRENCE_XOL,1.25,0.4,2.0,153724.44995916059,61489.77998366424,59302.9626400624,127353.19465453211,-94421.48731909816,0.0,11800103.624713682,,-0.008001750689828302,False,assumption grid; not a central estimate
I0_PHASE1_INDEPENDENT,i0,FROZEN_OCCURRENCE_XOL,1.5,0.4,2.0,184469.3399509927,73787.73598039708,59302.9626400624,127353.19465453211,-75974.55332399889,0.0,11800103.624713682,,-0.006438464927111379,False,assumption grid; not a central estimate
I0_PHASE1_INDEPENDENT,i0,FROZEN_OCCURRENCE_XOL,2.0,0.4,2.0,245959.11993465692,98383.64797386277,59302.9626400624,127353.19465453211,-39080.68533380036,0.0,11800103.624713682,,-0.003311893401677531,False,assumption grid; not a central estimate
I0_PHASE1_INDEPENDENT,i0,FROZEN_OCCURRENCE_XOL,2.5,0.4,2.0,307448.89991832117,122979.55996732847,59302.9626400624,127353.19465453211,-2186.8173436018114,0.0,11800103.624713682,,-0.00018532187624368193,False,assumption grid; not a central estimate
I0_PHASE1_INDEPENDENT,i0,FROZEN_OCCURRENCE_XOL,3.0,0.4,2.0,368938.6799019854,147575.47196079415,59302.9626400624,127353.19465453211,34707.05064659672,0.0,11800103.624713682,,0.0029412496491901655,False,assumption grid; not a central estimate
I0_PHASE1_INDEPENDENT,i0,STANDALONE_AGGREGATE,1.25,0.2,1.0,153724.44995916059,30744.88999183212,59317.00606097586,63662.55390635259,2.9103830456733704e-11,0.0,11802897.984635122,,2.465820724251005e-18,False,assumption grid; not a central estimate
I0_PHASE1_INDEPENDENT,i0,STANDALONE_AGGREGATE,1.5,0.2,1.0,184469.3399509927,36893.86799019854,59317.00606097586,63662.55390635259,24595.9119934657,0.0,11802897.984635122,,0.002083887535542913,False,assumption grid; not a central estimate
I0_PHASE1_INDEPENDENT,i0,STANDALONE_AGGREGATE,2.0,0.2,1.0,245959.11993465692,49191.823986931384,59317.00606097586,63662.55390635259,73787.73598039709,0.0,11802897.984635122,,0.006251662606628738,False,assumption grid; not a central estimate
I0_PHASE1_INDEPENDENT,i0,STANDALONE_AGGREGATE,2.5,0.2,1.0,307448.89991832117,61489.77998366424,59317.00606097586,63662.55390635259,122979.5599673285,0.0,11802897.984635122,,0.010419437677714565,False,assumption grid; not a central estimate
I0_PHASE1_INDEPENDENT,i0,STANDALONE_AGGREGATE,3.0,0.2,1.0,368938.6799019854,73787.73598039708,59317.00606097586,63662.55390635259,172171.38395425986,0.0,11802897.984635122,,0.014587212748800388,False,assumption grid; not a central estimate
I0_PHASE1_INDEPENDENT,i0,STANDALONE_AGGREGATE,1.25,0.3,1.0,153724.44995916059,46117.334987748174,59317.00606097586,63662.55390635259,-15372.444995916041,0.0,11802897.984635122,,-0.001302429709714319,False,assumption grid; not a central estimate
I0_PHASE1_INDEPENDENT,i0,STANDALONE_AGGREGATE,1.5,0.3,1.0,184469.3399509927,55340.80198529781,59317.00606097586,63662.55390635259,6148.977998366427,0.0,11802897.984635122,,0.0005209718838857285,False,assumption grid; not a central estimate
I0_PHASE1_INDEPENDENT,i0,STANDALONE_AGGREGATE,2.0,0.3,1.0,245959.11993465692,73787.73598039708,59317.00606097586,63662.55390635259,49191.823986931406,0.0,11802897.984635122,,0.004167775071085827,False,assumption grid; not a central estimate
I0_PHASE1_INDEPENDENT,i0,STANDALONE_AGGREGATE,2.5,0.3,1.0,307448.89991832117,92234.66997549635,59317.00606097586,63662.55390635259,92234.66997549636,0.0,11802897.984635122,,0.007814578258285923,False,assumption grid; not a central estimate
I0_PHASE1_INDEPENDENT,i0,STANDALONE_AGGREGATE,3.0,0.3,1.0,368938.6799019854,110681.60397059562,59317.00606097586,63662.55390635259,135277.5159640613,0.0,11802897.984635122,,0.01146138144548602,False,assumption grid; not a central estimate
I0_PHASE1_INDEPENDENT,i0,STANDALONE_AGGREGATE,1.25,0.4,1.0,153724.44995916059,61489.77998366424,59317.00606097586,63662.55390635259,-30744.889991832097,0.0,11802897.984635122,,-0.002604859419428639,False,assumption grid; not a central estimate
I0_PHASE1_INDEPENDENT,i0,STANDALONE_AGGREGATE,1.5,0.4,1.0,184469.3399509927,73787.73598039708,59317.00606097586,63662.55390635259,-12297.955996732824,0.0,11802897.984635122,,-0.0010419437677714543,False,assumption grid; not a central estimate
I0_PHASE1_INDEPENDENT,i0,STANDALONE_AGGREGATE,2.0,0.4,1.0,245959.11993465692,98383.64797386277,59317.00606097586,63662.55390635259,24595.9119934657,0.0,11802897.984635122,,0.002083887535542913,False,assumption grid; not a central estimate
I0_PHASE1_INDEPENDENT,i0,STANDALONE_AGGREGATE,2.5,0.4,1.0,307448.89991832117,122979.55996732847,59317.00606097586,63662.55390635259,61489.779983664244,0.0,11802897.984635122,,0.005209718838857283,False,assumption grid; not a central estimate
I0_PHASE1_INDEPENDENT,i0,STANDALONE_AGGREGATE,3.0,0.4,1.0,368938.6799019854,147575.47196079415,59317.00606097586,63662.55390635259,98383.6479738628,0.0,11802897.984635122,,0.008335550142171652,False,assumption grid; not a central estimate
I0_PHASE1_INDEPENDENT,i0,STANDALONE_AGGREGATE,1.25,0.2,1.25,153724.44995916059,30744.88999183212,59317.00606097586,79578.19238294073,-15915.638476588116,0.0,11802897.984635122,,-0.0013484517528921213,False,assumption grid; not a central estimate
I0_PHASE1_INDEPENDENT,i0,STANDALONE_AGGREGATE,1.5,0.2,1.25,184469.3399509927,36893.86799019854,59317.00606097586,79578.19238294073,8680.273516877554,0.0,11802897.984635122,,0.0007354357826507892,False,assumption grid; not a central estimate
I0_PHASE1_INDEPENDENT,i0,STANDALONE_AGGREGATE,2.0,0.2,1.25,245959.11993465692,49191.823986931384,59317.00606097586,79578.19238294073,57872.09750380894,0.0,11802897.984635122,,0.004903210853736614,False,assumption grid; not a central estimate
I0_PHASE1_INDEPENDENT,i0,STANDALONE_AGGREGATE,2.5,0.2,1.25,307448.89991832117,61489.77998366424,59317.00606097586,79578.19238294073,107063.92149074035,0.0,11802897.984635122,,0.009070985924822441,False,assumption grid; not a central estimate
I0_PHASE1_INDEPENDENT,i0,STANDALONE_AGGREGATE,3.0,0.2,1.25,368938.6799019854,73787.73598039708,59317.00606097586,79578.19238294073,156255.7454776717,0.0,11802897.984635122,,0.013238760995908264,False,assumption grid; not a central estimate
I0_PHASE1_INDEPENDENT,i0,STANDALONE_AGGREGATE,1.25,0.3,1.25,153724.44995916059,46117.334987748174,59317.00606097586,79578.19238294073,-31288.083472504186,0.0,11802897.984635122,,-0.0026508814626064426,False,assumption grid; not a central estimate
I0_PHASE1_INDEPENDENT,i0,STANDALONE_AGGREGATE,1.5,0.3,1.25,184469.3399509927,55340.80198529781,59317.00606097586,79578.19238294073,-9766.660478221718,0.0,11802897.984635122,,-0.0008274798690063954,False,assumption grid; not a central estimate
I0_PHASE1_INDEPENDENT,i0,STANDALONE_AGGREGATE,2.0,0.3,1.25,245959.11993465692,73787.73598039708,59317.00606097586,79578.19238294073,33276.18551034326,0.0,11802897.984635122,,0.002819323318193703,False,assumption grid; not a central estimate
I0_PHASE1_INDEPENDENT,i0,STANDALONE_AGGREGATE,2.5,0.3,1.25,307448.89991832117,92234.66997549635,59317.00606097586,79578.19238294073,76319.03149890821,0.0,11802897.984635122,,0.006466126505393799,False,assumption grid; not a central estimate
I0_PHASE1_INDEPENDENT,i0,STANDALONE_AGGREGATE,3.0,0.3,1.25,368938.6799019854,110681.60397059562,59317.00606097586,79578.19238294073,119361.87748747316,0.0,11802897.984635122,,0.010112929692593895,False,assumption grid; not a central estimate
I0_PHASE1_INDEPENDENT,i0,STANDALONE_AGGREGATE,1.25,0.4,1.25,153724.44995916059,61489.77998366424,59317.00606097586,79578.19238294073,-46660.52846842024,0.0,11802897.984635122,,-0.003953311172320763,False,assumption grid; not a central estimate
I0_PHASE1_INDEPENDENT,i0,STANDALONE_AGGREGATE,1.5,0.4,1.25,184469.3399509927,73787.73598039708,59317.00606097586,79578.19238294073,-28213.59447332097,0.0,11802897.984635122,,-0.0023903955206635782,False,assumption grid; not a central estimate
I0_PHASE1_INDEPENDENT,i0,STANDALONE_AGGREGATE,2.0,0.4,1.25,245959.11993465692,98383.64797386277,59317.00606097586,79578.19238294073,8680.273516877554,0.0,11802897.984635122,,0.0007354357826507892,False,assumption grid; not a central estimate
I0_PHASE1_INDEPENDENT,i0,STANDALONE_AGGREGATE,2.5,0.4,1.25,307448.89991832117,122979.55996732847,59317.00606097586,79578.19238294073,45574.1415070761,0.0,11802897.984635122,,0.0038612670859651584,False,assumption grid; not a central estimate
I0_PHASE1_INDEPENDENT,i0,STANDALONE_AGGREGATE,3.0,0.4,1.25,368938.6799019854,147575.47196079415,59317.00606097586,79578.19238294073,82468.00949727464,0.0,11802897.984635122,,0.006987098389279528,False,assumption grid; not a central estimate
I0_PHASE1_INDEPENDENT,i0,STANDALONE_AGGREGATE,1.25,0.2,1.5,153724.44995916059,30744.88999183212,59317.00606097586,95493.83085952888,-31831.276953176268,0.0,11802897.984635122,,-0.0026969035057842457,False,assumption grid; not a central estimate
I0_PHASE1_INDEPENDENT,i0,STANDALONE_AGGREGATE,1.5,0.2,1.5,184469.3399509927,36893.86799019854,59317.00606097586,95493.83085952888,-7235.364959710598,0.0,11802897.984635122,,-0.000613015970241335,False,assumption grid; not a central estimate
I0_PHASE1_INDEPENDENT,i0,STANDALONE_AGGREGATE,2.0,0.2,1.5,245959.11993465692,49191.823986931384,59317.00606097586,95493.83085952888,41956.459027220786,0.0,11802897.984635122,,0.0035547591008444897,False,assumption grid; not a central estimate
I0_PHASE1_INDEPENDENT,i0,STANDALONE_AGGREGATE,2.5,0.2,1.5,307448.89991832117,61489.77998366424,59317.00606097586,95493.83085952888,91148.2830141522,0.0,11802897.984635122,,0.007722534171930317,False,assumption grid; not a central estimate
I0_PHASE1_INDEPENDENT,i0,STANDALONE_AGGREGATE,3.0,0.2,1.5,368938.6799019854,73787.73598039708,59317.00606097586,95493.83085952888,140340.10700108355,0.0,11802897.984635122,,0.011890309243016138,False,assumption grid; not a central estimate
I0_PHASE1_INDEPENDENT,i0,STANDALONE_AGGREGATE,1.25,0.3,1.5,153724.44995916059,46117.334987748174,59317.00606097586,95493.83085952888,-47203.72194909234,0.0,11802897.984635122,,-0.003999333215498567,False,assumption grid; not a central estimate
I0_PHASE1_INDEPENDENT,i0,STANDALONE_AGGREGATE,1.5,0.3,1.5,184469.3399509927,55340.80198529781,59317.00606097586,95493.83085952888,-25682.29895480987,0.0,11802897.984635122,,-0.0021759316218985195,False,assumption grid; not a central estimate
I0_PHASE1_INDEPENDENT,i0,STANDALONE_AGGREGATE,2.0,0.3,1.5,245959.11993465692,73787.73598039708,59317.00606097586,95493.83085952888,17360.54703375511,0.0,11802897.984635122,,0.0014708715653015784,False,assumption grid; not a central estimate
I0_PHASE1_INDEPENDENT,i0,STANDALONE_AGGREGATE,2.5,0.3,1.5,307448.89991832117,92234.66997549635,59317.00606097586,95493.83085952888,60403.39302232006,0.0,11802897.984635122,,0.005117674752501675,False,assumption grid; not a central estimate
I0_PHASE1_INDEPENDENT,i0,STANDALONE_AGGREGATE,3.0,0.3,1.5,368938.6799019854,110681.60397059562,59317.00606097586,95493.83085952888,103446.23901088501,0.0,11802897.984635122,,0.00876447793970177,False,assumption grid; not a central estimate
I0_PHASE1_INDEPENDENT,i0,STANDALONE_AGGREGATE,1.25,0.4,1.5,153724.44995916059,61489.77998366424,59317.00606097586,95493.83085952888,-62576.166945008394,0.0,11802897.984635122,,-0.005301762925212887,False,assumption grid; not a central estimate
I0_PHASE1_INDEPENDENT,i0,STANDALONE_AGGREGATE,1.5,0.4,1.5,184469.3399509927,73787.73598039708,59317.00606097586,95493.83085952888,-44129.23294990912,0.0,11802897.984635122,,-0.0037388472735557024,False,assumption grid; not a central estimate
I0_PHASE1_INDEPENDENT,i0,STANDALONE_AGGREGATE,2.0,0.4,1.5,245959.11993465692,98383.64797386277,59317.00606097586,95493.83085952888,-7235.364959710598,0.0,11802897.984635122,,-0.000613015970241335,False,assumption grid; not a central estimate
I0_PHASE1_INDEPENDENT,i0,STANDALONE_AGGREGATE,2.5,0.4,1.5,307448.89991832117,122979.55996732847,59317.00606097586,95493.83085952888,29658.503030487947,0.0,11802897.984635122,,0.0025128153330730343,False,assumption grid; not a central estimate
I0_PHASE1_INDEPENDENT,i0,STANDALONE_AGGREGATE,3.0,0.4,1.5,368938.6799019854,147575.47196079415,59317.00606097586,95493.83085952888,66552.37102068649,0.0,11802897.984635122,,0.0056386466363874035,False,assumption grid; not a central estimate
I0_PHASE1_INDEPENDENT,i0,STANDALONE_AGGREGATE,1.25,0.2,2.0,153724.44995916059,30744.88999183212,59317.00606097586,127325.10781270517,-63662.55390635256,0.0,11802897.984635122,,-0.005393807011568493,False,assumption grid; not a central estimate
I0_PHASE1_INDEPENDENT,i0,STANDALONE_AGGREGATE,1.5,0.2,2.0,184469.3399509927,36893.86799019854,59317.00606097586,127325.10781270517,-39066.64191288689,0.0,11802897.984635122,,-0.0033099194760255824,False,assumption grid; not a central estimate
I0_PHASE1_INDEPENDENT,i0,STANDALONE_AGGREGATE,2.0,0.2,2.0,245959.11993465692,49191.823986931384,59317.00606097586,127325.10781270517,10125.182074044496,0.0,11802897.984635122,,0.0008578555950602422,False,assumption grid; not a central estimate
I0_PHASE1_INDEPENDENT,i0,STANDALONE_AGGREGATE,2.5,0.2,2.0,307448.89991832117,61489.77998366424,59317.00606097586,127325.10781270517,59317.00606097591,0.0,11802897.984635122,,0.005025630666146069,False,assumption grid; not a central estimate
I0_PHASE1_INDEPENDENT,i0,STANDALONE_AGGREGATE,3.0,0.2,2.0,368938.6799019854,73787.73598039708,59317.00606097586,127325.10781270517,108508.83004790726,0.0,11802897.984635122,,0.009193405737231892,False,assumption grid; not a central estimate
I0_PHASE1_INDEPENDENT,i0,STANDALONE_AGGREGATE,1.25,0.3,2.0,153724.44995916059,46117.334987748174,59317.00606097586,127325.10781270517,-79034.99890226862,0.0,11802897.984635122,,-0.006696236721282813,False,assumption grid; not a central estimate
I0_PHASE1_INDEPENDENT,i0,STANDALONE_AGGREGATE,1.5,0.3,2.0,184469.3399509927,55340.80198529781,59317.00606097586,127325.10781270517,-57513.57590798616,0.0,11802897.984635122,,-0.004872835127682767,False,assumption grid; not a central estimate
I0_PHASE1_INDEPENDENT,i0,STANDALONE_AGGREGATE,2.0,0.3,2.0,245959.11993465692,73787.73598039708,59317.00606097586,127325.10781270517,-14470.729919421181,0.0,11802897.984635122,,-0.001226031940482669,False,assumption grid; not a central estimate
I0_PHASE1_INDEPENDENT,i0,STANDALONE_AGGREGATE,2.5,0.3,2.0,307448.89991832117,92234.66997549635,59317.00606097586,127325.10781270517,28572.11606914377,0.0,11802897.984635122,,0.002420771246717427,False,assumption grid; not a central estimate
I0_PHASE1_INDEPENDENT,i0,STANDALONE_AGGREGATE,3.0,0.3,2.0,368938.6799019854,110681.60397059562,59317.00606097586,127325.10781270517,71614.96205770872,0.0,11802897.984635122,,0.006067574433917523,False,assumption grid; not a central estimate
I0_PHASE1_INDEPENDENT,i0,STANDALONE_AGGREGATE,1.25,0.4,2.0,153724.44995916059,61489.77998366424,59317.00606097586,127325.10781270517,-94407.44389818469,0.0,11802897.984635122,,-0.007998666430997135,False,assumption grid; not a central estimate
I0_PHASE1_INDEPENDENT,i0,STANDALONE_AGGREGATE,1.5,0.4,2.0,184469.3399509927,73787.73598039708,59317.00606097586,127325.10781270517,-75960.50990308542,0.0,11802897.984635122,,-0.006435750779339951,False,assumption grid; not a central estimate
I0_PHASE1_INDEPENDENT,i0,STANDALONE_AGGREGATE,2.0,0.4,2.0,245959.11993465692,98383.64797386277,59317.00606097586,127325.10781270517,-39066.64191288689,0.0,11802897.984635122,,-0.0033099194760255824,False,assumption grid; not a central estimate
I0_PHASE1_INDEPENDENT,i0,STANDALONE_AGGREGATE,2.5,0.4,2.0,307448.89991832117,122979.55996732847,59317.00606097586,127325.10781270517,-2172.7739226883423,0.0,11802897.984635122,,-0.00018408817271121334,False,assumption grid; not a central estimate
I0_PHASE1_INDEPENDENT,i0,STANDALONE_AGGREGATE,3.0,0.4,2.0,368938.6799019854,147575.47196079415,59317.00606097586,127325.10781270517,34721.0940675102,0.0,11802897.984635122,,0.002941743130603156,False,assumption grid; not a central estimate
I0_PHASE1_INDEPENDENT,i0,STACKED_OCCURRENCE_PLUS_AGGREGATE,1.25,0.2,1.0,153724.44995916059,30744.88999183212,48720.78647748742,74258.77348984103,2.9103830456733704e-11,0.0,9694462.190722276,,3.0021088209087496e-18,False,assumption grid; not a central estimate
I0_PHASE1_INDEPENDENT,i0,STACKED_OCCURRENCE_PLUS_AGGREGATE,1.5,0.2,1.0,184469.3399509927,36893.86799019854,48720.78647748742,74258.77348984103,24595.911993465706,0.0,9694462.190722276,,0.0025371094867959057,False,assumption grid; not a central estimate
I0_PHASE1_INDEPENDENT,i0,STACKED_OCCURRENCE_PLUS_AGGREGATE,2.0,0.2,1.0,245959.11993465692,49191.823986931384,48720.78647748742,74258.77348984103,73787.73598039709,0.0,9694462.190722276,,0.007611328460387715,False,assumption grid; not a central estimate
I0_PHASE1_INDEPENDENT,i0,STACKED_OCCURRENCE_PLUS_AGGREGATE,2.5,0.2,1.0,307448.89991832117,61489.77998366424,48720.78647748742,74258.77348984103,122979.5599673285,0.0,9694462.190722276,,0.012685547433979526,False,assumption grid; not a central estimate
I0_PHASE1_INDEPENDENT,i0,STACKED_OCCURRENCE_PLUS_AGGREGATE,3.0,0.2,1.0,368938.6799019854,73787.73598039708,48720.78647748742,74258.77348984103,172171.38395425986,0.0,9694462.190722276,,0.017759766407571334,False,assumption grid; not a central estimate
I0_PHASE1_INDEPENDENT,i0,STACKED_OCCURRENCE_PLUS_AGGREGATE,1.25,0.3,1.0,153724.44995916059,46117.334987748174,48720.78647748742,74258.77348984103,-15372.444995916041,0.0,9694462.190722276,,-0.0015856934292474386,False,assumption grid; not a central estimate
I0_PHASE1_INDEPENDENT,i0,STACKED_OCCURRENCE_PLUS_AGGREGATE,1.5,0.3,1.0,184469.3399509927,55340.80198529781,48720.78647748742,74258.77348984103,6148.977998366434,0.0,9694462.190722276,,0.0006342773716989772,False,assumption grid; not a central estimate
I0_PHASE1_INDEPENDENT,i0,STACKED_OCCURRENCE_PLUS_AGGREGATE,2.0,0.3,1.0,245959.11993465692,73787.73598039708,48720.78647748742,74258.77348984103,49191.82398693141,0.0,9694462.190722276,,0.0050742189735918115,False,assumption grid; not a central estimate
I0_PHASE1_INDEPENDENT,i0,STACKED_OCCURRENCE_PLUS_AGGREGATE,2.5,0.3,1.0,307448.89991832117,92234.66997549635,48720.78647748742,74258.77348984103,92234.66997549636,0.0,9694462.190722276,,0.009514160575484643,False,assumption grid; not a central estimate
I0_PHASE1_INDEPENDENT,i0,STACKED_OCCURRENCE_PLUS_AGGREGATE,3.0,0.3,1.0,368938.6799019854,110681.60397059562,48720.78647748742,74258.77348984103,135277.5159640613,0.0,9694462.190722276,,0.013954102177377475,False,assumption grid; not a central estimate
I0_PHASE1_INDEPENDENT,i0,STACKED_OCCURRENCE_PLUS_AGGREGATE,1.25,0.4,1.0,153724.44995916059,61489.77998366424,48720.78647748742,74258.77348984103,-30744.889991832097,0.0,9694462.190722276,,-0.0031713868584948785,False,assumption grid; not a central estimate
I0_PHASE1_INDEPENDENT,i0,STACKED_OCCURRENCE_PLUS_AGGREGATE,1.5,0.4,1.0,184469.3399509927,73787.73598039708,48720.78647748742,74258.77348984103,-12297.955996732824,0.0,9694462.190722276,,-0.00126855474339795,False,assumption grid; not a central estimate
I0_PHASE1_INDEPENDENT,i0,STACKED_OCCURRENCE_PLUS_AGGREGATE,2.0,0.4,1.0,245959.11993465692,98383.64797386277,48720.78647748742,74258.77348984103,24595.911993465706,0.0,9694462.190722276,,0.0025371094867959057,False,assumption grid; not a central estimate
I0_PHASE1_INDEPENDENT,i0,STACKED_OCCURRENCE_PLUS_AGGREGATE,2.5,0.4,1.0,307448.89991832117,122979.55996732847,48720.78647748742,74258.77348984103,61489.77998366425,0.0,9694462.190722276,,0.006342773716989763,False,assumption grid; not a central estimate
I0_PHASE1_INDEPENDENT,i0,STACKED_OCCURRENCE_PLUS_AGGREGATE,3.0,0.4,1.0,368938.6799019854,147575.47196079415,48720.78647748742,74258.77348984103,98383.6479738628,0.0,9694462.190722276,,0.010148437947183621,False,assumption grid; not a central estimate
I0_PHASE1_INDEPENDENT,i0,STACKED_OCCURRENCE_PLUS_AGGREGATE,1.25,0.2,1.25,153724.44995916059,30744.88999183212,48720.78647748742,92823.46686230128,-18564.693372460228,0.0,9694462.190722276,,-0.0019149791919583613,False,assumption grid; not a central estimate
I0_PHASE1_INDEPENDENT,i0,STACKED_OCCURRENCE_PLUS_AGGREGATE,1.5,0.2,1.25,184469.3399509927,36893.86799019854,48720.78647748742,92823.46686230128,6031.21862100545,0.0,9694462.190722276,,0.0006221302948375417,False,assumption grid; not a central estimate
I0_PHASE1_INDEPENDENT,i0,STACKED_OCCURRENCE_PLUS_AGGREGATE,2.0,0.2,1.25,245959.11993465692,49191.823986931384,48720.78647748742,92823.46686230128,55223.04260793683,0.0,9694462.190722276,,0.005696349268429351,False,assumption grid; not a central estimate
I0_PHASE1_INDEPENDENT,i0,STACKED_OCCURRENCE_PLUS_AGGREGATE,2.5,0.2,1.25,307448.89991832117,61489.77998366424,48720.78647748742,92823.46686230128,104414.86659486825,0.0,9694462.190722276,,0.010770568242021163,False,assumption grid; not a central estimate
I0_PHASE1_INDEPENDENT,i0,STACKED_OCCURRENCE_PLUS_AGGREGATE,3.0,0.2,1.25,368938.6799019854,73787.73598039708,48720.78647748742,92823.46686230128,153606.6905817996,0.0,9694462.190722276,,0.015844787215612968,False,assumption grid; not a central estimate
I0_PHASE1_INDEPENDENT,i0,STACKED_OCCURRENCE_PLUS_AGGREGATE,1.25,0.3,1.25,153724.44995916059,46117.334987748174,48720.78647748742,92823.46686230128,-33937.1383683763,0.0,9694462.190722276,,-0.0035006726212058028,False,assumption grid; not a central estimate
I0_PHASE1_INDEPENDENT,i0,STACKED_OCCURRENCE_PLUS_AGGREGATE,1.5,0.3,1.25,184469.3399509927,55340.80198529781,48720.78647748742,92823.46686230128,-12415.715374093823,0.0,9694462.190722276,,-0.001280701820259387,False,assumption grid; not a central estimate
I0_PHASE1_INDEPENDENT,i0,STACKED_OCCURRENCE_PLUS_AGGREGATE,2.0,0.3,1.25,245959.11993465692,73787.73598039708,48720.78647748742,92823.46686230128,30627.130614471156,0.0,9694462.190722276,,0.0031592397816334475,False,assumption grid; not a central estimate
I0_PHASE1_INDEPENDENT,i0,STACKED_OCCURRENCE_PLUS_AGGREGATE,2.5,0.3,1.25,307448.89991832117,92234.66997549635,48720.78647748742,92823.46686230128,73669.9766030361,0.0,9694462.190722276,,0.007599181383526279,False,assumption grid; not a central estimate
I0_PHASE1_INDEPENDENT,i0,STACKED_OCCURRENCE_PLUS_AGGREGATE,3.0,0.3,1.25,368938.6799019854,110681.60397059562,48720.78647748742,92823.46686230128,116712.82259160106,0.0,9694462.190722276,,0.01203912298541911,False,assumption grid; not a central estimate
I0_PHASE1_INDEPENDENT,i0,STACKED_OCCURRENCE_PLUS_AGGREGATE,1.25,0.4,1.25,153724.44995916059,61489.77998366424,48720.78647748742,92823.46686230128,-49309.58336429235,0.0,9694462.190722276,,-0.005086366050453243,False,assumption grid; not a central estimate
I0_PHASE1_INDEPENDENT,i0,STACKED_OCCURRENCE_PLUS_AGGREGATE,1.5,0.4,1.25,184469.3399509927,73787.73598039708,48720.78647748742,92823.46686230128,-30862.64936919308,0.0,9694462.190722276,,-0.003183533935356314,False,assumption grid; not a central estimate
I0_PHASE1_INDEPENDENT,i0,STACKED_OCCURRENCE_PLUS_AGGREGATE,2.0,0.4,1.25,245959.11993465692,98383.64797386277,48720.78647748742,92823.46686230128,6031.21862100545,0.0,9694462.190722276,,0.0006221302948375417,False,assumption grid; not a central estimate
I0_PHASE1_INDEPENDENT,i0,STACKED_OCCURRENCE_PLUS_AGGREGATE,2.5,0.4,1.25,307448.89991832117,122979.55996732847,48720.78647748742,92823.46686230128,42925.086611203995,0.0,9694462.190722276,,0.004427794525031399,False,assumption grid; not a central estimate
I0_PHASE1_INDEPENDENT,i0,STACKED_OCCURRENCE_PLUS_AGGREGATE,3.0,0.4,1.25,368938.6799019854,147575.47196079415,48720.78647748742,92823.46686230128,79818.95460140254,0.0,9694462.190722276,,0.008233458755225256,False,assumption grid; not a central estimate
I0_PHASE1_INDEPENDENT,i0,STACKED_OCCURRENCE_PLUS_AGGREGATE,1.25,0.2,1.5,153724.44995916059,30744.88999183212,48720.78647748742,111388.16023476154,-37129.386744920484,0.0,9694462.190722276,,-0.0038299583839167253,False,assumption grid; not a central estimate
I0_PHASE1_INDEPENDENT,i0,STACKED_OCCURRENCE_PLUS_AGGREGATE,1.5,0.2,1.5,184469.3399509927,36893.86799019854,48720.78647748742,111388.16023476154,-12533.474751454807,0.0,9694462.190722276,,-0.0012928488971208226,False,assumption grid; not a central estimate
I0_PHASE1_INDEPENDENT,i0,STACKED_OCCURRENCE_PLUS_AGGREGATE,2.0,0.2,1.5,245959.11993465692,49191.823986931384,48720.78647748742,111388.16023476154,36658.34923547658,0.0,9694462.190722276,,0.0037813700764709863,False,assumption grid; not a central estimate
I0_PHASE1_INDEPENDENT,i0,STACKED_OCCURRENCE_PLUS_AGGREGATE,2.5,0.2,1.5,307448.89991832117,61489.77998366424,48720.78647748742,111388.16023476154,85850.17322240799,0.0,9694462.190722276,,0.008855589050062798,False,assumption grid; not a central estimate
I0_PHASE1_INDEPENDENT,i0,STACKED_OCCURRENCE_PLUS_AGGREGATE,3.0,0.2,1.5,368938.6799019854,73787.73598039708,48720.78647748742,111388.16023476154,135041.99720933934,0.0,9694462.190722276,,0.013929808023654604,False,assumption grid; not a central estimate
I0_PHASE1_INDEPENDENT,i0,STACKED_OCCURRENCE_PLUS_AGGREGATE,1.25,0.3,1.5,153724.44995916059,46117.334987748174,48720.78647748742,111388.16023476154,-52501.831740836555,0.0,9694462.190722276,,-0.005415651813164167,False,assumption grid; not a central estimate
I0_PHASE1_INDEPENDENT,i0,STACKED_OCCURRENCE_PLUS_AGGREGATE,1.5,0.3,1.5,184469.3399509927,55340.80198529781,48720.78647748742,111388.16023476154,-30980.40874655408,0.0,9694462.190722276,,-0.0031956810122177512,False,assumption grid; not a central estimate
I0_PHASE1_INDEPENDENT,i0,STACKED_OCCURRENCE_PLUS_AGGREGATE,2.0,0.3,1.5,245959.11993465692,73787.73598039708,48720.78647748742,111388.16023476154,12062.4372420109,0.0,9694462.190722276,,0.0012442605896750834,False,assumption grid; not a central estimate
I0_PHASE1_INDEPENDENT,i0,STACKED_OCCURRENCE_PLUS_AGGREGATE,2.5,0.3,1.5,307448.89991832117,92234.66997549635,48720.78647748742,111388.16023476154,55105.28323057585,0.0,9694462.190722276,,0.005684202191567915,False,assumption grid; not a central estimate
I0_PHASE1_INDEPENDENT,i0,STACKED_OCCURRENCE_PLUS_AGGREGATE,3.0,0.3,1.5,368938.6799019854,110681.60397059562,48720.78647748742,111388.16023476154,98148.1292191408,0.0,9694462.190722276,,0.010124143793460747,False,assumption grid; not a central estimate
I0_PHASE1_INDEPENDENT,i0,STACKED_OCCURRENCE_PLUS_AGGREGATE,1.25,0.4,1.5,153724.44995916059,61489.77998366424,48720.78647748742,111388.16023476154,-67874.27673675261,0.0,9694462.190722276,,-0.007001345242411607,False,assumption grid; not a central estimate
I0_PHASE1_INDEPENDENT,i0,STACKED_OCCURRENCE_PLUS_AGGREGATE,1.5,0.4,1.5,184469.3399509927,73787.73598039708,48720.78647748742,111388.16023476154,-49427.34274165334,0.0,9694462.190722276,,-0.005098513127314679,False,assumption grid; not a central estimate
I0_PHASE1_INDEPENDENT,i0,STACKED_OCCURRENCE_PLUS_AGGREGATE,2.0,0.4,1.5,245959.11993465692,98383.64797386277,48720.78647748742,111388.16023476154,-12533.474751454807,0.0,9694462.190722276,,-0.0012928488971208226,False,assumption grid; not a central estimate
I0_PHASE1_INDEPENDENT,i0,STACKED_OCCURRENCE_PLUS_AGGREGATE,2.5,0.4,1.5,307448.89991832117,122979.55996732847,48720.78647748742,111388.16023476154,24360.393238743738,0.0,9694462.190722276,,0.0025128153330730347,False,assumption grid; not a central estimate
I0_PHASE1_INDEPENDENT,i0,STACKED_OCCURRENCE_PLUS_AGGREGATE,3.0,0.4,1.5,368938.6799019854,147575.47196079415,48720.78647748742,111388.16023476154,61254.26122894228,0.0,9694462.190722276,,0.0063184795632668924,False,assumption grid; not a central estimate
I0_PHASE1_INDEPENDENT,i0,STACKED_OCCURRENCE_PLUS_AGGREGATE,1.25,0.2,2.0,153724.44995916059,30744.88999183212,48720.78647748742,148517.54697968205,-74258.773489841,0.0,9694462.190722276,,-0.007659916767833454,False,assumption grid; not a central estimate
I0_PHASE1_INDEPENDENT,i0,STACKED_OCCURRENCE_PLUS_AGGREGATE,1.5,0.2,2.0,184469.3399509927,36893.86799019854,48720.78647748742,148517.54697968205,-49662.86149637532,0.0,9694462.190722276,,-0.005122807281037551,False,assumption grid; not a central estimate
I0_PHASE1_INDEPENDENT,i0,STACKED_OCCURRENCE_PLUS_AGGREGATE,2.0,0.2,2.0,245959.11993465692,49191.823986931384,48720.78647748742,148517.54697968205,-471.03750944393687,0.0,9694462.190722276,,-4.858830744574215e-05,False,assumption grid; not a central estimate
I0_PHASE1_INDEPENDENT,i0,STACKED_OCCURRENCE_PLUS_AGGREGATE,2.5,0.2,2.0,307448.89991832117,61489.77998366424,48720.78647748742,148517.54697968205,48720.786477487476,0.0,9694462.190722276,,0.005025630666146069,False,assumption grid; not a central estimate
I0_PHASE1_INDEPENDENT,i0,STACKED_OCCURRENCE_PLUS_AGGREGATE,3.0,0.2,2.0,368938.6799019854,73787.73598039708,48720.78647748742,148517.54697968205,97912.61046441883,0.0,9694462.190722276,,0.010099849639737875,False,assumption grid; not a central estimate
I0_PHASE1_INDEPENDENT,i0,STACKED_OCCURRENCE_PLUS_AGGREGATE,1.25,0.3,2.0,153724.44995916059,46117.334987748174,48720.78647748742,148517.54697968205,-89631.21848575707,0.0,9694462.190722276,,-0.009245610197080896,False,assumption grid; not a central estimate
I0_PHASE1_INDEPENDENT,i0,STACKED_OCCURRENCE_PLUS_AGGREGATE,1.5,0.3,2.0,184469.3399509927,55340.80198529781,48720.78647748742,148517.54697968205,-68109.7954914746,0.0,9694462.190722276,,-0.00702563939613448,False,assumption grid; not a central estimate
I0_PHASE1_INDEPENDENT,i0,STACKED_OCCURRENCE_PLUS_AGGREGATE,2.0,0.3,2.0,245959.11993465692,73787.73598039708,48720.78647748742,148517.54697968205,-25066.949502909614,0.0,9694462.190722276,,-0.002585697794241645,False,assumption grid; not a central estimate
I0_PHASE1_INDEPENDENT,i0,STACKED_OCCURRENCE_PLUS_AGGREGATE,2.5,0.3,2.0,307448.89991832117,92234.66997549635,48720.78647748742,148517.54697968205,17975.896485655336,0.0,9694462.190722276,,0.0018542438076511866,False,assumption grid; not a central estimate
I0_PHASE1_INDEPENDENT,i0,STACKED_OCCURRENCE_PLUS_AGGREGATE,3.0,0.3,2.0,368938.6799019854,110681.60397059562,48720.78647748742,148517.54697968205,61018.742474220286,0.0,9694462.190722276,,0.006294185409544018,False,assumption grid; not a central estimate
I0_PHASE1_INDEPENDENT,i0,STACKED_OCCURRENCE_PLUS_AGGREGATE,1.25,0.4,2.0,153724.44995916059,61489.77998366424,48720.78647748742,148517.54697968205,-105003.66348167312,0.0,9694462.190722276,,-0.010831303626328335,False,assumption grid; not a central estimate
I0_PHASE1_INDEPENDENT,i0,STACKED_OCCURRENCE_PLUS_AGGREGATE,1.5,0.4,2.0,184469.3399509927,73787.73598039708,48720.78647748742,148517.54697968205,-86556.72948657385,0.0,9694462.190722276,,-0.008928471511231406,False,assumption grid; not a central estimate
I0_PHASE1_INDEPENDENT,i0,STACKED_OCCURRENCE_PLUS_AGGREGATE,2.0,0.4,2.0,245959.11993465692,98383.64797386277,48720.78647748742,148517.54697968205,-49662.86149637532,0.0,9694462.190722276,,-0.005122807281037551,False,assumption grid; not a central estimate
I0_PHASE1_INDEPENDENT,i0,STACKED_OCCURRENCE_PLUS_AGGREGATE,2.5,0.4,2.0,307448.89991832117,122979.55996732847,48720.78647748742,148517.54697968205,-12768.993506176776,0.0,9694462.190722276,,-0.0013171430508436936,False,assumption grid; not a central estimate
I0_PHASE1_INDEPENDENT,i0,STACKED_OCCURRENCE_PLUS_AGGREGATE,3.0,0.4,2.0,368938.6799019854,147575.47196079415,48720.78647748742,148517.54697968205,24124.87448402177,0.0,9694462.190722276,,0.0024885211793501637,False,assumption grid; not a central estimate
C1_ALDEA22_SUBDUCTION,c1,NO_REINSURANCE,1.25,0.2,0.0,154304.2865352071,30860.85730704142,123443.42922816567,0.0,1.4551915228366852e-11,0.0,24562773.79468258,,5.924377820682895e-19,False,assumption grid; not a central estimate
C1_ALDEA22_SUBDUCTION,c1,NO_REINSURANCE,1.5,0.2,0.0,185165.1438422485,37033.0287684497,123443.42922816567,0.0,24688.68584563314,0.0,24562773.79468258,,0.0010051261332292127,False,assumption grid; not a central estimate
C1_ALDEA22_SUBDUCTION,c1,NO_REINSURANCE,2.0,0.2,0.0,246886.85845633133,49377.37169126627,123443.42922816567,0.0,74066.05753689939,0.0,24562773.79468258,,0.003015378399687637,False,assumption grid; not a central estimate
C1_ALDEA22_SUBDUCTION,c1,NO_REINSURANCE,2.5,0.2,0.0,308608.5730704142,61721.71461408284,123443.42922816567,0.0,123443.4292281657,0.0,24562773.79468258,,0.005025630666146063,False,assumption grid; not a central estimate
C1_ALDEA22_SUBDUCTION,c1,NO_REINSURANCE,3.0,0.2,0.0,370330.287684497,74066.0575368994,123443.42922816567,0.0,172820.80091943196,0.0,24562773.79468258,,0.007035882932604489,False,assumption grid; not a central estimate
C1_ALDEA22_SUBDUCTION,c1,NO_REINSURANCE,1.25,0.3,0.0,154304.2865352071,46291.28596056213,123443.42922816567,0.0,-15430.428653520692,0.0,24562773.79468258,,-0.0006282038332682572,False,assumption grid; not a central estimate
C1_ALDEA22_SUBDUCTION,c1,NO_REINSURANCE,1.5,0.3,0.0,185165.1438422485,55549.54315267455,123443.42922816567,0.0,6172.171461408288,0.0,24562773.79468258,,0.00025128153330730333,False,assumption grid; not a central estimate
C1_ALDEA22_SUBDUCTION,c1,NO_REINSURANCE,2.0,0.3,0.0,246886.85845633133,74066.0575368994,123443.42922816567,0.0,49377.371691266264,0.0,24562773.79468258,,0.002010252266458425,False,assumption grid; not a central estimate
C1_ALDEA22_SUBDUCTION,c1,NO_REINSURANCE,2.5,0.3,0.0,308608.5730704142,92582.57192112425,123443.42922816567,0.0,92582.57192112428,0.0,24562773.79468258,,0.0037692229996095484,False,assumption grid; not a central estimate
C1_ALDEA22_SUBDUCTION,c1,NO_REINSURANCE,3.0,0.3,0.0,370330.287684497,111099.0863053491,123443.42922816567,0.0,135787.77215098223,0.0,24562773.79468258,,0.005528193732760669,False,assumption grid; not a central estimate
C1_ALDEA22_SUBDUCTION,c1,NO_REINSURANCE,1.25,0.4,0.0,154304.2865352071,61721.71461408284,123443.42922816567,0.0,-30860.857307041413,0.0,24562773.79468258,,-0.0012564076665365154,False,assumption grid; not a central estimate
C1_ALDEA22_SUBDUCTION,c1,NO_REINSURANCE,1.5,0.4,0.0,185165.1438422485,74066.0575368994,123443.42922816567,0.0,-12344.342922816562,0.0,24562773.79468258,,-0.0005025630666146061,False,assumption grid; not a central estimate
C1_ALDEA22_SUBDUCTION,c1,NO_REINSURANCE,2.0,0.4,0.0,246886.85845633133,98754.74338253254,123443.42922816567,0.0,24688.68584563314,0.0,24562773.79468258,,0.0010051261332292127,False,assumption grid; not a central estimate
C1_ALDEA22_SUBDUCTION,c1,NO_REINSURANCE,2.5,0.4,0.0,308608.5730704142,123443.42922816568,123443.42922816567,0.0,61721.71461408284,0.0,24562773.79468258,,0.0025128153330730317,False,assumption grid; not a central estimate
C1_ALDEA22_SUBDUCTION,c1,NO_REINSURANCE,3.0,0.4,0.0,370330.287684497,148132.1150737988,123443.42922816567,0.0,98754.74338253254,0.0,24562773.79468258,,0.004020504532916851,False,assumption grid; not a central estimate
C1_ALDEA22_SUBDUCTION,c1,FROZEN_OCCURRENCE_XOL,1.25,0.2,1.0,154304.2865352071,30860.85730704142,64788.7348974147,58654.694330750965,1.4551915228366852e-11,0.0,12891662.599452093,,1.1287849892212755e-18,False,assumption grid; not a central estimate
C1_ALDEA22_SUBDUCTION,c1,FROZEN_OCCURRENCE_XOL,1.5,0.2,1.0,185165.1438422485,37033.0287684497,64788.7348974147,58654.694330750965,24688.68584563314,0.0,12891662.599452093,,0.0019150893575730433,False,assumption grid; not a central estimate
C1_ALDEA22_SUBDUCTION,c1,FROZEN_OCCURRENCE_XOL,2.0,0.2,1.0,246886.85845633133,49377.37169126627,64788.7348974147,58654.694330750965,74066.0575368994,0.0,12891662.599452093,,0.005745268072719129,False,assumption grid; not a central estimate
C1_ALDEA22_SUBDUCTION,c1,FROZEN_OCCURRENCE_XOL,2.5,0.2,1.0,308608.5730704142,61721.71461408284,64788.7348974147,58654.694330750965,123443.42922816571,0.0,12891662.599452093,,0.009575446787865217,False,assumption grid; not a central estimate
C1_ALDEA22_SUBDUCTION,c1,FROZEN_OCCURRENCE_XOL,3.0,0.2,1.0,370330.287684497,74066.0575368994,64788.7348974147,58654.694330750965,172820.80091943196,0.0,12891662.599452093,,0.013405625503011302,False,assumption grid; not a central estimate
C1_ALDEA22_SUBDUCTION,c1,FROZEN_OCCURRENCE_XOL,1.25,0.3,1.0,154304.2865352071,46291.28596056213,64788.7348974147,58654.694330750965,-15430.428653520692,0.0,12891662.599452093,,-0.0011969308484831506,False,assumption grid; not a central estimate
C1_ALDEA22_SUBDUCTION,c1,FROZEN_OCCURRENCE_XOL,1.5,0.3,1.0,185165.1438422485,55549.54315267455,64788.7348974147,58654.694330750965,6172.171461408288,0.0,12891662.599452093,,0.00047877233939326114,False,assumption grid; not a central estimate
C1_ALDEA22_SUBDUCTION,c1,FROZEN_OCCURRENCE_XOL,2.0,0.3,1.0,246886.85845633133,74066.0575368994,64788.7348974147,58654.694330750965,49377.371691266264,0.0,12891662.599452093,,0.0038301787151460856,False,assumption grid; not a central estimate
C1_ALDEA22_SUBDUCTION,c1,FROZEN_OCCURRENCE_XOL,2.5,0.3,1.0,308608.5730704142,92582.57192112425,64788.7348974147,58654.694330750965,92582.5719211243,0.0,12891662.599452093,,0.007181585090898914,False,assumption grid; not a central estimate
C1_ALDEA22_SUBDUCTION,c1,FROZEN_OCCURRENCE_XOL,3.0,0.3,1.0,370330.287684497,111099.0863053491,64788.7348974147,58654.694330750965,135787.77215098223,0.0,12891662.599452093,,0.010532991466651735,False,assumption grid; not a central estimate
C1_ALDEA22_SUBDUCTION,c1,FROZEN_OCCURRENCE_XOL,1.25,0.4,1.0,154304.2865352071,61721.71461408284,64788.7348974147,58654.694330750965,-30860.857307041413,0.0,12891662.599452093,,-0.0023938616969663034,False,assumption grid; not a central estimate
C1_ALDEA22_SUBDUCTION,c1,FROZEN_OCCURRENCE_XOL,1.5,0.4,1.0,185165.1438422485,74066.0575368994,64788.7348974147,58654.694330750965,-12344.342922816562,0.0,12891662.599452093,,-0.0009575446787865211,False,assumption grid; not a central estimate
C1_ALDEA22_SUBDUCTION,c1,FROZEN_OCCURRENCE_XOL,2.0,0.4,1.0,246886.85845633133,98754.74338253254,64788.7348974147,58654.694330750965,24688.68584563314,0.0,12891662.599452093,,0.0019150893575730433,False,assumption grid; not a central estimate
C1_ALDEA22_SUBDUCTION,c1,FROZEN_OCCURRENCE_XOL,2.5,0.4,1.0,308608.5730704142,123443.42922816568,64788.7348974147,58654.694330750965,61721.71461408284,0.0,12891662.599452093,,0.004787723393932608,False,assumption grid; not a central estimate
C1_ALDEA22_SUBDUCTION,c1,FROZEN_OCCURRENCE_XOL,3.0,0.4,1.0,370330.287684497,148132.1150737988,64788.7348974147,58654.694330750965,98754.74338253256,0.0,12891662.599452093,,0.007660357430292173,False,assumption grid; not a central estimate
C1_ALDEA22_SUBDUCTION,c1,FROZEN_OCCURRENCE_XOL,1.25,0.2,1.25,154304.2865352071,30860.85730704142,64788.7348974147,73318.3679134387,-14663.673582687727,0.0,12891662.599452093,,-0.001137454030429787,False,assumption grid; not a central estimate
C1_ALDEA22_SUBDUCTION,c1,FROZEN_OCCURRENCE_XOL,1.5,0.2,1.25,185165.1438422485,37033.0287684497,64788.7348974147,73318.3679134387,10025.012262945398,0.0,12891662.599452093,,0.0007776353271432553,False,assumption grid; not a central estimate
C1_ALDEA22_SUBDUCTION,c1,FROZEN_OCCURRENCE_XOL,2.0,0.2,1.25,246886.85845633133,49377.37169126627,64788.7348974147,73318.3679134387,59402.38395421166,0.0,12891662.599452093,,0.004607814042289341,False,assumption grid; not a central estimate
C1_ALDEA22_SUBDUCTION,c1,FROZEN_OCCURRENCE_XOL,2.5,0.2,1.25,308608.5730704142,61721.71461408284,64788.7348974147,73318.3679134387,108779.75564547797,0.0,12891662.599452093,,0.00843799275743543,False,assumption grid; not a central estimate
C1_ALDEA22_SUBDUCTION,c1,FROZEN_OCCURRENCE_XOL,3.0,0.2,1.25,370330.287684497,74066.0575368994,64788.7348974147,73318.3679134387,158157.12733674422,0.0,12891662.599452093,,0.012268171472581513,False,assumption grid; not a central estimate
C1_ALDEA22_SUBDUCTION,c1,FROZEN_OCCURRENCE_XOL,1.25,0.3,1.25,154304.2865352071,46291.28596056213,64788.7348974147,73318.3679134387,-30094.102236208433,0.0,12891662.599452093,,-0.0023343848789129386,False,assumption grid; not a central estimate
C1_ALDEA22_SUBDUCTION,c1,FROZEN_OCCURRENCE_XOL,1.5,0.3,1.25,185165.1438422485,55549.54315267455,64788.7348974147,73318.3679134387,-8491.502121279453,0.0,12891662.599452093,,-0.0006586816910365269,False,assumption grid; not a central estimate
C1_ALDEA22_SUBDUCTION,c1,FROZEN_OCCURRENCE_XOL,2.0,0.3,1.25,246886.85845633133,74066.0575368994,64788.7348974147,73318.3679134387,34713.69810857852,0.0,12891662.599452093,,0.0026927246847162976,False,assumption grid; not a central estimate
C1_ALDEA22_SUBDUCTION,c1,FROZEN_OCCURRENCE_XOL,2.5,0.3,1.25,308608.5730704142,92582.57192112425,64788.7348974147,73318.3679134387,77918.89833843656,0.0,12891662.599452093,,0.0060441310604691266,False,assumption grid; not a central estimate
C1_ALDEA22_SUBDUCTION,c1,FROZEN_OCCURRENCE_XOL,3.0,0.3,1.25,370330.287684497,111099.0863053491,64788.7348974147,73318.3679134387,121124.09856829449,0.0,12891662.599452093,,0.009395537436221948,False,assumption grid; not a central estimate
C1_ALDEA22_SUBDUCTION,c1,FROZEN_OCCURRENCE_XOL,1.25,0.4,1.25,154304.2865352071,61721.71461408284,64788.7348974147,73318.3679134387,-45524.530889729154,0.0,12891662.599452093,,-0.0035313157273960914,False,assumption grid; not a central estimate
C1_ALDEA22_SUBDUCTION,c1,FROZEN_OCCURRENCE_XOL,1.5,0.4,1.25,185165.1438422485,74066.0575368994,64788.7348974147,73318.3679134387,-27008.016505504303,0.0,12891662.599452093,,-0.002094998709216309,False,assumption grid; not a central estimate
C1_ALDEA22_SUBDUCTION,c1,FROZEN_OCCURRENCE_XOL,2.0,0.4,1.25,246886.85845633133,98754.74338253254,64788.7348974147,73318.3679134387,10025.012262945398,0.0,12891662.599452093,,0.0007776353271432553,False,assumption grid; not a central estimate
C1_ALDEA22_SUBDUCTION,c1,FROZEN_OCCURRENCE_XOL,2.5,0.4,1.25,308608.5730704142,123443.42922816568,64788.7348974147,73318.3679134387,47058.0410313951,0.0,12891662.599452093,,0.0036502693635028197,False,assumption grid; not a central estimate
C1_ALDEA22_SUBDUCTION,c1,FROZEN_OCCURRENCE_XOL,3.0,0.4,1.25,370330.287684497,148132.1150737988,64788.7348974147,73318.3679134387,84091.06979984482,0.0,12891662.599452093,,0.006522903399862385,False,assumption grid; not a central estimate
C1_ALDEA22_SUBDUCTION,c1,FROZEN_OCCURRENCE_XOL,1.25,0.2,1.5,154304.2865352071,30860.85730704142,64788.7348974147,87982.04149612645,-29327.347165375468,0.0,12891662.599452093,,-0.0022749080608595747,False,assumption grid; not a central estimate
C1_ALDEA22_SUBDUCTION,c1,FROZEN_OCCURRENCE_XOL,1.5,0.2,1.5,185165.1438422485,37033.0287684497,64788.7348974147,87982.04149612645,-4638.661319742343,0.0,12891662.599452093,,-0.00035981870328653266,False,assumption grid; not a central estimate
C1_ALDEA22_SUBDUCTION,c1,FROZEN_OCCURRENCE_XOL,2.0,0.2,1.5,246886.85845633133,49377.37169126627,64788.7348974147,87982.04149612645,44738.71037152392,0.0,12891662.599452093,,0.003470360011859553,False,assumption grid; not a central estimate
C1_ALDEA22_SUBDUCTION,c1,FROZEN_OCCURRENCE_XOL,2.5,0.2,1.5,308608.5730704142,61721.71461408284,64788.7348974147,87982.04149612645,94116.08206279023,0.0,12891662.599452093,,0.007300538727005642,False,assumption grid; not a central estimate
C1_ALDEA22_SUBDUCTION,c1,FROZEN_OCCURRENCE_XOL,3.0,0.2,1.5,370330.287684497,74066.0575368994,64788.7348974147,87982.04149612645,143493.45375405648,0.0,12891662.599452093,,0.011130717442151727,False,assumption grid; not a central estimate
C1_ALDEA22_SUBDUCTION,c1,FROZEN_OCCURRENCE_XOL,1.25,0.3,1.5,154304.2865352071,46291.28596056213,64788.7348974147,87982.04149612645,-44757.775818896174,0.0,12891662.599452093,,-0.0034718389093427266,False,assumption grid; not a central estimate
C1_ALDEA22_SUBDUCTION,c1,FROZEN_OCCURRENCE_XOL,1.5,0.3,1.5,185165.1438422485,55549.54315267455,64788.7348974147,87982.04149612645,-23155.175703967194,0.0,12891662.599452093,,-0.0017961357214663148,False,assumption grid; not a central estimate
C1_ALDEA22_SUBDUCTION,c1,FROZEN_OCCURRENCE_XOL,2.0,0.3,1.5,246886.85845633133,74066.0575368994,64788.7348974147,87982.04149612645,20050.02452589078,0.0,12891662.599452093,,0.0015552706542865096,False,assumption grid; not a central estimate
C1_ALDEA22_SUBDUCTION,c1,FROZEN_OCCURRENCE_XOL,2.5,0.3,1.5,308608.5730704142,92582.57192112425,64788.7348974147,87982.04149612645,63255.224755748815,0.0,12891662.599452093,,0.004906677030039338,False,assumption grid; not a central estimate
C1_ALDEA22_SUBDUCTION,c1,FROZEN_OCCURRENCE_XOL,3.0,0.3,1.5,370330.287684497,111099.0863053491,64788.7348974147,87982.04149612645,106460.42498560675,0.0,12891662.599452093,,0.00825808340579216,False,assumption grid; not a central estimate
C1_ALDEA22_SUBDUCTION,c1,FROZEN_OCCURRENCE_XOL,1.25,0.4,1.5,154304.2865352071,61721.71461408284,64788.7348974147,87982.04149612645,-60188.204472416895,0.0,12891662.599452093,,-0.004668769757825879,False,assumption grid; not a central estimate
C1_ALDEA22_SUBDUCTION,c1,FROZEN_OCCURRENCE_XOL,1.5,0.4,1.5,185165.1438422485,74066.0575368994,64788.7348974147,87982.04149612645,-41671.690088192045,0.0,12891662.599452093,,-0.003232452739646097,False,assumption grid; not a central estimate
C1_ALDEA22_SUBDUCTION,c1,FROZEN_OCCURRENCE_XOL,2.0,0.4,1.5,246886.85845633133,98754.74338253254,64788.7348974147,87982.04149612645,-4638.661319742343,0.0,12891662.599452093,,-0.00035981870328653266,False,assumption grid; not a central estimate
C1_ALDEA22_SUBDUCTION,c1,FROZEN_OCCURRENCE_XOL,2.5,0.4,1.5,308608.5730704142,123443.42922816568,64788.7348974147,87982.04149612645,32394.36744870736,0.0,12891662.599452093,,0.0025128153330730317,False,assumption grid; not a central estimate
C1_ALDEA22_SUBDUCTION,c1,FROZEN_OCCURRENCE_XOL,3.0,0.4,1.5,370330.287684497,148132.1150737988,64788.7348974147,87982.04149612645,69427.39621715707,0.0,12891662.599452093,,0.005385449369432597,False,assumption grid; not a central estimate
C1_ALDEA22_SUBDUCTION,c1,FROZEN_OCCURRENCE_XOL,1.25,0.2,2.0,154304.2865352071,30860.85730704142,64788.7348974147,117309.38866150193,-58654.69433075095,0.0,12891662.599452093,,-0.004549816121719151,False,assumption grid; not a central estimate
C1_ALDEA22_SUBDUCTION,c1,FROZEN_OCCURRENCE_XOL,1.5,0.2,2.0,185165.1438422485,37033.0287684497,64788.7348974147,117309.38866150193,-33966.008485117825,0.0,12891662.599452093,,-0.002634726764146109,False,assumption grid; not a central estimate
C1_ALDEA22_SUBDUCTION,c1,FROZEN_OCCURRENCE_XOL,2.0,0.2,2.0,246886.85845633133,49377.37169126627,64788.7348974147,117309.38866150193,15411.363206148439,0.0,12891662.599452093,,0.0011954519509999768,False,assumption grid; not a central estimate
C1_ALDEA22_SUBDUCTION,c1,FROZEN_OCCURRENCE_XOL,2.5,0.2,2.0,308608.5730704142,61721.71461408284,64788.7348974147,117309.38866150193,64788.734897414746,0.0,12891662.599452093,,0.005025630666146066,False,assumption grid; not a central estimate
C1_ALDEA22_SUBDUCTION,c1,FROZEN_OCCURRENCE_XOL,3.0,0.2,2.0,370330.287684497,74066.0575368994,64788.7348974147,117309.38866150193,114166.106588681,0.0,12891662.599452093,,0.00885580938129215,False,assumption grid; not a central estimate
C1_ALDEA22_SUBDUCTION,c1,FROZEN_OCCURRENCE_XOL,1.25,0.3,2.0,154304.2865352071,46291.28596056213,64788.7348974147,117309.38866150193,-74085.12298427166,0.0,12891662.599452093,,-0.005746746970202303,False,assumption grid; not a central estimate
C1_ALDEA22_SUBDUCTION,c1,FROZEN_OCCURRENCE_XOL,1.5,0.3,2.0,185165.1438422485,55549.54315267455,64788.7348974147,117309.38866150193,-52482.522869342676,0.0,12891662.599452093,,-0.004071043782325891,False,assumption grid; not a central estimate
C1_ALDEA22_SUBDUCTION,c1,FROZEN_OCCURRENCE_XOL,2.0,0.3,2.0,246886.85845633133,74066.0575368994,64788.7348974147,117309.38866150193,-9277.3226394847,0.0,12891662.599452093,,-0.0007196374065730664,False,assumption grid; not a central estimate
C1_ALDEA22_SUBDUCTION,c1,FROZEN_OCCURRENCE_XOL,2.5,0.3,2.0,308608.5730704142,92582.57192112425,64788.7348974147,117309.38866150193,33927.87759037333,0.0,12891662.599452093,,0.0026317689691797625,False,assumption grid; not a central estimate
C1_ALDEA22_SUBDUCTION,c1,FROZEN_OCCURRENCE_XOL,3.0,0.3,2.0,370330.287684497,111099.0863053491,64788.7348974147,117309.38866150193,77133.07782023126,0.0,12891662.599452093,,0.005983175344932584,False,assumption grid; not a central estimate
C1_ALDEA22_SUBDUCTION,c1,FROZEN_OCCURRENCE_XOL,1.25,0.4,2.0,154304.2865352071,61721.71461408284,64788.7348974147,117309.38866150193,-89515.55163779238,0.0,12891662.599452093,,-0.006943677818685455,False,assumption grid; not a central estimate
C1_ALDEA22_SUBDUCTION,c1,FROZEN_OCCURRENCE_XOL,1.5,0.4,2.0,185165.1438422485,74066.0575368994,64788.7348974147,117309.38866150193,-70999.03725356753,0.0,12891662.599452093,,-0.005507360800505673,False,assumption grid; not a central estimate
C1_ALDEA22_SUBDUCTION,c1,FROZEN_OCCURRENCE_XOL,2.0,0.4,2.0,246886.85845633133,98754.74338253254,64788.7348974147,117309.38866150193,-33966.008485117825,0.0,12891662.599452093,,-0.002634726764146109,False,assumption grid; not a central estimate
C1_ALDEA22_SUBDUCTION,c1,FROZEN_OCCURRENCE_XOL,2.5,0.4,2.0,308608.5730704142,123443.42922816568,64788.7348974147,117309.38866150193,3067.0202833318763,0.0,12891662.599452093,,0.00023790727221345578,False,assumption grid; not a central estimate
C1_ALDEA22_SUBDUCTION,c1,FROZEN_OCCURRENCE_XOL,3.0,0.4,2.0,370330.287684497,148132.1150737988,64788.7348974147,117309.38866150193,40100.04905178159,0.0,12891662.599452093,,0.0031105413085730214,False,assumption grid; not a central estimate
C1_ALDEA22_SUBDUCTION,c1,STANDALONE_AGGREGATE,1.25,0.2,1.0,154304.2865352071,30860.85730704142,64858.24923964607,58585.17998851959,2.1827872842550278e-11,0.0,12905494.563408304,,1.6913627552438098e-18,False,assumption grid; not a central estimate
C1_ALDEA22_SUBDUCTION,c1,STANDALONE_AGGREGATE,1.5,0.2,1.0,185165.1438422485,37033.0287684497,64858.24923964607,58585.17998851959,24688.685845633147,0.0,12905494.563408304,,0.0019130367863339703,False,assumption grid; not a central estimate
C1_ALDEA22_SUBDUCTION,c1,STANDALONE_AGGREGATE,2.0,0.2,1.0,246886.85845633133,49377.37169126627,64858.24923964607,58585.17998851959,74066.0575368994,0.0,12905494.563408304,,0.005739110359001908,False,assumption grid; not a central estimate
C1_ALDEA22_SUBDUCTION,c1,STANDALONE_AGGREGATE,2.5,0.2,1.0,308608.5730704142,61721.71461408284,64858.24923964607,58585.17998851959,123443.42922816571,0.0,12905494.563408304,,0.00956518393166985,False,assumption grid; not a central estimate
C1_ALDEA22_SUBDUCTION,c1,STANDALONE_AGGREGATE,3.0,0.2,1.0,370330.287684497,74066.0575368994,64858.24923964607,58585.17998851959,172820.80091943196,0.0,12905494.563408304,,0.013391257504337787,False,assumption grid; not a central estimate
C1_ALDEA22_SUBDUCTION,c1,STANDALONE_AGGREGATE,1.25,0.3,1.0,154304.2865352071,46291.28596056213,64858.24923964607,58585.17998851959,-15430.428653520685,0.0,12905494.563408304,,-0.001195647991458729,False,assumption grid; not a central estimate
C1_ALDEA22_SUBDUCTION,c1,STANDALONE_AGGREGATE,1.5,0.3,1.0,185165.1438422485,55549.54315267455,64858.24923964607,58585.17998851959,6172.171461408296,0.0,12905494.563408304,,0.0004782591965834933,False,assumption grid; not a central estimate
C1_ALDEA22_SUBDUCTION,c1,STANDALONE_AGGREGATE,2.0,0.3,1.0,246886.85845633133,74066.0575368994,64858.24923964607,58585.17998851959,49377.37169126627,0.0,12905494.563408304,,0.003826073572667939,False,assumption grid; not a central estimate
C1_ALDEA22_SUBDUCTION,c1,STANDALONE_AGGREGATE,2.5,0.3,1.0,308608.5730704142,92582.57192112425,64858.24923964607,58585.17998851959,92582.5719211243,0.0,12905494.563408304,,0.007173887948752389,False,assumption grid; not a central estimate
C1_ALDEA22_SUBDUCTION,c1,STANDALONE_AGGREGATE,3.0,0.3,1.0,370330.287684497,111099.0863053491,64858.24923964607,58585.17998851959,135787.77215098226,0.0,12905494.563408304,,0.010521702324836834,False,assumption grid; not a central estimate
C1_ALDEA22_SUBDUCTION,c1,STANDALONE_AGGREGATE,1.25,0.4,1.0,154304.2865352071,61721.71461408284,64858.24923964607,58585.17998851959,-30860.857307041406,0.0,12905494.563408304,,-0.002391295982917461,False,assumption grid; not a central estimate
C1_ALDEA22_SUBDUCTION,c1,STANDALONE_AGGREGATE,1.5,0.4,1.0,185165.1438422485,74066.0575368994,64858.24923964607,58585.17998851959,-12344.342922816555,0.0,12905494.563408304,,-0.0009565183931669837,False,assumption grid; not a central estimate
C1_ALDEA22_SUBDUCTION,c1,STANDALONE_AGGREGATE,2.0,0.4,1.0,246886.85845633133,98754.74338253254,64858.24923964607,58585.17998851959,24688.685845633147,0.0,12905494.563408304,,0.0019130367863339703,False,assumption grid; not a central estimate
C1_ALDEA22_SUBDUCTION,c1,STANDALONE_AGGREGATE,2.5,0.4,1.0,308608.5730704142,123443.42922816568,64858.24923964607,58585.17998851959,61721.71461408285,0.0,12905494.563408304,,0.004782591965834924,False,assumption grid; not a central estimate
C1_ALDEA22_SUBDUCTION,c1,STANDALONE_AGGREGATE,3.0,0.4,1.0,370330.287684497,148132.1150737988,64858.24923964607,58585.17998851959,98754.74338253256,0.0,12905494.563408304,,0.0076521471453358785,False,assumption grid; not a central estimate
C1_ALDEA22_SUBDUCTION,c1,STANDALONE_AGGREGATE,1.25,0.2,1.25,154304.2865352071,30860.85730704142,64858.24923964607,73231.47498564949,-14646.29499712988,0.0,12905494.563408304,,-0.0011348883163809444,False,assumption grid; not a central estimate
C1_ALDEA22_SUBDUCTION,c1,STANDALONE_AGGREGATE,1.5,0.2,1.25,185165.1438422485,37033.0287684497,64858.24923964607,73231.47498564949,10042.390848503244,0.0,12905494.563408304,,0.0007781484699530243,False,assumption grid; not a central estimate
C1_ALDEA22_SUBDUCTION,c1,STANDALONE_AGGREGATE,2.0,0.2,1.25,246886.85845633133,49377.37169126627,64858.24923964607,73231.47498564949,59419.762539769494,0.0,12905494.563408304,,0.004604222042620961,False,assumption grid; not a central estimate
C1_ALDEA22_SUBDUCTION,c1,STANDALONE_AGGREGATE,2.5,0.2,1.25,308608.5730704142,61721.71461408284,64858.24923964607,73231.47498564949,108797.1342310358,0.0,12905494.563408304,,0.008430295615288902,False,assumption grid; not a central estimate
C1_ALDEA22_SUBDUCTION,c1,STANDALONE_AGGREGATE,3.0,0.2,1.25,370330.287684497,74066.0575368994,64858.24923964607,73231.47498564949,158174.50592230205,0.0,12905494.563408304,,0.01225636918795684,False,assumption grid; not a central estimate
C1_ALDEA22_SUBDUCTION,c1,STANDALONE_AGGREGATE,1.25,0.3,1.25,154304.2865352071,46291.28596056213,64858.24923964607,73231.47498564949,-30076.723650650587,0.0,12905494.563408304,,-0.002330536307839675,False,assumption grid; not a central estimate
C1_ALDEA22_SUBDUCTION,c1,STANDALONE_AGGREGATE,1.5,0.3,1.25,185165.1438422485,55549.54315267455,64858.24923964607,73231.47498564949,-8474.123535721606,0.0,12905494.563408304,,-0.0006566291197974527,False,assumption grid; not a central estimate
C1_ALDEA22_SUBDUCTION,c1,STANDALONE_AGGREGATE,2.0,0.3,1.25,246886.85845633133,74066.0575368994,64858.24923964607,73231.47498564949,34731.07669413637,0.0,12905494.563408304,,0.002691185256286993,False,assumption grid; not a central estimate
C1_ALDEA22_SUBDUCTION,c1,STANDALONE_AGGREGATE,2.5,0.3,1.25,308608.5730704142,92582.57192112425,64858.24923964607,73231.47498564949,77936.27692399439,0.0,12905494.563408304,,0.006038999632371441,False,assumption grid; not a central estimate
C1_ALDEA22_SUBDUCTION,c1,STANDALONE_AGGREGATE,3.0,0.3,1.25,370330.287684497,111099.0863053491,64858.24923964607,73231.47498564949,121141.47715385235,0.0,12905494.563408304,,0.009386814008455886,False,assumption grid; not a central estimate
C1_ALDEA22_SUBDUCTION,c1,STANDALONE_AGGREGATE,1.25,0.4,1.25,154304.2865352071,61721.71461408284,64858.24923964607,73231.47498564949,-45507.15230417131,0.0,12905494.563408304,,-0.0035261842992984067,False,assumption grid; not a central estimate
C1_ALDEA22_SUBDUCTION,c1,STANDALONE_AGGREGATE,1.5,0.4,1.25,185165.1438422485,74066.0575368994,64858.24923964607,73231.47498564949,-26990.637919946457,0.0,12905494.563408304,,-0.0020914067095479296,False,assumption grid; not a central estimate
C1_ALDEA22_SUBDUCTION,c1,STANDALONE_AGGREGATE,2.0,0.4,1.25,246886.85845633133,98754.74338253254,64858.24923964607,73231.47498564949,10042.390848503244,0.0,12905494.563408304,,0.0007781484699530243,False,assumption grid; not a central estimate
C1_ALDEA22_SUBDUCTION,c1,STANDALONE_AGGREGATE,2.5,0.4,1.25,308608.5730704142,123443.42922816568,64858.24923964607,73231.47498564949,47075.419616952946,0.0,12905494.563408304,,0.0036477036494539784,False,assumption grid; not a central estimate
C1_ALDEA22_SUBDUCTION,c1,STANDALONE_AGGREGATE,3.0,0.4,1.25,370330.287684497,148132.1150737988,64858.24923964607,73231.47498564949,84108.44838540265,0.0,12905494.563408304,,0.006517258828954932,False,assumption grid; not a central estimate
C1_ALDEA22_SUBDUCTION,c1,STANDALONE_AGGREGATE,1.25,0.2,1.5,154304.2865352071,30860.85730704142,64858.24923964607,87877.76998277938,-29292.589994259775,0.0,12905494.563408304,,-0.0022697766327618896,False,assumption grid; not a central estimate
C1_ALDEA22_SUBDUCTION,c1,STANDALONE_AGGREGATE,1.5,0.2,1.5,185165.1438422485,37033.0287684497,64858.24923964607,87877.76998277938,-4603.904148626651,0.0,12905494.563408304,,-0.0003567398464279212,False,assumption grid; not a central estimate
C1_ALDEA22_SUBDUCTION,c1,STANDALONE_AGGREGATE,2.0,0.2,1.5,246886.85845633133,49377.37169126627,64858.24923964607,87877.76998277938,44773.4675426396,0.0,12905494.563408304,,0.003469333726240016,False,assumption grid; not a central estimate
C1_ALDEA22_SUBDUCTION,c1,STANDALONE_AGGREGATE,2.5,0.2,1.5,308608.5730704142,61721.71461408284,64858.24923964607,87877.76998277938,94150.8392339059,0.0,12905494.563408304,,0.007295407298907958,False,assumption grid; not a central estimate
C1_ALDEA22_SUBDUCTION,c1,STANDALONE_AGGREGATE,3.0,0.2,1.5,370330.287684497,74066.0575368994,64858.24923964607,87877.76998277938,143528.21092517214,0.0,12905494.563408304,,0.011121480871575894,False,assumption grid; not a central estimate
C1_ALDEA22_SUBDUCTION,c1,STANDALONE_AGGREGATE,1.25,0.3,1.5,154304.2865352071,46291.28596056213,64858.24923964607,87877.76998277938,-44723.01864778048,0.0,12905494.563408304,,-0.0034654246242206204,False,assumption grid; not a central estimate
C1_ALDEA22_SUBDUCTION,c1,STANDALONE_AGGREGATE,1.5,0.3,1.5,185165.1438422485,55549.54315267455,64858.24923964607,87877.76998277938,-23120.4185328515,0.0,12905494.563408304,,-0.0017915174361783982,False,assumption grid; not a central estimate
C1_ALDEA22_SUBDUCTION,c1,STANDALONE_AGGREGATE,2.0,0.3,1.5,246886.85845633133,74066.0575368994,64858.24923964607,87877.76998277938,20084.781697006474,0.0,12905494.563408304,,0.0015562969399060473,False,assumption grid; not a central estimate
C1_ALDEA22_SUBDUCTION,c1,STANDALONE_AGGREGATE,2.5,0.3,1.5,308608.5730704142,92582.57192112425,64858.24923964607,87877.76998277938,63289.98192686449,0.0,12905494.563408304,,0.004904111315990496,False,assumption grid; not a central estimate
C1_ALDEA22_SUBDUCTION,c1,STANDALONE_AGGREGATE,3.0,0.3,1.5,370330.287684497,111099.0863053491,64858.24923964607,87877.76998277938,106495.18215672245,0.0,12905494.563408304,,0.008251925692074941,False,assumption grid; not a central estimate
C1_ALDEA22_SUBDUCTION,c1,STANDALONE_AGGREGATE,1.25,0.4,1.5,154304.2865352071,61721.71461408284,64858.24923964607,87877.76998277938,-60153.4473013012,0.0,12905494.563408304,,-0.004661072615679353,False,assumption grid; not a central estimate
C1_ALDEA22_SUBDUCTION,c1,STANDALONE_AGGREGATE,1.5,0.4,1.5,185165.1438422485,74066.0575368994,64858.24923964607,87877.76998277938,-41636.93291707635,0.0,12905494.563408304,,-0.003226295025928875,False,assumption grid; not a central estimate
C1_ALDEA22_SUBDUCTION,c1,STANDALONE_AGGREGATE,2.0,0.4,1.5,246886.85845633133,98754.74338253254,64858.24923964607,87877.76998277938,-4603.904148626651,0.0,12905494.563408304,,-0.0003567398464279212,False,assumption grid; not a central estimate
C1_ALDEA22_SUBDUCTION,c1,STANDALONE_AGGREGATE,2.5,0.4,1.5,308608.5730704142,123443.42922816568,64858.24923964607,87877.76998277938,32429.12461982305,0.0,12905494.563408304,,0.002512815333073033,False,assumption grid; not a central estimate
C1_ALDEA22_SUBDUCTION,c1,STANDALONE_AGGREGATE,3.0,0.4,1.5,370330.287684497,148132.1150737988,64858.24923964607,87877.76998277938,69462.15338827275,0.0,12905494.563408304,,0.005382370512573987,False,assumption grid; not a central estimate
C1_ALDEA22_SUBDUCTION,c1,STANDALONE_AGGREGATE,1.25,0.2,2.0,154304.2865352071,30860.85730704142,64858.24923964607,117170.35997703917,-58585.179988519565,0.0,12905494.563408304,,-0.004539553265523781,False,assumption grid; not a central estimate
C1_ALDEA22_SUBDUCTION,c1,STANDALONE_AGGREGATE,1.5,0.2,2.0,185165.1438422485,37033.0287684497,64858.24923964607,117170.35997703917,-33896.49414288644,0.0,12905494.563408304,,-0.002626516479189812,False,assumption grid; not a central estimate
C1_ALDEA22_SUBDUCTION,c1,STANDALONE_AGGREGATE,2.0,0.2,2.0,246886.85845633133,49377.37169126627,64858.24923964607,117170.35997703917,15480.877548379809,0.0,12905494.563408304,,0.001199557093478125,False,assumption grid; not a central estimate
C1_ALDEA22_SUBDUCTION,c1,STANDALONE_AGGREGATE,2.5,0.2,2.0,308608.5730704142,61721.71461408284,64858.24923964607,117170.35997703917,64858.24923964612,0.0,12905494.563408304,,0.005025630666146067,False,assumption grid; not a central estimate
C1_ALDEA22_SUBDUCTION,c1,STANDALONE_AGGREGATE,3.0,0.2,2.0,370330.287684497,74066.0575368994,64858.24923964607,117170.35997703917,114235.62093091237,0.0,12905494.563408304,,0.008851704238814003,False,assumption grid; not a central estimate
C1_ALDEA22_SUBDUCTION,c1,STANDALONE_AGGREGATE,1.25,0.3,2.0,154304.2865352071,46291.28596056213,64858.24923964607,117170.35997703917,-74015.60864204027,0.0,12905494.563408304,,-0.005735201256982511,False,assumption grid; not a central estimate
C1_ALDEA22_SUBDUCTION,c1,STANDALONE_AGGREGATE,1.5,0.3,2.0,185165.1438422485,55549.54315267455,64858.24923964607,117170.35997703917,-52413.00852711129,0.0,12905494.563408304,,-0.004061294068940289,False,assumption grid; not a central estimate
C1_ALDEA22_SUBDUCTION,c1,STANDALONE_AGGREGATE,2.0,0.3,2.0,246886.85845633133,74066.0575368994,64858.24923964607,117170.35997703917,-9207.808297253316,0.0,12905494.563408304,,-0.0007134796928558436,False,assumption grid; not a central estimate
C1_ALDEA22_SUBDUCTION,c1,STANDALONE_AGGREGATE,2.5,0.3,2.0,308608.5730704142,92582.57192112425,64858.24923964607,117170.35997703917,33997.3919326047,0.0,12905494.563408304,,0.0026343346832286055,False,assumption grid; not a central estimate
C1_ALDEA22_SUBDUCTION,c1,STANDALONE_AGGREGATE,3.0,0.3,2.0,370330.287684497,111099.0863053491,64858.24923964607,117170.35997703917,77202.59216246266,0.0,12905494.563408304,,0.00598214905931305,False,assumption grid; not a central estimate
C1_ALDEA22_SUBDUCTION,c1,STANDALONE_AGGREGATE,1.25,0.4,2.0,154304.2865352071,61721.71461408284,64858.24923964607,117170.35997703917,-89446.037295561,0.0,12905494.563408304,,-0.0069308492484412435,False,assumption grid; not a central estimate
C1_ALDEA22_SUBDUCTION,c1,STANDALONE_AGGREGATE,1.5,0.4,2.0,185165.1438422485,74066.0575368994,64858.24923964607,117170.35997703917,-70929.52291133614,0.0,12905494.563408304,,-0.005496071658690766,False,assumption grid; not a central estimate
C1_ALDEA22_SUBDUCTION,c1,STANDALONE_AGGREGATE,2.0,0.4,2.0,246886.85845633133,98754.74338253254,64858.24923964607,117170.35997703917,-33896.49414288644,0.0,12905494.563408304,,-0.002626516479189812,False,assumption grid; not a central estimate
C1_ALDEA22_SUBDUCTION,c1,STANDALONE_AGGREGATE,2.5,0.4,2.0,308608.5730704142,123443.42922816568,64858.24923964607,117170.35997703917,3136.534625563261,0.0,12905494.563408304,,0.00024303870031114184,False,assumption grid; not a central estimate
C1_ALDEA22_SUBDUCTION,c1,STANDALONE_AGGREGATE,3.0,0.4,2.0,370330.287684497,148132.1150737988,64858.24923964607,117170.35997703917,40169.56339401296,0.0,12905494.563408304,,0.003112593879812096,False,assumption grid; not a central estimate
C1_ALDEA22_SUBDUCTION,c1,STACKED_OCCURRENCE_PLUS_AGGREGATE,1.25,0.2,1.0,154304.2865352071,30860.85730704142,45556.95343989565,77886.47578827002,1.4551915228366852e-11,0.0,9064922.686575234,,1.605299430729577e-18,False,assumption grid; not a central estimate
C1_ALDEA22_SUBDUCTION,c1,STACKED_OCCURRENCE_PLUS_AGGREGATE,1.5,0.2,1.0,185165.1438422485,37033.0287684497,45556.95343989565,77886.47578827002,24688.68584563314,0.0,9064922.686575234,,0.0027235406962925384,False,assumption grid; not a central estimate
C1_ALDEA22_SUBDUCTION,c1,STACKED_OCCURRENCE_PLUS_AGGREGATE,2.0,0.2,1.0,246886.85845633133,49377.37169126627,45556.95343989565,77886.47578827002,74066.05753689939,0.0,9064922.686575234,,0.00817062208887761,False,assumption grid; not a central estimate
C1_ALDEA22_SUBDUCTION,c1,STACKED_OCCURRENCE_PLUS_AGGREGATE,2.5,0.2,1.0,308608.5730704142,61721.71461408284,45556.95343989565,77886.47578827002,123443.4292281657,0.0,9064922.686575234,,0.013617703481462691,False,assumption grid; not a central estimate
C1_ALDEA22_SUBDUCTION,c1,STACKED_OCCURRENCE_PLUS_AGGREGATE,3.0,0.2,1.0,370330.287684497,74066.0575368994,45556.95343989565,77886.47578827002,172820.80091943196,0.0,9064922.686575234,,0.019064784874047766,False,assumption grid; not a central estimate
C1_ALDEA22_SUBDUCTION,c1,STACKED_OCCURRENCE_PLUS_AGGREGATE,1.25,0.3,1.0,154304.2865352071,46291.28596056213,45556.95343989565,77886.47578827002,-15430.4286535207,0.0,9064922.686575234,,-0.001702212935182835,False,assumption grid; not a central estimate
C1_ALDEA22_SUBDUCTION,c1,STACKED_OCCURRENCE_PLUS_AGGREGATE,1.5,0.3,1.0,185165.1438422485,55549.54315267455,45556.95343989565,77886.47578827002,6172.171461408274,0.0,9064922.686575234,,0.0006808851740731334,False,assumption grid; not a central estimate
C1_ALDEA22_SUBDUCTION,c1,STACKED_OCCURRENCE_PLUS_AGGREGATE,2.0,0.3,1.0,246886.85845633133,74066.0575368994,45556.95343989565,77886.47578827002,49377.371691266264,0.0,9064922.686575234,,0.005447081392585075,False,assumption grid; not a central estimate
C1_ALDEA22_SUBDUCTION,c1,STACKED_OCCURRENCE_PLUS_AGGREGATE,2.5,0.3,1.0,308608.5730704142,92582.57192112425,45556.95343989565,77886.47578827002,92582.57192112428,0.0,9064922.686575234,,0.01021327761109702,False,assumption grid; not a central estimate
C1_ALDEA22_SUBDUCTION,c1,STACKED_OCCURRENCE_PLUS_AGGREGATE,3.0,0.3,1.0,370330.287684497,111099.0863053491,45556.95343989565,77886.47578827002,135787.77215098223,0.0,9064922.686575234,,0.014979473829608956,False,assumption grid; not a central estimate
C1_ALDEA22_SUBDUCTION,c1,STACKED_OCCURRENCE_PLUS_AGGREGATE,1.25,0.4,1.0,154304.2865352071,61721.71461408284,45556.95343989565,77886.47578827002,-30860.85730704142,0.0,9064922.686575234,,-0.0034044258703656723,False,assumption grid; not a central estimate
C1_ALDEA22_SUBDUCTION,c1,STACKED_OCCURRENCE_PLUS_AGGREGATE,1.5,0.4,1.0,185165.1438422485,74066.0575368994,45556.95343989565,77886.47578827002,-12344.342922816562,0.0,9064922.686575234,,-0.0013617703481462683,False,assumption grid; not a central estimate
C1_ALDEA22_SUBDUCTION,c1,STACKED_OCCURRENCE_PLUS_AGGREGATE,2.0,0.4,1.0,246886.85845633133,98754.74338253254,45556.95343989565,77886.47578827002,24688.68584563314,0.0,9064922.686575234,,0.0027235406962925384,False,assumption grid; not a central estimate
C1_ALDEA22_SUBDUCTION,c1,STACKED_OCCURRENCE_PLUS_AGGREGATE,2.5,0.4,1.0,308608.5730704142,123443.42922816568,45556.95343989565,77886.47578827002,61721.71461408284,0.0,9064922.686575234,,0.006808851740731345,False,assumption grid; not a central estimate
C1_ALDEA22_SUBDUCTION,c1,STACKED_OCCURRENCE_PLUS_AGGREGATE,3.0,0.4,1.0,370330.287684497,148132.1150737988,45556.95343989565,77886.47578827002,98754.74338253254,0.0,9064922.686575234,,0.010894162785170152,False,assumption grid; not a central estimate
C1_ALDEA22_SUBDUCTION,c1,STACKED_OCCURRENCE_PLUS_AGGREGATE,1.25,0.2,1.25,154304.2865352071,30860.85730704142,45556.95343989565,97358.09473533752,-19471.618947067487,0.0,9064922.686575234,,-0.0021480182038291543,False,assumption grid; not a central estimate
C1_ALDEA22_SUBDUCTION,c1,STACKED_OCCURRENCE_PLUS_AGGREGATE,1.5,0.2,1.25,185165.1438422485,37033.0287684497,45556.95343989565,97358.09473533752,5217.0668985656375,0.0,9064922.686575234,,0.0005755224924633822,False,assumption grid; not a central estimate
C1_ALDEA22_SUBDUCTION,c1,STACKED_OCCURRENCE_PLUS_AGGREGATE,2.0,0.2,1.25,246886.85845633133,49377.37169126627,45556.95343989565,97358.09473533752,54594.43858983189,0.0,9064922.686575234,,0.006022603885048455,False,assumption grid; not a central estimate
C1_ALDEA22_SUBDUCTION,c1,STACKED_OCCURRENCE_PLUS_AGGREGATE,2.5,0.2,1.25,308608.5730704142,61721.71461408284,45556.95343989565,97358.09473533752,103971.8102810982,0.0,9064922.686575234,,0.011469685277633535,False,assumption grid; not a central estimate
C1_ALDEA22_SUBDUCTION,c1,STACKED_OCCURRENCE_PLUS_AGGREGATE,3.0,0.2,1.25,370330.287684497,74066.0575368994,45556.95343989565,97358.09473533752,153349.18197236443,0.0,9064922.686575234,,0.016916766670218606,False,assumption grid; not a central estimate
C1_ALDEA22_SUBDUCTION,c1,STACKED_OCCURRENCE_PLUS_AGGREGATE,1.25,0.3,1.25,154304.2865352071,46291.28596056213,45556.95343989565,97358.09473533752,-34902.0476005882,0.0,9064922.686575234,,-0.003850231139011991,False,assumption grid; not a central estimate
C1_ALDEA22_SUBDUCTION,c1,STACKED_OCCURRENCE_PLUS_AGGREGATE,1.5,0.3,1.25,185165.1438422485,55549.54315267455,45556.95343989565,97358.09473533752,-13299.447485659228,0.0,9064922.686575234,,-0.0014671330297560228,False,assumption grid; not a central estimate
C1_ALDEA22_SUBDUCTION,c1,STACKED_OCCURRENCE_PLUS_AGGREGATE,2.0,0.3,1.25,246886.85845633133,74066.0575368994,45556.95343989565,97358.09473533752,29905.752744198762,0.0,9064922.686575234,,0.003299063188755919,False,assumption grid; not a central estimate
C1_ALDEA22_SUBDUCTION,c1,STACKED_OCCURRENCE_PLUS_AGGREGATE,2.5,0.3,1.25,308608.5730704142,92582.57192112425,45556.95343989565,97358.09473533752,73110.95297405678,0.0,9064922.686575234,,0.008065259407267864,False,assumption grid; not a central estimate
C1_ALDEA22_SUBDUCTION,c1,STACKED_OCCURRENCE_PLUS_AGGREGATE,3.0,0.3,1.25,370330.287684497,111099.0863053491,45556.95343989565,97358.09473533752,116316.15320391474,0.0,9064922.686575234,,0.012831455625779802,False,assumption grid; not a central estimate
C1_ALDEA22_SUBDUCTION,c1,STACKED_OCCURRENCE_PLUS_AGGREGATE,1.25,0.4,1.25,154304.2865352071,61721.71461408284,45556.95343989565,97358.09473533752,-50332.47625410892,0.0,9064922.686575234,,-0.005552444074194828,False,assumption grid; not a central estimate
C1_ALDEA22_SUBDUCTION,c1,STACKED_OCCURRENCE_PLUS_AGGREGATE,1.5,0.4,1.25,185165.1438422485,74066.0575368994,45556.95343989565,97358.09473533752,-31815.961869884064,0.0,9064922.686575234,,-0.0035097885519754244,False,assumption grid; not a central estimate
C1_ALDEA22_SUBDUCTION,c1,STACKED_OCCURRENCE_PLUS_AGGREGATE,2.0,0.4,1.25,246886.85845633133,98754.74338253254,45556.95343989565,97358.09473533752,5217.0668985656375,0.0,9064922.686575234,,0.0005755224924633822,False,assumption grid; not a central estimate
C1_ALDEA22_SUBDUCTION,c1,STACKED_OCCURRENCE_PLUS_AGGREGATE,2.5,0.4,1.25,308608.5730704142,123443.42922816568,45556.95343989565,97358.09473533752,42250.09566701534,0.0,9064922.686575234,,0.004660833536902189,False,assumption grid; not a central estimate
C1_ALDEA22_SUBDUCTION,c1,STACKED_OCCURRENCE_PLUS_AGGREGATE,3.0,0.4,1.25,370330.287684497,148132.1150737988,45556.95343989565,97358.09473533752,79283.12443546504,0.0,9064922.686575234,,0.008746144581340995,False,assumption grid; not a central estimate
C1_ALDEA22_SUBDUCTION,c1,STACKED_OCCURRENCE_PLUS_AGGREGATE,1.25,0.2,1.5,154304.2865352071,30860.85730704142,45556.95343989565,116829.71368240504,-38943.237894135,0.0,9064922.686575234,,-0.004296036407658312,False,assumption grid; not a central estimate
C1_ALDEA22_SUBDUCTION,c1,STACKED_OCCURRENCE_PLUS_AGGREGATE,1.5,0.2,1.5,185165.1438422485,37033.0287684497,45556.95343989565,116829.71368240504,-14254.552048501879,0.0,9064922.686575234,,-0.0015724957113657755,False,assumption grid; not a central estimate
C1_ALDEA22_SUBDUCTION,c1,STACKED_OCCURRENCE_PLUS_AGGREGATE,2.0,0.2,1.5,246886.85845633133,49377.37169126627,45556.95343989565,116829.71368240504,35122.81964276437,0.0,9064922.686575234,,0.003874585681219298,False,assumption grid; not a central estimate
C1_ALDEA22_SUBDUCTION,c1,STACKED_OCCURRENCE_PLUS_AGGREGATE,2.5,0.2,1.5,308608.5730704142,61721.71461408284,45556.95343989565,116829.71368240504,84500.19133403068,0.0,9064922.686575234,,0.009321667073804378,False,assumption grid; not a central estimate
C1_ALDEA22_SUBDUCTION,c1,STACKED_OCCURRENCE_PLUS_AGGREGATE,3.0,0.2,1.5,370330.287684497,74066.0575368994,45556.95343989565,116829.71368240504,133877.56302529693,0.0,9064922.686575234,,0.014768748466389451,False,assumption grid; not a central estimate
C1_ALDEA22_SUBDUCTION,c1,STACKED_OCCURRENCE_PLUS_AGGREGATE,1.25,0.3,1.5,154304.2865352071,46291.28596056213,45556.95343989565,116829.71368240504,-54373.66654765572,0.0,9064922.686575234,,-0.0059982493428411485,False,assumption grid; not a central estimate
C1_ALDEA22_SUBDUCTION,c1,STACKED_OCCURRENCE_PLUS_AGGREGATE,1.5,0.3,1.5,185165.1438422485,55549.54315267455,45556.95343989565,116829.71368240504,-32771.066432726744,0.0,9064922.686575234,,-0.0036151512335851803,False,assumption grid; not a central estimate
C1_ALDEA22_SUBDUCTION,c1,STACKED_OCCURRENCE_PLUS_AGGREGATE,2.0,0.3,1.5,246886.85845633133,74066.0575368994,45556.95343989565,116829.71368240504,10434.133797131246,0.0,9064922.686575234,,0.0011510449849267612,False,assumption grid; not a central estimate
C1_ALDEA22_SUBDUCTION,c1,STACKED_OCCURRENCE_PLUS_AGGREGATE,2.5,0.3,1.5,308608.5730704142,92582.57192112425,45556.95343989565,116829.71368240504,53639.334026989265,0.0,9064922.686575234,,0.005917241203438706,False,assumption grid; not a central estimate
C1_ALDEA22_SUBDUCTION,c1,STACKED_OCCURRENCE_PLUS_AGGREGATE,3.0,0.3,1.5,370330.287684497,111099.0863053491,45556.95343989565,116829.71368240504,96844.53425684723,0.0,9064922.686575234,,0.010683437421950645,False,assumption grid; not a central estimate
C1_ALDEA22_SUBDUCTION,c1,STACKED_OCCURRENCE_PLUS_AGGREGATE,1.25,0.4,1.5,154304.2865352071,61721.71461408284,45556.95343989565,116829.71368240504,-69804.09520117645,0.0,9064922.686575234,,-0.007700462278023987,False,assumption grid; not a central estimate
C1_ALDEA22_SUBDUCTION,c1,STACKED_OCCURRENCE_PLUS_AGGREGATE,1.5,0.4,1.5,185165.1438422485,74066.0575368994,45556.95343989565,116829.71368240504,-51287.58081695158,0.0,9064922.686575234,,-0.005657806755804582,False,assumption grid; not a central estimate
C1_ALDEA22_SUBDUCTION,c1,STACKED_OCCURRENCE_PLUS_AGGREGATE,2.0,0.4,1.5,246886.85845633133,98754.74338253254,45556.95343989565,116829.71368240504,-14254.552048501879,0.0,9064922.686575234,,-0.0015724957113657755,False,assumption grid; not a central estimate
C1_ALDEA22_SUBDUCTION,c1,STACKED_OCCURRENCE_PLUS_AGGREGATE,2.5,0.4,1.5,308608.5730704142,123443.42922816568,45556.95343989565,116829.71368240504,22778.476719947823,0.0,9064922.686575234,,0.0025128153330730312,False,assumption grid; not a central estimate
C1_ALDEA22_SUBDUCTION,c1,STACKED_OCCURRENCE_PLUS_AGGREGATE,3.0,0.4,1.5,370330.287684497,148132.1150737988,45556.95343989565,116829.71368240504,59811.505488397524,0.0,9064922.686575234,,0.006598126377511838,False,assumption grid; not a central estimate
C1_ALDEA22_SUBDUCTION,c1,STACKED_OCCURRENCE_PLUS_AGGREGATE,1.25,0.2,2.0,154304.2865352071,30860.85730704142,45556.95343989565,155772.95157654004,-77886.47578827,0.0,9064922.686575234,,-0.008592072815316624,False,assumption grid; not a central estimate
C1_ALDEA22_SUBDUCTION,c1,STACKED_OCCURRENCE_PLUS_AGGREGATE,1.5,0.2,2.0,185165.1438422485,37033.0287684497,45556.95343989565,155772.95157654004,-53197.78994263688,0.0,9064922.686575234,,-0.0058685321190240875,False,assumption grid; not a central estimate
C1_ALDEA22_SUBDUCTION,c1,STACKED_OCCURRENCE_PLUS_AGGREGATE,2.0,0.2,2.0,246886.85845633133,49377.37169126627,45556.95343989565,155772.95157654004,-3820.418251370633,0.0,9064922.686575234,,-0.0004214507264390142,False,assumption grid; not a central estimate
C1_ALDEA22_SUBDUCTION,c1,STACKED_OCCURRENCE_PLUS_AGGREGATE,2.5,0.2,2.0,308608.5730704142,61721.71461408284,45556.95343989565,155772.95157654004,45556.953439895675,0.0,9064922.686575234,,0.005025630666146066,False,assumption grid; not a central estimate
C1_ALDEA22_SUBDUCTION,c1,STACKED_OCCURRENCE_PLUS_AGGREGATE,3.0,0.2,2.0,370330.287684497,74066.0575368994,45556.95343989565,155772.95157654004,94934.32513116192,0.0,9064922.686575234,,0.010472712058731138,False,assumption grid; not a central estimate
C1_ALDEA22_SUBDUCTION,c1,STACKED_OCCURRENCE_PLUS_AGGREGATE,1.25,0.3,2.0,154304.2865352071,46291.28596056213,45556.95343989565,155772.95157654004,-93316.90444179071,0.0,9064922.686575234,,-0.01029428575049946,False,assumption grid; not a central estimate
C1_ALDEA22_SUBDUCTION,c1,STACKED_OCCURRENCE_PLUS_AGGREGATE,1.5,0.3,2.0,185165.1438422485,55549.54315267455,45556.95343989565,155772.95157654004,-71714.30432686175,0.0,9064922.686575234,,-0.007911187641243492,False,assumption grid; not a central estimate
C1_ALDEA22_SUBDUCTION,c1,STACKED_OCCURRENCE_PLUS_AGGREGATE,2.0,0.3,2.0,246886.85845633133,74066.0575368994,45556.95343989565,155772.95157654004,-28509.104097003757,0.0,9064922.686575234,,-0.003144991422731551,False,assumption grid; not a central estimate
C1_ALDEA22_SUBDUCTION,c1,STACKED_OCCURRENCE_PLUS_AGGREGATE,2.5,0.3,2.0,308608.5730704142,92582.57192112425,45556.95343989565,155772.95157654004,14696.096132854262,0.0,9064922.686575234,,0.0016212047957803938,False,assumption grid; not a central estimate
C1_ALDEA22_SUBDUCTION,c1,STACKED_OCCURRENCE_PLUS_AGGREGATE,3.0,0.3,2.0,370330.287684497,111099.0863053491,45556.95343989565,155772.95157654004,57901.29636271222,0.0,9064922.686575234,,0.006387401014292332,False,assumption grid; not a central estimate
C1_ALDEA22_SUBDUCTION,c1,STACKED_OCCURRENCE_PLUS_AGGREGATE,1.25,0.4,2.0,154304.2865352071,61721.71461408284,45556.95343989565,155772.95157654004,-108747.33309531145,0.0,9064922.686575234,,-0.011996498685682299,False,assumption grid; not a central estimate
C1_ALDEA22_SUBDUCTION,c1,STACKED_OCCURRENCE_PLUS_AGGREGATE,1.5,0.4,2.0,185165.1438422485,74066.0575368994,45556.95343989565,155772.95157654004,-90230.81871108658,0.0,9064922.686575234,,-0.009953843163462895,False,assumption grid; not a central estimate
C1_ALDEA22_SUBDUCTION,c1,STACKED_OCCURRENCE_PLUS_AGGREGATE,2.0,0.4,2.0,246886.85845633133,98754.74338253254,45556.95343989565,155772.95157654004,-53197.78994263688,0.0,9064922.686575234,,-0.0058685321190240875,False,assumption grid; not a central estimate
C1_ALDEA22_SUBDUCTION,c1,STACKED_OCCURRENCE_PLUS_AGGREGATE,2.5,0.4,2.0,308608.5730704142,123443.42922816568,45556.95343989565,155772.95157654004,-16164.76117418718,0.0,9064922.686575234,,-0.0017832210745852809,False,assumption grid; not a central estimate
C1_ALDEA22_SUBDUCTION,c1,STACKED_OCCURRENCE_PLUS_AGGREGATE,3.0,0.4,2.0,370330.287684497,148132.1150737988,45556.95343989565,155772.95157654004,20868.26759426252,0.0,9064922.686575234,,0.002302089969853526,False,assumption grid; not a central estimate
C2_GODA_ATKINSON09,c2,NO_REINSURANCE,1.25,0.2,0.0,154169.59677112312,30833.919354224625,123335.6774168985,0.0,0.0,0.0,24541333.339061152,,0.0,False,assumption grid; not a central estimate
C2_GODA_ATKINSON09,c2,NO_REINSURANCE,1.5,0.2,0.0,185003.51612534776,37000.703225069556,123335.6774168985,0.0,24667.135483379694,0.0,24541333.339061152,,0.0010051261332292125,False,assumption grid; not a central estimate
C2_GODA_ATKINSON09,c2,NO_REINSURANCE,2.0,0.2,0.0,246671.354833797,49334.2709667594,123335.6774168985,0.0,74001.40645013911,0.0,24541333.339061152,,0.003015378399687639,False,assumption grid; not a central estimate
C2_GODA_ATKINSON09,c2,NO_REINSURANCE,2.5,0.2,0.0,308339.19354224624,61667.83870844925,123335.6774168985,0.0,123335.6774168985,0.0,24541333.339061152,,0.005025630666146063,False,assumption grid; not a central estimate
C2_GODA_ATKINSON09,c2,NO_REINSURANCE,3.0,0.2,0.0,370007.0322506955,74001.40645013911,123335.6774168985,0.0,172669.9483836579,0.0,24541333.339061152,,0.0070358829326044895,False,assumption grid; not a central estimate
C2_GODA_ATKINSON09,c2,NO_REINSURANCE,1.25,0.3,0.0,154169.59677112312,46250.87903133693,123335.6774168985,0.0,-15416.959677112303,0.0,24541333.339061152,,-0.0006282038332682576,False,assumption grid; not a central estimate
C2_GODA_ATKINSON09,c2,NO_REINSURANCE,1.5,0.3,0.0,185003.51612534776,55501.05483760432,123335.6774168985,0.0,6166.783870844942,0.0,24541333.339061152,,0.00025128153330730387,False,assumption grid; not a central estimate
C2_GODA_ATKINSON09,c2,NO_REINSURANCE,2.0,0.3,0.0,246671.354833797,74001.4064501391,123335.6774168985,0.0,49334.2709667594,0.0,24541333.339061152,,0.0020102522664584258,False,assumption grid; not a central estimate
C2_GODA_ATKINSON09,c2,NO_REINSURANCE,2.5,0.3,0.0,308339.19354224624,92501.75806267386,123335.6774168985,0.0,92501.75806267389,0.0,24541333.339061152,,0.0037692229996095484,False,assumption grid; not a central estimate
C2_GODA_ATKINSON09,c2,NO_REINSURANCE,3.0,0.3,0.0,370007.0322506955,111002.10967520865,123335.6774168985,0.0,135669.2451585884,0.0,24541333.339061152,,0.005528193732760672,False,assumption grid; not a central estimate
C2_GODA_ATKINSON09,c2,NO_REINSURANCE,1.25,0.4,0.0,154169.59677112312,61667.83870844925,123335.6774168985,0.0,-30833.91935422462,0.0,24541333.339061152,,-0.0012564076665365158,False,assumption grid; not a central estimate
C2_GODA_ATKINSON09,c2,NO_REINSURANCE,1.5,0.4,0.0,185003.51612534776,74001.40645013911,123335.6774168985,0.0,-12333.567741689854,0.0,24541333.339061152,,-0.0005025630666146066,False,assumption grid; not a central estimate
C2_GODA_ATKINSON09,c2,NO_REINSURANCE,2.0,0.4,0.0,246671.354833797,98668.5419335188,123335.6774168985,0.0,24667.135483379694,0.0,24541333.339061152,,0.0010051261332292125,False,assumption grid; not a central estimate
C2_GODA_ATKINSON09,c2,NO_REINSURANCE,2.5,0.4,0.0,308339.19354224624,123335.6774168985,123335.6774168985,0.0,61667.83870844926,0.0,24541333.339061152,,0.002512815333073032,False,assumption grid; not a central estimate
C2_GODA_ATKINSON09,c2,NO_REINSURANCE,3.0,0.4,0.0,370007.0322506955,148002.81290027822,123335.6774168985,0.0,98668.54193351879,0.0,24541333.339061152,,0.004020504532916851,False,assumption grid; not a central estimate
C2_GODA_ATKINSON09,c2,FROZEN_OCCURRENCE_XOL,1.25,0.2,1.0,154169.59677112312,30833.919354224625,64731.53340953181,58604.144007366674,1.4551915228366852e-11,0.0,12880280.64727876,,1.1297824656826295e-18,False,assumption grid; not a central estimate
C2_GODA_ATKINSON09,c2,FROZEN_OCCURRENCE_XOL,1.5,0.2,1.0,185003.51612534776,37000.703225069556,64731.53340953181,58604.144007366674,24667.13548337971,0.0,12880280.64727876,,0.0019151085414114155,False,assumption grid; not a central estimate
C2_GODA_ATKINSON09,c2,FROZEN_OCCURRENCE_XOL,2.0,0.2,1.0,246671.354833797,49334.2709667594,64731.53340953181,58604.144007366674,74001.40645013913,0.0,12880280.64727876,,0.005745325624234247,False,assumption grid; not a central estimate
C2_GODA_ATKINSON09,c2,FROZEN_OCCURRENCE_XOL,2.5,0.2,1.0,308339.19354224624,61667.83870844925,64731.53340953181,58604.144007366674,123335.67741689851,0.0,12880280.64727876,,0.009575542707057075,False,assumption grid; not a central estimate
C2_GODA_ATKINSON09,c2,FROZEN_OCCURRENCE_XOL,3.0,0.2,1.0,370007.0322506955,74001.40645013911,64731.53340953181,58604.144007366674,172669.9483836579,0.0,12880280.64727876,,0.013405759789879904,False,assumption grid; not a central estimate
C2_GODA_ATKINSON09,c2,FROZEN_OCCURRENCE_XOL,1.25,0.3,1.0,154169.59677112312,46250.87903133693,64731.53340953181,58604.144007366674,-15416.959677112289,0.0,12880280.64727876,,-0.0011969428383821325,False,assumption grid; not a central estimate
C2_GODA_ATKINSON09,c2,FROZEN_OCCURRENCE_XOL,1.5,0.3,1.0,185003.51612534776,55501.05483760432,64731.53340953181,58604.144007366674,6166.783870844956,0.0,12880280.64727876,,0.00047877713535285615,False,assumption grid; not a central estimate
C2_GODA_ATKINSON09,c2,FROZEN_OCCURRENCE_XOL,2.0,0.3,1.0,246671.354833797,74001.4064501391,64731.53340953181,58604.144007366674,49334.27096675942,0.0,12880280.64727876,,0.003830217082822831,False,assumption grid; not a central estimate
C2_GODA_ATKINSON09,c2,FROZEN_OCCURRENCE_XOL,2.5,0.3,1.0,308339.19354224624,92501.75806267386,64731.53340953181,58604.144007366674,92501.7580626739,0.0,12880280.64727876,,0.007181657030292808,False,assumption grid; not a central estimate
C2_GODA_ATKINSON09,c2,FROZEN_OCCURRENCE_XOL,3.0,0.3,1.0,370007.0322506955,111002.10967520865,64731.53340953181,58604.144007366674,135669.2451585884,0.0,12880280.64727876,,0.010533096977762786,False,assumption grid; not a central estimate
C2_GODA_ATKINSON09,c2,FROZEN_OCCURRENCE_XOL,1.25,0.4,1.0,154169.59677112312,61667.83870844925,64731.53340953181,58604.144007366674,-30833.919354224607,0.0,12880280.64727876,,-0.002393885676764267,False,assumption grid; not a central estimate
C2_GODA_ATKINSON09,c2,FROZEN_OCCURRENCE_XOL,1.5,0.4,1.0,185003.51612534776,74001.40645013911,64731.53340953181,58604.144007366674,-12333.56774168984,0.0,12880280.64727876,,-0.0009575542707057067,False,assumption grid; not a central estimate
C2_GODA_ATKINSON09,c2,FROZEN_OCCURRENCE_XOL,2.0,0.4,1.0,246671.354833797,98668.5419335188,64731.53340953181,58604.144007366674,24667.13548337971,0.0,12880280.64727876,,0.0019151085414114155,False,assumption grid; not a central estimate
C2_GODA_ATKINSON09,c2,FROZEN_OCCURRENCE_XOL,2.5,0.4,1.0,308339.19354224624,123335.6774168985,64731.53340953181,58604.144007366674,61667.83870844927,0.0,12880280.64727876,,0.004787771353528539,False,assumption grid; not a central estimate
C2_GODA_ATKINSON09,c2,FROZEN_OCCURRENCE_XOL,3.0,0.4,1.0,370007.0322506955,148002.81290027822,64731.53340953181,58604.144007366674,98668.5419335188,0.0,12880280.64727876,,0.00766043416564566,False,assumption grid; not a central estimate
C2_GODA_ATKINSON09,c2,FROZEN_OCCURRENCE_XOL,1.25,0.2,1.25,154169.59677112312,30833.919354224625,64731.53340953181,73255.18000920834,-14651.036001841654,0.0,12880280.64727876,,-0.001137478010227751,False,assumption grid; not a central estimate
C2_GODA_ATKINSON09,c2,FROZEN_OCCURRENCE_XOL,1.5,0.2,1.25,185003.51612534776,37000.703225069556,64731.53340953181,73255.18000920834,10016.09948153804,0.0,12880280.64727876,,0.0007776305311836633,False,assumption grid; not a central estimate
C2_GODA_ATKINSON09,c2,FROZEN_OCCURRENCE_XOL,2.0,0.2,1.25,246671.354833797,49334.2709667594,64731.53340953181,73255.18000920834,59350.37044829746,0.0,12880280.64727876,,0.004607847614006494,False,assumption grid; not a central estimate
C2_GODA_ATKINSON09,c2,FROZEN_OCCURRENCE_XOL,2.5,0.2,1.25,308339.19354224624,61667.83870844925,64731.53340953181,73255.18000920834,108684.64141505685,0.0,12880280.64727876,,0.008438064696829324,False,assumption grid; not a central estimate
C2_GODA_ATKINSON09,c2,FROZEN_OCCURRENCE_XOL,3.0,0.2,1.25,370007.0322506955,74001.40645013911,64731.53340953181,73255.18000920834,158018.91238181625,0.0,12880280.64727876,,0.012268281779652153,False,assumption grid; not a central estimate
C2_GODA_ATKINSON09,c2,FROZEN_OCCURRENCE_XOL,1.25,0.3,1.25,154169.59677112312,46250.87903133693,64731.53340953181,73255.18000920834,-30067.995678953957,0.0,12880280.64727876,,-0.002334420848609885,False,assumption grid; not a central estimate
C2_GODA_ATKINSON09,c2,FROZEN_OCCURRENCE_XOL,1.5,0.3,1.25,185003.51612534776,55501.05483760432,64731.53340953181,73255.18000920834,-8484.252130996712,0.0,12880280.64727876,,-0.0006587008748748962,False,assumption grid; not a central estimate
C2_GODA_ATKINSON09,c2,FROZEN_OCCURRENCE_XOL,2.0,0.3,1.25,246671.354833797,74001.4064501391,64731.53340953181,73255.18000920834,34683.23496491775,0.0,12880280.64727876,,0.002692739072595079,False,assumption grid; not a central estimate
C2_GODA_ATKINSON09,c2,FROZEN_OCCURRENCE_XOL,2.5,0.3,1.25,308339.19354224624,92501.75806267386,64731.53340953181,73255.18000920834,77850.72206083224,0.0,12880280.64727876,,0.006044179020065056,False,assumption grid; not a central estimate
C2_GODA_ATKINSON09,c2,FROZEN_OCCURRENCE_XOL,3.0,0.3,1.25,370007.0322506955,111002.10967520865,64731.53340953181,73255.18000920834,121018.20915674673,0.0,12880280.64727876,,0.009395618967535033,False,assumption grid; not a central estimate
C2_GODA_ATKINSON09,c2,FROZEN_OCCURRENCE_XOL,1.25,0.4,1.25,154169.59677112312,61667.83870844925,64731.53340953181,73255.18000920834,-45484.955356066275,0.0,12880280.64727876,,-0.0035313636869920193,False,assumption grid; not a central estimate
C2_GODA_ATKINSON09,c2,FROZEN_OCCURRENCE_XOL,1.5,0.4,1.25,185003.51612534776,74001.40645013911,64731.53340953181,73255.18000920834,-26984.60374353151,0.0,12880280.64727876,,-0.002095032280933459,False,assumption grid; not a central estimate
C2_GODA_ATKINSON09,c2,FROZEN_OCCURRENCE_XOL,2.0,0.4,1.25,246671.354833797,98668.5419335188,64731.53340953181,73255.18000920834,10016.09948153804,0.0,12880280.64727876,,0.0007776305311836633,False,assumption grid; not a central estimate
C2_GODA_ATKINSON09,c2,FROZEN_OCCURRENCE_XOL,2.5,0.4,1.25,308339.19354224624,123335.6774168985,64731.53340953181,73255.18000920834,47016.8027066076,0.0,12880280.64727876,,0.0036502933433007864,False,assumption grid; not a central estimate
C2_GODA_ATKINSON09,c2,FROZEN_OCCURRENCE_XOL,3.0,0.4,1.25,370007.0322506955,148002.81290027822,64731.53340953181,73255.18000920834,84017.50593167714,0.0,12880280.64727876,,0.006522956155417908,False,assumption grid; not a central estimate
C2_GODA_ATKINSON09,c2,FROZEN_OCCURRENCE_XOL,1.25,0.2,1.5,154169.59677112312,30833.919354224625,64731.53340953181,87906.21601105001,-29302.072003683323,0.0,12880280.64727876,,-0.0022749560204555035,False,assumption grid; not a central estimate
C2_GODA_ATKINSON09,c2,FROZEN_OCCURRENCE_XOL,1.5,0.2,1.5,185003.51612534776,37000.703225069556,64731.53340953181,87906.21601105001,-4634.936520303629,0.0,12880280.64727876,,-0.000359847479044089,False,assumption grid; not a central estimate
C2_GODA_ATKINSON09,c2,FROZEN_OCCURRENCE_XOL,2.0,0.2,1.5,246671.354833797,49334.2709667594,64731.53340953181,87906.21601105001,44699.33444645579,0.0,12880280.64727876,,0.003470369603778742,False,assumption grid; not a central estimate
C2_GODA_ATKINSON09,c2,FROZEN_OCCURRENCE_XOL,2.5,0.2,1.5,308339.19354224624,61667.83870844925,64731.53340953181,87906.21601105001,94033.60541321518,0.0,12880280.64727876,,0.007300586686601571,False,assumption grid; not a central estimate
C2_GODA_ATKINSON09,c2,FROZEN_OCCURRENCE_XOL,3.0,0.2,1.5,370007.0322506955,74001.40645013911,64731.53340953181,87906.21601105001,143367.87637997456,0.0,12880280.64727876,,0.011130803769424399,False,assumption grid; not a central estimate
C2_GODA_ATKINSON09,c2,FROZEN_OCCURRENCE_XOL,1.25,0.3,1.5,154169.59677112312,46250.87903133693,64731.53340953181,87906.21601105001,-44719.031680795626,0.0,12880280.64727876,,-0.003471898858837637,False,assumption grid; not a central estimate
C2_GODA_ATKINSON09,c2,FROZEN_OCCURRENCE_XOL,1.5,0.3,1.5,185003.51612534776,55501.05483760432,64731.53340953181,87906.21601105001,-23135.28813283838,0.0,12880280.64727876,,-0.0017961788851026483,False,assumption grid; not a central estimate
C2_GODA_ATKINSON09,c2,FROZEN_OCCURRENCE_XOL,2.0,0.3,1.5,246671.354833797,74001.4064501391,64731.53340953181,87906.21601105001,20032.19896307608,0.0,12880280.64727876,,0.0015552610623673266,False,assumption grid; not a central estimate
C2_GODA_ATKINSON09,c2,FROZEN_OCCURRENCE_XOL,2.5,0.3,1.5,308339.19354224624,92501.75806267386,64731.53340953181,87906.21601105001,63199.68605899057,0.0,12880280.64727876,,0.004906701009837304,False,assumption grid; not a central estimate
C2_GODA_ATKINSON09,c2,FROZEN_OCCURRENCE_XOL,3.0,0.3,1.5,370007.0322506955,111002.10967520865,64731.53340953181,87906.21601105001,106367.17315490506,0.0,12880280.64727876,,0.008258140957307281,False,assumption grid; not a central estimate
C2_GODA_ATKINSON09,c2,FROZEN_OCCURRENCE_XOL,1.25,0.4,1.5,154169.59677112312,61667.83870844925,64731.53340953181,87906.21601105001,-60135.991357907944,0.0,12880280.64727876,,-0.0046688416972197715,False,assumption grid; not a central estimate
C2_GODA_ATKINSON09,c2,FROZEN_OCCURRENCE_XOL,1.5,0.4,1.5,185003.51612534776,74001.40645013911,64731.53340953181,87906.21601105001,-41635.63974537318,0.0,12880280.64727876,,-0.003232510291161211,False,assumption grid; not a central estimate
C2_GODA_ATKINSON09,c2,FROZEN_OCCURRENCE_XOL,2.0,0.4,1.5,246671.354833797,98668.5419335188,64731.53340953181,87906.21601105001,-4634.936520303629,0.0,12880280.64727876,,-0.000359847479044089,False,assumption grid; not a central estimate
C2_GODA_ATKINSON09,c2,FROZEN_OCCURRENCE_XOL,2.5,0.4,1.5,308339.19354224624,123335.6774168985,64731.53340953181,87906.21601105001,32365.766704765934,0.0,12880280.64727876,,0.0025128153330730343,False,assumption grid; not a central estimate
C2_GODA_ATKINSON09,c2,FROZEN_OCCURRENCE_XOL,3.0,0.4,1.5,370007.0322506955,148002.81290027822,64731.53340953181,87906.21601105001,69366.46992983547,0.0,12880280.64727876,,0.005385478145190155,False,assumption grid; not a central estimate
C2_GODA_ATKINSON09,c2,FROZEN_OCCURRENCE_XOL,1.25,0.2,2.0,154169.59677112312,30833.919354224625,64731.53340953181,117208.28801473335,-58604.14400736666,0.0,12880280.64727876,,-0.004549912040911008,False,assumption grid; not a central estimate
C2_GODA_ATKINSON09,c2,FROZEN_OCCURRENCE_XOL,1.5,0.2,2.0,185003.51612534776,37000.703225069556,64731.53340953181,117208.28801473335,-33937.008523986966,0.0,12880280.64727876,,-0.0026348034994995934,False,assumption grid; not a central estimate
C2_GODA_ATKINSON09,c2,FROZEN_OCCURRENCE_XOL,2.0,0.2,2.0,246671.354833797,49334.2709667594,64731.53340953181,117208.28801473335,15397.262442772451,0.0,12880280.64727876,,0.0011954135833232376,False,assumption grid; not a central estimate
C2_GODA_ATKINSON09,c2,FROZEN_OCCURRENCE_XOL,2.5,0.2,2.0,308339.19354224624,61667.83870844925,64731.53340953181,117208.28801473335,64731.53340953184,0.0,12880280.64727876,,0.005025630666146066,False,assumption grid; not a central estimate
C2_GODA_ATKINSON09,c2,FROZEN_OCCURRENCE_XOL,3.0,0.2,2.0,370007.0322506955,74001.40645013911,64731.53340953181,117208.28801473335,114065.80437629123,0.0,12880280.64727876,,0.008855847748968896,False,assumption grid; not a central estimate
C2_GODA_ATKINSON09,c2,FROZEN_OCCURRENCE_XOL,1.25,0.3,2.0,154169.59677112312,46250.87903133693,64731.53340953181,117208.28801473335,-74021.10368447896,0.0,12880280.64727876,,-0.005746854879293142,False,assumption grid; not a central estimate
C2_GODA_ATKINSON09,c2,FROZEN_OCCURRENCE_XOL,1.5,0.3,2.0,185003.51612534776,55501.05483760432,64731.53340953181,117208.28801473335,-52437.36013652172,0.0,12880280.64727876,,-0.004071134905558153,False,assumption grid; not a central estimate
C2_GODA_ATKINSON09,c2,FROZEN_OCCURRENCE_XOL,2.0,0.3,2.0,246671.354833797,74001.4064501391,64731.53340953181,117208.28801473335,-9269.873040607257,0.0,12880280.64727876,,-0.000719694958088178,False,assumption grid; not a central estimate
C2_GODA_ATKINSON09,c2,FROZEN_OCCURRENCE_XOL,2.5,0.3,2.0,308339.19354224624,92501.75806267386,64731.53340953181,117208.28801473335,33897.61405530723,0.0,12880280.64727876,,0.0026317449893817992,False,assumption grid; not a central estimate
C2_GODA_ATKINSON09,c2,FROZEN_OCCURRENCE_XOL,3.0,0.3,2.0,370007.0322506955,111002.10967520865,64731.53340953181,117208.28801473335,77065.10115122172,0.0,12880280.64727876,,0.005983184936851777,False,assumption grid; not a central estimate
C2_GODA_ATKINSON09,c2,FROZEN_OCCURRENCE_XOL,1.25,0.4,2.0,154169.59677112312,61667.83870844925,64731.53340953181,117208.28801473335,-89438.06336159128,0.0,12880280.64727876,,-0.006943797717675277,False,assumption grid; not a central estimate
C2_GODA_ATKINSON09,c2,FROZEN_OCCURRENCE_XOL,1.5,0.4,2.0,185003.51612534776,74001.40645013911,64731.53340953181,117208.28801473335,-70937.71174905651,0.0,12880280.64727876,,-0.005507466311616716,False,assumption grid; not a central estimate
C2_GODA_ATKINSON09,c2,FROZEN_OCCURRENCE_XOL,2.0,0.4,2.0,246671.354833797,98668.5419335188,64731.53340953181,117208.28801473335,-33937.008523986966,0.0,12880280.64727876,,-0.0026348034994995934,False,assumption grid; not a central estimate
C2_GODA_ATKINSON09,c2,FROZEN_OCCURRENCE_XOL,2.5,0.4,2.0,308339.19354224624,123335.6774168985,64731.53340953181,117208.28801473335,3063.694701082597,0.0,12880280.64727876,,0.00023785931261752975,False,assumption grid; not a central estimate
C2_GODA_ATKINSON09,c2,FROZEN_OCCURRENCE_XOL,3.0,0.4,2.0,370007.0322506955,148002.81290027822,64731.53340953181,117208.28801473335,40064.39792615213,0.0,12880280.64727876,,0.0031105221247346507,False,assumption grid; not a central estimate
C2_GODA_ATKINSON09,c2,STANDALONE_AGGREGATE,1.25,0.2,1.0,154169.59677112312,30833.919354224625,64798.083834821475,58537.59358207701,1.4551915228366852e-11,0.0,12893522.851035984,,1.1286221303898816e-18,False,assumption grid; not a central estimate
C2_GODA_ATKINSON09,c2,STANDALONE_AGGREGATE,1.5,0.2,1.0,185003.51612534776,37000.703225069556,64798.083834821475,58537.59358207701,24667.13548337971,0.0,12893522.851035984,,0.0019131416423865666,False,assumption grid; not a central estimate
C2_GODA_ATKINSON09,c2,STANDALONE_AGGREGATE,2.0,0.2,1.0,246671.354833797,49334.2709667594,64798.083834821475,58537.59358207701,74001.40645013913,0.0,12893522.851035984,,0.0057394249271597,False,assumption grid; not a central estimate
C2_GODA_ATKINSON09,c2,STANDALONE_AGGREGATE,2.5,0.2,1.0,308339.19354224624,61667.83870844925,64798.083834821475,58537.59358207701,123335.67741689851,0.0,12893522.851035984,,0.00956570821193283,False,assumption grid; not a central estimate
C2_GODA_ATKINSON09,c2,STANDALONE_AGGREGATE,3.0,0.2,1.0,370007.0322506955,74001.40645013911,64798.083834821475,58537.59358207701,172669.9483836579,0.0,12893522.851035984,,0.013391991496705962,False,assumption grid; not a central estimate
C2_GODA_ATKINSON09,c2,STANDALONE_AGGREGATE,1.25,0.3,1.0,154169.59677112312,46250.87903133693,64798.083834821475,58537.59358207701,-15416.959677112289,0.0,12893522.851035984,,-0.0011957135264916018,False,assumption grid; not a central estimate
C2_GODA_ATKINSON09,c2,STANDALONE_AGGREGATE,1.5,0.3,1.0,185003.51612534776,55501.05483760432,64798.083834821475,58537.59358207701,6166.783870844956,0.0,12893522.851035984,,0.0004782854105966439,False,assumption grid; not a central estimate
C2_GODA_ATKINSON09,c2,STANDALONE_AGGREGATE,2.0,0.3,1.0,246671.354833797,74001.4064501391,64798.083834821475,58537.59358207701,49334.27096675942,0.0,12893522.851035984,,0.0038262832847731332,False,assumption grid; not a central estimate
C2_GODA_ATKINSON09,c2,STANDALONE_AGGREGATE,2.5,0.3,1.0,308339.19354224624,92501.75806267386,64798.083834821475,58537.59358207701,92501.7580626739,0.0,12893522.851035984,,0.0071742811589496245,False,assumption grid; not a central estimate
C2_GODA_ATKINSON09,c2,STANDALONE_AGGREGATE,3.0,0.3,1.0,370007.0322506955,111002.10967520865,64798.083834821475,58537.59358207701,135669.2451585884,0.0,12893522.851035984,,0.010522279033126115,False,assumption grid; not a central estimate
C2_GODA_ATKINSON09,c2,STANDALONE_AGGREGATE,1.25,0.4,1.0,154169.59677112312,61667.83870844925,64798.083834821475,58537.59358207701,-30833.919354224607,0.0,12893522.851035984,,-0.0023914270529832057,False,assumption grid; not a central estimate
C2_GODA_ATKINSON09,c2,STANDALONE_AGGREGATE,1.5,0.4,1.0,185003.51612534776,74001.40645013911,64798.083834821475,58537.59358207701,-12333.56774168984,0.0,12893522.851035984,,-0.0009565708211932821,False,assumption grid; not a central estimate
C2_GODA_ATKINSON09,c2,STANDALONE_AGGREGATE,2.0,0.4,1.0,246671.354833797,98668.5419335188,64798.083834821475,58537.59358207701,24667.13548337971,0.0,12893522.851035984,,0.0019131416423865666,False,assumption grid; not a central estimate
C2_GODA_ATKINSON09,c2,STANDALONE_AGGREGATE,2.5,0.4,1.0,308339.19354224624,123335.6774168985,64798.083834821475,58537.59358207701,61667.83870844927,0.0,12893522.851035984,,0.004782854105966417,False,assumption grid; not a central estimate
C2_GODA_ATKINSON09,c2,STANDALONE_AGGREGATE,3.0,0.4,1.0,370007.0322506955,148002.81290027822,64798.083834821475,58537.59358207701,98668.5419335188,0.0,12893522.851035984,,0.007652566569546264,False,assumption grid; not a central estimate
C2_GODA_ATKINSON09,c2,STANDALONE_AGGREGATE,1.25,0.2,1.25,154169.59677112312,30833.919354224625,64798.083834821475,73171.99197759626,-14634.398395519238,0.0,12893522.851035984,,-0.0011350193864466899,False,assumption grid; not a central estimate
C2_GODA_ATKINSON09,c2,STANDALONE_AGGREGATE,1.5,0.2,1.25,185003.51612534776,37000.703225069556,64798.083834821475,73171.99197759626,10032.737087860456,0.0,12893522.851035984,,0.0007781222559398755,False,assumption grid; not a central estimate
C2_GODA_ATKINSON09,c2,STANDALONE_AGGREGATE,2.0,0.2,1.25,246671.354833797,49334.2709667594,64798.083834821475,73171.99197759626,59367.00805461987,0.0,12893522.851035984,,0.004604405540713009,False,assumption grid; not a central estimate
C2_GODA_ATKINSON09,c2,STANDALONE_AGGREGATE,2.5,0.2,1.25,308339.19354224624,61667.83870844925,64798.083834821475,73171.99197759626,108701.27902137926,0.0,12893522.851035984,,0.00843068882548614,False,assumption grid; not a central estimate
C2_GODA_ATKINSON09,c2,STANDALONE_AGGREGATE,3.0,0.2,1.25,370007.0322506955,74001.40645013911,64798.083834821475,73171.99197759626,158035.54998813866,0.0,12893522.851035984,,0.012256972110259272,False,assumption grid; not a central estimate
C2_GODA_ATKINSON09,c2,STANDALONE_AGGREGATE,1.25,0.3,1.25,154169.59677112312,46250.87903133693,64798.083834821475,73171.99197759626,-30051.35807263154,0.0,12893522.851035984,,-0.002330732912938293,False,assumption grid; not a central estimate
C2_GODA_ATKINSON09,c2,STANDALONE_AGGREGATE,1.5,0.3,1.25,185003.51612534776,55501.05483760432,64798.083834821475,73171.99197759626,-8467.614524674296,0.0,12893522.851035984,,-0.0006567339758500471,False,assumption grid; not a central estimate
C2_GODA_ATKINSON09,c2,STANDALONE_AGGREGATE,2.0,0.3,1.25,246671.354833797,74001.4064501391,64798.083834821475,73171.99197759626,34699.872571240165,0.0,12893522.851035984,,0.002691263898326442,False,assumption grid; not a central estimate
C2_GODA_ATKINSON09,c2,STANDALONE_AGGREGATE,2.5,0.3,1.25,308339.19354224624,92501.75806267386,64798.083834821475,73171.99197759626,77867.35966715465,0.0,12893522.851035984,,0.006039261772502934,False,assumption grid; not a central estimate
C2_GODA_ATKINSON09,c2,STANDALONE_AGGREGATE,3.0,0.3,1.25,370007.0322506955,111002.10967520865,64798.083834821475,73171.99197759626,121034.84676306914,0.0,12893522.851035984,,0.009387259646679426,False,assumption grid; not a central estimate
C2_GODA_ATKINSON09,c2,STANDALONE_AGGREGATE,1.25,0.4,1.25,154169.59677112312,61667.83870844925,64798.083834821475,73171.99197759626,-45468.31774974386,0.0,12893522.851035984,,-0.003526446439429897,False,assumption grid; not a central estimate
C2_GODA_ATKINSON09,c2,STANDALONE_AGGREGATE,1.5,0.4,1.25,185003.51612534776,74001.40645013911,64798.083834821475,73171.99197759626,-26967.966137209092,0.0,12893522.851035984,,-0.0020915902076399733,False,assumption grid; not a central estimate
C2_GODA_ATKINSON09,c2,STANDALONE_AGGREGATE,2.0,0.4,1.25,246671.354833797,98668.5419335188,64798.083834821475,73171.99197759626,10032.737087860456,0.0,12893522.851035984,,0.0007781222559398755,False,assumption grid; not a central estimate
C2_GODA_ATKINSON09,c2,STANDALONE_AGGREGATE,2.5,0.4,1.25,308339.19354224624,123335.6774168985,64798.083834821475,73171.99197759626,47033.44031293002,0.0,12893522.851035984,,0.0036478347195197255,False,assumption grid; not a central estimate
C2_GODA_ATKINSON09,c2,STANDALONE_AGGREGATE,3.0,0.4,1.25,370007.0322506955,148002.81290027822,64798.083834821475,73171.99197759626,84034.14353799955,0.0,12893522.851035984,,0.006517547183099573,False,assumption grid; not a central estimate
C2_GODA_ATKINSON09,c2,STANDALONE_AGGREGATE,1.25,0.2,1.5,154169.59677112312,30833.919354224625,64798.083834821475,87806.39037311552,-29268.79679103849,0.0,12893522.851035984,,-0.0022700387728933806,False,assumption grid; not a central estimate
C2_GODA_ATKINSON09,c2,STANDALONE_AGGREGATE,1.5,0.2,1.5,185003.51612534776,37000.703225069556,64798.083834821475,87806.39037311552,-4601.661307658796,0.0,12893522.851035984,,-0.00035689713050681543,False,assumption grid; not a central estimate
C2_GODA_ATKINSON09,c2,STANDALONE_AGGREGATE,2.0,0.2,1.5,246671.354833797,49334.2709667594,64798.083834821475,87806.39037311552,44732.60965910062,0.0,12893522.851035984,,0.0034693861542663177,False,assumption grid; not a central estimate
C2_GODA_ATKINSON09,c2,STANDALONE_AGGREGATE,2.5,0.2,1.5,308339.19354224624,61667.83870844925,64798.083834821475,87806.39037311552,94066.88062586001,0.0,12893522.851035984,,0.007295669439039448,False,assumption grid; not a central estimate
C2_GODA_ATKINSON09,c2,STANDALONE_AGGREGATE,3.0,0.2,1.5,370007.0322506955,74001.40645013911,64798.083834821475,87806.39037311552,143401.1515926194,0.0,12893522.851035984,,0.011121952723812579,False,assumption grid; not a central estimate
C2_GODA_ATKINSON09,c2,STANDALONE_AGGREGATE,1.25,0.3,1.5,154169.59677112312,46250.87903133693,64798.083834821475,87806.39037311552,-44685.756468150794,0.0,12893522.851035984,,-0.0034657522993849837,False,assumption grid; not a central estimate
C2_GODA_ATKINSON09,c2,STANDALONE_AGGREGATE,1.5,0.3,1.5,185003.51612534776,55501.05483760432,64798.083834821475,87806.39037311552,-23102.01292019355,0.0,12893522.851035984,,-0.001791753362296738,False,assumption grid; not a central estimate
C2_GODA_ATKINSON09,c2,STANDALONE_AGGREGATE,2.0,0.3,1.5,246671.354833797,74001.4064501391,64798.083834821475,87806.39037311552,20065.474175720912,0.0,12893522.851035984,,0.001556244511879751,False,assumption grid; not a central estimate
C2_GODA_ATKINSON09,c2,STANDALONE_AGGREGATE,2.5,0.3,1.5,308339.19354224624,92501.75806267386,64798.083834821475,87806.39037311552,63232.9612716354,0.0,12893522.851035984,,0.004904242386056242,False,assumption grid; not a central estimate
C2_GODA_ATKINSON09,c2,STANDALONE_AGGREGATE,3.0,0.3,1.5,370007.0322506955,111002.10967520865,64798.083834821475,87806.39037311552,106400.44836754989,0.0,12893522.851035984,,0.008252240260232734,False,assumption grid; not a central estimate
C2_GODA_ATKINSON09,c2,STANDALONE_AGGREGATE,1.25,0.4,1.5,154169.59677112312,61667.83870844925,64798.083834821475,87806.39037311552,-60102.71614526311,0.0,12893522.851035984,,-0.004661465825876588,False,assumption grid; not a central estimate
C2_GODA_ATKINSON09,c2,STANDALONE_AGGREGATE,1.5,0.4,1.5,185003.51612534776,74001.40645013911,64798.083834821475,87806.39037311552,-41602.364532728345,0.0,12893522.851035984,,-0.003226609594086664,False,assumption grid; not a central estimate
C2_GODA_ATKINSON09,c2,STANDALONE_AGGREGATE,2.0,0.4,1.5,246671.354833797,98668.5419335188,64798.083834821475,87806.39037311552,-4601.661307658796,0.0,12893522.851035984,,-0.00035689713050681543,False,assumption grid; not a central estimate
C2_GODA_ATKINSON09,c2,STANDALONE_AGGREGATE,2.5,0.4,1.5,308339.19354224624,123335.6774168985,64798.083834821475,87806.39037311552,32399.041917410766,0.0,12893522.851035984,,0.0025128153330730343,False,assumption grid; not a central estimate
C2_GODA_ATKINSON09,c2,STANDALONE_AGGREGATE,3.0,0.4,1.5,370007.0322506955,148002.81290027822,64798.083834821475,87806.39037311552,69399.7451424803,0.0,12893522.851035984,,0.0053825277966528815,False,assumption grid; not a central estimate
C2_GODA_ATKINSON09,c2,STANDALONE_AGGREGATE,1.25,0.2,2.0,154169.59677112312,30833.919354224625,64798.083834821475,117075.18716415402,-58537.593582076996,0.0,12893522.851035984,,-0.004540077545786763,False,assumption grid; not a central estimate
C2_GODA_ATKINSON09,c2,STANDALONE_AGGREGATE,1.5,0.2,2.0,185003.51612534776,37000.703225069556,64798.083834821475,117075.18716415402,-33870.4580986973,0.0,12893522.851035984,,-0.0026269359034001975,False,assumption grid; not a central estimate
C2_GODA_ATKINSON09,c2,STANDALONE_AGGREGATE,2.0,0.2,2.0,246671.354833797,49334.2709667594,64798.083834821475,117075.18716415402,15463.812868062116,0.0,12893522.851035984,,0.0011993473813729357,False,assumption grid; not a central estimate
C2_GODA_ATKINSON09,c2,STANDALONE_AGGREGATE,2.5,0.2,2.0,308339.19354224624,61667.83870844925,64798.083834821475,117075.18716415402,64798.083834821504,0.0,12893522.851035984,,0.005025630666146067,False,assumption grid; not a central estimate
C2_GODA_ATKINSON09,c2,STANDALONE_AGGREGATE,3.0,0.2,2.0,370007.0322506955,74001.40645013911,64798.083834821475,117075.18716415402,114132.35480158089,0.0,12893522.851035984,,0.008851913950919197,False,assumption grid; not a central estimate
C2_GODA_ATKINSON09,c2,STANDALONE_AGGREGATE,1.25,0.3,2.0,154169.59677112312,46250.87903133693,64798.083834821475,117075.18716415402,-73954.5532591893,0.0,12893522.851035984,,-0.005735791072278366,False,assumption grid; not a central estimate
C2_GODA_ATKINSON09,c2,STANDALONE_AGGREGATE,1.5,0.3,2.0,185003.51612534776,55501.05483760432,64798.083834821475,117075.18716415402,-52370.809711232054,0.0,12893522.851035984,,-0.00406179213519012,False,assumption grid; not a central estimate
C2_GODA_ATKINSON09,c2,STANDALONE_AGGREGATE,2.0,0.3,2.0,246671.354833797,74001.4064501391,64798.083834821475,117075.18716415402,-9203.322615317593,0.0,12893522.851035984,,-0.0007137942610136309,False,assumption grid; not a central estimate
C2_GODA_ATKINSON09,c2,STANDALONE_AGGREGATE,2.5,0.3,2.0,308339.19354224624,92501.75806267386,64798.083834821475,117075.18716415402,33964.1644805969,0.0,12893522.851035984,,0.0026342036131628607,False,assumption grid; not a central estimate
C2_GODA_ATKINSON09,c2,STANDALONE_AGGREGATE,3.0,0.3,2.0,370007.0322506955,111002.10967520865,64798.083834821475,117075.18716415402,77131.65157651139,0.0,12893522.851035984,,0.005982201487339352,False,assumption grid; not a central estimate
C2_GODA_ATKINSON09,c2,STANDALONE_AGGREGATE,1.25,0.4,2.0,154169.59677112312,61667.83870844925,64798.083834821475,117075.18716415402,-89371.51293630162,0.0,12893522.851035984,,-0.00693150459876997,False,assumption grid; not a central estimate
C2_GODA_ATKINSON09,c2,STANDALONE_AGGREGATE,1.5,0.4,2.0,185003.51612534776,74001.40645013911,64798.083834821475,117075.18716415402,-70871.16132376685,0.0,12893522.851035984,,-0.005496648366980046,False,assumption grid; not a central estimate
C2_GODA_ATKINSON09,c2,STANDALONE_AGGREGATE,2.0,0.4,2.0,246671.354833797,98668.5419335188,64798.083834821475,117075.18716415402,-33870.4580986973,0.0,12893522.851035984,,-0.0026269359034001975,False,assumption grid; not a central estimate
C2_GODA_ATKINSON09,c2,STANDALONE_AGGREGATE,2.5,0.4,2.0,308339.19354224624,123335.6774168985,64798.083834821475,117075.18716415402,3130.2451263722614,0.0,12893522.851035984,,0.00024277656017965244,False,assumption grid; not a central estimate
C2_GODA_ATKINSON09,c2,STANDALONE_AGGREGATE,3.0,0.4,2.0,370007.0322506955,148002.81290027822,64798.083834821475,117075.18716415402,40130.948351441795,0.0,12893522.851035984,,0.0031124890237595,False,assumption grid; not a central estimate
C2_GODA_ATKINSON09,c2,STACKED_OCCURRENCE_PLUS_AGGREGATE,1.25,0.2,1.0,154169.59677112312,30833.919354224625,45461.54215316055,77874.13526373795,0.0,0.0,9045937.748549879,,0.0,False,assumption grid; not a central estimate
C2_GODA_ATKINSON09,c2,STACKED_OCCURRENCE_PLUS_AGGREGATE,1.5,0.2,1.0,185003.51612534776,37000.703225069556,45461.54215316055,77874.13526373795,24667.135483379694,0.0,9045937.748549879,,0.0027268743350941137,False,assumption grid; not a central estimate
C2_GODA_ATKINSON09,c2,STACKED_OCCURRENCE_PLUS_AGGREGATE,2.0,0.2,1.0,246671.354833797,49334.2709667594,45461.54215316055,77874.13526373795,74001.40645013911,0.0,9045937.748549879,,0.008180623005282344,False,assumption grid; not a central estimate
C2_GODA_ATKINSON09,c2,STACKED_OCCURRENCE_PLUS_AGGREGATE,2.5,0.2,1.0,308339.19354224624,61667.83870844925,45461.54215316055,77874.13526373795,123335.6774168985,0.0,9045937.748549879,,0.013634371675470571,False,assumption grid; not a central estimate
C2_GODA_ATKINSON09,c2,STACKED_OCCURRENCE_PLUS_AGGREGATE,3.0,0.2,1.0,370007.0322506955,74001.40645013911,45461.54215316055,77874.13526373795,172669.9483836579,0.0,9045937.748549879,,0.0190881203456588,False,assumption grid; not a central estimate
C2_GODA_ATKINSON09,c2,STACKED_OCCURRENCE_PLUS_AGGREGATE,1.25,0.3,1.0,154169.59677112312,46250.87903133693,45461.54215316055,77874.13526373795,-15416.959677112303,0.0,9045937.748549879,,-0.0017042964594338205,False,assumption grid; not a central estimate
C2_GODA_ATKINSON09,c2,STACKED_OCCURRENCE_PLUS_AGGREGATE,1.5,0.3,1.0,185003.51612534776,55501.05483760432,45461.54215316055,77874.13526373795,6166.783870844942,0.0,9045937.748549879,,0.0006817185837735305,False,assumption grid; not a central estimate
C2_GODA_ATKINSON09,c2,STACKED_OCCURRENCE_PLUS_AGGREGATE,2.0,0.3,1.0,246671.354833797,74001.4064501391,45461.54215316055,77874.13526373795,49334.2709667594,0.0,9045937.748549879,,0.005453748670188229,False,assumption grid; not a central estimate
C2_GODA_ATKINSON09,c2,STACKED_OCCURRENCE_PLUS_AGGREGATE,2.5,0.3,1.0,308339.19354224624,92501.75806267386,45461.54215316055,77874.13526373795,92501.75806267389,0.0,9045937.748549879,,0.010225778756602931,False,assumption grid; not a central estimate
C2_GODA_ATKINSON09,c2,STACKED_OCCURRENCE_PLUS_AGGREGATE,3.0,0.3,1.0,370007.0322506955,111002.10967520865,45461.54215316055,77874.13526373795,135669.2451585884,0.0,9045937.748549879,,0.014997808843017634,False,assumption grid; not a central estimate
C2_GODA_ATKINSON09,c2,STACKED_OCCURRENCE_PLUS_AGGREGATE,1.25,0.4,1.0,154169.59677112312,61667.83870844925,45461.54215316055,77874.13526373795,-30833.91935422462,0.0,9045937.748549879,,-0.0034085929188676423,False,assumption grid; not a central estimate
C2_GODA_ATKINSON09,c2,STACKED_OCCURRENCE_PLUS_AGGREGATE,1.5,0.4,1.0,185003.51612534776,74001.40645013911,45461.54215316055,77874.13526373795,-12333.567741689854,0.0,9045937.748549879,,-0.0013634371675470577,False,assumption grid; not a central estimate
C2_GODA_ATKINSON09,c2,STACKED_OCCURRENCE_PLUS_AGGREGATE,2.0,0.4,1.0,246671.354833797,98668.5419335188,45461.54215316055,77874.13526373795,24667.135483379694,0.0,9045937.748549879,,0.0027268743350941137,False,assumption grid; not a central estimate
C2_GODA_ATKINSON09,c2,STACKED_OCCURRENCE_PLUS_AGGREGATE,2.5,0.4,1.0,308339.19354224624,123335.6774168985,45461.54215316055,77874.13526373795,61667.83870844926,0.0,9045937.748549879,,0.0068171858377352864,False,assumption grid; not a central estimate
C2_GODA_ATKINSON09,c2,STACKED_OCCURRENCE_PLUS_AGGREGATE,3.0,0.4,1.0,370007.0322506955,148002.81290027822,45461.54215316055,77874.13526373795,98668.54193351879,0.0,9045937.748549879,,0.010907497340376457,False,assumption grid; not a central estimate
C2_GODA_ATKINSON09,c2,STACKED_OCCURRENCE_PLUS_AGGREGATE,1.25,0.2,1.25,154169.59677112312,30833.919354224625,45461.54215316055,97342.66907967243,-19468.533815934483,0.0,9045937.748549879,,-0.0021521852523311265,False,assumption grid; not a central estimate
C2_GODA_ATKINSON09,c2,STACKED_OCCURRENCE_PLUS_AGGREGATE,1.5,0.2,1.25,185003.51612534776,37000.703225069556,45461.54215316055,97342.66907967243,5198.601667445211,0.0,9045937.748549879,,0.0005746890827629872,False,assumption grid; not a central estimate
C2_GODA_ATKINSON09,c2,STACKED_OCCURRENCE_PLUS_AGGREGATE,2.0,0.2,1.25,246671.354833797,49334.2709667594,45461.54215316055,97342.66907967243,54532.87263420463,0.0,9045937.748549879,,0.006028437752951218,False,assumption grid; not a central estimate
C2_GODA_ATKINSON09,c2,STACKED_OCCURRENCE_PLUS_AGGREGATE,2.5,0.2,1.25,308339.19354224624,61667.83870844925,45461.54215316055,97342.66907967243,103867.14360096402,0.0,9045937.748549879,,0.011482186423139445,False,assumption grid; not a central estimate
C2_GODA_ATKINSON09,c2,STACKED_OCCURRENCE_PLUS_AGGREGATE,3.0,0.2,1.25,370007.0322506955,74001.40645013911,45461.54215316055,97342.66907967243,153201.4145677234,0.0,9045937.748549879,,0.01693593509332767,False,assumption grid; not a central estimate
C2_GODA_ATKINSON09,c2,STACKED_OCCURRENCE_PLUS_AGGREGATE,1.25,0.3,1.25,154169.59677112312,46250.87903133693,45461.54215316055,97342.66907967243,-34885.493493046786,0.0,9045937.748549879,,-0.003856481711764947,False,assumption grid; not a central estimate
C2_GODA_ATKINSON09,c2,STACKED_OCCURRENCE_PLUS_AGGREGATE,1.5,0.3,1.25,185003.51612534776,55501.05483760432,45461.54215316055,97342.66907967243,-13301.749945089541,0.0,9045937.748549879,,-0.0014704666685575961,False,assumption grid; not a central estimate
C2_GODA_ATKINSON09,c2,STACKED_OCCURRENCE_PLUS_AGGREGATE,2.0,0.3,1.25,246671.354833797,74001.4064501391,45461.54215316055,97342.66907967243,29865.73715082492,0.0,9045937.748549879,,0.0033015634178571026,False,assumption grid; not a central estimate
C2_GODA_ATKINSON09,c2,STACKED_OCCURRENCE_PLUS_AGGREGATE,2.5,0.3,1.25,308339.19354224624,92501.75806267386,45461.54215316055,97342.66907967243,73033.22424673941,0.0,9045937.748549879,,0.008073593504271804,False,assumption grid; not a central estimate
C2_GODA_ATKINSON09,c2,STACKED_OCCURRENCE_PLUS_AGGREGATE,3.0,0.3,1.25,370007.0322506955,111002.10967520865,45461.54215316055,97342.66907967243,116200.7113426539,0.0,9045937.748549879,,0.012845623590686505,False,assumption grid; not a central estimate
C2_GODA_ATKINSON09,c2,STACKED_OCCURRENCE_PLUS_AGGREGATE,1.25,0.4,1.25,154169.59677112312,61667.83870844925,45461.54215316055,97342.66907967243,-50302.453170159104,0.0,9045937.748549879,,-0.005560778171198769,False,assumption grid; not a central estimate
C2_GODA_ATKINSON09,c2,STACKED_OCCURRENCE_PLUS_AGGREGATE,1.5,0.4,1.25,185003.51612534776,74001.40645013911,45461.54215316055,97342.66907967243,-31802.101557624337,0.0,9045937.748549879,,-0.0035156224198781842,False,assumption grid; not a central estimate
C2_GODA_ATKINSON09,c2,STACKED_OCCURRENCE_PLUS_AGGREGATE,2.0,0.4,1.25,246671.354833797,98668.5419335188,45461.54215316055,97342.66907967243,5198.601667445211,0.0,9045937.748549879,,0.0005746890827629872,False,assumption grid; not a central estimate
C2_GODA_ATKINSON09,c2,STACKED_OCCURRENCE_PLUS_AGGREGATE,2.5,0.4,1.25,308339.19354224624,123335.6774168985,45461.54215316055,97342.66907967243,42199.304892514774,0.0,9045937.748549879,,0.00466500058540416,False,assumption grid; not a central estimate
C2_GODA_ATKINSON09,c2,STACKED_OCCURRENCE_PLUS_AGGREGATE,3.0,0.4,1.25,370007.0322506955,148002.81290027822,45461.54215316055,97342.66907967243,79200.00811758431,0.0,9045937.748549879,,0.00875531208804533,False,assumption grid; not a central estimate
C2_GODA_ATKINSON09,c2,STACKED_OCCURRENCE_PLUS_AGGREGATE,1.25,0.2,1.5,154169.59677112312,30833.919354224625,45461.54215316055,116811.20289560693,-38937.06763186898,0.0,9045937.748549879,,-0.004304370504662255,False,assumption grid; not a central estimate
C2_GODA_ATKINSON09,c2,STACKED_OCCURRENCE_PLUS_AGGREGATE,1.5,0.2,1.5,185003.51612534776,37000.703225069556,45461.54215316055,116811.20289560693,-14269.932148489286,0.0,9045937.748549879,,-0.0015774961695681408,False,assumption grid; not a central estimate
C2_GODA_ATKINSON09,c2,STACKED_OCCURRENCE_PLUS_AGGREGATE,2.0,0.2,1.5,246671.354833797,49334.2709667594,45461.54215316055,116811.20289560693,35064.33881827013,0.0,9045937.748549879,,0.00387625250062009,False,assumption grid; not a central estimate
C2_GODA_ATKINSON09,c2,STACKED_OCCURRENCE_PLUS_AGGREGATE,2.5,0.2,1.5,308339.19354224624,61667.83870844925,45461.54215316055,116811.20289560693,84398.60978502952,0.0,9045937.748549879,,0.009330001170808316,False,assumption grid; not a central estimate
C2_GODA_ATKINSON09,c2,STACKED_OCCURRENCE_PLUS_AGGREGATE,3.0,0.2,1.5,370007.0322506955,74001.40645013911,45461.54215316055,116811.20289560693,133732.8807517889,0.0,9045937.748549879,,0.014783749840996544,False,assumption grid; not a central estimate
C2_GODA_ATKINSON09,c2,STACKED_OCCURRENCE_PLUS_AGGREGATE,1.25,0.3,1.5,154169.59677112312,46250.87903133693,45461.54215316055,116811.20289560693,-54354.02730898128,0.0,9045937.748549879,,-0.006008666964096075,False,assumption grid; not a central estimate
C2_GODA_ATKINSON09,c2,STACKED_OCCURRENCE_PLUS_AGGREGATE,1.5,0.3,1.5,185003.51612534776,55501.05483760432,45461.54215316055,116811.20289560693,-32770.28376102404,0.0,9045937.748549879,,-0.0036226519208887244,False,assumption grid; not a central estimate
C2_GODA_ATKINSON09,c2,STACKED_OCCURRENCE_PLUS_AGGREGATE,2.0,0.3,1.5,246671.354833797,74001.4064501391,45461.54215316055,116811.20289560693,10397.203334890422,0.0,9045937.748549879,,0.0011493781655259744,False,assumption grid; not a central estimate
C2_GODA_ATKINSON09,c2,STACKED_OCCURRENCE_PLUS_AGGREGATE,2.5,0.3,1.5,308339.19354224624,92501.75806267386,45461.54215316055,116811.20289560693,53564.69043080491,0.0,9045937.748549879,,0.005921408251940676,False,assumption grid; not a central estimate
C2_GODA_ATKINSON09,c2,STACKED_OCCURRENCE_PLUS_AGGREGATE,3.0,0.3,1.5,370007.0322506955,111002.10967520865,45461.54215316055,116811.20289560693,96732.1775267194,0.0,9045937.748549879,,0.010693438338355378,False,assumption grid; not a central estimate
C2_GODA_ATKINSON09,c2,STACKED_OCCURRENCE_PLUS_AGGREGATE,1.25,0.4,1.5,154169.59677112312,61667.83870844925,45461.54215316055,116811.20289560693,-69770.9869860936,0.0,9045937.748549879,,-0.0077129634235298975,False,assumption grid; not a central estimate
C2_GODA_ATKINSON09,c2,STACKED_OCCURRENCE_PLUS_AGGREGATE,1.5,0.4,1.5,185003.51612534776,74001.40645013911,45461.54215316055,116811.20289560693,-51270.635373558835,0.0,9045937.748549879,,-0.005667807672209312,False,assumption grid; not a central estimate
C2_GODA_ATKINSON09,c2,STACKED_OCCURRENCE_PLUS_AGGREGATE,2.0,0.4,1.5,246671.354833797,98668.5419335188,45461.54215316055,116811.20289560693,-14269.932148489286,0.0,9045937.748549879,,-0.0015774961695681408,False,assumption grid; not a central estimate
C2_GODA_ATKINSON09,c2,STACKED_OCCURRENCE_PLUS_AGGREGATE,2.5,0.4,1.5,308339.19354224624,123335.6774168985,45461.54215316055,116811.20289560693,22730.771076580277,0.0,9045937.748549879,,0.002512815333073032,False,assumption grid; not a central estimate
C2_GODA_ATKINSON09,c2,STACKED_OCCURRENCE_PLUS_AGGREGATE,3.0,0.4,1.5,370007.0322506955,148002.81290027822,45461.54215316055,116811.20289560693,59731.47430164981,0.0,9045937.748549879,,0.006603126835714202,False,assumption grid; not a central estimate
C2_GODA_ATKINSON09,c2,STACKED_OCCURRENCE_PLUS_AGGREGATE,1.25,0.2,2.0,154169.59677112312,30833.919354224625,45461.54215316055,155748.2705274759,-77874.13526373795,0.0,9045937.748549879,,-0.008608741009324508,False,assumption grid; not a central estimate
C2_GODA_ATKINSON09,c2,STACKED_OCCURRENCE_PLUS_AGGREGATE,1.5,0.2,2.0,185003.51612534776,37000.703225069556,45461.54215316055,155748.2705274759,-53206.99978035825,0.0,9045937.748549879,,-0.005881866674230394,False,assumption grid; not a central estimate
C2_GODA_ATKINSON09,c2,STACKED_OCCURRENCE_PLUS_AGGREGATE,2.0,0.2,2.0,246671.354833797,49334.2709667594,45461.54215316055,155748.2705274759,-3872.7288135988347,0.0,9045937.748549879,,-0.0004281180040421633,False,assumption grid; not a central estimate
C2_GODA_ATKINSON09,c2,STACKED_OCCURRENCE_PLUS_AGGREGATE,2.5,0.2,2.0,308339.19354224624,61667.83870844925,45461.54215316055,155748.2705274759,45461.54215316055,0.0,9045937.748549879,,0.005025630666146064,False,assumption grid; not a central estimate
C2_GODA_ATKINSON09,c2,STACKED_OCCURRENCE_PLUS_AGGREGATE,3.0,0.2,2.0,370007.0322506955,74001.40645013911,45461.54215316055,155748.2705274759,94795.81311991994,0.0,9045937.748549879,,0.01047937933633429,False,assumption grid; not a central estimate
C2_GODA_ATKINSON09,c2,STACKED_OCCURRENCE_PLUS_AGGREGATE,1.25,0.3,2.0,154169.59677112312,46250.87903133693,45461.54215316055,155748.2705274759,-93291.09494085025,0.0,9045937.748549879,,-0.010313037468758328,False,assumption grid; not a central estimate
C2_GODA_ATKINSON09,c2,STACKED_OCCURRENCE_PLUS_AGGREGATE,1.5,0.3,2.0,185003.51612534776,55501.05483760432,45461.54215316055,155748.2705274759,-71707.351392893,0.0,9045937.748549879,,-0.007927022425550977,False,assumption grid; not a central estimate
C2_GODA_ATKINSON09,c2,STACKED_OCCURRENCE_PLUS_AGGREGATE,2.0,0.3,2.0,246671.354833797,74001.4064501391,45461.54215316055,155748.2705274759,-28539.864296978543,0.0,9045937.748549879,,-0.0031549923391362786,False,assumption grid; not a central estimate
C2_GODA_ATKINSON09,c2,STACKED_OCCURRENCE_PLUS_AGGREGATE,2.5,0.3,2.0,308339.19354224624,92501.75806267386,45461.54215316055,155748.2705274759,14627.622798935947,0.0,9045937.748549879,,0.0016170377472784232,False,assumption grid; not a central estimate
C2_GODA_ATKINSON09,c2,STACKED_OCCURRENCE_PLUS_AGGREGATE,3.0,0.3,2.0,370007.0322506955,111002.10967520865,45461.54215316055,155748.2705274759,57795.10989485044,0.0,9045937.748549879,,0.006389067833693125,False,assumption grid; not a central estimate
C2_GODA_ATKINSON09,c2,STACKED_OCCURRENCE_PLUS_AGGREGATE,1.25,0.4,2.0,154169.59677112312,61667.83870844925,45461.54215316055,155748.2705274759,-108708.05461796257,0.0,9045937.748549879,,-0.01201733392819215,False,assumption grid; not a central estimate
C2_GODA_ATKINSON09,c2,STACKED_OCCURRENCE_PLUS_AGGREGATE,1.5,0.4,2.0,185003.51612534776,74001.40645013911,45461.54215316055,155748.2705274759,-90207.7030054278,0.0,9045937.748549879,,-0.009972178176871566,False,assumption grid; not a central estimate
C2_GODA_ATKINSON09,c2,STACKED_OCCURRENCE_PLUS_AGGREGATE,2.0,0.4,2.0,246671.354833797,98668.5419335188,45461.54215316055,155748.2705274759,-53206.99978035825,0.0,9045937.748549879,,-0.005881866674230394,False,assumption grid; not a central estimate
C2_GODA_ATKINSON09,c2,STACKED_OCCURRENCE_PLUS_AGGREGATE,2.5,0.4,2.0,308339.19354224624,123335.6774168985,45461.54215316055,155748.2705274759,-16206.296555288689,0.0,9045937.748549879,,-0.001791555171589221,False,assumption grid; not a central estimate
C2_GODA_ATKINSON09,c2,STACKED_OCCURRENCE_PLUS_AGGREGATE,3.0,0.4,2.0,370007.0322506955,148002.81290027822,45461.54215316055,155748.2705274759,20794.406669780845,0.0,9045937.748549879,,0.0022987563310519488,False,assumption grid; not a central estimate
