rupture_ordinal,event_id,rupture_id,tree_id,branch_index,rupture_set_id,source_index,source_id,source_name,source_type,rupture_index,magnitude,raw_annual_rate,top_depth_km,width_km,centroid_longitude,centroid_latitude,centroid_depth_km
0,EVT_00000001,ff36c8c176c0929711a982c1,3199,13,3172,0,3172,"Cascadia (full, top)",INTERFACE,1,8.72,0.0006327,5.091845789473684,85.0,-125.26684506684153,45.06951187159024,11.059411725958665
1,EVT_00000002,f0fd5c1a0da521278eb8cbb0,8231,0,8211,641,8211,"PointSourceFinite: -123.700, 45.300",SLAB,5,7.05,6.076026690392923e-07,42.0,8.0,-123.7,45.3,42.0
2,EVT_00000003,9bc16e99e4e04b60a7dacf09,3199,11,3171,0,3171,"Cascadia (full, middle)",INTERFACE,0,8.69,0.0006346,5.091845789473684,105.0,-125.15094142352632,45.11582181320051,12.834151712795288
3,EVT_00000004,49283c0b1304034206982cfb,3199,1,3160,0,3160,"Cascadia (unsegmented, 1-2-3, bottom)",INTERFACE,1022,8.4,6.66441670347842e-07,5.0,145.0,,,
4,EVT_00000005,836db3af40a939132e109ab1,3199,11,3171,0,3171,"Cascadia (full, middle)",INTERFACE,2,9.12,0.0006327,5.091845789473684,105.0,-125.15094142352632,45.11582181320051,12.834151712795288
5,EVT_00000007,6ddc0263a559c933238b255d,8231,0,8211,653,8211,"PointSourceFinite: -122.500, 45.300",SLAB,2,6.75,3.7104887803214324e-07,50.0,8.0,-122.5,45.3,50.0
6,EVT_00000008,b695658eda2ede5b10ae3b07,3199,18,3141,0,3141,"Cascadia (segmented, 4, middle)",INTERFACE,1,8.52,0.000333,5.0,130.0,-125.68901903364566,48.00072976261103,15.424939077474225
7,EVT_00000009,4944ab46e7ff414e82a9bfa9,3199,11,3171,0,3171,"Cascadia (full, middle)",INTERFACE,1,8.82,0.0006327,5.091845789473684,105.0,-125.15094142352632,45.11582181320051,12.834151712795288
8,EVT_00000011,277bc55685f81d3551a06fce,8231,0,8211,76,8211,"PointSourceFinite: -123.000, 42.400",SLAB,0,6.55,2.988488853661009e-07,50.0,8.0,-123.0,42.4,50.0
9,EVT_00000014,9314891a167a922dfb7e367d,3199,9,3161,0,3161,"Cascadia (unsegmented, 1-2-3, middle)",INTERFACE,1077,8.5,6.232945289588634e-07,5.0,80.0,,,
10,EVT_00000015,b18dfe7bfe65277b6a076d34,3199,6,3170,0,3170,"Cascadia (full, bottom)",INTERFACE,2,9.34,0.0006327,5.091845789473684,155.0,-124.84694859812409,45.16491048816848,18.168106230519605
11,EVT_00000016,de5269ee2975ae26f4e3d554,8231,0,8211,561,8211,"PointSourceFinite: -122.800, 44.800",SLAB,0,6.55,6.726874645200962e-07,50.0,8.0,-122.8,44.8,50.0
12,EVT_00000017,893f0b4216d7172372844b95,3199,17,3111,0,3111,"Cascadia (segmented, 1, middle)",INTERFACE,2,8.43,0.0001447884,5.349014,75.0,-124.7296433232098,42.0203457121948,10.209791491788426
13,EVT_00000018,48204b83cd4001b245c8cb1f,8231,0,8211,114,8211,"PointSourceFinite: -123.400, 42.600",SLAB,1,6.65,4.532440986999241e-07,42.0,8.0,-123.4,42.6,42.0
14,EVT_00000020,83011f9db76b797e03a65001,8231,0,8211,690,8211,"PointSourceFinite: -123.900, 45.600",SLAB,0,6.55,6.693686835065511e-07,42.0,8.0,-123.9,45.6,42.0
15,EVT_00000021,1152766b621780ee46c7aada,3199,9,3161,0,3161,"Cascadia (unsegmented, 1-2-3, middle)",INTERFACE,441,8.4,8.56164357917674e-07,5.0,80.0,,,
16,EVT_00000023,20290654dda42c6497c2777b,8231,0,8211,559,8211,"PointSourceFinite: -123.000, 44.800",SLAB,4,6.95,5.572209883748411e-07,50.0,8.0,-123.0,44.8,50.0
17,EVT_00000025,57dbcfbb79bcbb3c93096082,8231,0,8211,507,8211,"PointSourceFinite: -122.600, 44.500",SLAB,2,6.75,3.553225897653217e-07,50.0,8.0,-122.6,44.5,50.0
18,EVT_00000026,0301830d16b64cc6be209ac9,3199,15,3170,0,3170,"Cascadia (unsegmented, 1-2-3-4, bottom)",INTERFACE,1298,8.0,6.50020652165802e-07,5.0,155.0,,,
19,EVT_00000027,60d5d94c92b2b58ce5e1e98b,3199,10,3171,0,3171,"Cascadia (unsegmented, 1-2-3-4, middle)",INTERFACE,324,8.1,3.4722221182216775e-07,5.0,105.0,,,
20,EVT_00000029,d68c72ba2d1dade8e45e24c3,8231,0,8211,556,8211,"PointSourceFinite: -123.300, 44.800",SLAB,5,7.05,5.966164465796544e-07,42.0,8.0,-123.3,44.8,42.0
21,EVT_00000030,408aa926e1bc8b778ce04d25,8231,0,8211,548,8211,"PointSourceFinite: -122.300, 44.700",SLAB,2,6.75,2.913187360143933e-07,60.0,8.0,-122.3,44.7,60.0
22,EVT_00000033,18394f7c5dfc229ba332f5e7,3199,20,3162,0,3162,"Cascadia (segmented, 1-2-3, top)",INTERFACE,1,8.44,5.79087e-05,5.174507,70.0,-124.91323414535124,43.31767218224153,9.81658118385908
23,EVT_00000034,144ebd4e7655d70d61c137ca,8231,0,8211,679,8211,"PointSourceFinite: -123.300, 45.500",SLAB,5,7.05,5.253874095316394e-07,42.0,8.0,-123.3,45.5,42.0
24,EVT_00000037,8c0d70de8ad3fb9616a3af8a,8231,0,8211,0,8211,"PointSourceFinite: -124.300, 42.100",SLAB,1,6.65,8.197640538201542e-07,42.0,8.0,-124.3,42.1,42.0
25,EVT_00000038,9aee24b1485c914e7beba8f4,8231,0,8211,586,8211,"PointSourceFinite: -123.900, 45.000",SLAB,3,6.85,6.803071610301524e-07,42.0,8.0,-123.9,45.0,42.0
26,EVT_00000039,c1b3094a948cf424663d2e72,8231,0,8211,572,8211,"PointSourceFinite: -123.500, 44.900",SLAB,2,6.75,8.474636608388027e-07,42.0,8.0,-123.5,44.9,42.0
27,EVT_00000040,472f414886bd12142e591838,3199,1,3160,0,3160,"Cascadia (unsegmented, 1-2-3, bottom)",INTERFACE,539,8.6,1.275510165877351e-06,5.0,145.0,,,
28,EVT_00000042,a5d64dad1142b4d332d7d473,3199,6,3170,0,3170,"Cascadia (full, bottom)",INTERFACE,1,9.01,0.0006327,5.091845789473684,155.0,-124.84694859812409,45.16491048816848,18.168106230519605
29,EVT_00000043,521adfa29d544914bafce386,3199,9,3161,0,3161,"Cascadia (unsegmented, 1-2-3, middle)",INTERFACE,499,8.5,1.0080644859353255e-06,5.0,80.0,,,
30,EVT_00000044,4b9d76791ecf668386488cf8,8231,0,8211,1,8211,"PointSourceFinite: -124.200, 42.100",SLAB,1,6.65,8.32119587263521e-07,42.0,8.0,-124.2,42.1,42.0
31,EVT_00000046,465d34a1bbc0ac55af68fad8,3199,13,3172,0,3172,"Cascadia (full, top)",INTERFACE,2,9.01,0.0006327,5.091845789473684,85.0,-125.26684506684153,45.06951187159024,11.059411725958665
32,EVT_00000048,9f07c4797bba6c4071c95df2,3199,7,3151,0,3151,"Cascadia (segmented, 1-2, middle)",INTERFACE,0,8.33,0.0001306942,5.21813375,75.0,-124.79118362248585,42.671325164629074,10.51245985001918
33,EVT_00000049,807009b1948dd48fa104de4d,8231,0,8211,29,8211,"PointSourceFinite: -123.500, 42.200",SLAB,2,6.75,5.269814080247631e-07,42.0,8.0,-123.5,42.2,42.0
34,EVT_00000050,fc63d6b227398a2fb4155e11,8231,0,8211,640,8211,"PointSourceFinite: -123.800, 45.300",SLAB,3,6.85,6.971414128786608e-07,42.0,8.0,-123.8,45.3,42.0
35,EVT_00000051,d21ad44cebdc5648efa096f2,8231,0,8211,595,8211,"PointSourceFinite: -123.000, 45.000",SLAB,6,7.15,4.920711207377445e-07,50.0,8.0,-123.0,45.0,50.0
36,EVT_00000053,d778fa6dae9a653c71554994,3199,12,3162,0,3162,"Cascadia (unsegmented, 1-2-3, top)",INTERFACE,248,8.2,6.944444236443356e-07,5.0,70.0,,,
37,EVT_00000054,a13a8c4f308187ab3527f260,8231,0,8211,697,8211,"PointSourceFinite: -123.200, 45.600",SLAB,0,6.55,7.112183515027322e-07,50.0,8.0,-123.2,45.6,50.0
38,EVT_00000055,d0b95fa45be58d430224957f,8231,0,8211,606,8211,"PointSourceFinite: -123.700, 45.100",SLAB,6,7.15,5.82650708388283e-07,42.0,8.0,-123.7,45.1,42.0
39,EVT_00000058,573fdf1ac9942a50591aba0a,8231,0,8211,501,8211,"PointSourceFinite: -123.200, 44.500",SLAB,3,6.85,5.163080722391065e-07,50.0,8.0,-123.2,44.5,50.0
40,EVT_00000059,99d35298284bc132c416e7b4,3199,6,3170,0,3170,"Cascadia (full, bottom)",INTERFACE,0,8.85,0.0006346,5.091845789473684,155.0,-124.84694859812409,45.16491048816848,18.168106230519605
41,EVT_00000060,dc7e6146423b32cf34168a74,3199,9,3161,0,3161,"Cascadia (unsegmented, 1-2-3, middle)",INTERFACE,427,8.4,8.56164357917674e-07,5.0,80.0,,,
42,EVT_00000061,c7fcbd4aaec69abe49b49464,3199,17,3111,0,3111,"Cascadia (segmented, 1, middle)",INTERFACE,0,8.19,0.0001452232,5.349014,75.0,-124.7296433232098,42.0203457121948,10.209791491788426
43,EVT_00000062,d906824c7ba6e7c418b1ce85,8231,0,8211,575,8211,"PointSourceFinite: -123.200, 44.900",SLAB,4,6.95,6.598581499704871e-07,50.0,8.0,-123.2,44.9,50.0
44,EVT_00000063,d8cb63cf87e3ce02bf755c3f,3199,1,3160,0,3160,"Cascadia (unsegmented, 1-2-3, bottom)",INTERFACE,793,8.2,8.473124973075812e-07,5.3540667149249686,145.0,,,
45,EVT_00000064,cfd5a4d8bfd1f7839e5590c3,8231,0,8211,722,8211,"PointSourceFinite: -122.400, 45.700",SLAB,1,6.65,2.4931152384038e-07,60.0,8.0,-122.4,45.7,60.0
46,EVT_00000066,441f65b18ec7cd0774523569,8231,0,8211,491,8211,"PointSourceFinite: -122.300, 44.400",SLAB,2,6.75,2.264111329005649e-07,60.0,8.0,-122.3,44.4,60.0
47,EVT_00000067,a0625447b91e06bf2f5c5383,8231,0,8211,514,8211,"PointSourceFinite: -123.800, 44.600",SLAB,1,6.65,6.66033948521581e-07,42.0,8.0,-123.8,44.6,42.0
48,EVT_00000068,456dfb7559393fbd2b0d3e68,3199,12,3162,0,3162,"Cascadia (unsegmented, 1-2-3, top)",INTERFACE,180,8.1,6.510416471665647e-07,5.0,70.0,,,
49,EVT_00000070,d7cdc5245f652591784fa96b,8231,0,8211,95,8211,"PointSourceFinite: -123.200, 42.500",SLAB,2,6.75,3.319196866736025e-07,50.0,8.0,-123.2,42.5,50.0
50,EVT_00000072,68b0524399dc894cc273ed66,3199,9,3161,0,3161,"Cascadia (unsegmented, 1-2-3, middle)",INTERFACE,200,8.2,6.868131662416505e-07,5.392846048258304,80.0,,,
51,EVT_00000073,11a05de6ea6162c5a889f54e,3199,8,3110,0,3110,"Cascadia (segmented, 1, bottom)",INTERFACE,0,8.42,0.0001452232,5.349014,140.0,-124.3429400901236,42.029223291584,17.32548624359387
52,EVT_00000074,808c9c79068c568c7cded4d3,3199,0,3172,0,3172,"Cascadia (unsegmented, 1-2-3-4, top)",INTERFACE,2153,8.5,2.721426816580953e-07,5.0,85.0,,,
53,EVT_00000076,fa6668c0bbc949387a94d935,8231,0,8211,688,8211,"PointSourceFinite: -122.400, 45.500",SLAB,5,7.05,2.1212171580903425e-07,60.0,8.0,-122.4,45.5,60.0
54,EVT_00000077,cc17749fc76fb484a69e21c1,8231,0,8211,535,8211,"PointSourceFinite: -123.600, 44.700",SLAB,1,6.65,8.044846838186574e-07,42.0,8.0,-123.6,44.7,42.0
55,EVT_00000078,25b84d2d2fe0baaa135dcbd4,3199,4,3152,0,3152,"Cascadia (segmented, 1-2, top)",INTERFACE,2,8.52,0.0001303029,5.21813375,60.0,-124.87047509247918,42.66758098544125,9.463388718238386
56,EVT_00000079,83e3fe7f0232bb9f28069fd8,3199,3,3140,0,3140,"Cascadia (segmented, 4, bottom)",INTERFACE,1,8.64,0.000333,5.0,165.0,-125.46840644942826,48.04950467399375,18.734828487964784
57,EVT_00000081,ede968e487978156e232f910,3199,0,3172,0,3172,"Cascadia (unsegmented, 1-2-3-4, top)",INTERFACE,1574,8.1,5.484180471627536e-07,5.0,85.0,,,
58,EVT_00000082,6d0e9f88273a71c946702d56,8231,0,8211,716,8211,"PointSourceFinite: -123.000, 45.700",SLAB,4,6.95,3.7327694820865467e-07,50.0,8.0,-123.0,45.7,50.0
59,EVT_00000083,2c4db078b7b7fea767eeecf5,8231,0,8211,602,8211,"PointSourceFinite: -122.300, 45.000",SLAB,1,6.65,3.381400901591956e-07,60.0,8.0,-122.3,45.0,60.0
60,EVT_00000085,6e23069ed60bb20003a395c3,8231,0,8211,553,8211,"PointSourceFinite: -123.600, 44.800",SLAB,4,6.95,6.595833113667066e-07,42.0,8.0,-123.6,44.8,42.0
61,EVT_00000086,73ee5e97c0d06f439f624635,3199,9,3161,0,3161,"Cascadia (unsegmented, 1-2-3, middle)",INTERFACE,442,8.4,8.56164357917674e-07,5.0,80.0,,,
62,EVT_00000087,e666df024b0416f30195098a,8231,0,8211,747,8211,"PointSourceFinite: -123.200, 45.900",SLAB,6,7.15,2.5098642570673946e-07,50.0,8.0,-123.2,45.9,50.0
63,EVT_00000088,025ff898638335bdd2b146b1,3199,9,3161,0,3161,"Cascadia (unsegmented, 1-2-3, middle)",INTERFACE,849,8.2,8.473124973075812e-07,5.0,80.0,,,
64,EVT_00000089,0f563ea686ecefb0926caf7f,8231,1,8212,17,8212,"PointSourceFinite: -122.600, 42.100",SLAB,0,7.25,7.984705533700488e-09,50.0,8.0,-122.6,42.1,50.0
65,EVT_00000090,c697e7ed561f46e4856aac52,8231,0,8211,513,8211,"PointSourceFinite: -123.900, 44.600",SLAB,6,7.15,3.934136103075809e-07,42.0,8.0,-123.9,44.6,42.0
66,EVT_00000091,b01a211329b90dd704bd490e,3199,8,3110,0,3110,"Cascadia (segmented, 1, bottom)",INTERFACE,1,8.5,0.0001447884,5.349014,140.0,-124.3429400901236,42.029223291584,17.32548624359387
67,EVT_00000093,a287254bdb97c220bad0db57,3199,0,3172,0,3172,"Cascadia (unsegmented, 1-2-3-4, top)",INTERFACE,1641,8.2,4.5090898979526244e-07,5.0,85.0,,,
68,EVT_00000097,7b5aadb411e5b56cbb6efc8b,8231,0,8211,617,8211,"PointSourceFinite: -122.600, 45.100",SLAB,5,7.05,3.475991658181137e-07,50.0,8.0,-122.6,45.1,50.0
69,EVT_00000098,74c1f5902413a3e1a3d34316,8231,0,8211,525,8211,"PointSourceFinite: -122.700, 44.600",SLAB,3,6.85,4.001275098979269e-07,50.0,8.0,-122.7,44.6,50.0
70,EVT_00000100,fbaebb9371e8f5c48cf616ea,3199,1,3160,0,3160,"Cascadia (unsegmented, 1-2-3, bottom)",INTERFACE,585,8.7,1.8382352390585351e-06,5.0,145.0,,,
71,EVT_00000101,5abcbab8858d8ee63441dc77,3199,1,3160,0,3160,"Cascadia (unsegmented, 1-2-3, bottom)",INTERFACE,888,8.3,7.379159742457803e-07,5.186022888838834,145.0,,,
72,EVT_00000103,e59c367a8f79f51bdf09d6b8,8231,0,8211,358,8211,"PointSourceFinite: -123.900, 43.800",SLAB,6,7.15,9.278163450200465e-08,42.0,8.0,-123.9,43.8,42.0
73,EVT_00000104,7b0e36fdaf401289c645af34,8231,0,8211,199,8211,"PointSourceFinite: -123.300, 43.000",SLAB,0,6.55,2.633765393478808e-07,42.0,8.0,-123.3,43.0,42.0
74,EVT_00000106,0be02194a450197d52fde1fa,8231,0,8211,643,8211,"PointSourceFinite: -123.500, 45.300",SLAB,4,6.95,6.924119554555634e-07,42.0,8.0,-123.5,45.3,42.0
75,EVT_00000109,50259aa66d072aab73c80c8d,3199,9,3161,0,3161,"Cascadia (unsegmented, 1-2-3, middle)",INTERFACE,116,8.1,6.443298776081463e-07,5.052892089383357,80.0,,,
76,EVT_00000110,38139c9b654b5b2ba13def87,8231,0,8211,661,8211,"PointSourceFinite: -123.400, 45.400",SLAB,1,6.65,8.510621134631359e-07,42.0,8.0,-123.4,45.4,42.0
77,EVT_00000112,23af33ff7880592aff5c38e6,3199,15,3170,0,3170,"Cascadia (unsegmented, 1-2-3-4, bottom)",INTERFACE,748,8.4,3.9556960840500123e-07,5.0,155.0,,,
78,EVT_00000113,17900605c26b5e0b17e9a662,8231,0,8211,744,8211,"PointSourceFinite: -123.500, 45.900",SLAB,3,6.85,3.569059166435996e-07,42.0,8.0,-123.5,45.9,42.0
79,EVT_00000114,a86dc644a083c40e7753d424,3199,14,3112,0,3112,"Cascadia (segmented, 1, top)",INTERFACE,1,8.13,0.0001447884,5.349014,60.0,-124.80867568233194,42.02072601140531,9.26663316514785
80,EVT_00000116,d19fe0fab7ad50eb77bdcd2e,8231,0,8211,715,8211,"PointSourceFinite: -123.100, 45.700",SLAB,3,6.85,4.419983812536138e-07,50.0,8.0,-123.1,45.7,50.0
81,EVT_00000118,41bf82f16ea2b18ac2241cb0,3199,5,3160,0,3160,"Cascadia (segmented, 1-2-3, bottom)",INTERFACE,1,8.77,5.79087e-05,5.174507,145.0,-124.45345624957775,43.325971943028,17.751274495671908
82,EVT_00000120,9ed79c00b33f4d1c93ed40e9,8231,0,8211,464,8211,"PointSourceFinite: -123.100, 44.300",SLAB,0,6.55,4.6995687312592653e-07,50.0,8.0,-123.1,44.3,50.0
83,EVT_00000123,a42e1d3a38564fffcad0f785,8231,0,8211,644,8211,"PointSourceFinite: -123.400, 45.300",SLAB,2,6.75,8.252323478939546e-07,42.0,8.0,-123.4,45.3,42.0
84,EVT_00000124,6a7252b9b47550c370a717ee,8231,0,8211,369,8211,"PointSourceFinite: -122.800, 43.800",SLAB,5,7.05,9.665421991166025e-08,50.0,8.0,-122.8,43.8,50.0
85,EVT_00000125,0304608d65f31ad336e36273,8231,0,8211,6,8211,"PointSourceFinite: -123.700, 42.100",SLAB,3,6.85,5.740205539270299e-07,42.0,8.0,-123.7,42.1,42.0
86,EVT_00000126,8c078d1b0c656f29357251cd,8231,0,8211,597,8211,"PointSourceFinite: -122.800, 45.000",SLAB,6,7.15,4.064263148449602e-07,50.0,8.0,-122.8,45.0,50.0
87,EVT_00000127,811357f789149735d8893801,3199,13,3172,0,3172,"Cascadia (full, top)",INTERFACE,0,8.61,0.0006346,5.091845789473684,85.0,-125.26684506684153,45.06951187159024,11.059411725958665
88,EVT_00000129,ca5226948d2881de37ac33bf,8231,0,8211,663,8211,"PointSourceFinite: -123.200, 45.400",SLAB,0,6.55,8.669088335813628e-07,50.0,8.0,-123.2,45.4,50.0
89,EVT_00000131,62479efe1000a1916a6a59b7,3199,9,3161,0,3161,"Cascadia (unsegmented, 1-2-3, middle)",INTERFACE,254,8.2,6.868131662416505e-07,5.0,80.0,,,
90,EVT_00000134,cf988213d69b93e5889dff85,8231,0,8211,138,8211,"PointSourceFinite: -123.100, 42.700",SLAB,2,6.75,2.4810736680193256e-07,50.0,8.0,-123.1,42.7,50.0
91,EVT_00000140,d1afe377c3cd4a9b4fe62d35,8231,0,8211,139,8211,"PointSourceFinite: -123.000, 42.700",SLAB,0,6.55,2.569139857168268e-07,50.0,8.0,-123.0,42.7,50.0
92,EVT_00000141,201c306e8bd54059274eaf10,8231,0,8211,657,8211,"PointSourceFinite: -123.800, 45.400",SLAB,4,6.95,5.990603427085879e-07,42.0,8.0,-123.8,45.4,42.0
93,EVT_00000144,0f9ee498b187934fc9a5b0f5,8231,0,8211,528,8211,"PointSourceFinite: -122.400, 44.600",SLAB,3,6.85,2.827650172663369e-07,60.0,8.0,-122.4,44.6,60.0
94,EVT_00000145,3768a9024b2d8d12997fbff7,8231,0,8211,214,8211,"PointSourceFinite: -123.900, 43.100",SLAB,1,6.65,3.050378286712708e-07,42.0,8.0,-123.9,43.1,42.0
95,EVT_00000146,c8baf1bbd03b47bfe0971785,3199,12,3162,0,3162,"Cascadia (unsegmented, 1-2-3, top)",INTERFACE,1041,8.5,6.335124720565497e-07,5.013003289031124,70.0,,,
96,EVT_00000147,d4d12a2aaa05179983b3ee50,8231,0,8211,65,8211,"PointSourceFinite: -124.100, 42.400",SLAB,3,6.85,6.906534398475672e-07,42.0,8.0,-124.1,42.4,42.0
97,EVT_00000149,9cfd95142f32249be67e592d,3199,16,3150,0,3150,"Cascadia (segmented, 1-2, bottom)",INTERFACE,0,8.55,0.0001306942,5.21813375,140.0,-124.41590263771252,42.67435473406528,17.36571521571734
98,EVT_00000152,ac44c1c5a2c7d9f4c8d333c1,8231,0,8211,622,8211,"PointSourceFinite: -123.900, 45.200",SLAB,0,6.55,8.931184563738519e-07,42.0,8.0,-123.9,45.2,42.0
99,EVT_00000153,7224ddadad485ef9bdae6993,8231,0,8211,586,8211,"PointSourceFinite: -123.900, 45.000",SLAB,4,6.95,6.20447504950945e-07,42.0,8.0,-123.9,45.0,42.0
100,EVT_00000154,318c7ea83175b80b024c9218,8231,0,8211,517,8211,"PointSourceFinite: -123.500, 44.600",SLAB,6,7.15,4.65471018785417e-07,42.0,8.0,-123.5,44.6,42.0
101,EVT_00000155,0972ebe9d83e61f7dfc449da,3199,15,3170,0,3170,"Cascadia (unsegmented, 1-2-3-4, bottom)",INTERFACE,185,8.0,3.324467985531395e-07,5.0,155.0,,,
102,EVT_00000157,5bede3acb83a1a7a900b72c2,8231,0,8211,648,8211,"PointSourceFinite: -123.000, 45.300",SLAB,3,6.85,6.074401738871074e-07,50.0,8.0,-123.0,45.3,50.0
103,EVT_00000160,b11f40980c7d78acf6292d73,3199,2,3142,0,3142,"Cascadia (segmented, 4, top)",INTERFACE,2,8.63,0.000333,5.0,100.0,-125.85875103634422,47.95932868044565,12.902965767737427
104,EVT_00000162,dc5544c65d0223065ef2706d,8231,0,8211,93,8211,"PointSourceFinite: -123.400, 42.500",SLAB,5,7.05,3.352271570304876e-07,42.0,8.0,-123.4,42.5,42.0
105,EVT_00000164,b648f7499ef0e2ed335d704e,8231,1,8212,456,8212,"PointSourceFinite: -123.900, 44.300",SLAB,0,7.25,2.1054063505582933e-08,42.0,8.0,-123.9,44.3,42.0
106,EVT_00000165,04ff9f9abcb4a0f52db446df,8231,0,8211,612,8211,"PointSourceFinite: -123.100, 45.100",SLAB,3,6.85,6.988452306768536e-07,50.0,8.0,-123.1,45.1,50.0
107,EVT_00000166,3bf5fd6789ae1465c3753d62,3199,14,3112,0,3112,"Cascadia (segmented, 1, top)",INTERFACE,0,8.11,0.0001452232,5.349014,60.0,-124.80867568233194,42.02072601140531,9.26663316514785
108,EVT_00000167,7e89c48f4384289bc878c315,8231,0,8211,67,8211,"PointSourceFinite: -123.900, 42.400",SLAB,3,6.85,6.566047052128528e-07,42.0,8.0,-123.9,42.4,42.0
109,EVT_00000172,8b155b4b32dd604ba1b42ac9,3199,8,3110,0,3110,"Cascadia (segmented, 1, bottom)",INTERFACE,2,8.75,0.0001447884,5.349014,140.0,-124.3429400901236,42.029223291584,17.32548624359387
110,EVT_00000173,fa25b85e09e1ca70fb4a7c33,8231,0,8211,684,8211,"PointSourceFinite: -122.800, 45.500",SLAB,6,7.15,3.244171358371978e-07,50.0,8.0,-122.8,45.5,50.0
111,EVT_00000174,11dd9ed2e16f60335628928e,8231,0,8211,597,8211,"PointSourceFinite: -122.800, 45.000",SLAB,4,6.95,4.886319036307148e-07,50.0,8.0,-122.8,45.0,50.0
112,EVT_00000176,3b7da4235f090b91e91ffc2e,8231,0,8211,500,8211,"PointSourceFinite: -123.300, 44.500",SLAB,2,6.75,5.835077199653908e-07,42.0,8.0,-123.3,44.5,42.0
113,EVT_00000177,a89e624e102e044bb337c585,3199,15,3170,0,3170,"Cascadia (unsegmented, 1-2-3-4, bottom)",INTERFACE,800,8.4,3.9556960840500123e-07,5.0,155.0,,,
114,EVT_00000182,5ec66df2bf2261b90dca8229,3199,7,3151,0,3151,"Cascadia (segmented, 1-2, middle)",INTERFACE,2,8.62,0.0001303029,5.21813375,75.0,-124.79118362248585,42.671325164629074,10.51245985001918
115,EVT_00000186,629005e8218dbae6713a192b,8231,0,8211,564,8211,"PointSourceFinite: -122.500, 44.800",SLAB,1,6.65,4.3234656008944593e-07,50.0,8.0,-122.5,44.8,50.0
116,EVT_00000187,daab87cf2a088881e1ce1018,8231,1,8212,633,8212,"PointSourceFinite: -122.800, 45.200",SLAB,1,7.35,2.814455067325008e-08,50.0,8.0,-122.8,45.2,50.0
117,EVT_00000188,b7531d06c4d8d959b495bfec,8231,0,8211,652,8211,"PointSourceFinite: -122.600, 45.300",SLAB,2,6.75,4.250400816447325e-07,50.0,8.0,-122.6,45.3,50.0
118,EVT_00000189,f7a5a47c6399bb10c5dcdd14,8231,0,8211,593,8211,"PointSourceFinite: -123.200, 45.000",SLAB,1,6.65,8.904515589916484e-07,50.0,8.0,-123.2,45.0,50.0
119,EVT_00000190,312837473e9788fee6e598b1,8231,0,8211,794,8211,"PointSourceFinite: -123.300, 46.200",SLAB,3,6.85,1.793773051291708e-07,42.0,8.0,-123.3,46.2,42.0
120,EVT_00000191,66c4b541aea2ad2c0f17bcd8,8231,0,8211,406,8211,"PointSourceFinite: -123.100, 44.000",SLAB,3,6.85,1.8944326635900898e-07,50.0,8.0,-123.1,44.0,50.0
121,EVT_00000192,895b4247687283da9207aba6,8231,0,8211,22,8211,"PointSourceFinite: -124.200, 42.200",SLAB,2,6.75,7.752376410244882e-07,42.0,8.0,-124.2,42.2,42.0
122,EVT_00000195,ee9a6be139ccd599ea9e3105,8231,0,8211,649,8211,"PointSourceFinite: -122.900, 45.300",SLAB,2,6.75,6.062835977148805e-07,50.0,8.0,-122.9,45.3,50.0
123,EVT_00000198,bc6d410494c77977de0581fa,8231,0,8211,576,8211,"PointSourceFinite: -123.100, 44.900",SLAB,6,7.15,5.188718432186474e-07,50.0,8.0,-123.1,44.9,50.0
124,EVT_00000199,4052a16d086841cc4d7cf4a7,8231,0,8211,213,8211,"PointSourceFinite: -124.000, 43.100",SLAB,2,6.75,2.84439932889236e-07,42.0,8.0,-124.0,43.1,42.0
125,EVT_00000200,f502e4d1bd033d9329e22c70,3199,1,3160,0,3160,"Cascadia (unsegmented, 1-2-3, bottom)",INTERFACE,1086,8.5,6.232945289588634e-07,5.0,145.0,,,
126,EVT_00000201,18465c10dd656194f7011342,3199,9,3161,0,3161,"Cascadia (unsegmented, 1-2-3, middle)",INTERFACE,1055,8.5,6.232945289588634e-07,5.008578965240343,80.0,,,
127,EVT_00000202,928343c13ebe3d1b9b23b8d3,3199,9,3161,0,3161,"Cascadia (unsegmented, 1-2-3, middle)",INTERFACE,640,8.0,1.1864454622055416e-06,5.0,80.0,,,
128,EVT_00000205,0daf86fa71f0fffdcd9b9913,3199,0,3172,0,3172,"Cascadia (unsegmented, 1-2-3-4, top)",INTERFACE,50,8.0,3.41530044415247e-07,5.0,85.0,,,
129,EVT_00000208,6dbfa244e31624f34155304e,3199,9,3161,0,3161,"Cascadia (unsegmented, 1-2-3, middle)",INTERFACE,333,8.3,7.530120256384362e-07,5.0,80.0,,,
130,EVT_00000209,285c53c8754a18dfea1a706a,8231,0,8211,1,8211,"PointSourceFinite: -124.200, 42.100",SLAB,3,6.85,6.921269259107044e-07,42.0,8.0,-124.2,42.1,42.0
131,EVT_00000212,7fd1f3e8c964985a3399b877,3199,9,3161,0,3161,"Cascadia (unsegmented, 1-2-3, middle)",INTERFACE,810,8.2,8.473124973075812e-07,5.003024967240094,80.0,,,
132,EVT_00000213,196d6d649fde3eb65c5487ce,8231,0,8211,344,8211,"PointSourceFinite: -123.300, 43.700",SLAB,1,6.65,1.3738409914097738e-07,42.0,8.0,-123.3,43.7,42.0
133,EVT_00000214,ebbc54c0769f277c451de1d4,8231,0,8211,176,8211,"PointSourceFinite: -123.500, 42.900",SLAB,5,7.05,2.423000940043328e-07,42.0,8.0,-123.5,42.9,42.0
134,EVT_00000217,f04651f3d8249d79e0d981a2,8231,0,8211,110,8211,"PointSourceFinite: -123.800, 42.600",SLAB,5,7.05,4.58086978232773e-07,42.0,8.0,-123.8,42.6,42.0
135,EVT_00000219,b664b2d68d68f77b5b20f46c,8231,0,8211,169,8211,"PointSourceFinite: -124.200, 42.900",SLAB,2,6.75,4.334165846147127e-07,42.0,8.0,-124.2,42.9,42.0
136,EVT_00000220,5c3c5e886c46d10db51059da,8231,0,8211,609,8211,"PointSourceFinite: -123.400, 45.100",SLAB,4,6.95,7.247766514027181e-07,42.0,8.0,-123.4,45.1,42.0
137,EVT_00000221,efaff47531eccdc31dee8a25,3199,18,3141,0,3141,"Cascadia (segmented, 4, middle)",INTERFACE,2,8.77,0.000333,5.0,130.0,-125.68901903364566,48.00072976261103,15.424939077474225
138,EVT_00000222,e6c9211ac52c0f12f8f6798e,8231,0,8211,527,8211,"PointSourceFinite: -122.500, 44.600",SLAB,0,6.55,4.208436835850425e-07,50.0,8.0,-122.5,44.6,50.0
139,EVT_00000223,83de23395e6b4361dbcdedce,8231,0,8211,677,8211,"PointSourceFinite: -123.500, 45.500",SLAB,0,6.55,8.644306057139079e-07,42.0,8.0,-123.5,45.5,42.0
140,EVT_00000225,9d800e724e11445e4da6c0b7,3199,5,3160,0,3160,"Cascadia (segmented, 1-2-3, bottom)",INTERFACE,0,8.65,5.8082600000000005e-05,5.174507,145.0,-124.45345624957775,43.325971943028,17.751274495671908
141,EVT_00000227,35ed7ff5eacd9c041d920883,8231,0,8211,137,8211,"PointSourceFinite: -123.200, 42.700",SLAB,2,6.75,2.873250119501932e-07,50.0,8.0,-123.2,42.7,50.0
142,EVT_00000229,8f93190c0a35b072b62125f1,8231,0,8211,574,8211,"PointSourceFinite: -123.300, 44.900",SLAB,0,6.55,9.922152618297554e-07,42.0,8.0,-123.3,44.9,42.0
143,EVT_00000231,cffbb741d703b93a764ad013,8231,0,8211,530,8211,"PointSourceFinite: -124.100, 44.700",SLAB,5,7.05,4.022734337981985e-07,42.0,8.0,-124.1,44.7,42.0
144,EVT_00000232,fd5891b9f1fd576d581ab5df,8231,0,8211,330,8211,"PointSourceFinite: -122.700, 43.600",SLAB,2,6.75,1.0052894239887737e-07,50.0,8.0,-122.7,43.6,50.0
145,EVT_00000233,14f48e124baf4a5ee707b139,8231,0,8211,173,8211,"PointSourceFinite: -123.800, 42.900",SLAB,0,6.55,4.823542627630696e-07,42.0,8.0,-123.8,42.9,42.0
146,EVT_00000235,5afd2f1f9e72588b6b68861d,8231,0,8211,576,8211,"PointSourceFinite: -123.100, 44.900",SLAB,0,6.55,9.01695919160082e-07,50.0,8.0,-123.1,44.9,50.0
147,EVT_00000237,8c904206809db01c609ae015,8231,0,8211,566,8211,"PointSourceFinite: -122.300, 44.800",SLAB,1,6.65,3.3223591058356e-07,60.0,8.0,-122.3,44.8,60.0
148,EVT_00000238,569e2aec2d8917e9a035bc9f,8231,0,8211,42,8211,"PointSourceFinite: -124.300, 42.300",SLAB,5,7.05,5.783504269623754e-07,42.0,8.0,-124.3,42.3,42.0
149,EVT_00000240,5fcb8cb8b21308e2357732c3,8231,0,8211,585,8211,"PointSourceFinite: -124.000, 45.000",SLAB,5,7.05,5.217717695953081e-07,42.0,8.0,-124.0,45.0,42.0
150,EVT_00000241,f4ba5204b3f79062868c2588,8231,0,8211,426,8211,"PointSourceFinite: -123.100, 44.100",SLAB,4,6.95,2.1525051213572202e-07,50.0,8.0,-123.1,44.1,50.0
151,EVT_00000244,6b51b693c48e02f711e7339f,8231,0,8211,545,8211,"PointSourceFinite: -122.600, 44.700",SLAB,0,6.55,5.101413009757248e-07,50.0,8.0,-122.6,44.7,50.0
152,EVT_00000245,64bde459e598d531aad1a6a7,3199,0,3172,0,3172,"Cascadia (unsegmented, 1-2-3-4, top)",INTERFACE,284,8.1,3.531073340564418e-07,5.0,85.0,,,
153,EVT_00000246,d8d2bd60f6b2a28f49dfafc2,3199,7,3151,0,3151,"Cascadia (segmented, 1-2, middle)",INTERFACE,1,8.39,0.0001303029,5.21813375,75.0,-124.79118362248585,42.671325164629074,10.51245985001918
154,EVT_00000248,ce0426b8bed6e115fc321f02,8231,1,8212,635,8212,"PointSourceFinite: -122.600, 45.200",SLAB,1,7.35,2.201326344159016e-08,50.0,8.0,-122.6,45.2,50.0
155,EVT_00000249,fe7178f35fb86bbfd667f825,8231,0,8211,507,8211,"PointSourceFinite: -122.600, 44.500",SLAB,0,6.55,4.271917124909994e-07,50.0,8.0,-122.6,44.5,50.0
156,EVT_00000253,fdc2ac1f554aef0834961484,8231,0,8211,92,8211,"PointSourceFinite: -123.500, 42.500",SLAB,6,7.15,3.456608891658069e-07,42.0,8.0,-123.5,42.5,42.0
157,EVT_00000256,9efef7eab160a41f2deee078,8231,0,8211,441,8211,"PointSourceFinite: -123.500, 44.200",SLAB,2,6.75,3.4044986004081945e-07,42.0,8.0,-123.5,44.2,42.0
158,EVT_00000257,15d98463fcab851aad024cf9,3199,1,3160,0,3160,"Cascadia (unsegmented, 1-2-3, bottom)",INTERFACE,696,8.1,1.000721591214509e-06,5.4085385172211184,145.0,,,
159,EVT_00000258,6cb04dfe62fd2fb6772efb65,3199,19,3161,0,3161,"Cascadia (segmented, 1-2-3, middle)",INTERFACE,1,8.53,5.79087e-05,5.174507,80.0,-124.82733749178772,43.32258718509599,11.008672272906797
160,EVT_00000259,d0df849688678c139f893bc3,8231,0,8211,106,8211,"PointSourceFinite: -124.200, 42.600",SLAB,4,6.95,5.517250811294765e-07,42.0,8.0,-124.2,42.6,42.0
161,EVT_00000260,15fa8d3ee4fde75813cc3b7d,8231,0,8211,610,8211,"PointSourceFinite: -123.300, 45.100",SLAB,2,6.75,8.496276034363927e-07,42.0,8.0,-123.3,45.1,42.0
162,EVT_00000261,d213b502ced35c3c32c283b9,3199,1,3160,0,3160,"Cascadia (unsegmented, 1-2-3, bottom)",INTERFACE,554,8.6,1.275510165877351e-06,5.0,145.0,,,
163,EVT_00000262,af6bee38d2d1734393915325,8231,0,8211,699,8211,"PointSourceFinite: -123.000, 45.600",SLAB,1,6.65,5.632303993582756e-07,50.0,8.0,-123.0,45.6,50.0
164,EVT_00000263,acba909f0fdb17b08b9c6051,8231,0,8211,127,8211,"PointSourceFinite: -124.200, 42.700",SLAB,2,6.75,5.936322636945028e-07,42.0,8.0,-124.2,42.7,42.0
165,EVT_00000264,b30d5df00f2500fa95b0d6be,8231,0,8211,539,8211,"PointSourceFinite: -123.200, 44.700",SLAB,5,7.05,5.356469243627293e-07,50.0,8.0,-123.2,44.7,50.0
166,EVT_00000265,1785fefcc9a4e0e23b996427,8231,0,8211,703,8211,"PointSourceFinite: -122.600, 45.600",SLAB,1,6.65,3.6284680140058643e-07,50.0,8.0,-122.6,45.6,50.0
167,EVT_00000266,126494db22e87ecc789b0832,8231,0,8211,495,8211,"PointSourceFinite: -123.800, 44.500",SLAB,5,7.05,4.035388066561048e-07,42.0,8.0,-123.8,44.5,42.0
168,EVT_00000270,33cf1714e5e3412fb71dc060,8231,0,8211,420,8211,"PointSourceFinite: -123.700, 44.100",SLAB,3,6.85,2.356426771781301e-07,42.0,8.0,-123.7,44.1,42.0
169,EVT_00000271,6b9b89690bcda4bfd9a2e134,3199,10,3171,0,3171,"Cascadia (unsegmented, 1-2-3-4, middle)",INTERFACE,1147,8.7,5.341880181879504e-07,5.06814486985943,105.0,,,
170,EVT_00000272,2cae34b2dfc5dd2fcd1bd5ee,8231,0,8211,573,8211,"PointSourceFinite: -123.400, 44.900",SLAB,4,6.95,7.018145446584932e-07,42.0,8.0,-123.4,44.9,42.0
171,EVT_00000273,3b42216f66460afa5a837188,8231,0,8211,613,8211,"PointSourceFinite: -123.000, 45.100",SLAB,1,6.65,7.784725359728249e-07,50.0,8.0,-123.0,45.1,50.0
172,EVT_00000274,87a917dd896a1d75c947233e,3199,1,3160,0,3160,"Cascadia (unsegmented, 1-2-3, bottom)",INTERFACE,1062,8.5,6.232945289588634e-07,5.0,145.0,,,
173,EVT_00000276,07332de7812c38ece09ceed9,3199,9,3161,0,3161,"Cascadia (unsegmented, 1-2-3, middle)",INTERFACE,1113,8.6,6.264536216300861e-07,5.0312651995403295,80.0,,,
174,EVT_00000278,6beab3e717ea80e799260115,8231,0,8211,105,8211,"PointSourceFinite: -124.300, 42.600",SLAB,6,7.15,4.504938119148618e-07,42.0,8.0,-124.3,42.6,42.0
175,EVT_00000280,464f4115cac51d755677187b,3199,12,3162,0,3162,"Cascadia (unsegmented, 1-2-3, top)",INTERFACE,410,8.4,8.680555295554194e-07,5.0,70.0,,,
176,EVT_00000281,6e2d8ba2098cf6c94621aa47,8231,0,8211,160,8211,"PointSourceFinite: -123.000, 42.800",SLAB,4,6.95,1.6230217877623714e-07,50.0,8.0,-123.0,42.8,50.0
177,EVT_00000282,0ebaa4ddb3a131417cecbcce,3199,16,3150,0,3150,"Cascadia (segmented, 1-2, bottom)",INTERFACE,1,8.65,0.0001303029,5.21813375,140.0,-124.41590263771252,42.67435473406528,17.36571521571734
178,EVT_00000283,f68ff083a2008aa643060e13,8231,0,8211,610,8211,"PointSourceFinite: -123.300, 45.100",SLAB,3,6.85,7.748695837499745e-07,42.0,8.0,-123.3,45.1,42.0
179,EVT_00000285,a265189ddb71d093ec6c3150,3199,4,3152,0,3152,"Cascadia (segmented, 1-2, top)",INTERFACE,1,8.3,0.0001303029,5.21813375,60.0,-124.87047509247918,42.66758098544125,9.463388718238386
180,EVT_00000286,9b72c4d7e0c056e743fe6087,8231,0,8211,77,8211,"PointSourceFinite: -122.900, 42.400",SLAB,5,7.05,1.6008278378692765e-07,50.0,8.0,-122.9,42.4,50.0
181,EVT_00000289,26f6f610d7000b5d868564ad,8231,0,8211,706,8211,"PointSourceFinite: -122.300, 45.600",SLAB,2,6.75,2.2237193423598886e-07,60.0,8.0,-122.3,45.6,60.0
182,EVT_00000290,080aad1d8da052ce8acbc08e,8231,0,8211,748,8211,"PointSourceFinite: -123.100, 45.900",SLAB,5,7.05,2.600241114385132e-07,50.0,8.0,-123.1,45.9,50.0
183,EVT_00000292,0b1ba601d5044c215b102b5b,8231,0,8211,569,8211,"PointSourceFinite: -123.800, 44.900",SLAB,0,6.55,9.278290318717368e-07,42.0,8.0,-123.8,44.9,42.0
184,EVT_00000293,f0e94c3ca172ec3bdf600f66,8231,0,8211,504,8211,"PointSourceFinite: -122.900, 44.500",SLAB,1,6.65,5.187234213425006e-07,50.0,8.0,-122.9,44.5,50.0
185,EVT_00000294,4dbd4539453d62b805c0cf7a,3199,0,3172,0,3172,"Cascadia (unsegmented, 1-2-3-4, top)",INTERFACE,1311,8.0,6.677807792741574e-07,5.0,85.0,,,
186,EVT_00000295,55c17cd0c1125b364867a789,8231,0,8211,570,8211,"PointSourceFinite: -123.700, 44.900",SLAB,2,6.75,8.102640940484804e-07,42.0,8.0,-123.7,44.9,42.0
187,EVT_00000298,2b08d98317fbd516528e2a25,8231,0,8211,733,8211,"PointSourceFinite: -123.000, 45.800",SLAB,2,6.75,3.8272918790121474e-07,50.0,8.0,-123.0,45.8,50.0
188,EVT_00000299,7cef8c9a2fc8187936f5b64e,8231,0,8211,8,8211,"PointSourceFinite: -123.500, 42.100",SLAB,1,6.65,5.629583323032229e-07,42.0,8.0,-123.5,42.1,42.0
189,EVT_00000300,fcd827c7c25a3e59336ff6ef,3199,17,3111,0,3111,"Cascadia (segmented, 1, middle)",INTERFACE,1,8.22,0.0001447884,5.349014,75.0,-124.7296433232098,42.0203457121948,10.209791491788426
190,EVT_00000303,5b4716623f6f6ed3059baf7e,8231,0,8211,20,8211,"PointSourceFinite: -122.300, 42.100",SLAB,0,6.55,1.2350597648701897e-07,60.0,8.0,-122.3,42.1,60.0
191,EVT_00000306,d55d6127c8c3736d175aa017,8231,0,8211,656,8211,"PointSourceFinite: -123.900, 45.400",SLAB,5,7.05,5.125949647968367e-07,42.0,8.0,-123.9,45.4,42.0
192,EVT_00000307,e4ea07048b445dbc7a127b27,3199,10,3171,0,3171,"Cascadia (unsegmented, 1-2-3-4, middle)",INTERFACE,1664,8.2,4.431346968677581e-07,5.0,105.0,,,
193,EVT_00000312,316d4fa1ad9ef020b1d50dde,8231,0,8211,172,8211,"PointSourceFinite: -123.900, 42.900",SLAB,2,6.75,4.191416604622485e-07,42.0,8.0,-123.9,42.9,42.0
194,EVT_00000313,1ab89ed8295633f055c41bc4,3199,10,3171,0,3171,"Cascadia (unsegmented, 1-2-3-4, middle)",INTERFACE,759,8.4,4.006410136409629e-07,5.0,105.0,,,
195,EVT_00000315,e12dd1fdb2a131635d562ebb,8231,0,8211,586,8211,"PointSourceFinite: -123.900, 45.000",SLAB,1,6.65,8.179091043220935e-07,42.0,8.0,-123.9,45.0,42.0
196,EVT_00000318,7b12f9d9ca3a0ceef1cc1e79,8231,0,8211,175,8211,"PointSourceFinite: -123.600, 42.900",SLAB,2,6.75,3.499674003687681e-07,42.0,8.0,-123.6,42.9,42.0
197,EVT_00000320,5248ada5c3ca0b18bd7b73d3,8231,0,8211,623,8211,"PointSourceFinite: -123.800, 45.200",SLAB,0,6.55,9.526269202695344e-07,42.0,8.0,-123.8,45.2,42.0
198,EVT_00000321,e1c29b5c35355e91386a8b47,3199,19,3161,0,3161,"Cascadia (segmented, 1-2-3, middle)",INTERFACE,0,8.44,5.8082600000000005e-05,5.174507,80.0,-124.82733749178772,43.32258718509599,11.008672272906797
199,EVT_00000322,dc956ae087b5cb94eb0b32d1,3199,15,3170,0,3170,"Cascadia (unsegmented, 1-2-3-4, bottom)",INTERFACE,1248,8.7,5.252100683024388e-07,5.0,155.0,,,
200,EVT_00000325,ad13e0fc61b8705dd1b39135,8231,0,8211,741,8211,"PointSourceFinite: -123.800, 45.900",SLAB,0,6.55,4.369677584203357e-07,42.0,8.0,-123.8,45.9,42.0
201,EVT_00000328,3ecc0812cfc75c96500cf484,3199,9,3161,0,3161,"Cascadia (unsegmented, 1-2-3, middle)",INTERFACE,406,8.4,8.56164357917674e-07,5.0,80.0,,,
202,EVT_00000330,2d49093b50740ae7e7aea025,8231,0,8211,685,8211,"PointSourceFinite: -122.700, 45.500",SLAB,6,7.15,2.8818933273869325e-07,50.0,8.0,-122.7,45.5,50.0
203,EVT_00000333,79ee9f0271e8f69da90d8879,8231,0,8211,754,8211,"PointSourceFinite: -122.500, 45.900",SLAB,4,6.95,1.6249711372171298e-07,50.0,8.0,-122.5,45.9,50.0
204,EVT_00000339,119b18d9cb410b4a6dc31a4b,8231,0,8211,742,8211,"PointSourceFinite: -123.700, 45.900",SLAB,6,7.15,2.619657193612732e-07,42.0,8.0,-123.7,45.9,42.0
205,EVT_00000340,e0d3dcf3fb306f58ef36f743,3199,9,3161,0,3161,"Cascadia (unsegmented, 1-2-3, middle)",INTERFACE,527,8.6,1.275510165877351e-06,5.001564638227635,80.0,,,
206,EVT_00000343,f4e4b79a71f9a1f455d4dcea,8231,0,8211,555,8211,"PointSourceFinite: -123.400, 44.800",SLAB,2,6.75,8.026053683347105e-07,42.0,8.0,-123.4,44.8,42.0
207,EVT_00000344,a2424eaa6bae356dfd59c0a1,8231,0,8211,704,8211,"PointSourceFinite: -122.500, 45.600",SLAB,6,7.15,2.009382346152847e-07,50.0,8.0,-122.5,45.6,50.0
208,EVT_00000345,02ae7af23db9ff6523edcd26,8231,0,8211,475,8211,"PointSourceFinite: -123.900, 44.400",SLAB,5,7.05,3.2249332133772125e-07,42.0,8.0,-123.9,44.4,42.0
209,EVT_00000347,64274ff6b6b78779d3c17317,8231,0,8211,259,8211,"PointSourceFinite: -123.600, 43.300",SLAB,0,6.55,1.940795193073004e-07,42.0,8.0,-123.6,43.3,42.0
210,EVT_00000351,c73e08566c28130f8ca22350,8231,0,8211,28,8211,"PointSourceFinite: -123.600, 42.200",SLAB,1,6.65,6.452098712315426e-07,42.0,8.0,-123.6,42.2,42.0
211,EVT_00000353,5194ecc7a7490b99a6276d4b,8231,0,8211,67,8211,"PointSourceFinite: -123.900, 42.400",SLAB,1,6.65,7.894124846798638e-07,42.0,8.0,-123.9,42.4,42.0
212,EVT_00000354,061019225051b3bb25b229bb,8231,0,8211,777,8211,"PointSourceFinite: -123.400, 46.100",SLAB,4,6.95,2.0905061758177362e-07,42.0,8.0,-123.4,46.1,42.0
213,EVT_00000356,8be4a234a52a6b115f6d2322,8231,0,8211,505,8211,"PointSourceFinite: -122.800, 44.500",SLAB,1,6.65,4.7616043507789684e-07,50.0,8.0,-122.8,44.5,50.0
214,EVT_00000359,b190f6b1b07856fb1aebdabe,3199,14,3112,0,3112,"Cascadia (segmented, 1, top)",INTERFACE,2,8.32,0.0001447884,5.349014,60.0,-124.80867568233194,42.02072601140531,9.26663316514785
215,EVT_00000361,e26b7c0ce5c6b6318b7dc22d,3199,9,3161,0,3161,"Cascadia (unsegmented, 1-2-3, middle)",INTERFACE,1020,8.4,6.66441670347842e-07,5.0,80.0,,,
216,EVT_00000362,b090b679b95139c8d889ae00,3199,9,3161,0,3161,"Cascadia (unsegmented, 1-2-3, middle)",INTERFACE,650,8.0,1.1864454622055416e-06,5.0,80.0,,,
217,EVT_00000363,1d1b774f0f52fbca4749935a,8231,0,8211,93,8211,"PointSourceFinite: -123.400, 42.500",SLAB,0,6.55,5.312992391057127e-07,42.0,8.0,-123.4,42.5,42.0
218,EVT_00000365,b2bb4e684b74cbc9fb7e94d4,3199,9,3161,0,3161,"Cascadia (unsegmented, 1-2-3, middle)",INTERFACE,1178,8.7,7.171435344381447e-07,5.0,80.0,,,
219,EVT_00000366,312165d834b9709478127945,8231,0,8211,668,8211,"PointSourceFinite: -122.700, 45.400",SLAB,1,6.65,4.969820860688481e-07,50.0,8.0,-122.7,45.4,50.0
220,EVT_00000367,7bbf8e3877cd8ea6f69e771c,8231,0,8211,632,8211,"PointSourceFinite: -122.900, 45.200",SLAB,3,6.85,5.773476111036999e-07,50.0,8.0,-122.9,45.2,50.0
221,EVT_00000372,fa7a254b295f101f87200602,8231,0,8211,607,8211,"PointSourceFinite: -123.600, 45.100",SLAB,5,7.05,6.581165242171487e-07,42.0,8.0,-123.6,45.1,42.0
222,EVT_00000373,facf18108cc83bb4a2dc59a5,8231,0,8211,106,8211,"PointSourceFinite: -124.200, 42.600",SLAB,5,7.05,5.031792543346012e-07,42.0,8.0,-124.2,42.6,42.0
223,EVT_00000374,244f2272575d1ac9ed35260e,8231,0,8211,514,8211,"PointSourceFinite: -123.800, 44.600",SLAB,3,6.85,5.539829087047124e-07,42.0,8.0,-123.8,44.6,42.0
224,EVT_00000377,882942d9e383e071c7e467d4,3199,9,3161,0,3161,"Cascadia (unsegmented, 1-2-3, middle)",INTERFACE,1041,8.5,6.232945289588634e-07,5.192953800881996,80.0,,,
225,EVT_00000378,940b151cdf4bf990e76badd1,8231,0,8211,193,8211,"PointSourceFinite: -123.900, 43.000",SLAB,3,6.85,3.145160998407162e-07,42.0,8.0,-123.9,43.0,42.0
226,EVT_00000382,80c1318e5035497e83393b6d,8231,0,8211,282,8211,"PointSourceFinite: -123.400, 43.400",SLAB,0,6.55,1.530435826576131e-07,42.0,8.0,-123.4,43.4,42.0
227,EVT_00000384,ffd7d18f784a01885ba7be12,8231,0,8211,198,8211,"PointSourceFinite: -123.400, 43.000",SLAB,1,6.65,2.6697103770093535e-07,42.0,8.0,-123.4,43.0,42.0
228,EVT_00000385,a610e830d8924f8b3afe3355,8231,0,8211,736,8211,"PointSourceFinite: -122.700, 45.800",SLAB,0,6.55,3.429144321050633e-07,50.0,8.0,-122.7,45.8,50.0
229,EVT_00000387,dfa20aa2de8359bf562dfdce,8231,0,8211,111,8211,"PointSourceFinite: -123.700, 42.600",SLAB,4,6.95,4.690108133652905e-07,42.0,8.0,-123.7,42.6,42.0
230,EVT_00000389,a81ae4486f57bd5f09fc3a59,8231,0,8211,2,8211,"PointSourceFinite: -124.100, 42.100",SLAB,0,6.55,9.111148005185304e-07,42.0,8.0,-124.1,42.1,42.0
231,EVT_00000390,c4c2a98e28855f433e63e058,8231,1,8212,237,8212,"PointSourceFinite: -123.700, 43.200",SLAB,2,7.45,8.488075213521665e-09,42.0,8.0,-123.7,43.2,42.0
232,EVT_00000391,e979a26f796e251bf08e2b96,8231,0,8211,746,8211,"PointSourceFinite: -123.300, 45.900",SLAB,6,7.15,2.616380348608909e-07,42.0,8.0,-123.3,45.9,42.0
233,EVT_00000392,8c820946963ee6028b0b18cf,8231,0,8211,502,8211,"PointSourceFinite: -123.100, 44.500",SLAB,3,6.85,4.93252188943564e-07,50.0,8.0,-123.1,44.5,50.0
234,EVT_00000394,22d944b05e6e4288a8995062,3199,1,3160,0,3160,"Cascadia (unsegmented, 1-2-3, bottom)",INTERFACE,427,8.4,8.56164357917674e-07,5.0,145.0,,,
235,EVT_00000395,eb05532252b24b1635f6bc28,8231,0,8211,21,8211,"PointSourceFinite: -124.300, 42.200",SLAB,4,6.95,6.347211504893415e-07,42.0,8.0,-124.3,42.2,42.0
236,EVT_00000399,1a79e5cdc1fe57d4f11b9bb7,8231,0,8211,126,8211,"PointSourceFinite: -124.300, 42.700",SLAB,1,6.65,6.387014554865738e-07,42.0,8.0,-124.3,42.7,42.0
237,EVT_00000400,638cb5c46f4aa349803af299,8231,0,8211,434,8211,"PointSourceFinite: -122.300, 44.100",SLAB,4,6.95,1.2598089129869674e-07,60.0,8.0,-122.3,44.1,60.0
238,EVT_00000401,09e11e23ea9c79cd1ec090a1,8231,0,8211,764,8211,"PointSourceFinite: -123.100, 46.000",SLAB,6,7.15,1.9367406352272058e-07,50.0,8.0,-123.1,46.0,50.0
239,EVT_00000404,c8407498b4f2acadbb349fbe,8231,0,8211,674,8211,"PointSourceFinite: -123.800, 45.500",SLAB,0,6.55,7.957463490450394e-07,42.0,8.0,-123.8,45.5,42.0
240,EVT_00000405,7b7c8099acde1cf1f623f719,8231,0,8211,647,8211,"PointSourceFinite: -123.100, 45.300",SLAB,3,6.85,6.573800475930321e-07,50.0,8.0,-123.1,45.3,50.0
241,EVT_00000406,afcf042756e5e70a59b96e5a,8231,0,8211,61,8211,"PointSourceFinite: -122.400, 42.300",SLAB,3,6.85,1.0178251172356293e-07,60.0,8.0,-122.4,42.3,60.0
242,EVT_00000408,c191ca24bc29247fdcfb4bf1,8231,0,8211,18,8211,"PointSourceFinite: -122.500, 42.100",SLAB,1,6.65,1.3205905669379253e-07,50.0,8.0,-122.5,42.1,50.0
243,EVT_00000409,eaa77b4f070744b7840995fa,8231,0,8211,757,8211,"PointSourceFinite: -123.800, 46.000",SLAB,4,6.95,2.4587967569970624e-07,42.0,8.0,-123.8,46.0,42.0
244,EVT_00000410,ae88a7117b356163b606dd86,3199,12,3162,0,3162,"Cascadia (unsegmented, 1-2-3, top)",INTERFACE,782,8.2,8.567270806109988e-07,5.389968299243611,70.0,,,
245,EVT_00000412,ede0888aafe5ecf0b1bc459b,3199,15,3170,0,3170,"Cascadia (unsegmented, 1-2-3-4, bottom)",INTERFACE,2089,8.4,3.079129236417244e-07,5.0,155.0,,,
246,EVT_00000413,e27d56078f7724e0252aebb6,3199,10,3171,0,3171,"Cascadia (unsegmented, 1-2-3-4, middle)",INTERFACE,1309,8.0,6.57010121543929e-07,5.0,105.0,,,
247,EVT_00000414,4b84989439c6244c396c1263,8231,0,8211,46,8211,"PointSourceFinite: -123.900, 42.300",SLAB,1,6.65,8.066865063880927e-07,42.0,8.0,-123.9,42.3,42.0
248,EVT_00000415,a50e0be11a885a5d16207902,8231,0,8211,144,8211,"PointSourceFinite: -122.500, 42.700",SLAB,0,6.55,1.3767449917127234e-07,50.0,8.0,-122.5,42.7,50.0
249,EVT_00000416,b0483a3261aa2ed403001d01,8231,0,8211,239,8211,"PointSourceFinite: -123.500, 43.200",SLAB,2,6.75,1.830938446872032e-07,42.0,8.0,-123.5,43.2,42.0
250,EVT_00000417,62d7efd1b0ffb7191e9e92a5,8231,0,8211,633,8211,"PointSourceFinite: -122.800, 45.200",SLAB,0,6.55,6.843220932047702e-07,50.0,8.0,-122.8,45.2,50.0
251,EVT_00000418,d5db90bda84ff0fb92d0afd2,8231,0,8211,7,8211,"PointSourceFinite: -123.600, 42.100",SLAB,2,6.75,5.735469242549906e-07,42.0,8.0,-123.6,42.1,42.0
252,EVT_00000420,afacd776711b58eac96b35aa,8231,0,8211,257,8211,"PointSourceFinite: -123.800, 43.300",SLAB,0,6.55,2.100412722526286e-07,42.0,8.0,-123.8,43.3,42.0
253,EVT_00000424,ca32dcc77e3af0d58ffb8623,8231,0,8211,187,8211,"PointSourceFinite: -122.400, 42.900",SLAB,2,6.75,9.974201879598457e-08,60.0,8.0,-122.4,42.9,60.0
254,EVT_00000428,1606ed3405185c8bb2eb18b8,8231,0,8211,348,8211,"PointSourceFinite: -122.900, 43.700",SLAB,0,6.55,1.386584502225235e-07,50.0,8.0,-122.9,43.7,50.0
255,EVT_00000429,7a6030f89629b8b69ff3f072,3199,2,3142,0,3142,"Cascadia (segmented, 4, top)",INTERFACE,0,8.34,0.000334,5.0,100.0,-125.85875103634422,47.95932868044565,12.902965767737427
256,EVT_00000430,8bf485f52cb7ece5241ab507,3199,20,3162,0,3162,"Cascadia (segmented, 1-2-3, top)",INTERFACE,0,8.37,5.8082600000000005e-05,5.174507,70.0,-124.91323414535124,43.31767218224153,9.81658118385908
257,EVT_00000431,2bd7ad912fc3436deb8a7f81,8231,0,8211,588,8211,"PointSourceFinite: -123.700, 45.000",SLAB,1,6.65,9.15936293728288e-07,42.0,8.0,-123.7,45.0,42.0
258,EVT_00000433,a86812a8e5870e8481f6ae39,8231,0,8211,411,8211,"PointSourceFinite: -122.600, 44.000",SLAB,2,6.75,1.6033561877151186e-07,50.0,8.0,-122.6,44.0,50.0
259,EVT_00000434,4d3b46955bc45198fca058c9,3199,0,3172,0,3172,"Cascadia (unsegmented, 1-2-3-4, top)",INTERFACE,2192,8.5,2.721426816580953e-07,5.0,85.0,,,
260,EVT_00000435,18201050bfc5bcad06dd3f51,3199,1,3160,0,3160,"Cascadia (unsegmented, 1-2-3, bottom)",INTERFACE,930,8.3,7.379159742457803e-07,5.0,145.0,,,
261,EVT_00000437,c83465b0b08d2fbb3cb350cd,3199,9,3161,0,3161,"Cascadia (unsegmented, 1-2-3, middle)",INTERFACE,598,8.0,1.1864454622055416e-06,5.2596178356685614,80.0,,,
262,EVT_00000440,31a408c242014cb65ee3b6a7,8231,0,8211,69,8211,"PointSourceFinite: -123.700, 42.400",SLAB,6,7.15,4.3973201548134186e-07,42.0,8.0,-123.7,42.4,42.0
263,EVT_00000442,0ee344221ea1247ffc46849c,8231,0,8211,391,8211,"PointSourceFinite: -122.600, 43.900",SLAB,3,6.85,1.2398826837654564e-07,50.0,8.0,-122.6,43.9,50.0
264,EVT_00000443,285e59cf434c729bd9caab3e,8231,0,8211,524,8211,"PointSourceFinite: -122.800, 44.600",SLAB,5,7.05,3.679648776239442e-07,50.0,8.0,-122.8,44.6,50.0
265,EVT_00000445,c7c86a9ddf9d6110ea963cf9,8231,0,8211,21,8211,"PointSourceFinite: -124.300, 42.200",SLAB,1,6.65,8.367254337368502e-07,42.0,8.0,-124.3,42.2,42.0
266,EVT_00000447,6c3f460d671f7b2d9d3b5d96,8231,0,8211,42,8211,"PointSourceFinite: -124.300, 42.300",SLAB,2,6.75,7.62414347590127e-07,42.0,8.0,-124.3,42.3,42.0
267,EVT_00000448,f5c8557421f3993c93fb1628,8231,0,8211,493,8211,"PointSourceFinite: -124.000, 44.500",SLAB,4,6.95,3.8273486436950177e-07,42.0,8.0,-124.0,44.5,42.0
268,EVT_00000449,17bbc678ac9f243a361ef9c7,8231,0,8211,697,8211,"PointSourceFinite: -123.200, 45.600",SLAB,4,6.95,4.920428826555005e-07,50.0,8.0,-123.2,45.6,50.0
269,EVT_00000450,7da0e5312d98f1d86efbf47c,8231,0,8211,584,8211,"PointSourceFinite: -122.300, 44.900",SLAB,3,6.85,2.8144964872384425e-07,60.0,8.0,-122.3,44.9,60.0
270,EVT_00000452,13a0cb15d87b4f3bd60c2b2d,8231,0,8211,519,8211,"PointSourceFinite: -123.300, 44.600",SLAB,4,6.95,5.50923427880713e-07,42.0,8.0,-123.3,44.6,42.0
271,EVT_00000453,14cd995a686afcf1a9cf8642,8231,0,8211,116,8211,"PointSourceFinite: -123.200, 42.600",SLAB,2,6.75,3.126817738903319e-07,50.0,8.0,-123.2,42.6,50.0
272,EVT_00000454,b91bec6089cc9cfbbfbe94da,3199,15,3170,0,3170,"Cascadia (unsegmented, 1-2-3-4, bottom)",INTERFACE,1242,8.7,5.252100683024388e-07,5.0,155.0,,,
273,EVT_00000455,961fed163241bdfdbcaf146e,8231,0,8211,593,8211,"PointSourceFinite: -123.200, 45.000",SLAB,5,7.05,6.160419666134725e-07,50.0,8.0,-123.2,45.0,50.0
274,EVT_00000456,036e3f85de1ab048c27811e1,3199,10,3171,0,3171,"Cascadia (unsegmented, 1-2-3-4, middle)",INTERFACE,1874,8.3,3.6895798712289013e-07,5.0,105.0,,,
275,EVT_00000457,d4531f6794a7f114408bcc40,3199,12,3162,0,3162,"Cascadia (unsegmented, 1-2-3, top)",INTERFACE,62,8.0,6.127450796861784e-07,5.0,70.0,,,
276,EVT_00000464,eaada1026169fb1a4a210075,8231,0,8211,698,8211,"PointSourceFinite: -123.100, 45.600",SLAB,0,6.55,6.680289076922828e-07,50.0,8.0,-123.1,45.6,50.0
277,EVT_00000465,0bdcbe8e4ba8e5f26548d5cf,8231,0,8211,414,8211,"PointSourceFinite: -122.300, 44.000",SLAB,0,6.55,1.5875763884100642e-07,60.0,8.0,-122.3,44.0,60.0
278,EVT_00000466,ea0527215fcf74231bc7875a,8231,0,8211,611,8211,"PointSourceFinite: -123.200, 45.100",SLAB,4,6.95,6.76885348352756e-07,50.0,8.0,-123.2,45.1,50.0
279,EVT_00000468,3f73a7948cb7de34ff39e595,3199,0,3172,0,3172,"Cascadia (unsegmented, 1-2-3-4, top)",INTERFACE,748,8.4,4.084967197907856e-07,5.0,85.0,,,
280,EVT_00000471,f9f3eab332eed3bea82e7877,3199,9,3161,0,3161,"Cascadia (unsegmented, 1-2-3, middle)",INTERFACE,348,8.3,7.530120256384362e-07,5.0,80.0,,,
281,EVT_00000472,e082ffc581d93732630fa796,3199,10,3171,0,3171,"Cascadia (unsegmented, 1-2-3-4, middle)",INTERFACE,767,8.4,4.006410136409629e-07,5.0,105.0,,,
282,EVT_00000474,37fec395f031a21dea2ba3c0,8231,0,8211,86,8211,"PointSourceFinite: -124.100, 42.500",SLAB,2,6.75,7.200833785847929e-07,42.0,8.0,-124.1,42.5,42.0
283,EVT_00000475,224cc0d700cb792acebda867,8231,0,8211,252,8211,"PointSourceFinite: -124.300, 43.300",SLAB,5,7.05,1.353999254953302e-07,42.0,8.0,-124.3,43.3,42.0
284,EVT_00000477,fcc4c32d804eefdaaf5f3441,3199,1,3160,0,3160,"Cascadia (unsegmented, 1-2-3, bottom)",INTERFACE,257,8.2,6.868131662416505e-07,5.0,145.0,,,
285,EVT_00000482,752ccbca23aca0ac5a8fc5bf,8231,0,8211,562,8211,"PointSourceFinite: -122.700, 44.800",SLAB,5,7.05,3.8105275399645763e-07,50.0,8.0,-122.7,44.8,50.0
286,EVT_00000483,aecacfe32cad9a4c72762931,3199,1,3160,0,3160,"Cascadia (unsegmented, 1-2-3, bottom)",INTERFACE,122,8.1,6.443298776081463e-07,5.000583005535328,145.0,,,
287,EVT_00000489,6eb151a88d862550b150a981,3199,15,3170,0,3170,"Cascadia (unsegmented, 1-2-3-4, bottom)",INTERFACE,1836,8.3,3.6456563013333184e-07,5.006644880184388,155.0,,,
288,EVT_00000493,47e7051db001c9f543096d76,8231,0,8211,24,8211,"PointSourceFinite: -124.000, 42.200",SLAB,0,6.55,9.148803337342656e-07,42.0,8.0,-124.0,42.2,42.0
289,EVT_00000496,c4442d5eb489ecd48420a9d1,8231,0,8211,141,8211,"PointSourceFinite: -122.800, 42.700",SLAB,0,6.55,1.928251289996624e-07,50.0,8.0,-122.8,42.7,50.0
290,EVT_00000497,ffcee335dc685009c8468629,3199,1,3160,0,3160,"Cascadia (unsegmented, 1-2-3, bottom)",INTERFACE,829,8.2,8.473124973075812e-07,5.0,145.0,,,
291,EVT_00000499,bac0d6c43f458020f67c63b1,8231,0,8211,567,8211,"PointSourceFinite: -124.000, 44.900",SLAB,3,6.85,6.078956097289034e-07,42.0,8.0,-124.0,44.9,42.0
292,EVT_00000502,5b7e0d54172de19d610d93aa,8231,0,8211,556,8211,"PointSourceFinite: -123.300, 44.800",SLAB,2,6.75,7.864936510372082e-07,42.0,8.0,-123.3,44.8,42.0
293,EVT_00000503,1d028e3045223a5f61d361c9,8231,0,8211,650,8211,"PointSourceFinite: -122.800, 45.300",SLAB,6,7.15,3.7671267524929673e-07,50.0,8.0,-122.8,45.3,50.0
294,EVT_00000504,93a04bb50ba885c4ece95eac,3199,3,3140,0,3140,"Cascadia (segmented, 4, bottom)",INTERFACE,2,8.91,0.000333,5.0,165.0,-125.46840644942826,48.04950467399375,18.734828487964784
295,EVT_00000507,9a5f07cd2444316945ca7305,3199,9,3161,0,3161,"Cascadia (unsegmented, 1-2-3, middle)",INTERFACE,380,8.4,8.56164357917674e-07,5.135990294874008,80.0,,,
296,EVT_00000508,9e7414218cd009d75655610e,3199,9,3161,0,3161,"Cascadia (unsegmented, 1-2-3, middle)",INTERFACE,571,8.7,1.8382352390585351e-06,5.020223445940696,80.0,,,
297,EVT_00000510,e985fa69f8c51cd75d25acce,8231,0,8211,127,8211,"PointSourceFinite: -124.200, 42.700",SLAB,0,6.55,7.137029578813264e-07,42.0,8.0,-124.2,42.7,42.0
298,EVT_00000515,7bf34e840e53f0ec2622261b,8231,0,8211,606,8211,"PointSourceFinite: -123.700, 45.100",SLAB,5,7.05,6.388637977151336e-07,42.0,8.0,-123.7,45.1,42.0
299,EVT_00000517,adcea3bcd00beb454464fa18,3199,1,3160,0,3160,"Cascadia (unsegmented, 1-2-3, bottom)",INTERFACE,82,8.0,6.06796098330002e-07,5.0,145.0,,,
300,EVT_00000520,47e4501e35e1a4da978cf815,8231,0,8211,119,8211,"PointSourceFinite: -122.900, 42.600",SLAB,1,6.65,2.1554238966449546e-07,50.0,8.0,-122.9,42.6,50.0
301,EVT_00000521,02c0b81ccded77c536741f33,8231,0,8211,622,8211,"PointSourceFinite: -123.900, 45.200",SLAB,1,6.65,8.145337130417711e-07,42.0,8.0,-123.9,45.2,42.0
302,EVT_00000522,3ce214993c9a9533b0725518,8231,0,8211,676,8211,"PointSourceFinite: -123.600, 45.500",SLAB,4,6.95,5.925550455644492e-07,42.0,8.0,-123.6,45.5,42.0
303,EVT_00000529,75572d572b14369915f9e5ec,8231,0,8211,50,8211,"PointSourceFinite: -123.500, 42.300",SLAB,6,7.15,3.667459646965569e-07,42.0,8.0,-123.5,42.3,42.0
304,EVT_00000535,2a9757d0bcb730a7ac9c4704,8231,0,8211,812,8211,"PointSourceFinite: -123.100, 46.300",SLAB,3,6.85,1.3644150023623988e-07,50.0,8.0,-123.1,46.3,50.0
305,EVT_00000537,e8ee0ede63b871325922e4d6,8231,1,8212,168,8212,"PointSourceFinite: -124.300, 42.900",SLAB,0,7.25,2.5276554967656195e-08,42.0,8.0,-124.3,42.9,42.0
306,EVT_00000538,d226c870face42e8fa852521,8231,0,8211,290,8211,"PointSourceFinite: -122.600, 43.400",SLAB,1,6.65,1.0238826030428185e-07,50.0,8.0,-122.6,43.4,50.0
307,EVT_00000539,fc1b2413ddfa94b7df363abe,3199,9,3161,0,3161,"Cascadia (unsegmented, 1-2-3, middle)",INTERFACE,346,8.3,7.530120256384362e-07,5.0,80.0,,,
308,EVT_00000541,44ea5129cd14101314705c0e,8231,0,8211,811,8211,"PointSourceFinite: -123.200, 46.300",SLAB,0,6.55,1.8621071872430325e-07,50.0,8.0,-123.2,46.3,50.0
309,EVT_00000542,939f237c8039d717c6f14c13,3199,1,3160,0,3160,"Cascadia (unsegmented, 1-2-3, bottom)",INTERFACE,787,8.1,1.000721591214509e-06,5.0,145.0,,,
310,EVT_00000544,b331e2e9b6a9a9573d6b3362,3199,20,3162,0,3162,"Cascadia (segmented, 1-2-3, top)",INTERFACE,2,8.68,5.79087e-05,5.174507,70.0,-124.91323414535124,43.31767218224153,9.81658118385908
311,EVT_00000548,1741589700d0fc1c7c6d2d50,8231,0,8211,28,8211,"PointSourceFinite: -123.600, 42.200",SLAB,4,6.95,4.894417395037153e-07,42.0,8.0,-123.6,42.2,42.0
312,EVT_00000550,18051ee91172c6a485ac4fc6,8231,0,8211,716,8211,"PointSourceFinite: -123.000, 45.700",SLAB,0,6.55,5.395493464434576e-07,50.0,8.0,-123.0,45.7,50.0
313,EVT_00000551,8bacd27ec67344b79850849f,8231,0,8211,448,8211,"PointSourceFinite: -122.800, 44.200",SLAB,6,7.15,1.857338471755973e-07,50.0,8.0,-122.8,44.2,50.0
314,EVT_00000552,9614194247866d7f29fc9bef,8231,0,8211,168,8211,"PointSourceFinite: -124.300, 42.900",SLAB,0,6.55,5.111920885667948e-07,42.0,8.0,-124.3,42.9,42.0
315,EVT_00000554,547a79c3cdc1c7ceb36069f9,8231,0,8211,484,8211,"PointSourceFinite: -123.000, 44.400",SLAB,2,6.75,4.402036227316637e-07,50.0,8.0,-123.0,44.4,50.0
316,EVT_00000555,782b6b111d2aead90d0eee2e,8231,0,8211,590,8211,"PointSourceFinite: -123.500, 45.000",SLAB,3,6.85,7.951887428357452e-07,42.0,8.0,-123.5,45.0,42.0
317,EVT_00000558,bcb57bb585f1f49e3c19128a,8231,0,8211,576,8211,"PointSourceFinite: -123.100, 44.900",SLAB,4,6.95,6.238211632261621e-07,50.0,8.0,-123.1,44.9,50.0
318,EVT_00000559,b7915ff72cde6512cd96e627,3199,0,3172,0,3172,"Cascadia (unsegmented, 1-2-3-4, top)",INTERFACE,508,8.2,3.6549706507596613e-07,5.0,85.0,,,
319,EVT_00000560,d04624ee93a1249dc5bd628d,8231,0,8211,154,8211,"PointSourceFinite: -123.600, 42.800",SLAB,3,6.85,3.739635948948796e-07,42.0,8.0,-123.6,42.8,42.0
320,EVT_00000562,26924fe705f57d8d773397f3,8231,0,8211,239,8211,"PointSourceFinite: -123.500, 43.200",SLAB,0,6.55,2.2012721766478882e-07,42.0,8.0,-123.5,43.2,42.0
321,EVT_00000565,a99fd90ce8032eae8c048137,8231,0,8211,626,8211,"PointSourceFinite: -123.500, 45.200",SLAB,6,7.15,5.978922614402774e-07,42.0,8.0,-123.5,45.2,42.0
322,EVT_00000568,f7f5191f4008f0a53da7e5bd,8231,0,8211,681,8211,"PointSourceFinite: -123.100, 45.500",SLAB,1,6.65,6.808484337721884e-07,50.0,8.0,-123.1,45.5,50.0
323,EVT_00000574,82067b57a94712720597fde9,8231,0,8211,201,8211,"PointSourceFinite: -123.100, 43.000",SLAB,6,7.15,1.2084401977616282e-07,50.0,8.0,-123.1,43.0,50.0
324,EVT_00000576,4379993da9c0bf6328a814ca,8231,0,8211,69,8211,"PointSourceFinite: -123.700, 42.400",SLAB,2,6.75,6.356061436469957e-07,42.0,8.0,-123.7,42.4,42.0
325,EVT_00000578,1280d555e5a1239cfe05c338,8231,0,8211,72,8211,"PointSourceFinite: -123.400, 42.400",SLAB,0,6.55,5.53115478048483e-07,42.0,8.0,-123.4,42.4,42.0
326,EVT_00000579,66bdb2571a2d06e4a7283c7d,8231,0,8211,698,8211,"PointSourceFinite: -123.100, 45.600",SLAB,4,6.95,4.6216308781066853e-07,50.0,8.0,-123.1,45.6,50.0
327,EVT_00000580,926dca786ec876566f52555f,8231,0,8211,627,8211,"PointSourceFinite: -123.400, 45.200",SLAB,0,6.55,1.0307401869879102e-06,42.0,8.0,-123.4,45.2,42.0
328,EVT_00000581,19bf6ba873f9b761cecdf47d,8231,0,8211,171,8211,"PointSourceFinite: -124.000, 42.900",SLAB,5,7.05,3.2670237276869506e-07,42.0,8.0,-124.0,42.9,42.0
329,EVT_00000584,0d61c8adbd71e100d40ac3b2,8231,0,8211,68,8211,"PointSourceFinite: -123.800, 42.400",SLAB,2,6.75,6.828538721941744e-07,42.0,8.0,-123.8,42.4,42.0
330,EVT_00000588,cdbbe1e79e2ba5c6284bb8e7,8231,0,8211,682,8211,"PointSourceFinite: -123.000, 45.500",SLAB,2,6.75,5.735519897261004e-07,50.0,8.0,-123.0,45.5,50.0
331,EVT_00000589,2018b22b1d468fbd00b0f23f,8231,0,8211,3,8211,"PointSourceFinite: -124.000, 42.100",SLAB,0,6.55,8.941627692953255e-07,42.0,8.0,-124.0,42.1,42.0
332,EVT_00000592,a0f45722971ef7e1ef7e6af4,3199,9,3161,0,3161,"Cascadia (unsegmented, 1-2-3, middle)",INTERFACE,323,8.3,7.530120256384362e-07,5.0,80.0,,,
333,EVT_00000595,2f49b52d765cc927ae0d89ac,3199,9,3161,0,3161,"Cascadia (unsegmented, 1-2-3, middle)",INTERFACE,436,8.4,8.56164357917674e-07,5.0,80.0,,,
334,EVT_00000597,d0b224a71e2710a46968f4ac,8231,0,8211,796,8211,"PointSourceFinite: -123.100, 46.200",SLAB,1,6.65,2.0051870773761442e-07,50.0,8.0,-123.1,46.2,50.0
335,EVT_00000599,2daafd6da0ef78b4c6250ad0,3199,12,3162,0,3162,"Cascadia (unsegmented, 1-2-3, top)",INTERFACE,843,8.2,8.567270806109988e-07,5.0,70.0,,,
336,EVT_00000601,2f8d9df4ec7c309abcbb1047,3199,12,3162,0,3162,"Cascadia (unsegmented, 1-2-3, top)",INTERFACE,697,8.1,1.011145774456327e-06,5.086563848455384,70.0,,,
337,EVT_00000602,de42af7cd5d1064a1a573ecd,8231,0,8211,630,8211,"PointSourceFinite: -123.100, 45.200",SLAB,0,6.55,9.028346276358276e-07,50.0,8.0,-123.1,45.2,50.0
338,EVT_00000603,cb88ebf30159272a3ef2f637,8231,0,8211,12,8211,"PointSourceFinite: -123.100, 42.100",SLAB,2,6.75,2.86490435594348e-07,50.0,8.0,-123.1,42.1,50.0
339,EVT_00000604,c5e85b4a1c6a88b87afa7834,3199,1,3160,0,3160,"Cascadia (unsegmented, 1-2-3, bottom)",INTERFACE,511,8.6,1.275510165877351e-06,5.164121623738708,145.0,,,
340,EVT_00000607,f4609a7e2bb0e076cdddc8e2,8231,0,8211,547,8211,"PointSourceFinite: -122.400, 44.700",SLAB,1,6.65,3.634306040390833e-07,60.0,8.0,-122.4,44.7,60.0
341,EVT_00000609,caf356e94f29f3dde146ab22,8231,0,8211,288,8211,"PointSourceFinite: -122.800, 43.400",SLAB,6,7.15,6.837370791940406e-08,50.0,8.0,-122.8,43.4,50.0
342,EVT_00000611,2757f886d431843768fa4a90,3199,12,3162,0,3162,"Cascadia (unsegmented, 1-2-3, top)",INTERFACE,467,8.5,1.024590133245741e-06,5.0,70.0,,,
343,EVT_00000612,87e837d60c19073a53dddc82,3199,1,3160,0,3160,"Cascadia (unsegmented, 1-2-3, bottom)",INTERFACE,76,8.0,6.06796098330002e-07,5.0,145.0,,,
344,EVT_00000614,4624938dc64778dafccf8f01,3199,15,3170,0,3170,"Cascadia (unsegmented, 1-2-3-4, bottom)",INTERFACE,1479,8.1,5.33351617295645e-07,5.003823552556409,155.0,,,
345,EVT_00000615,18f6f2f02e35f9a507171344,8231,0,8211,725,8211,"PointSourceFinite: -123.800, 45.800",SLAB,2,6.75,4.384148982414151e-07,42.0,8.0,-123.8,45.8,42.0
346,EVT_00000616,d8adf04d51945680e78a1ee1,8231,0,8211,376,8211,"PointSourceFinite: -124.100, 43.900",SLAB,2,6.75,1.420993869039132e-07,42.0,8.0,-124.1,43.9,42.0
347,EVT_00000619,67492e34bf90592aa383132e,8231,0,8211,510,8211,"PointSourceFinite: -122.300, 44.500",SLAB,0,6.55,3.026032225318841e-07,60.0,8.0,-122.3,44.5,60.0
348,EVT_00000624,19088fd95bf2d823478f804d,8231,0,8211,147,8211,"PointSourceFinite: -124.300, 42.800",SLAB,0,6.55,6.073410602925457e-07,42.0,8.0,-124.3,42.8,42.0
349,EVT_00000625,8230c6e1e1bc6c619701ef56,3199,9,3161,0,3161,"Cascadia (unsegmented, 1-2-3, middle)",INTERFACE,1158,8.7,7.171435344381447e-07,5.061330262703712,80.0,,,
350,EVT_00000626,61cd6044273d8206a2c891db,3199,1,3160,0,3160,"Cascadia (unsegmented, 1-2-3, bottom)",INTERFACE,156,8.1,6.443298776081463e-07,5.0,145.0,,,
351,EVT_00000627,28f6cd2b309b24f8e2c59ef1,8231,0,8211,732,8211,"PointSourceFinite: -123.100, 45.800",SLAB,5,7.05,3.127203950336962e-07,50.0,8.0,-123.1,45.8,50.0
352,EVT_00000628,4de32ec61d79543f5ee3c9a8,8231,0,8211,595,8211,"PointSourceFinite: -123.000, 45.000",SLAB,4,6.95,5.91599607765321e-07,50.0,8.0,-123.0,45.0,50.0
353,EVT_00000631,a0e2d032889de5eecd0e4849,8231,0,8211,623,8211,"PointSourceFinite: -123.800, 45.200",SLAB,1,6.65,8.688060771480535e-07,42.0,8.0,-123.8,45.2,42.0
354,EVT_00000633,ac41c34c2c34c947dc3538a0,8231,0,8211,549,8211,"PointSourceFinite: -124.000, 44.800",SLAB,0,6.55,7.586504026986213e-07,42.0,8.0,-124.0,44.8,42.0
355,EVT_00000634,fa0a3d1f47463470f89bf106,8231,0,8211,355,8211,"PointSourceFinite: -124.200, 43.800",SLAB,1,6.65,1.3212698429837254e-07,42.0,8.0,-124.2,43.8,42.0
356,EVT_00000635,46b3322e3d60da57c1532e75,3199,12,3162,0,3162,"Cascadia (unsegmented, 1-2-3, top)",INTERFACE,744,8.1,1.011145774456327e-06,5.0,70.0,,,
357,EVT_00000638,335f80552fb5dd368e56266d,3199,1,3160,0,3160,"Cascadia (unsegmented, 1-2-3, bottom)",INTERFACE,672,8.0,1.1864454622055416e-06,5.0,145.0,,,
358,EVT_00000639,05743eeba04ba70612ec6e4a,8231,0,8211,613,8211,"PointSourceFinite: -123.000, 45.100",SLAB,3,6.85,6.475052522206163e-07,50.0,8.0,-123.0,45.1,50.0
359,EVT_00000640,55f37fce75d19082d40dd816,8231,0,8211,191,8211,"PointSourceFinite: -124.100, 43.000",SLAB,2,6.75,3.569733201583997e-07,42.0,8.0,-124.1,43.0,42.0
360,EVT_00000643,905fa1e89f3a7918bf8fa93f,8231,0,8211,552,8211,"PointSourceFinite: -123.700, 44.800",SLAB,1,6.65,8.418536945586143e-07,42.0,8.0,-123.7,44.8,42.0
361,EVT_00000646,70688163a09266eafe2ec010,3199,9,3161,0,3161,"Cascadia (unsegmented, 1-2-3, middle)",INTERFACE,803,8.2,8.473124973075812e-07,5.077066718400905,80.0,,,
362,EVT_00000647,5edf84b2ab88aaeb54aa24e8,3199,12,3162,0,3162,"Cascadia (unsegmented, 1-2-3, top)",INTERFACE,773,8.1,1.011145774456327e-06,5.0,70.0,,,
363,EVT_00000648,d7448616c5d3346d6ff5785a,8231,0,8211,127,8211,"PointSourceFinite: -124.200, 42.700",SLAB,5,7.05,4.503161230524608e-07,42.0,8.0,-124.2,42.7,42.0
364,EVT_00000649,9eb9586909116e1c4ec0fac1,8231,0,8211,680,8211,"PointSourceFinite: -123.200, 45.500",SLAB,3,6.85,6.032638094682247e-07,50.0,8.0,-123.2,45.5,50.0
365,EVT_00000655,90a43c4a5e9187959ca2a51b,8231,0,8211,632,8211,"PointSourceFinite: -122.900, 45.200",SLAB,1,6.65,6.941244992413038e-07,50.0,8.0,-122.9,45.2,50.0
366,EVT_00000656,972842436a003f9ad642fe61,8231,0,8211,474,8211,"PointSourceFinite: -124.000, 44.400",SLAB,4,6.95,3.271756441046037e-07,42.0,8.0,-124.0,44.4,42.0
367,EVT_00000657,0c81d6a948cd49a4c4301fad,3199,10,3171,0,3171,"Cascadia (unsegmented, 1-2-3-4, middle)",INTERFACE,1448,8.1,5.392777463767077e-07,5.238896888102482,105.0,,,
368,EVT_00000658,99e38fe8f8eb774b1a58f7ae,3199,2,3142,0,3142,"Cascadia (segmented, 4, top)",INTERFACE,1,8.4,0.000333,5.0,100.0,-125.85875103634422,47.95932868044565,12.902965767737427
369,EVT_00000660,e01d18ea3ed26b225054d62a,8231,0,8211,242,8211,"PointSourceFinite: -123.200, 43.200",SLAB,0,6.55,1.745029839682615e-07,50.0,8.0,-123.2,43.2,50.0
370,EVT_00000663,3683211464c929afa7ad806a,8231,1,8212,467,8212,"PointSourceFinite: -122.800, 44.300",SLAB,1,7.35,1.5925772653555243e-08,50.0,8.0,-122.8,44.3,50.0
371,EVT_00000664,24a278ba3a7dc82166d61fb1,8231,0,8211,636,8211,"PointSourceFinite: -122.500, 45.200",SLAB,2,6.75,3.889272450300065e-07,50.0,8.0,-122.5,45.2,50.0
372,EVT_00000665,206d2e03ec79aa5e4a2af1c8,8231,0,8211,45,8211,"PointSourceFinite: -124.000, 42.300",SLAB,1,6.65,8.356649071772384e-07,42.0,8.0,-124.0,42.3,42.0
373,EVT_00000666,ffd3a732bf05ad857c962ea2,3199,15,3170,0,3170,"Cascadia (unsegmented, 1-2-3-4, bottom)",INTERFACE,199,8.1,3.4340658312082525e-07,5.106981574881391,155.0,,,
374,EVT_00000668,7f089679b03269bf40b76a70,8231,0,8211,508,8211,"PointSourceFinite: -122.500, 44.500",SLAB,3,6.85,2.899577232235201e-07,50.0,8.0,-122.5,44.5,50.0
375,EVT_00000670,7795ac3e381d7de8fecae413,8231,0,8211,128,8211,"PointSourceFinite: -124.100, 42.700",SLAB,3,6.85,5.432063839196185e-07,42.0,8.0,-124.1,42.7,42.0
376,EVT_00000671,0f418c530c26683ae9086383,8231,0,8211,763,8211,"PointSourceFinite: -123.200, 46.000",SLAB,0,6.55,3.548584346063197e-07,50.0,8.0,-123.2,46.0,50.0
377,EVT_00000672,c62086a72dab79f693f53ad3,8231,0,8211,794,8211,"PointSourceFinite: -123.300, 46.200",SLAB,1,6.65,2.1565895433431774e-07,42.0,8.0,-123.3,46.2,42.0
378,EVT_00000673,c26b6561002b2aa015962477,8231,0,8211,77,8211,"PointSourceFinite: -122.900, 42.400",SLAB,1,6.65,2.3139002229734666e-07,50.0,8.0,-122.9,42.4,50.0
379,EVT_00000674,4f3429896dd899e526a94297,8231,0,8211,63,8211,"PointSourceFinite: -124.300, 42.400",SLAB,6,7.15,5.144086497365751e-07,42.0,8.0,-124.3,42.4,42.0
380,EVT_00000675,a2fc3631ca98662d2e4b0e95,8231,0,8211,75,8211,"PointSourceFinite: -123.100, 42.400",SLAB,6,7.15,2.0270503064655805e-07,50.0,8.0,-123.1,42.4,50.0
381,EVT_00000676,662f8d7e988f2c630cf133bf,8231,0,8211,43,8211,"PointSourceFinite: -124.200, 42.300",SLAB,0,6.55,9.319250617122928e-07,42.0,8.0,-124.2,42.3,42.0
382,EVT_00000677,c8054aa56cd5e6ff024e74b6,3199,1,3160,0,3160,"Cascadia (unsegmented, 1-2-3, bottom)",INTERFACE,127,8.1,6.443298776081463e-07,5.0,145.0,,,
383,EVT_00000678,721cac633aaed5cb1f82b90a,8231,0,8211,643,8211,"PointSourceFinite: -123.500, 45.300",SLAB,2,6.75,8.324622681481205e-07,42.0,8.0,-123.5,45.3,42.0
384,EVT_00000682,fabf4ccbcecdf1cab53ffb67,8231,0,8211,819,8211,"PointSourceFinite: -122.400, 46.300",SLAB,4,6.95,8.750679973465166e-08,60.0,8.0,-122.4,46.3,60.0
385,EVT_00000683,11ce94a5a40248a22fb90f03,8231,0,8211,734,8211,"PointSourceFinite: -122.900, 45.800",SLAB,4,6.95,2.9167698089951604e-07,50.0,8.0,-122.9,45.8,50.0
386,EVT_00000685,9ab5159b20677f3489d2c77f,3199,9,3161,0,3161,"Cascadia (unsegmented, 1-2-3, middle)",INTERFACE,611,8.0,1.1864454622055416e-06,5.000689006541751,80.0,,,
387,EVT_00000689,e423846d481fdada77f85f2b,8231,0,8211,808,8211,"PointSourceFinite: -123.500, 46.300",SLAB,3,6.85,1.4809495602414889e-07,42.0,8.0,-123.5,46.3,42.0
388,EVT_00000691,169bf32842841306d2934484,3199,19,3161,0,3161,"Cascadia (segmented, 1-2-3, middle)",INTERFACE,2,8.78,5.79087e-05,5.174507,80.0,-124.82733749178772,43.32258718509599,11.008672272906797
389,EVT_00000693,5bfbae9b2b0dd6aeea883ea7,3199,10,3171,0,3171,"Cascadia (unsegmented, 1-2-3-4, middle)",INTERFACE,1270,8.0,6.57010121543929e-07,5.058397988650096,105.0,,,
390,EVT_00000695,ad520f1ff99860c470004d14,3199,9,3161,0,3161,"Cascadia (unsegmented, 1-2-3, middle)",INTERFACE,1159,8.7,7.171435344381447e-07,5.051331466136748,80.0,,,
391,EVT_00000699,00c7c6973f26cf50d12f28ae,8231,0,8211,541,8211,"PointSourceFinite: -123.000, 44.700",SLAB,1,6.65,6.882923193601549e-07,50.0,8.0,-123.0,44.7,50.0
392,EVT_00000702,d4aba79cba5752ed4c7f9e24,8231,1,8212,135,8212,"PointSourceFinite: -123.400, 42.700",SLAB,2,7.45,1.5469968547702762e-08,42.0,8.0,-123.4,42.7,42.0
393,EVT_00000703,b5017a8fcc2fe523b8958248,8231,0,8211,633,8211,"PointSourceFinite: -122.800, 45.200",SLAB,2,6.75,5.69194324892873e-07,50.0,8.0,-122.8,45.2,50.0
394,EVT_00000704,b4dae7a2b7f8b3435402dbde,3199,12,3162,0,3162,"Cascadia (unsegmented, 1-2-3, top)",INTERFACE,905,8.3,7.469149495414605e-07,5.0,70.0,,,
395,EVT_00000706,86cd835a41359e850742b16a,3199,9,3161,0,3161,"Cascadia (unsegmented, 1-2-3, middle)",INTERFACE,903,8.3,7.379159742457803e-07,5.0,80.0,,,
396,EVT_00000707,acb17fb3c87fb2b67a576ad6,3199,10,3171,0,3171,"Cascadia (unsegmented, 1-2-3-4, middle)",INTERFACE,1868,8.3,3.6895798712289013e-07,5.0,105.0,,,
397,EVT_00000708,f16fa31c51eeadaa47ee23d5,3199,4,3152,0,3152,"Cascadia (segmented, 1-2, top)",INTERFACE,0,8.25,0.0001306942,5.21813375,60.0,-124.87047509247918,42.66758098544125,9.463388718238386
398,EVT_00000710,980e50019ace2a280459dbd2,8231,0,8211,456,8211,"PointSourceFinite: -123.900, 44.300",SLAB,2,6.75,3.541621703152641e-07,42.0,8.0,-123.9,44.3,42.0
399,EVT_00000711,1116adabcf32d3f8da934f86,8231,0,8211,532,8211,"PointSourceFinite: -123.900, 44.700",SLAB,0,6.55,7.598100737185079e-07,42.0,8.0,-123.9,44.7,42.0
400,EVT_00000712,3bc8dffb91bd306c02dedad8,3199,9,3161,0,3161,"Cascadia (unsegmented, 1-2-3, middle)",INTERFACE,579,8.7,1.8382352390585351e-06,5.0,80.0,,,
401,EVT_00000713,fa734027b025e02b8d4dd550,8231,0,8211,418,8211,"PointSourceFinite: -123.900, 44.100",SLAB,1,6.65,2.56478288070744e-07,42.0,8.0,-123.9,44.1,42.0
402,EVT_00000715,21668104747689d1deddf07e,8231,0,8211,645,8211,"PointSourceFinite: -123.300, 45.300",SLAB,6,7.15,5.555665128078434e-07,42.0,8.0,-123.3,45.3,42.0
403,EVT_00000717,30cb462359919940ba415fe8,3199,10,3171,0,3171,"Cascadia (unsegmented, 1-2-3-4, middle)",INTERFACE,2175,8.5,2.665121434168933e-07,5.0,105.0,,,
404,EVT_00000718,ff5f4470ef6fe219c886dc15,3199,18,3141,0,3141,"Cascadia (segmented, 4, middle)",INTERFACE,0,8.43,0.000334,5.0,130.0,-125.68901903364566,48.00072976261103,15.424939077474225
405,EVT_00000720,95bf7a7ea832f4bcbad7bfa0,8231,0,8211,396,8211,"PointSourceFinite: -124.100, 44.000",SLAB,6,7.15,1.1647518452706873e-07,42.0,8.0,-124.1,44.0,42.0
406,EVT_00000721,13e0753bbcd5ff0ab9efe290,3199,15,3170,0,3170,"Cascadia (unsegmented, 1-2-3-4, bottom)",INTERFACE,640,8.3,3.72023798380894e-07,5.0,155.0,,,
407,EVT_00000722,8cfb99f2bf9deeaae969771f,3199,0,3172,0,3172,"Cascadia (unsegmented, 1-2-3-4, top)",INTERFACE,1402,8.0,6.677807792741574e-07,5.0,85.0,,,
408,EVT_00000724,1d8cc29f04998293628ba864,8231,0,8211,818,8211,"PointSourceFinite: -122.500, 46.300",SLAB,5,7.05,8.386357510948071e-08,50.0,8.0,-122.5,46.3,50.0
409,EVT_00000725,da3b43ebc442cc62aea8c4a1,8231,0,8211,625,8211,"PointSourceFinite: -123.600, 45.200",SLAB,4,6.95,7.112464937380919e-07,42.0,8.0,-123.6,45.2,42.0
410,EVT_00000726,54b5181b6813c5ff3fce81a6,8231,0,8211,520,8211,"PointSourceFinite: -123.200, 44.600",SLAB,5,7.05,4.862800105209797e-07,50.0,8.0,-123.2,44.6,50.0
411,EVT_00000734,b7cdd8304428c910cd3cc407,3199,1,3160,0,3160,"Cascadia (unsegmented, 1-2-3, bottom)",INTERFACE,839,8.2,8.473124973075812e-07,5.0,145.0,,,
412,EVT_00000737,5b9631e8488293a8ff2a4ec6,8231,0,8211,73,8211,"PointSourceFinite: -123.300, 42.400",SLAB,0,6.55,4.810966062730941e-07,42.0,8.0,-123.3,42.4,42.0
413,EVT_00000739,ebe3241aaf823057233f8c3c,8231,0,8211,496,8211,"PointSourceFinite: -123.700, 44.500",SLAB,6,7.15,3.871770914509327e-07,42.0,8.0,-123.7,44.5,42.0
414,EVT_00000743,248353ee53cd80d7bd2349c3,3199,15,3170,0,3170,"Cascadia (unsegmented, 1-2-3-4, bottom)",INTERFACE,2508,8.7,2.0489815269661282e-07,5.0,155.0,,,
415,EVT_00000744,f1879f25b7023cb21dce959c,8231,0,8211,582,8211,"PointSourceFinite: -122.500, 44.900",SLAB,1,6.65,4.43388968775849e-07,50.0,8.0,-122.5,44.9,50.0
416,EVT_00000746,8371d0c7f050822d0df8e735,8231,0,8211,608,8211,"PointSourceFinite: -123.500, 45.100",SLAB,5,7.05,6.656612350537544e-07,42.0,8.0,-123.5,45.1,42.0
417,EVT_00000749,90383f393510b2b6bff3193c,8231,0,8211,22,8211,"PointSourceFinite: -124.200, 42.200",SLAB,3,6.85,7.070251316910389e-07,42.0,8.0,-124.2,42.2,42.0
418,EVT_00000750,033f71a9f1aa7ba6e9f8856e,3199,9,3161,0,3161,"Cascadia (unsegmented, 1-2-3, middle)",INTERFACE,576,8.7,1.8382352390585351e-06,5.0013345443706285,80.0,,,
419,EVT_00000751,9584aaf174111e80c6c67730,3199,15,3170,0,3170,"Cascadia (unsegmented, 1-2-3-4, bottom)",INTERFACE,2313,8.6,2.2907632432741962e-07,5.0,155.0,,,
420,EVT_00000752,01703ab829b035d16ec4db5d,3199,15,3170,0,3170,"Cascadia (unsegmented, 1-2-3-4, bottom)",INTERFACE,481,8.2,3.551136257272171e-07,5.0,155.0,,,
421,EVT_00000753,60ec74e8fadc87c3b0acc332,8231,0,8211,134,8211,"PointSourceFinite: -123.500, 42.700",SLAB,1,6.65,4.632370307189293e-07,42.0,8.0,-123.5,42.7,42.0
422,EVT_00000755,a9b241e44d3a0d61e1c21c65,8231,0,8211,207,8211,"PointSourceFinite: -122.500, 43.000",SLAB,0,6.55,1.218952133131453e-07,50.0,8.0,-122.5,43.0,50.0
423,EVT_00000759,5b8f7fcbb2f88b620da2971d,3199,1,3160,0,3160,"Cascadia (unsegmented, 1-2-3, bottom)",INTERFACE,575,8.7,1.8382352390585351e-06,5.003334891468387,145.0,,,
424,EVT_00000763,374a8417f2d0493e16212061,8231,0,8211,712,8211,"PointSourceFinite: -123.400, 45.700",SLAB,5,7.05,4.202171441321938e-07,42.0,8.0,-123.4,45.7,42.0
425,EVT_00000765,35095ae788078a4c1241edcc,8231,0,8211,608,8211,"PointSourceFinite: -123.500, 45.100",SLAB,0,6.55,1.0550019599219529e-06,42.0,8.0,-123.5,45.1,42.0
426,EVT_00000767,d08b98e71a4f06716c52d5c3,3199,3,3140,0,3140,"Cascadia (segmented, 4, bottom)",INTERFACE,0,8.54,0.000334,5.0,165.0,-125.46840644942826,48.04950467399375,18.734828487964784
427,EVT_00000768,7081cc55f5da7c047a0b8ef1,3199,9,3161,0,3161,"Cascadia (unsegmented, 1-2-3, middle)",INTERFACE,830,8.2,8.473124973075812e-07,5.0,80.0,,,
428,EVT_00000769,385580d82bade7a66d4ff663,8231,0,8211,676,8211,"PointSourceFinite: -123.600, 45.500",SLAB,3,6.85,6.497236874760501e-07,42.0,8.0,-123.6,45.5,42.0
429,EVT_00000770,5cab1c05c2a07a107a7f64cc,8231,0,8211,459,8211,"PointSourceFinite: -123.600, 44.300",SLAB,0,6.55,4.935761472873465e-07,42.0,8.0,-123.6,44.3,42.0
430,EVT_00000773,48bb2da959a6ade5d5eeaf18,8231,0,8211,554,8211,"PointSourceFinite: -123.500, 44.800",SLAB,5,7.05,6.105378333243345e-07,42.0,8.0,-123.5,44.8,42.0
431,EVT_00000774,0935a1349894bfd37fbc3049,8231,0,8211,616,8211,"PointSourceFinite: -122.700, 45.100",SLAB,2,6.75,5.197254139245694e-07,50.0,8.0,-122.7,45.1,50.0
432,EVT_00000775,293214f49fe9c3ec54e4b17e,8231,0,8211,465,8211,"PointSourceFinite: -123.000, 44.300",SLAB,6,7.15,2.565237514957041e-07,50.0,8.0,-123.0,44.3,50.0
433,EVT_00000777,2341c5ee7afa15727fb5e448,3199,1,3160,0,3160,"Cascadia (unsegmented, 1-2-3, bottom)",INTERFACE,148,8.1,6.443298776081463e-07,5.0,145.0,,,
434,EVT_00000778,a2c6a38f2cf239ed9f6d865f,3199,12,3162,0,3162,"Cascadia (unsegmented, 1-2-3, top)",INTERFACE,148,8.1,6.510416471665647e-07,5.0,70.0,,,
435,EVT_00000780,1d273368f640cece85d93692,8231,0,8211,187,8211,"PointSourceFinite: -122.400, 42.900",SLAB,3,6.85,9.096580228117877e-08,60.0,8.0,-122.4,42.9,60.0
436,EVT_00000783,f9d981f27f19ee9992933b1f,3199,16,3150,0,3150,"Cascadia (segmented, 1-2, bottom)",INTERFACE,2,8.92,0.0001303029,5.21813375,140.0,-124.41590263771252,42.67435473406528,17.36571521571734
437,EVT_00000784,1826b110e1acf3c30f7416a1,8231,0,8211,518,8211,"PointSourceFinite: -123.400, 44.600",SLAB,6,7.15,4.65743941646621e-07,42.0,8.0,-123.4,44.6,42.0
438,EVT_00000786,cda2ce1f9bd0691994a97d61,8231,0,8211,541,8211,"PointSourceFinite: -123.000, 44.700",SLAB,0,6.55,7.546975207512318e-07,50.0,8.0,-123.0,44.7,50.0
439,EVT_00000788,d73428871aba3ee7c8c21ebc,3199,12,3162,0,3162,"Cascadia (unsegmented, 1-2-3, top)",INTERFACE,779,8.1,1.011145774456327e-06,5.0,70.0,,,
440,EVT_00000791,f03e28e148d9af85fb6f5e7d,8231,0,8211,500,8211,"PointSourceFinite: -123.300, 44.500",SLAB,4,6.95,4.853405816259346e-07,42.0,8.0,-123.3,44.5,42.0
441,EVT_00000792,ddc536352e800e7219861831,8231,0,8211,520,8211,"PointSourceFinite: -123.200, 44.600",SLAB,1,6.65,7.028884669257726e-07,50.0,8.0,-123.2,44.6,50.0
442,EVT_00000796,0627336dde591f6ecb6a024f,8231,0,8211,696,8211,"PointSourceFinite: -123.300, 45.600",SLAB,0,6.55,7.444389837256448e-07,42.0,8.0,-123.3,45.6,42.0
443,EVT_00000799,91dd7617fb70f1bf80f0f2cd,8231,0,8211,533,8211,"PointSourceFinite: -123.800, 44.700",SLAB,0,6.55,8.115980390177812e-07,42.0,8.0,-123.8,44.7,42.0
444,EVT_00000802,2f7e7c2429be6f70659fe795,8231,0,8211,528,8211,"PointSourceFinite: -122.400, 44.600",SLAB,0,6.55,3.7275688943936753e-07,60.0,8.0,-122.4,44.6,60.0
445,EVT_00000803,69122c2f20af38a3c455c642,3199,1,3160,0,3160,"Cascadia (unsegmented, 1-2-3, bottom)",INTERFACE,567,8.7,1.8382352390585351e-06,5.051331466136748,145.0,,,
446,EVT_00000805,020357643c57226688338442,8231,0,8211,109,8211,"PointSourceFinite: -123.900, 42.600",SLAB,2,6.75,6.34954564100073e-07,42.0,8.0,-123.9,42.6,42.0
447,EVT_00000808,fb307d34ca1b7307c0cf9cbe,8231,0,8211,152,8211,"PointSourceFinite: -123.800, 42.800",SLAB,5,7.05,3.593412184116624e-07,42.0,8.0,-123.8,42.8,42.0
448,EVT_00000809,01423328b9b0240de2a6cbbc,8231,0,8211,626,8211,"PointSourceFinite: -123.500, 45.200",SLAB,0,6.55,1.0390176674337524e-06,42.0,8.0,-123.5,45.2,42.0
449,EVT_00000812,bd18a2167495d87ccc7e093b,8231,1,8212,612,8212,"PointSourceFinite: -123.100, 45.100",SLAB,2,7.45,3.1514815131252584e-08,50.0,8.0,-123.1,45.1,50.0
450,EVT_00000819,c1061b222673856b47fdec3f,3199,1,3160,0,3160,"Cascadia (unsegmented, 1-2-3, bottom)",INTERFACE,742,8.1,1.000721591214509e-06,5.0,145.0,,,
451,EVT_00000822,abf60a45b1c9dddf052f8da3,3199,1,3160,0,3160,"Cascadia (unsegmented, 1-2-3, bottom)",INTERFACE,602,8.0,1.1864454622055416e-06,5.130502466364481,145.0,,,
452,EVT_00000825,a4ff6d8bac0132c54064852c,3199,1,3160,0,3160,"Cascadia (unsegmented, 1-2-3, bottom)",INTERFACE,297,8.3,7.530120256384362e-07,5.161648841076652,145.0,,,
453,EVT_00000830,93ca2715aacd84466ed0d52f,8231,0,8211,718,8211,"PointSourceFinite: -122.800, 45.700",SLAB,5,7.05,2.8048153891226857e-07,50.0,8.0,-122.8,45.7,50.0
454,EVT_00000831,7b5f1f3f1eb883fd47099e73,8231,0,8211,23,8211,"PointSourceFinite: -124.100, 42.200",SLAB,1,6.65,8.495231674962996e-07,42.0,8.0,-124.1,42.2,42.0
455,EVT_00000832,ff2e0132b388baa111e83fae,8231,0,8211,7,8211,"PointSourceFinite: -123.600, 42.100",SLAB,5,7.05,4.350798349667976e-07,42.0,8.0,-123.6,42.1,42.0
456,EVT_00000835,c2f83063a00faf0a7ac4c0d8,8231,0,8211,162,8211,"PointSourceFinite: -122.800, 42.800",SLAB,1,6.65,1.6406508994655565e-07,50.0,8.0,-122.8,42.8,50.0
457,EVT_00000837,1285bd86dcc596900b037214,8231,0,8211,667,8211,"PointSourceFinite: -122.800, 45.400",SLAB,4,6.95,4.247546355888652e-07,50.0,8.0,-122.8,45.4,50.0
458,EVT_00000841,0bf9f6e031c8b6360128cb06,8231,0,8211,630,8211,"PointSourceFinite: -123.100, 45.200",SLAB,4,6.95,6.246089570165309e-07,50.0,8.0,-123.1,45.2,50.0
459,EVT_00000842,98c3bc56ecbe10fb66bb45a2,8231,0,8211,625,8211,"PointSourceFinite: -123.600, 45.200",SLAB,0,6.55,1.0280639688526326e-06,42.0,8.0,-123.6,45.2,42.0
460,EVT_00000845,3c25ca4333f88129bbfa06dc,3199,15,3170,0,3170,"Cascadia (unsegmented, 1-2-3-4, bottom)",INTERFACE,394,8.2,3.551136257272171e-07,5.0,155.0,,,
461,EVT_00000846,f745ab2579c4bcade975e222,8231,0,8211,653,8211,"PointSourceFinite: -122.500, 45.300",SLAB,3,6.85,3.3840059869616337e-07,50.0,8.0,-122.5,45.3,50.0
462,EVT_00000847,1795520cd9fd6dc09237866a,8231,0,8211,193,8211,"PointSourceFinite: -123.900, 43.000",SLAB,2,6.75,3.448600458113385e-07,42.0,8.0,-123.9,43.0,42.0
463,EVT_00000850,f4f1962714d5a30d6298cf31,8231,0,8211,644,8211,"PointSourceFinite: -123.400, 45.300",SLAB,3,6.85,7.526208462664137e-07,42.0,8.0,-123.4,45.3,42.0
464,EVT_00000853,91992f2d7469edff16de090d,8231,0,8211,494,8211,"PointSourceFinite: -123.900, 44.500",SLAB,2,6.75,4.9818345827697e-07,42.0,8.0,-123.9,44.5,42.0
465,EVT_00000854,15c075866c7bb38d6c0ef064,8231,0,8211,594,8211,"PointSourceFinite: -123.100, 45.000",SLAB,0,6.55,9.210446679300232e-07,50.0,8.0,-123.1,45.0,50.0
466,EVT_00000856,996a5eec6838c643e531f1b6,8231,0,8211,462,8211,"PointSourceFinite: -123.300, 44.300",SLAB,1,6.65,4.571314683193689e-07,42.0,8.0,-123.3,44.3,42.0
467,EVT_00000857,8bd9619ef363db30e2e5cbef,3199,9,3161,0,3161,"Cascadia (unsegmented, 1-2-3, middle)",INTERFACE,980,8.4,6.66441670347842e-07,5.023748566760076,80.0,,,
468,EVT_00000858,f0b638fdb8d2a3f3a1f5fbda,8231,0,8211,728,8211,"PointSourceFinite: -123.500, 45.800",SLAB,1,6.65,5.19316519922065e-07,42.0,8.0,-123.5,45.8,42.0
469,EVT_00000859,b9eddb50422eff69b5564a5e,8231,0,8211,191,8211,"PointSourceFinite: -124.100, 43.000",SLAB,0,6.55,4.291763269337391e-07,42.0,8.0,-124.1,43.0,42.0
470,EVT_00000860,22f6831c2e8694692bb8de04,8231,0,8211,37,8211,"PointSourceFinite: -122.700, 42.200",SLAB,5,7.05,1.178832420977479e-07,50.0,8.0,-122.7,42.2,50.0
471,EVT_00000861,548dc8d9dbbec0a8943ce513,3199,1,3160,0,3160,"Cascadia (unsegmented, 1-2-3, bottom)",INTERFACE,487,8.5,1.0080644859353255e-06,5.0,145.0,,,
472,EVT_00000862,cdbf181fb2399ac82bde6583,8231,0,8211,130,8211,"PointSourceFinite: -123.900, 42.700",SLAB,0,6.55,6.85353040100393e-07,42.0,8.0,-123.9,42.7,42.0
473,EVT_00000863,21bc9616a8ecd8836e069cc3,8231,0,8211,603,8211,"PointSourceFinite: -124.000, 45.100",SLAB,5,7.05,5.265157852705805e-07,42.0,8.0,-124.0,45.1,42.0
474,EVT_00000864,5a145cc2f5f49c3b274d7c16,8231,0,8211,112,8211,"PointSourceFinite: -123.600, 42.600",SLAB,0,6.55,6.216815559708007e-07,42.0,8.0,-123.6,42.6,42.0
475,EVT_00000865,3f88ec6a0be114014890acc6,8231,0,8211,476,8211,"PointSourceFinite: -123.800, 44.400",SLAB,4,6.95,3.7723283678731163e-07,42.0,8.0,-123.8,44.4,42.0
476,EVT_00000866,0c65e7c19d37b2327f9627e4,8231,0,8211,130,8211,"PointSourceFinite: -123.900, 42.700",SLAB,1,6.65,6.250494013570841e-07,42.0,8.0,-123.9,42.7,42.0
477,EVT_00000869,8a94f9fafbc278719b9ac860,3199,15,3170,0,3170,"Cascadia (unsegmented, 1-2-3-4, bottom)",INTERFACE,1498,8.1,5.33351617295645e-07,5.0,155.0,,,
478,EVT_00000872,42119d815e2f80c6a16af50a,8231,0,8211,321,8211,"PointSourceFinite: -123.600, 43.600",SLAB,4,6.95,1.0032592061577942e-07,42.0,8.0,-123.6,43.6,42.0
479,EVT_00000873,39782ad01374a42b9feb1086,8231,0,8211,512,8211,"PointSourceFinite: -124.000, 44.600",SLAB,3,6.85,4.785569853437377e-07,42.0,8.0,-124.0,44.6,42.0
480,EVT_00000875,6383cecdaa7959b5ec0ae65d,8231,0,8211,570,8211,"PointSourceFinite: -123.700, 44.900",SLAB,3,6.85,7.389696365131103e-07,42.0,8.0,-123.7,44.9,42.0
481,EVT_00000877,34b39a6fef241b561f4c1961,8231,0,8211,159,8211,"PointSourceFinite: -123.100, 42.800",SLAB,0,6.55,2.698333939875773e-07,50.0,8.0,-123.1,42.8,50.0
482,EVT_00000879,160adbc3f762b4057d5088e5,8231,0,8211,479,8211,"PointSourceFinite: -123.500, 44.400",SLAB,2,6.75,5.040459412749479e-07,42.0,8.0,-123.5,44.4,42.0
483,EVT_00000880,ac14f271aff0644d5d3c6a9e,8231,0,8211,766,8211,"PointSourceFinite: -122.900, 46.000",SLAB,0,6.55,2.9198826135555013e-07,50.0,8.0,-122.9,46.0,50.0
484,EVT_00000883,3bfcbc11d47ba0fcce662266,8231,0,8211,497,8211,"PointSourceFinite: -123.600, 44.500",SLAB,3,6.85,5.285659610016369e-07,42.0,8.0,-123.6,44.5,42.0
485,EVT_00000886,ee4136338d9298bca14493a2,8231,0,8211,589,8211,"PointSourceFinite: -123.600, 45.000",SLAB,3,6.85,7.853981730655883e-07,42.0,8.0,-123.6,45.0,42.0
486,EVT_00000887,f8f81d0ff1ad67ba0a3e0bea,8231,0,8211,647,8211,"PointSourceFinite: -123.100, 45.300",SLAB,1,6.65,7.903446512482051e-07,50.0,8.0,-123.1,45.3,50.0
487,EVT_00000889,3f7cd59394aab96bea072e95,3199,10,3171,0,3171,"Cascadia (unsegmented, 1-2-3-4, middle)",INTERFACE,1449,8.1,5.392777463767077e-07,5.207452545967063,105.0,,,
488,EVT_00000891,ad43d6502e8af86f668777eb,8231,0,8211,13,8211,"PointSourceFinite: -123.000, 42.100",SLAB,3,6.85,2.2155414835446225e-07,50.0,8.0,-123.0,42.1,50.0
489,EVT_00000892,e51d6c4092fca11940effcd3,8231,0,8211,150,8211,"PointSourceFinite: -124.000, 42.800",SLAB,1,6.65,5.600502228403557e-07,42.0,8.0,-124.0,42.8,42.0
490,EVT_00000894,a15930db64fb9de27d2b2b2d,8231,0,8211,7,8211,"PointSourceFinite: -123.600, 42.100",SLAB,6,7.15,3.967975254749e-07,42.0,8.0,-123.6,42.1,42.0
491,EVT_00000895,07c943b015f505f9dd53dd5e,8231,0,8211,619,8211,"PointSourceFinite: -122.400, 45.100",SLAB,3,6.85,3.183200139780033e-07,60.0,8.0,-122.4,45.1,60.0
492,EVT_00000898,f183aaae2f3e29c3717e5e60,8231,0,8211,246,8211,"PointSourceFinite: -122.800, 43.200",SLAB,1,6.65,1.1857843959568289e-07,50.0,8.0,-122.8,43.2,50.0
493,EVT_00000902,c4564682a209a2b069f35bef,8231,0,8211,132,8211,"PointSourceFinite: -123.700, 42.700",SLAB,0,6.55,6.110166212431353e-07,42.0,8.0,-123.7,42.7,42.0
494,EVT_00000903,fd040bfd7a6f5181e25e7381,8231,0,8211,699,8211,"PointSourceFinite: -123.000, 45.600",SLAB,3,6.85,4.684746409699025e-07,50.0,8.0,-123.0,45.6,50.0
495,EVT_00000906,0f48a3a151c0cfbcd03453f1,8231,0,8211,29,8211,"PointSourceFinite: -123.500, 42.200",SLAB,0,6.55,6.3357100457278e-07,42.0,8.0,-123.5,42.2,42.0
496,EVT_00000907,2e2f5c4d66dc1dc10ea191ed,8231,0,8211,608,8211,"PointSourceFinite: -123.500, 45.100",SLAB,2,6.75,8.775124087053926e-07,42.0,8.0,-123.5,45.1,42.0
497,EVT_00000908,b87a7492f130475b9cf4d2db,8231,0,8211,105,8211,"PointSourceFinite: -124.300, 42.600",SLAB,5,7.05,4.939566422620751e-07,42.0,8.0,-124.3,42.6,42.0
498,EVT_00000914,04f5864876af09f588cda712,3199,9,3161,0,3161,"Cascadia (unsegmented, 1-2-3, middle)",INTERFACE,998,8.4,6.66441670347842e-07,5.0,80.0,,,
499,EVT_00000917,5c7ca14e40bdd0edbb022913,3199,10,3171,0,3171,"Cascadia (unsegmented, 1-2-3-4, middle)",INTERFACE,1646,8.2,4.431346968677581e-07,5.0,105.0,,,
500,EVT_00000919,07e4ab693816e7cc7ea2c838,8231,0,8211,591,8211,"PointSourceFinite: -123.400, 45.000",SLAB,4,6.95,7.21027789869802e-07,42.0,8.0,-123.4,45.0,42.0
501,EVT_00000920,35613774003536ea6be0eadf,8231,0,8211,397,8211,"PointSourceFinite: -124.000, 44.000",SLAB,0,6.55,2.1527580863616573e-07,42.0,8.0,-124.0,44.0,42.0
502,EVT_00000921,78e25547d3f67a8b37fb7b6c,8231,1,8212,713,8212,"PointSourceFinite: -123.300, 45.700",SLAB,2,7.45,2.2167403201345544e-08,42.0,8.0,-123.3,45.7,42.0
503,EVT_00000923,740304c88d26eb68c805aa47,8231,0,8211,90,8211,"PointSourceFinite: -123.700, 42.500",SLAB,0,6.55,7.30048774123901e-07,42.0,8.0,-123.7,42.5,42.0
504,EVT_00000928,dbc063eb1e79391ac21acc56,8231,0,8211,640,8211,"PointSourceFinite: -123.800, 45.300",SLAB,4,6.95,6.35800525109232e-07,42.0,8.0,-123.8,45.3,42.0
505,EVT_00000929,decccd3527460591c7149317,8231,0,8211,588,8211,"PointSourceFinite: -123.700, 45.000",SLAB,5,7.05,6.336730953899333e-07,42.0,8.0,-123.7,45.0,42.0
506,EVT_00000930,5d48f1fd3939a6a500f1d7fe,3199,10,3171,0,3171,"Cascadia (unsegmented, 1-2-3-4, middle)",INTERFACE,184,8.0,3.360214953117753e-07,5.0,105.0,,,
507,EVT_00000931,da3fb7b2871b6ca2e5e3a81e,8231,0,8211,692,8211,"PointSourceFinite: -123.700, 45.600",SLAB,2,6.75,6.198817749271221e-07,42.0,8.0,-123.7,45.6,42.0
508,EVT_00000933,f7012e7c169a4af3e3604b76,8231,0,8211,588,8211,"PointSourceFinite: -123.700, 45.000",SLAB,0,6.55,1.0043041751292677e-06,42.0,8.0,-123.7,45.0,42.0
509,EVT_00000934,1103752d7d446906b2c444bc,8231,0,8211,586,8211,"PointSourceFinite: -123.900, 45.000",SLAB,0,6.55,8.968194993161772e-07,42.0,8.0,-123.9,45.0,42.0
510,EVT_00000935,3a718f05025fda632de9647f,8231,0,8211,510,8211,"PointSourceFinite: -122.300, 44.500",SLAB,4,6.95,2.0935028124743242e-07,60.0,8.0,-122.3,44.5,60.0
511,EVT_00000936,963dd21150a729415011a1f5,3199,15,3170,0,3170,"Cascadia (unsegmented, 1-2-3-4, bottom)",INTERFACE,1582,8.1,5.33351617295645e-07,5.0,155.0,,,
512,EVT_00000937,302d4724a7916a6b749aec84,8231,0,8211,692,8211,"PointSourceFinite: -123.700, 45.600",SLAB,5,7.05,4.7022841362900244e-07,42.0,8.0,-123.7,45.6,42.0
513,EVT_00000940,fc1b3f84b2decb2be1032610,8231,0,8211,438,8211,"PointSourceFinite: -123.800, 44.200",SLAB,5,7.05,2.330733764675072e-07,42.0,8.0,-123.8,44.2,42.0
514,EVT_00000941,d6665159399afeb9602f3dec,8231,0,8211,594,8211,"PointSourceFinite: -123.100, 45.000",SLAB,4,6.95,6.37207226873737e-07,50.0,8.0,-123.1,45.0,50.0
515,EVT_00000942,9e57e1a41b1a2a37b54049d6,8231,0,8211,663,8211,"PointSourceFinite: -123.200, 45.400",SLAB,3,6.85,6.576176007495282e-07,50.0,8.0,-123.2,45.4,50.0
516,EVT_00000943,99039c777ec5237b61d329aa,8231,0,8211,693,8211,"PointSourceFinite: -123.600, 45.600",SLAB,0,6.55,7.658789866697581e-07,42.0,8.0,-123.6,45.6,42.0
517,EVT_00000945,c8515bb7fce5ed712de6d664,3199,1,3160,0,3160,"Cascadia (unsegmented, 1-2-3, bottom)",INTERFACE,598,8.0,1.1864454622055416e-06,5.2596178356685614,145.0,,,
518,EVT_00000949,26d6b91ee9da84b09e039c1e,8231,0,8211,0,8211,"PointSourceFinite: -124.300, 42.100",SLAB,3,6.85,6.818500408198642e-07,42.0,8.0,-124.3,42.1,42.0
519,EVT_00000951,fa7a58fa70c93add276455d0,8231,0,8211,796,8211,"PointSourceFinite: -123.100, 46.200",SLAB,0,6.55,2.19864390953102e-07,50.0,8.0,-123.1,46.2,50.0
520,EVT_00000957,fd1ee6a73c40d3de6f650399,8231,0,8211,31,8211,"PointSourceFinite: -123.300, 42.200",SLAB,1,6.65,4.4173677603010963e-07,42.0,8.0,-123.3,42.2,42.0
521,EVT_00000958,e53c68279aa440575b358268,8231,0,8211,21,8211,"PointSourceFinite: -124.300, 42.200",SLAB,6,7.15,5.279380577296407e-07,42.0,8.0,-124.3,42.2,42.0
522,EVT_00000959,928750849aa6e567b3e02e6b,3199,9,3161,0,3161,"Cascadia (unsegmented, 1-2-3, middle)",INTERFACE,589,8.7,1.8382352390585351e-06,5.0,80.0,,,
523,EVT_00000960,62f19d4a23c164148eb72bcc,3199,1,3160,0,3160,"Cascadia (unsegmented, 1-2-3, bottom)",INTERFACE,150,8.1,6.443298776081463e-07,5.0,145.0,,,
524,EVT_00000961,4d509addfebd82befbe0a4ef,8231,0,8211,612,8211,"PointSourceFinite: -123.100, 45.100",SLAB,5,7.05,5.812741444848956e-07,50.0,8.0,-123.1,45.1,50.0
525,EVT_00000964,8b79055073f6572ba879980f,8231,0,8211,495,8211,"PointSourceFinite: -123.800, 44.500",SLAB,1,6.65,5.832910401800853e-07,42.0,8.0,-123.8,44.5,42.0
526,EVT_00000966,ee4499b8dcfad6663a44e957,8231,0,8211,576,8211,"PointSourceFinite: -123.100, 44.900",SLAB,5,7.05,5.68931662681872e-07,50.0,8.0,-123.1,44.9,50.0
527,EVT_00000968,4840dbf78a31bc18fe86da04,8231,0,8211,579,8211,"PointSourceFinite: -122.800, 44.900",SLAB,3,6.85,5.285377318087292e-07,50.0,8.0,-122.8,44.9,50.0
528,EVT_00000971,94355d9cf03995c1fa5584bf,8231,0,8211,622,8211,"PointSourceFinite: -123.900, 45.200",SLAB,4,6.95,6.178870088187436e-07,42.0,8.0,-123.9,45.2,42.0
529,EVT_00000972,fc767e40cca51a5f812b49f7,8231,0,8211,216,8211,"PointSourceFinite: -123.700, 43.100",SLAB,1,6.65,2.796292855723579e-07,42.0,8.0,-123.7,43.1,42.0
530,EVT_00000973,a78c3243d1e7f31f1fce0708,8231,0,8211,235,8211,"PointSourceFinite: -123.900, 43.200",SLAB,0,6.55,2.674253297426356e-07,42.0,8.0,-123.9,43.2,42.0
531,EVT_00000974,10f7c90151f14988007ddbc6,8231,0,8211,670,8211,"PointSourceFinite: -122.500, 45.400",SLAB,0,6.55,4.184782495904146e-07,50.0,8.0,-122.5,45.4,50.0
532,EVT_00000975,55aaf4e2c5c2b8a89b1f5780,8231,0,8211,485,8211,"PointSourceFinite: -122.900, 44.400",SLAB,4,6.95,3.415242415940072e-07,50.0,8.0,-122.9,44.4,50.0
533,EVT_00000976,76c7a5b042ff0b680ab8a023,3199,10,3171,0,3171,"Cascadia (unsegmented, 1-2-3-4, middle)",INTERFACE,643,8.3,3.765060128192181e-07,5.0,105.0,,,
534,EVT_00000977,a2e5b7d341e228c5c6435e48,8231,0,8211,774,8211,"PointSourceFinite: -123.700, 46.100",SLAB,3,6.85,2.244753130170425e-07,42.0,8.0,-123.7,46.1,42.0
535,EVT_00000981,752ab60b4d21d084c79731cd,8231,0,8211,358,8211,"PointSourceFinite: -123.900, 43.800",SLAB,0,6.55,1.6123600133030537e-07,42.0,8.0,-123.9,43.8,42.0
536,EVT_00000983,07bb2c044259aadb73374e17,8231,0,8211,521,8211,"PointSourceFinite: -123.100, 44.600",SLAB,4,6.95,5.079401249385196e-07,50.0,8.0,-123.1,44.6,50.0
537,EVT_00000984,60134ab2807b60a230a0332b,8231,0,8211,76,8211,"PointSourceFinite: -123.000, 42.400",SLAB,5,7.05,1.8856089911146066e-07,50.0,8.0,-123.0,42.4,50.0
538,EVT_00000985,a708e8cc9230118b06f962d6,3199,1,3160,0,3160,"Cascadia (unsegmented, 1-2-3, bottom)",INTERFACE,448,8.5,1.0080644859353255e-06,5.215310840157076,145.0,,,
539,EVT_00000987,6d606a69cac426b4feed49fd,8231,0,8211,418,8211,"PointSourceFinite: -123.900, 44.100",SLAB,4,6.95,1.945586778123413e-07,42.0,8.0,-123.9,44.1,42.0
540,EVT_00000990,55ca2719511365fe8ee45ff3,8231,0,8211,674,8211,"PointSourceFinite: -123.800, 45.500",SLAB,6,7.15,4.579042292307489e-07,42.0,8.0,-123.8,45.5,42.0
541,EVT_00000992,59a8ab4de72581ce41e49568,3199,1,3160,0,3160,"Cascadia (unsegmented, 1-2-3, bottom)",INTERFACE,447,8.5,1.0080644859353255e-06,5.238892867184103,145.0,,,
542,EVT_00000993,0198b3b31686e5bd07153a9c,3199,1,3160,0,3160,"Cascadia (unsegmented, 1-2-3, bottom)",INTERFACE,770,8.1,1.000721591214509e-06,5.0,145.0,,,
543,EVT_00000994,dda0dd56315e70e9c72c2866,8231,0,8211,439,8211,"PointSourceFinite: -123.700, 44.200",SLAB,0,6.55,3.874252534112237e-07,42.0,8.0,-123.7,44.2,42.0
544,EVT_00000995,d5f07ee44b65b62346dae86a,3199,0,3172,0,3172,"Cascadia (unsegmented, 1-2-3-4, top)",INTERFACE,1330,8.0,6.677807792741574e-07,5.0,85.0,,,
545,EVT_00000997,ea88556026c66c0e845b893a,3199,9,3161,0,3161,"Cascadia (unsegmented, 1-2-3, middle)",INTERFACE,35,8.0,6.06796098330002e-07,5.0,80.0,,,
546,EVT_00000998,12894096522f8012273f8e2b,8231,0,8211,610,8211,"PointSourceFinite: -123.300, 45.100",SLAB,4,6.95,7.066894594671784e-07,42.0,8.0,-123.3,45.1,42.0
547,EVT_00001000,064a0d46f7f8190fcc35cebd,8231,0,8211,455,8211,"PointSourceFinite: -124.000, 44.300",SLAB,1,6.65,3.6031929933610933e-07,42.0,8.0,-124.0,44.3,42.0
548,EVT_00001009,dfba38d1f57f318473c906b2,8231,0,8211,541,8211,"PointSourceFinite: -123.000, 44.700",SLAB,4,6.95,5.221231185314386e-07,50.0,8.0,-123.0,44.7,50.0
549,EVT_00001010,84038e07de79982fc6a9be14,3199,10,3171,0,3171,"Cascadia (unsegmented, 1-2-3-4, middle)",INTERFACE,1239,8.7,5.341880181879504e-07,5.0,105.0,,,
550,EVT_00001011,ccd699fafddbe717bf08d374,8231,0,8211,730,8211,"PointSourceFinite: -123.300, 45.800",SLAB,3,6.85,4.167728863196516e-07,42.0,8.0,-123.3,45.8,42.0
551,EVT_00001012,6b603ee2e8a855622be875ba,8231,0,8211,783,8211,"PointSourceFinite: -122.800, 46.100",SLAB,1,6.65,2.0244867957263685e-07,50.0,8.0,-122.8,46.1,50.0
552,EVT_00001013,b4417bf68c7996d975b78eac,3199,9,3161,0,3161,"Cascadia (unsegmented, 1-2-3, middle)",INTERFACE,67,8.0,6.06796098330002e-07,5.0,80.0,,,
553,EVT_00001015,5e7a552daf3bb3aa4b7e80e1,8231,0,8211,364,8211,"PointSourceFinite: -123.300, 43.800",SLAB,0,6.55,1.736107809083673e-07,42.0,8.0,-123.3,43.8,42.0
554,EVT_00001016,ec7b4cd245690e0064bb7c73,8231,0,8211,134,8211,"PointSourceFinite: -123.500, 42.700",SLAB,6,7.15,2.922828067673052e-07,42.0,8.0,-123.5,42.7,42.0
555,EVT_00001017,b5de42ca994bf46789573837,8231,0,8211,582,8211,"PointSourceFinite: -122.500, 44.900",SLAB,2,6.75,4.0437554557441323e-07,50.0,8.0,-122.5,44.9,50.0
556,EVT_00001018,af2d3b1904686a5bd385fe8b,8231,0,8211,659,8211,"PointSourceFinite: -123.600, 45.400",SLAB,1,6.65,8.507750793583145e-07,42.0,8.0,-123.6,45.4,42.0
557,EVT_00001019,f46b930770359634bcae5c13,3199,1,3160,0,3160,"Cascadia (unsegmented, 1-2-3, bottom)",INTERFACE,1181,8.7,7.171435344381447e-07,5.0,145.0,,,
558,EVT_00001021,c1b2f33a6e2b209ab8c0b9a2,3199,9,3161,0,3161,"Cascadia (unsegmented, 1-2-3, middle)",INTERFACE,531,8.6,1.275510165877351e-06,5.0,80.0,,,
559,EVT_00001022,989bf54337ee0fd0ea116ea9,8231,0,8211,581,8211,"PointSourceFinite: -122.600, 44.900",SLAB,3,6.85,4.192449709638871e-07,50.0,8.0,-122.6,44.9,50.0
560,EVT_00001024,745bbab52e3263ee83a70f2c,8231,0,8211,595,8211,"PointSourceFinite: -123.000, 45.000",SLAB,0,6.55,8.551216014216867e-07,50.0,8.0,-123.0,45.0,50.0
561,EVT_00001026,2135108e8c41892aca1148f7,8231,0,8211,559,8211,"PointSourceFinite: -123.000, 44.800",SLAB,0,6.55,8.0542937769135e-07,50.0,8.0,-123.0,44.8,50.0
562,EVT_00001027,dde3adf31928e696340ce302,8231,1,8212,136,8212,"PointSourceFinite: -123.300, 42.700",SLAB,0,7.25,1.964590809258607e-08,42.0,8.0,-123.3,42.7,42.0
563,EVT_00001028,a91016ac92e5cafda7cf5b21,8231,0,8211,440,8211,"PointSourceFinite: -123.600, 44.200",SLAB,4,6.95,2.774261092231564e-07,42.0,8.0,-123.6,44.2,42.0
564,EVT_00001029,2123bf9b7edf4316f3254aa1,8231,0,8211,71,8211,"PointSourceFinite: -123.500, 42.400",SLAB,2,6.75,5.212050380356449e-07,42.0,8.0,-123.5,42.4,42.0
565,EVT_00001034,526a649fdf49de526b1a1b60,8231,0,8211,483,8211,"PointSourceFinite: -123.100, 44.400",SLAB,1,6.65,5.108435911975296e-07,50.0,8.0,-123.1,44.4,50.0
566,EVT_00001035,7fb5065d92b5e8701ef2616e,3199,9,3161,0,3161,"Cascadia (unsegmented, 1-2-3, middle)",INTERFACE,807,8.2,8.473124973075812e-07,5.022670600440562,80.0,,,
567,EVT_00001037,30c57daabf8c764eac1bb327,8231,0,8211,176,8211,"PointSourceFinite: -123.500, 42.900",SLAB,4,6.95,2.656767699991949e-07,42.0,8.0,-123.5,42.9,42.0
568,EVT_00001041,45272b1c5e4ab104334bce31,8231,0,8211,710,8211,"PointSourceFinite: -123.600, 45.700",SLAB,3,6.85,5.055629375384588e-07,42.0,8.0,-123.6,45.7,42.0
569,EVT_00001044,ff0aa6b149aba0bbdc2f075a,8231,0,8211,756,8211,"PointSourceFinite: -122.300, 45.900",SLAB,1,6.65,1.728852249931793e-07,60.0,8.0,-122.3,45.9,60.0
570,EVT_00001045,34934670b73d6f0c23e31d18,3199,1,3160,0,3160,"Cascadia (unsegmented, 1-2-3, bottom)",INTERFACE,778,8.1,1.000721591214509e-06,5.0,145.0,,,
571,EVT_00001046,210df2fdc498fc58c878c280,8231,0,8211,68,8211,"PointSourceFinite: -123.800, 42.400",SLAB,3,6.85,6.227701331372421e-07,42.0,8.0,-123.8,42.4,42.0
572,EVT_00001049,e6929c9cafe538ecca02863f,8231,0,8211,515,8211,"PointSourceFinite: -123.700, 44.600",SLAB,4,6.95,5.314005069310024e-07,42.0,8.0,-123.7,44.6,42.0
573,EVT_00001054,48a73083975053e818abda3e,8231,0,8211,286,8211,"PointSourceFinite: -123.000, 43.400",SLAB,2,6.75,1.0650002376536798e-07,50.0,8.0,-123.0,43.4,50.0
574,EVT_00001057,ff8b43728041769867908688,8231,0,8211,147,8211,"PointSourceFinite: -124.300, 42.800",SLAB,1,6.65,5.539016301727128e-07,42.0,8.0,-124.3,42.8,42.0
575,EVT_00001058,626d90744827e22a6fb3840f,3199,9,3161,0,3161,"Cascadia (unsegmented, 1-2-3, middle)",INTERFACE,425,8.4,8.56164357917674e-07,5.0,80.0,,,
576,EVT_00001059,40975c9a38ceec7ae0623f69,8231,0,8211,518,8211,"PointSourceFinite: -123.400, 44.600",SLAB,0,6.55,8.093702077784992e-07,42.0,8.0,-123.4,44.6,42.0
577,EVT_00001061,70a5e12d273e6d556e806529,8231,0,8211,765,8211,"PointSourceFinite: -123.000, 46.000",SLAB,1,6.65,2.874656469614584e-07,50.0,8.0,-123.0,46.0,50.0
578,EVT_00001062,1f996bc1d00ad3f9153fb28c,8231,0,8211,701,8211,"PointSourceFinite: -122.800, 45.600",SLAB,1,6.65,4.6175850836903e-07,50.0,8.0,-122.8,45.6,50.0
579,EVT_00001063,57b7045bc4b3fd6c359e8d51,8231,0,8211,640,8211,"PointSourceFinite: -123.800, 45.300",SLAB,1,6.65,8.381483266029476e-07,42.0,8.0,-123.8,45.3,42.0
580,EVT_00001064,5431b0440cc53c7ee85718fe,8231,0,8211,430,8211,"PointSourceFinite: -122.700, 44.100",SLAB,1,6.65,2.259836315960724e-07,50.0,8.0,-122.7,44.1,50.0
581,EVT_00001065,4d600549bc74d241462a9b43,8231,0,8211,403,8211,"PointSourceFinite: -123.400, 44.000",SLAB,6,7.15,1.5092936160609077e-07,42.0,8.0,-123.4,44.0,42.0
582,EVT_00001066,aea173c2917de3569ca58611,8231,0,8211,553,8211,"PointSourceFinite: -123.600, 44.800",SLAB,0,6.55,9.533879503697328e-07,42.0,8.0,-123.6,44.8,42.0
583,EVT_00001067,95d421cc8f9cd86b40dbdea9,3199,12,3162,0,3162,"Cascadia (unsegmented, 1-2-3, top)",INTERFACE,708,8.1,1.011145774456327e-06,5.0,70.0,,,
584,EVT_00001069,b6576900eca7359286417c19,3199,1,3160,0,3160,"Cascadia (unsegmented, 1-2-3, bottom)",INTERFACE,342,8.3,7.530120256384362e-07,5.0,145.0,,,
585,EVT_00001071,cded76fc7e2c631f9c4db03e,3199,12,3162,0,3162,"Cascadia (unsegmented, 1-2-3, top)",INTERFACE,617,8.0,1.1980772804624588e-06,5.0,70.0,,,
586,EVT_00001072,28f1ed6436f8f8066eac2fac,3199,1,3160,0,3160,"Cascadia (unsegmented, 1-2-3, bottom)",INTERFACE,275,8.2,6.868131662416505e-07,5.0,145.0,,,
587,EVT_00001073,296ded670a2c83c49e6c90dd,8231,0,8211,23,8211,"PointSourceFinite: -124.100, 42.200",SLAB,2,6.75,7.747743370405915e-07,42.0,8.0,-124.1,42.2,42.0
588,EVT_00001078,8cf4916ba95f8be69be8817d,3199,15,3170,0,3170,"Cascadia (unsegmented, 1-2-3-4, bottom)",INTERFACE,619,8.3,3.72023798380894e-07,5.0,155.0,,,
589,EVT_00001082,75490b09035d00064a91be38,3199,10,3171,0,3171,"Cascadia (unsegmented, 1-2-3-4, middle)",INTERFACE,1550,8.1,5.392777463767077e-07,5.0,105.0,,,
590,EVT_00001084,a60d792c957e16960f77584b,8231,0,8211,814,8211,"PointSourceFinite: -122.900, 46.300",SLAB,2,6.75,1.367221813702964e-07,50.0,8.0,-122.9,46.3,50.0
591,EVT_00001090,9d14cfed781ddb8281b5ec3f,3199,1,3160,0,3160,"Cascadia (unsegmented, 1-2-3, bottom)",INTERFACE,772,8.1,1.000721591214509e-06,5.0,145.0,,,
592,EVT_00001092,81765b8bb2c35c359fa3154a,8231,0,8211,624,8211,"PointSourceFinite: -123.700, 45.200",SLAB,5,7.05,6.300791153169613e-07,42.0,8.0,-123.7,45.2,42.0
593,EVT_00001095,980dff294fcaea7fea4c242b,8231,0,8211,696,8211,"PointSourceFinite: -123.300, 45.600",SLAB,5,7.05,4.6970924429906653e-07,42.0,8.0,-123.3,45.6,42.0
594,EVT_00001096,83f7b82fe9738b3d4ff60d23,8231,0,8211,629,8211,"PointSourceFinite: -123.200, 45.200",SLAB,4,6.95,6.643317835645519e-07,50.0,8.0,-123.2,45.2,50.0
595,EVT_00001098,757fb413f6a569230c3a44c1,8231,1,8212,723,8212,"PointSourceFinite: -122.300, 45.700",SLAB,0,7.25,1.1909024699903282e-08,60.0,8.0,-122.3,45.7,60.0
596,EVT_00001099,a8877d6a0c454973a2621d44,3199,15,3170,0,3170,"Cascadia (unsegmented, 1-2-3-4, bottom)",INTERFACE,1441,8.0,6.50020652165802e-07,5.0,155.0,,,
597,EVT_00001101,d84d44dc4bf047551a7bd98f,3199,12,3162,0,3162,"Cascadia (unsegmented, 1-2-3, top)",INTERFACE,795,8.2,8.567270806109988e-07,5.044143453483911,70.0,,,
598,EVT_00001103,8cec1effb6b8b016c2541e1c,8231,0,8211,576,8211,"PointSourceFinite: -123.100, 44.900",SLAB,3,6.85,6.840063037701657e-07,50.0,8.0,-123.1,44.9,50.0
599,EVT_00001104,fefdc924966c85a01f00075b,8231,0,8211,106,8211,"PointSourceFinite: -124.200, 42.600",SLAB,3,6.85,6.049545217238009e-07,42.0,8.0,-124.2,42.6,42.0
600,EVT_00001105,a7fe2283975997c7bd446cc6,3199,1,3160,0,3160,"Cascadia (unsegmented, 1-2-3, bottom)",INTERFACE,326,8.3,7.530120256384362e-07,5.0,145.0,,,
601,EVT_00001107,c6cd1aafc13bebdb95c9f7f6,8231,0,8211,762,8211,"PointSourceFinite: -123.300, 46.000",SLAB,1,6.65,3.364685747183441e-07,42.0,8.0,-123.3,46.0,42.0
602,EVT_00001108,63d1ace31327c73f568f5555,8231,0,8211,556,8211,"PointSourceFinite: -123.300, 44.800",SLAB,6,7.15,5.441206662186509e-07,42.0,8.0,-123.3,44.8,42.0
603,EVT_00001109,a13c2ea4fd343ef0f4621c59,3199,5,3160,0,3160,"Cascadia (segmented, 1-2-3, bottom)",INTERFACE,2,9.07,5.79087e-05,5.174507,145.0,-124.45345624957775,43.325971943028,17.751274495671908
604,EVT_00001112,feb88235d933975eb0333be4,3199,12,3162,0,3162,"Cascadia (unsegmented, 1-2-3, top)",INTERFACE,9,8.0,6.127450796861784e-07,5.155480225366903,70.0,,,
605,EVT_00001115,b435bda5284a959494e7a534,3199,0,3172,0,3172,"Cascadia (unsegmented, 1-2-3-4, top)",INTERFACE,1648,8.2,4.5090898979526244e-07,5.0,85.0,,,
606,EVT_00001116,c0be3ec613d5797bb9ca7cd9,8231,0,8211,318,8211,"PointSourceFinite: -123.900, 43.600",SLAB,4,6.95,1.0044831626476721e-07,42.0,8.0,-123.9,43.6,42.0
607,EVT_00001117,de0ccc1db90ffbbc72063aa0,3199,0,3172,0,3172,"Cascadia (unsegmented, 1-2-3-4, top)",INTERFACE,1459,8.1,5.484180471627536e-07,5.0,85.0,,,
608,EVT_00001118,f2cd4c1abe5f64fc01ca6b84,8231,0,8211,599,8211,"PointSourceFinite: -122.600, 45.000",SLAB,0,6.55,5.570391598770472e-07,50.0,8.0,-122.6,45.0,50.0
609,EVT_00001122,e882c283aadc2c12eca18693,8231,0,8211,571,8211,"PointSourceFinite: -123.600, 44.900",SLAB,5,7.05,6.342138841353034e-07,42.0,8.0,-123.6,44.9,42.0
610,EVT_00001123,6088fe34ebae2cc9a957dc50,3199,9,3161,0,3161,"Cascadia (unsegmented, 1-2-3, middle)",INTERFACE,572,8.7,1.8382352390585351e-06,5.014668232410635,80.0,,,
611,EVT_00001129,2b92f556e44c7787fb230fb7,8231,0,8211,496,8211,"PointSourceFinite: -123.700, 44.500",SLAB,1,6.65,6.136343365174773e-07,42.0,8.0,-123.7,44.5,42.0
612,EVT_00001133,da7477861439fc648530dd49,8231,0,8211,63,8211,"PointSourceFinite: -124.300, 42.400",SLAB,0,6.55,8.939397778280676e-07,42.0,8.0,-124.3,42.4,42.0
613,EVT_00001134,dcaf163497de2e4706700b5a,8231,0,8211,535,8211,"PointSourceFinite: -123.600, 44.700",SLAB,0,6.55,8.820999149383018e-07,42.0,8.0,-123.6,44.7,42.0
614,EVT_00001139,21915cb7b9b27d9e934b20bd,8231,0,8211,110,8211,"PointSourceFinite: -123.800, 42.600",SLAB,0,6.55,7.260189333562045e-07,42.0,8.0,-123.8,42.6,42.0
615,EVT_00001140,734dd41fb0895873bf42a516,3199,10,3171,0,3171,"Cascadia (unsegmented, 1-2-3-4, middle)",INTERFACE,1509,8.1,5.392777463767077e-07,5.0,105.0,,,
616,EVT_00001141,e81f4a8936198bbd4e33fcd9,8231,0,8211,571,8211,"PointSourceFinite: -123.600, 44.900",SLAB,3,6.85,7.624927968364442e-07,42.0,8.0,-123.6,44.9,42.0
617,EVT_00001147,a086d91559cdc064fe2d0f34,3199,10,3171,0,3171,"Cascadia (unsegmented, 1-2-3-4, middle)",INTERFACE,2083,8.4,3.118605252268748e-07,5.0,105.0,,,
618,EVT_00001148,47fc908202c93c4861124ece,3199,0,3172,0,3172,"Cascadia (unsegmented, 1-2-3-4, top)",INTERFACE,829,8.4,4.084967197907856e-07,5.0,85.0,,,
619,EVT_00001152,217136806151a1a3eb337416,8231,0,8211,64,8211,"PointSourceFinite: -124.200, 42.400",SLAB,1,6.65,8.294961440714303e-07,42.0,8.0,-124.2,42.4,42.0
620,EVT_00001153,beb925613c3a4d89af9e7d5c,8231,0,8211,298,8211,"PointSourceFinite: -123.900, 43.500",SLAB,3,6.85,1.1778930781621836e-07,42.0,8.0,-123.9,43.5,42.0
621,EVT_00001155,284285da7050739b9138b2b6,8231,0,8211,662,8211,"PointSourceFinite: -123.300, 45.400",SLAB,4,6.95,6.279137393273015e-07,42.0,8.0,-123.3,45.4,42.0
622,EVT_00001158,88b5aba0a32a8bb77471baa6,8231,0,8211,120,8211,"PointSourceFinite: -122.800, 42.600",SLAB,2,6.75,1.6948453676871294e-07,50.0,8.0,-122.8,42.6,50.0
623,EVT_00001159,36e28896b27403f441ae3556,8231,0,8211,514,8211,"PointSourceFinite: -123.800, 44.600",SLAB,5,7.05,4.607829132706584e-07,42.0,8.0,-123.8,44.6,42.0
624,EVT_00001160,6267b846e917c980e408f70d,3199,10,3171,0,3171,"Cascadia (unsegmented, 1-2-3-4, middle)",INTERFACE,204,8.1,3.4722221182216775e-07,5.007876250063196,105.0,,,
625,EVT_00001161,f83d8d5107cbd1d961bfda06,8231,0,8211,650,8211,"PointSourceFinite: -122.800, 45.300",SLAB,1,6.65,5.970493545164248e-07,50.0,8.0,-122.8,45.3,50.0
626,EVT_00001163,d536d9fc41eec978043854b2,3199,0,3172,0,3172,"Cascadia (unsegmented, 1-2-3-4, top)",INTERFACE,93,8.0,3.41530044415247e-07,5.0,85.0,,,
627,EVT_00001164,79f8c1932233d246ba48150d,8231,0,8211,289,8211,"PointSourceFinite: -122.700, 43.400",SLAB,1,6.65,1.0509012849855288e-07,50.0,8.0,-122.7,43.4,50.0
628,EVT_00001165,305cdbf78c4e5a0fca115781,3199,9,3161,0,3161,"Cascadia (unsegmented, 1-2-3, middle)",INTERFACE,181,8.1,6.443298776081463e-07,5.0,80.0,,,
629,EVT_00001166,8bdd40327788849685fefa72,3199,1,3160,0,3160,"Cascadia (unsegmented, 1-2-3, bottom)",INTERFACE,694,8.0,1.1864454622055416e-06,5.0,145.0,,,
630,EVT_00001167,929d523969cbd2e2fde45abd,8231,0,8211,10,8211,"PointSourceFinite: -123.300, 42.100",SLAB,0,6.55,4.7178125552255533e-07,42.0,8.0,-123.3,42.1,42.0
631,EVT_00001168,e6c097beb2f393055dc42b7d,8231,0,8211,52,8211,"PointSourceFinite: -123.300, 42.300",SLAB,3,6.85,3.70144095130845e-07,42.0,8.0,-123.3,42.3,42.0
632,EVT_00001171,412b2a2a0f79053f6d0a0de7,8231,0,8211,708,8211,"PointSourceFinite: -123.800, 45.700",SLAB,1,6.65,5.662047204768528e-07,42.0,8.0,-123.8,45.7,42.0
633,EVT_00001174,60103e03acdb8fce22221b8a,8231,0,8211,581,8211,"PointSourceFinite: -122.600, 44.900",SLAB,2,6.75,4.596929695045849e-07,50.0,8.0,-122.6,44.9,50.0
634,EVT_00001176,faa53b365860c19e4de430fc,8231,0,8211,747,8211,"PointSourceFinite: -123.200, 45.900",SLAB,1,6.65,3.977866775027586e-07,50.0,8.0,-123.2,45.9,50.0
635,EVT_00001177,1a4a99a5ccf8f665a32d99df,8231,0,8211,735,8211,"PointSourceFinite: -122.800, 45.800",SLAB,6,7.15,2.1979307829597285e-07,50.0,8.0,-122.8,45.8,50.0
636,EVT_00001178,3cf0c55c2775f1e056874f1e,3199,1,3160,0,3160,"Cascadia (unsegmented, 1-2-3, bottom)",INTERFACE,626,8.0,1.1864454622055416e-06,5.0,145.0,,,
637,EVT_00001180,95b021e4f4fc0d296ac8cfcb,3199,15,3170,0,3170,"Cascadia (unsegmented, 1-2-3-4, bottom)",INTERFACE,390,8.2,3.551136257272171e-07,5.000705014809807,155.0,,,
638,EVT_00001184,b922f7b8c3f593c444164381,3199,9,3161,0,3161,"Cascadia (unsegmented, 1-2-3, middle)",INTERFACE,737,8.1,1.000721591214509e-06,5.0,80.0,,,
639,EVT_00001187,c273b25ad8b08d33b2e95e7f,8231,0,8211,126,8211,"PointSourceFinite: -124.300, 42.700",SLAB,6,7.15,4.029933742694428e-07,42.0,8.0,-124.3,42.7,42.0
640,EVT_00001188,3b5e6623f5553d72abae25c0,3199,9,3161,0,3161,"Cascadia (unsegmented, 1-2-3, middle)",INTERFACE,771,8.1,1.000721591214509e-06,5.0,80.0,,,
641,EVT_00001192,3896e5e69e1ffa9b742ef655,8231,0,8211,503,8211,"PointSourceFinite: -123.000, 44.500",SLAB,2,6.75,5.092237592015483e-07,50.0,8.0,-123.0,44.5,50.0
642,EVT_00001193,5f66404bfb28a99aa4de0b68,8231,0,8211,538,8211,"PointSourceFinite: -123.300, 44.700",SLAB,4,6.95,6.082995898786429e-07,42.0,8.0,-123.3,44.7,42.0
643,EVT_00001194,dc5ee4fdb56d27afa64b01ea,8231,0,8211,479,8211,"PointSourceFinite: -123.500, 44.400",SLAB,3,6.85,4.596953619761049e-07,42.0,8.0,-123.5,44.4,42.0
644,EVT_00001195,7303fa0266b440ace2395a4b,8231,0,8211,97,8211,"PointSourceFinite: -123.000, 42.500",SLAB,6,7.15,1.6698566603556389e-07,50.0,8.0,-123.0,42.5,50.0
645,EVT_00001197,4d0c94420f54bbac031f491e,8231,0,8211,663,8211,"PointSourceFinite: -123.200, 45.400",SLAB,4,6.95,5.997543800347968e-07,50.0,8.0,-123.2,45.4,50.0
646,EVT_00001200,c348feb10adb8c8684e5825e,8231,0,8211,108,8211,"PointSourceFinite: -124.000, 42.600",SLAB,0,6.55,7.882049295527782e-07,42.0,8.0,-124.0,42.6,42.0
647,EVT_00001201,b94d5236baa5403ee7e34501,8231,0,8211,53,8211,"PointSourceFinite: -123.200, 42.300",SLAB,3,6.85,3.1761126915111094e-07,50.0,8.0,-123.2,42.3,50.0
648,EVT_00001203,af8a9156a2bc160b1436614e,8231,0,8211,614,8211,"PointSourceFinite: -122.900, 45.100",SLAB,3,6.85,5.910883470312339e-07,50.0,8.0,-122.9,45.1,50.0
649,EVT_00001206,327791e79ae536573c540aaa,3199,12,3162,0,3162,"Cascadia (unsegmented, 1-2-3, top)",INTERFACE,731,8.1,1.011145774456327e-06,5.0,70.0,,,
650,EVT_00001207,a7cee507904259329767b2e0,8231,0,8211,492,8211,"PointSourceFinite: -124.100, 44.500",SLAB,6,7.15,2.904246552631969e-07,42.0,8.0,-124.1,44.5,42.0
651,EVT_00001208,097b160fb6364f2681484905,3199,9,3161,0,3161,"Cascadia (unsegmented, 1-2-3, middle)",INTERFACE,219,8.2,6.868131662416505e-07,5.00050527146395,80.0,,,
652,EVT_00001210,1f51d8e0b05f712ab5499080,8231,0,8211,750,8211,"PointSourceFinite: -122.900, 45.900",SLAB,3,6.85,2.681671934404909e-07,50.0,8.0,-122.9,45.9,50.0
653,EVT_00001213,928090af4823f762a7afbaca,3199,1,3160,0,3160,"Cascadia (unsegmented, 1-2-3, bottom)",INTERFACE,332,8.3,7.530120256384362e-07,5.0,145.0,,,
654,EVT_00001215,4e683f3cf937a9a7d68d8ce5,8231,0,8211,133,8211,"PointSourceFinite: -123.600, 42.700",SLAB,5,7.05,3.544688614731841e-07,42.0,8.0,-123.6,42.7,42.0
655,EVT_00001216,6faaa4acf72c9855467080a4,3199,12,3162,0,3162,"Cascadia (unsegmented, 1-2-3, top)",INTERFACE,808,8.2,8.567270806109988e-07,5.0,70.0,,,
656,EVT_00001218,072240a1e6792160fdc19342,8231,0,8211,621,8211,"PointSourceFinite: -124.000, 45.200",SLAB,5,7.05,5.197237496298044e-07,42.0,8.0,-124.0,45.2,42.0
657,EVT_00001219,e82e91fb82955d4470779d22,3199,1,3160,0,3160,"Cascadia (unsegmented, 1-2-3, bottom)",INTERFACE,1026,8.4,6.66441670347842e-07,5.0,145.0,,,
658,EVT_00001221,bb20706d843bc0bd285331a0,8231,0,8211,607,8211,"PointSourceFinite: -123.600, 45.100",SLAB,6,7.15,6.002094036452755e-07,42.0,8.0,-123.6,45.1,42.0
659,EVT_00001225,b91eaa381714689da1dbaf34,8231,0,8211,537,8211,"PointSourceFinite: -123.400, 44.700",SLAB,5,7.05,5.650164654195689e-07,42.0,8.0,-123.4,44.7,42.0
660,EVT_00001227,69ac042a2a4031a63d2412a4,3199,1,3160,0,3160,"Cascadia (unsegmented, 1-2-3, bottom)",INTERFACE,674,8.0,1.1864454622055416e-06,5.0,145.0,,,
661,EVT_00001231,90809e56a45835ca154af10c,8231,0,8211,503,8211,"PointSourceFinite: -123.000, 44.500",SLAB,3,6.85,4.6441758804937573e-07,50.0,8.0,-123.0,44.5,50.0
662,EVT_00001234,8c0b19f33a42a00e6831a83c,8231,0,8211,196,8211,"PointSourceFinite: -123.600, 43.000",SLAB,6,7.15,2.0182403041235962e-07,42.0,8.0,-123.6,43.0,42.0
663,EVT_00001238,c647d7a710428378770a360e,3199,9,3161,0,3161,"Cascadia (unsegmented, 1-2-3, middle)",INTERFACE,614,8.0,1.1864454622055416e-06,5.0,80.0,,,
664,EVT_00001239,57bed20cbdd096e95f781a38,8231,0,8211,660,8211,"PointSourceFinite: -123.500, 45.400",SLAB,6,7.15,5.419478151228778e-07,42.0,8.0,-123.5,45.4,42.0
665,EVT_00001241,12c92477b68eff3c1d657909,8231,0,8211,559,8211,"PointSourceFinite: -123.000, 44.800",SLAB,2,6.75,6.699269765454346e-07,50.0,8.0,-123.0,44.8,50.0
666,EVT_00001246,829a09f14c9a46d77cc157d8,3199,9,3161,0,3161,"Cascadia (unsegmented, 1-2-3, middle)",INTERFACE,1016,8.4,6.66441670347842e-07,5.0,80.0,,,
667,EVT_00001250,60989181ba15af969405da40,3199,1,3160,0,3160,"Cascadia (unsegmented, 1-2-3, bottom)",INTERFACE,468,8.5,1.0080644859353255e-06,5.0,145.0,,,
668,EVT_00001251,86234d56f910da56c8dc0d21,3199,9,3161,0,3161,"Cascadia (unsegmented, 1-2-3, middle)",INTERFACE,23,8.0,6.06796098330002e-07,5.0,80.0,,,
669,EVT_00001252,060fd98a464d675c812cd5d7,8231,1,8212,587,8212,"PointSourceFinite: -123.800, 45.000",SLAB,1,7.35,3.9364417012790255e-08,42.0,8.0,-123.8,45.0,42.0
670,EVT_00001259,3f9692526a765440ea8db561,8231,0,8211,482,8211,"PointSourceFinite: -123.200, 44.400",SLAB,3,6.85,4.4341946946084004e-07,50.0,8.0,-123.2,44.4,50.0
671,EVT_00001260,f5981394bf30b2e1f36a41f7,8231,0,8211,575,8211,"PointSourceFinite: -123.200, 44.900",SLAB,3,6.85,7.235200739900191e-07,50.0,8.0,-123.2,44.9,50.0
672,EVT_00001261,7774791bb9468fa80faecf7e,8231,0,8211,287,8211,"PointSourceFinite: -122.900, 43.400",SLAB,0,6.55,1.230864082812914e-07,50.0,8.0,-122.9,43.4,50.0
673,EVT_00001262,a2acb3754feca0d207d58d93,3199,9,3161,0,3161,"Cascadia (unsegmented, 1-2-3, middle)",INTERFACE,475,8.5,1.0080644859353255e-06,5.0,80.0,,,
674,EVT_00001263,513b0801ee59db392b44e77d,8231,0,8211,530,8211,"PointSourceFinite: -124.100, 44.700",SLAB,1,6.65,5.814620199264453e-07,42.0,8.0,-124.1,44.7,42.0
675,EVT_00001264,15320a97439e9a09ef38d155,8231,0,8211,646,8211,"PointSourceFinite: -123.200, 45.300",SLAB,5,7.05,5.821569204286289e-07,50.0,8.0,-123.2,45.3,50.0
676,EVT_00001265,47fca0f0814c22749936c761,3199,9,3161,0,3161,"Cascadia (unsegmented, 1-2-3, middle)",INTERFACE,395,8.4,8.56164357917674e-07,5.0,80.0,,,
677,EVT_00001266,80e4b0032e6c1200465bca34,3199,1,3160,0,3160,"Cascadia (unsegmented, 1-2-3, bottom)",INTERFACE,893,8.3,7.379159742457803e-07,5.081256252642035,145.0,,,
678,EVT_00001272,09993865887b6c3f478d45d9,3199,9,3161,0,3161,"Cascadia (unsegmented, 1-2-3, middle)",INTERFACE,154,8.1,6.443298776081463e-07,5.0,80.0,,,
679,EVT_00001274,6f9763fd2d9f1332d9724abd,8231,0,8211,466,8211,"PointSourceFinite: -122.900, 44.300",SLAB,0,6.55,4.177235018428948e-07,50.0,8.0,-122.9,44.3,50.0
680,EVT_00001276,8930547d61d9ce9af59a4d7e,3199,1,3160,0,3160,"Cascadia (unsegmented, 1-2-3, bottom)",INTERFACE,1053,8.5,6.232945289588634e-07,5.020218374403848,145.0,,,
681,EVT_00001277,8360e8e35ff7cc090e92c43d,8231,0,8211,538,8211,"PointSourceFinite: -123.300, 44.700",SLAB,0,6.55,8.792604197390274e-07,42.0,8.0,-123.3,44.7,42.0
682,EVT_00001278,ecd84ff2fbff38f0b5d0ff6d,3199,10,3171,0,3171,"Cascadia (unsegmented, 1-2-3-4, middle)",INTERFACE,999,8.5,4.3103446984820834e-07,5.0,105.0,,,
683,EVT_00001280,66cfa18deb56942bc91288ba,8231,0,8211,463,8211,"PointSourceFinite: -123.200, 44.300",SLAB,4,6.95,3.381869283624865e-07,50.0,8.0,-123.2,44.3,50.0
684,EVT_00001282,e0029f292bd7d3b716f54a40,3199,15,3170,0,3170,"Cascadia (unsegmented, 1-2-3-4, bottom)",INTERFACE,1630,8.1,5.33351617295645e-07,5.0,155.0,,,
685,EVT_00001285,894d050a3d05408cf2cb25d1,3199,15,3170,0,3170,"Cascadia (unsegmented, 1-2-3-4, bottom)",INTERFACE,2310,8.6,2.2907632432741962e-07,5.001714006318391,155.0,,,
686,EVT_00001286,648a2d3f834ba74d51825d39,8231,0,8211,543,8211,"PointSourceFinite: -122.800, 44.700",SLAB,6,7.15,3.650279542953349e-07,50.0,8.0,-122.8,44.7,50.0
687,EVT_00001288,f9584acd41b3f0bd495b32a2,8231,0,8211,709,8211,"PointSourceFinite: -123.700, 45.700",SLAB,0,6.55,6.488967718784607e-07,42.0,8.0,-123.7,45.7,42.0
688,EVT_00001291,e48a388f9e7f941b47c4e953,8231,0,8211,444,8211,"PointSourceFinite: -123.200, 44.200",SLAB,5,7.05,2.520603196601883e-07,50.0,8.0,-123.2,44.2,50.0
689,EVT_00001292,330672fd1b99623c857b427b,3199,1,3160,0,3160,"Cascadia (unsegmented, 1-2-3, bottom)",INTERFACE,423,8.4,8.56164357917674e-07,5.0,145.0,,,
690,EVT_00001294,b90b5fd088dd267a165f4a52,8231,0,8211,538,8211,"PointSourceFinite: -123.300, 44.700",SLAB,2,6.75,7.313369625034509e-07,42.0,8.0,-123.3,44.7,42.0
691,EVT_00001295,7c0714afd3b35bda981e9032,8231,0,8211,404,8211,"PointSourceFinite: -123.300, 44.000",SLAB,1,6.65,2.3799442886520985e-07,42.0,8.0,-123.3,44.0,42.0
692,EVT_00001296,c7e9a534ac10f19bbb3f15b7,8231,0,8211,632,8211,"PointSourceFinite: -122.900, 45.200",SLAB,4,6.95,5.265472794028145e-07,50.0,8.0,-122.9,45.2,50.0
693,EVT_00001298,3e65a559fc34dc4171e932cd,8231,0,8211,2,8211,"PointSourceFinite: -124.100, 42.100",SLAB,2,6.75,7.578322823867508e-07,42.0,8.0,-124.1,42.1,42.0
694,EVT_00001299,0fbb19d620813dedd5323b15,3199,9,3161,0,3161,"Cascadia (unsegmented, 1-2-3, middle)",INTERFACE,350,8.3,7.530120256384362e-07,5.0,80.0,,,
695,EVT_00001303,6cfcd623789d69b113875e51,8231,0,8211,442,8211,"PointSourceFinite: -123.400, 44.200",SLAB,6,7.15,2.369939507843385e-07,42.0,8.0,-123.4,44.2,42.0
696,EVT_00001306,d68cf1aad7519fadb729c919,8231,0,8211,749,8211,"PointSourceFinite: -123.000, 45.900",SLAB,5,7.05,2.423009029628144e-07,50.0,8.0,-123.0,45.9,50.0
697,EVT_00001307,024267db4346a0237490de24,3199,15,3170,0,3170,"Cascadia (unsegmented, 1-2-3-4, bottom)",INTERFACE,1481,8.1,5.33351617295645e-07,5.0,155.0,,,
698,EVT_00001312,0840b66229678b3c1827813f,3199,12,3162,0,3162,"Cascadia (unsegmented, 1-2-3, top)",INTERFACE,814,8.2,8.567270806109988e-07,5.0,70.0,,,
699,EVT_00001314,18db096dc9c7738a77630974,8231,0,8211,65,8211,"PointSourceFinite: -124.100, 42.400",SLAB,4,6.95,6.29883423379426e-07,42.0,8.0,-124.1,42.4,42.0
700,EVT_00001316,5bbc8809958d44449a418eb5,8231,0,8211,131,8211,"PointSourceFinite: -123.800, 42.700",SLAB,3,6.85,4.953134063167162e-07,42.0,8.0,-123.8,42.7,42.0
701,EVT_00001317,9e1ca82334c9ed71ea6181cd,3199,15,3170,0,3170,"Cascadia (unsegmented, 1-2-3-4, bottom)",INTERFACE,2026,8.4,3.079129236417244e-07,5.0,155.0,,,
702,EVT_00001321,4228b88807873f4af402eae6,8231,0,8211,483,8211,"PointSourceFinite: -123.100, 44.400",SLAB,3,6.85,4.249011918580882e-07,50.0,8.0,-123.1,44.4,50.0
703,EVT_00001322,42d1e78f49df2319ecd58f0e,8231,0,8211,608,8211,"PointSourceFinite: -123.500, 45.100",SLAB,1,6.65,9.6217322299055e-07,42.0,8.0,-123.5,45.1,42.0
704,EVT_00001325,8001e350f3c09ed067810635,8231,0,8211,431,8211,"PointSourceFinite: -122.600, 44.100",SLAB,3,6.85,1.7452098187950469e-07,50.0,8.0,-122.6,44.1,50.0
705,EVT_00001327,2c8ade7ba78091be9a428ca4,8231,0,8211,762,8211,"PointSourceFinite: -123.300, 46.000",SLAB,4,6.95,2.552375154833671e-07,42.0,8.0,-123.3,46.0,42.0
706,EVT_00001329,1b40e7ef555533a06389dc9b,8231,0,8211,111,8211,"PointSourceFinite: -123.700, 42.600",SLAB,2,6.75,5.638750203600738e-07,42.0,8.0,-123.7,42.6,42.0
707,EVT_00001331,4101ba74be08c67903d90a47,8231,0,8211,590,8211,"PointSourceFinite: -123.500, 45.000",SLAB,0,6.55,1.0482629186674191e-06,42.0,8.0,-123.5,45.0,42.0
708,EVT_00001333,98ccb6cdcf337f9f5508fe46,8231,0,8211,515,8211,"PointSourceFinite: -123.700, 44.600",SLAB,2,6.75,6.388839300208085e-07,42.0,8.0,-123.7,44.6,42.0
709,EVT_00001334,b940a30ce4907cffde32ce16,3199,9,3161,0,3161,"Cascadia (unsegmented, 1-2-3, middle)",INTERFACE,693,8.0,1.1864454622055416e-06,5.0,80.0,,,
710,EVT_00001336,c956dd675a5d3e352fb065b0,8231,0,8211,4,8211,"PointSourceFinite: -123.900, 42.100",SLAB,1,6.65,7.859137906340746e-07,42.0,8.0,-123.9,42.1,42.0
711,EVT_00001339,5e81a1802fb8de9fa5b98e3d,8231,0,8211,30,8211,"PointSourceFinite: -123.400, 42.200",SLAB,6,7.15,3.211207212479367e-07,42.0,8.0,-123.4,42.2,42.0
712,EVT_00001340,70b44f0ab0fa8915d22b21d2,8231,1,8212,631,8212,"PointSourceFinite: -123.000, 45.200",SLAB,1,7.35,3.4348373663692375e-08,50.0,8.0,-123.0,45.2,50.0
713,EVT_00001342,3af2cabebc39af59935d996e,3199,0,3172,0,3172,"Cascadia (unsegmented, 1-2-3-4, top)",INTERFACE,799,8.4,4.084967197907856e-07,5.0,85.0,,,
714,EVT_00001345,44bff7e9a61482e5bbe6f8ed,8231,0,8211,424,8211,"PointSourceFinite: -123.300, 44.100",SLAB,1,6.65,2.986412273117746e-07,42.0,8.0,-123.3,44.1,42.0
715,EVT_00001346,7142d106d22d0f89b719cabf,8231,0,8211,148,8211,"PointSourceFinite: -124.200, 42.800",SLAB,2,6.75,5.149415296880401e-07,42.0,8.0,-124.2,42.8,42.0
716,EVT_00001347,6e0ad2aed197f6a9cc9fe914,8231,0,8211,643,8211,"PointSourceFinite: -123.500, 45.300",SLAB,0,6.55,1.0008397781554294e-06,42.0,8.0,-123.5,45.3,42.0
717,EVT_00001350,f5142923a4269bfe68a267f1,8231,0,8211,766,8211,"PointSourceFinite: -122.900, 46.000",SLAB,5,7.05,1.842321380042865e-07,50.0,8.0,-122.9,46.0,50.0
718,EVT_00001353,02c4cae39cc7d9adaa21e25d,3199,1,3160,0,3160,"Cascadia (unsegmented, 1-2-3, bottom)",INTERFACE,314,8.3,7.530120256384362e-07,5.0,145.0,,,
719,EVT_00001354,0478652c6fa7b0204e9a4034,3199,10,3171,0,3171,"Cascadia (unsegmented, 1-2-3-4, middle)",INTERFACE,1501,8.1,5.392777463767077e-07,5.0,105.0,,,
720,EVT_00001355,381aa5c979c6b9086feb6465,8231,0,8211,628,8211,"PointSourceFinite: -123.300, 45.200",SLAB,0,6.55,1.0038576152439958e-06,42.0,8.0,-123.3,45.2,42.0
721,EVT_00001365,c6124156aa360742ecd3567f,3199,10,3171,0,3171,"Cascadia (unsegmented, 1-2-3-4, middle)",INTERFACE,1106,8.6,4.7348483430295604e-07,5.0,105.0,,,
722,EVT_00001366,652e1e426950d3f847596c61,8231,0,8211,12,8211,"PointSourceFinite: -123.100, 42.100",SLAB,1,6.65,3.141305160327659e-07,50.0,8.0,-123.1,42.1,50.0
723,EVT_00001372,9e088a021266fb03f1c0f4c5,8231,0,8211,352,8211,"PointSourceFinite: -122.500, 43.700",SLAB,1,6.65,1.126670483575897e-07,50.0,8.0,-122.5,43.7,50.0
724,EVT_00001376,081bf4fa653a03c4d1511c30,8231,0,8211,713,8211,"PointSourceFinite: -123.300, 45.700",SLAB,0,6.55,6.480090369816477e-07,42.0,8.0,-123.3,45.7,42.0
725,EVT_00001380,b43fb06fc53cf8b92b9717d6,3199,1,3160,0,3160,"Cascadia (unsegmented, 1-2-3, bottom)",INTERFACE,459,8.5,1.0080644859353255e-06,5.036757734594712,145.0,,,
726,EVT_00001383,0b0d20a6a69544827455952d,8231,0,8211,91,8211,"PointSourceFinite: -123.600, 42.500",SLAB,5,7.05,4.2154486746511683e-07,42.0,8.0,-123.6,42.5,42.0
727,EVT_00001386,82dc2e5701416acc7836b424,3199,9,3161,0,3161,"Cascadia (unsegmented, 1-2-3, middle)",INTERFACE,735,8.1,1.000721591214509e-06,5.0,80.0,,,
728,EVT_00001387,7443023e7729d00b5f653aef,8231,0,8211,723,8211,"PointSourceFinite: -122.300, 45.700",SLAB,3,6.85,1.8270163664475141e-07,60.0,8.0,-122.3,45.7,60.0
729,EVT_00001389,639de6288e8dc8aabb9393cc,8231,0,8211,86,8211,"PointSourceFinite: -124.100, 42.500",SLAB,5,7.05,5.462391031456736e-07,42.0,8.0,-124.1,42.5,42.0
730,EVT_00001395,1a05f7e17473ecf5e8ca6c43,3199,12,3162,0,3162,"Cascadia (unsegmented, 1-2-3, top)",INTERFACE,1052,8.5,6.335124720565497e-07,5.0,70.0,,,
731,EVT_00001398,9d645da5595b75881179b09b,8231,0,8211,743,8211,"PointSourceFinite: -123.600, 45.900",SLAB,5,7.05,2.9445904715165457e-07,42.0,8.0,-123.6,45.9,42.0
732,EVT_00001401,6678654ccced14a6b5a638a8,8231,0,8211,583,8211,"PointSourceFinite: -122.400, 44.900",SLAB,2,6.75,3.5380260184761625e-07,60.0,8.0,-122.4,44.9,60.0
733,EVT_00001403,c98b00ba8a5cc8970f86f927,8231,0,8211,742,8211,"PointSourceFinite: -123.700, 45.900",SLAB,0,6.55,4.5524424420994694e-07,42.0,8.0,-123.7,45.9,42.0
734,EVT_00001412,0828d15251c0c4684dadede0,8231,0,8211,524,8211,"PointSourceFinite: -122.800, 44.600",SLAB,2,6.75,4.850721794798482e-07,50.0,8.0,-122.8,44.6,50.0
735,EVT_00001413,3f97b21ee92bf8386cea30fa,8231,0,8211,686,8211,"PointSourceFinite: -122.600, 45.500",SLAB,4,6.95,3.0505590415412746e-07,50.0,8.0,-122.6,45.5,50.0
736,EVT_00001414,66696f0514eb0b2d10ed7d3f,8231,0,8211,52,8211,"PointSourceFinite: -123.300, 42.300",SLAB,1,6.65,4.450110812594593e-07,42.0,8.0,-123.3,42.3,42.0
737,EVT_00001416,238a54f199cddadde4e8a8c3,8231,0,8211,605,8211,"PointSourceFinite: -123.800, 45.100",SLAB,6,7.15,5.55572913039838e-07,42.0,8.0,-123.8,45.1,42.0
738,EVT_00001417,a333369bd026d37ffacd44ae,8231,0,8211,16,8211,"PointSourceFinite: -122.700, 42.100",SLAB,1,6.65,1.6740769695672977e-07,50.0,8.0,-122.7,42.1,50.0
739,EVT_00001419,28923b5108a1809dd5d8ea10,3199,9,3161,0,3161,"Cascadia (unsegmented, 1-2-3, middle)",INTERFACE,794,8.2,8.473124973075812e-07,5.317301805894837,80.0,,,
740,EVT_00001420,a371a6edda34821e02135a4d,3199,12,3162,0,3162,"Cascadia (unsegmented, 1-2-3, top)",INTERFACE,533,8.6,1.3020832943331291e-06,5.0,70.0,,,
741,EVT_00001423,a50069ca5335c63169684198,8231,0,8211,588,8211,"PointSourceFinite: -123.700, 45.000",SLAB,4,6.95,6.948087325776225e-07,42.0,8.0,-123.7,45.0,42.0
742,EVT_00001424,769ba8acbfc13f62e6fbbd66,3199,12,3162,0,3162,"Cascadia (unsegmented, 1-2-3, top)",INTERFACE,769,8.1,1.011145774456327e-06,5.0,70.0,,,
743,EVT_00001426,2ed44ed9696aa4d3c3aeef9b,8231,0,8211,667,8211,"PointSourceFinite: -122.800, 45.400",SLAB,3,6.85,4.657341966339349e-07,50.0,8.0,-122.8,45.4,50.0
744,EVT_00001427,ff7e1883cef9118502a402dc,3199,12,3162,0,3162,"Cascadia (unsegmented, 1-2-3, top)",INTERFACE,725,8.1,1.011145774456327e-06,5.0,70.0,,,
745,EVT_00001428,22fd9bc3fee88e85ad9f991b,8231,0,8211,14,8211,"PointSourceFinite: -122.900, 42.100",SLAB,3,6.85,1.88149494000098e-07,50.0,8.0,-122.9,42.1,50.0
746,EVT_00001429,d93fda68e3f959cefa1cf5b9,8231,0,8211,628,8211,"PointSourceFinite: -123.300, 45.200",SLAB,2,6.75,8.349723957054801e-07,42.0,8.0,-123.3,45.2,42.0
747,EVT_00001430,db67cf693855e455eb8a397e,8231,0,8211,479,8211,"PointSourceFinite: -123.500, 44.400",SLAB,5,7.05,3.8235794783565217e-07,42.0,8.0,-123.5,44.4,42.0
748,EVT_00001435,57af57b319dd88eefffe8646,8231,0,8211,524,8211,"PointSourceFinite: -122.800, 44.600",SLAB,0,6.55,5.831850296109761e-07,50.0,8.0,-122.8,44.6,50.0
749,EVT_00001439,7d4f7fd21d963b8891640fe7,8231,0,8211,51,8211,"PointSourceFinite: -123.400, 42.300",SLAB,6,7.15,3.232796836558354e-07,42.0,8.0,-123.4,42.3,42.0
750,EVT_00001441,9edf49fd77359ea3681ceafe,8231,0,8211,110,8211,"PointSourceFinite: -123.800, 42.600",SLAB,2,6.75,6.038762459002953e-07,42.0,8.0,-123.8,42.6,42.0
751,EVT_00001442,be401974eda5547eb0b51a9a,8231,0,8211,465,8211,"PointSourceFinite: -123.000, 44.300",SLAB,5,7.05,2.812727003078923e-07,50.0,8.0,-123.0,44.3,50.0
752,EVT_00001445,7a2e31341cbe727b86971ea5,3199,10,3171,0,3171,"Cascadia (unsegmented, 1-2-3-4, middle)",INTERFACE,346,8.1,3.4722221182216775e-07,5.0,105.0,,,
753,EVT_00001447,9456d48350b191569cf5afab,8231,0,8211,572,8211,"PointSourceFinite: -123.500, 44.900",SLAB,3,6.85,7.728960446452284e-07,42.0,8.0,-123.5,44.9,42.0
754,EVT_00001448,b9949d60df00550f2b59c065,8231,0,8211,625,8211,"PointSourceFinite: -123.600, 45.200",SLAB,3,6.85,7.798662724671083e-07,42.0,8.0,-123.6,45.2,42.0
755,EVT_00001450,f66102bfeb764bb3a5b79ee6,8231,0,8211,787,8211,"PointSourceFinite: -122.400, 46.100",SLAB,3,6.85,1.213066287804933e-07,60.0,8.0,-122.4,46.1,60.0
756,EVT_00001451,c6ceb0f4342955d359bca70d,8231,0,8211,739,8211,"PointSourceFinite: -122.400, 45.800",SLAB,3,6.85,1.8297135551984786e-07,60.0,8.0,-122.4,45.8,60.0
757,EVT_00001452,37563869bce7661d85791597,8231,0,8211,420,8211,"PointSourceFinite: -123.700, 44.100",SLAB,0,6.55,3.106375470815421e-07,42.0,8.0,-123.7,44.1,42.0
758,EVT_00001456,f7e839954c907307aa6f4ff7,8231,0,8211,710,8211,"PointSourceFinite: -123.600, 45.700",SLAB,0,6.55,6.664617491744455e-07,42.0,8.0,-123.6,45.7,42.0
759,EVT_00001458,6f79c2096283ff45ab92fa93,8231,0,8211,575,8211,"PointSourceFinite: -123.200, 44.900",SLAB,0,6.55,9.53785213018173e-07,50.0,8.0,-123.2,44.9,50.0
760,EVT_00001460,252a668343942dcf48450798,8231,0,8211,95,8211,"PointSourceFinite: -123.200, 42.500",SLAB,6,7.15,2.2963231909850762e-07,50.0,8.0,-123.2,42.5,50.0
761,EVT_00001461,715b4c391ab68dd6f5260957,8231,0,8211,228,8211,"PointSourceFinite: -122.500, 43.100",SLAB,5,7.05,7.388355947879522e-08,50.0,8.0,-122.5,43.1,50.0
762,EVT_00001463,317ac09fda45bae8cd9c4389,8231,0,8211,800,8211,"PointSourceFinite: -122.700, 46.200",SLAB,3,6.85,1.3091704718451566e-07,50.0,8.0,-122.7,46.2,50.0
763,EVT_00001470,e1cf3f5b975505335f995c26,3199,15,3170,0,3170,"Cascadia (unsegmented, 1-2-3-4, bottom)",INTERFACE,45,8.0,3.324467985531395e-07,5.0,155.0,,,
764,EVT_00001472,4e13b8934dbf65b5813b640f,3199,9,3161,0,3161,"Cascadia (unsegmented, 1-2-3, middle)",INTERFACE,1092,8.5,6.232945289588634e-07,5.0,80.0,,,
765,EVT_00001473,e1fdd97c6114ef7355b909ec,3199,9,3161,0,3161,"Cascadia (unsegmented, 1-2-3, middle)",INTERFACE,728,8.1,1.000721591214509e-06,5.0,80.0,,,
766,EVT_00001474,4981863533fd5fd15625c2ae,8231,0,8211,693,8211,"PointSourceFinite: -123.600, 45.600",SLAB,1,6.65,6.984899374777397e-07,42.0,8.0,-123.6,45.6,42.0
767,EVT_00001475,dddb3097f1b6b2fcd0e9a117,8231,0,8211,673,8211,"PointSourceFinite: -123.900, 45.500",SLAB,1,6.65,6.81310862991476e-07,42.0,8.0,-123.9,45.5,42.0
768,EVT_00001477,c003b9a565ee781847935876,8231,1,8212,631,8212,"PointSourceFinite: -123.000, 45.200",SLAB,2,7.45,2.8569732809756368e-08,50.0,8.0,-123.0,45.2,50.0
769,EVT_00001478,831c9d35d3fc281c48fb1260,8231,0,8211,145,8211,"PointSourceFinite: -122.400, 42.700",SLAB,5,7.05,8.035674615619609e-08,60.0,8.0,-122.4,42.7,60.0
770,EVT_00001479,aef5becf017cb27c43dd4225,3199,10,3171,0,3171,"Cascadia (unsegmented, 1-2-3-4, middle)",INTERFACE,444,8.2,3.591953915401736e-07,5.0,105.0,,,
771,EVT_00001482,bbac20d316063ef9b1281ba0,8231,1,8212,209,8212,"PointSourceFinite: -122.300, 43.000",SLAB,2,7.45,3.826637414161316e-09,60.0,8.0,-122.3,43.0,60.0
772,EVT_00001483,fccf251cafb41cbf7dc9384a,3199,10,3171,0,3171,"Cascadia (unsegmented, 1-2-3-4, middle)",INTERFACE,1579,8.1,5.392777463767077e-07,5.0,105.0,,,
773,EVT_00001484,28eddfcc6cc2b88ed11cca5d,3199,15,3170,0,3170,"Cascadia (unsegmented, 1-2-3-4, bottom)",INTERFACE,1204,8.7,5.252100683024388e-07,5.0,155.0,,,
774,EVT_00001490,aa0db33190870fd364866e2a,3199,9,3161,0,3161,"Cascadia (unsegmented, 1-2-3, middle)",INTERFACE,342,8.3,7.530120256384362e-07,5.0,80.0,,,
775,EVT_00001491,b08db1590da490bca61adceb,3199,1,3160,0,3160,"Cascadia (unsegmented, 1-2-3, bottom)",INTERFACE,99,8.0,6.06796098330002e-07,5.0,145.0,,,
776,EVT_00001492,9fe1f126f0e566ee92cbad60,8231,0,8211,547,8211,"PointSourceFinite: -122.400, 44.700",SLAB,6,7.15,2.293092088273325e-07,60.0,8.0,-122.4,44.7,60.0
777,EVT_00001493,539bd8b164267aa61fa6dd40,8231,0,8211,64,8211,"PointSourceFinite: -124.200, 42.400",SLAB,0,6.55,9.095244357591696e-07,42.0,8.0,-124.2,42.4,42.0
778,EVT_00001496,29ad52d4bcd383f5c418ebc8,8231,0,8211,99,8211,"PointSourceFinite: -122.800, 42.500",SLAB,2,6.75,1.762345729522303e-07,50.0,8.0,-122.8,42.5,50.0
779,EVT_00001497,be3a5a1fe2a6cd7149264c46,8231,0,8211,624,8211,"PointSourceFinite: -123.700, 45.200",SLAB,1,6.65,9.107414119955456e-07,42.0,8.0,-123.7,45.2,42.0
780,EVT_00001498,04c7e5abd63d0c81c33398ea,8231,0,8211,599,8211,"PointSourceFinite: -122.600, 45.000",SLAB,1,6.65,5.080257517535768e-07,50.0,8.0,-122.6,45.0,50.0
781,EVT_00001501,210334ec93ada1791349fa70,8231,1,8212,131,8212,"PointSourceFinite: -123.800, 42.700",SLAB,0,7.25,3.2285970166148814e-08,42.0,8.0,-123.8,42.7,42.0
782,EVT_00001503,be7f2a08d7008e9f7096ae6c,8231,0,8211,232,8211,"PointSourceFinite: -124.200, 43.200",SLAB,6,7.15,1.5689220691149838e-07,42.0,8.0,-124.2,43.2,42.0
783,EVT_00001504,a436a015df2073ae5e1c0c66,3199,0,3172,0,3172,"Cascadia (unsegmented, 1-2-3-4, top)",INTERFACE,2236,8.6,2.3795525162693186e-07,5.01463796658703,85.0,,,
784,EVT_00001506,d6e19c0eefa6f2a6223194e6,3199,10,3171,0,3171,"Cascadia (unsegmented, 1-2-3-4, middle)",INTERFACE,703,8.3,3.765060128192181e-07,5.0,105.0,,,
785,EVT_00001508,7b0b3d542d00dee3f9777be8,8231,0,8211,332,8211,"PointSourceFinite: -122.500, 43.600",SLAB,0,6.55,1.1549263050791117e-07,50.0,8.0,-122.5,43.6,50.0
786,EVT_00001510,3d3bc16f404cdba0eedca5bd,3199,0,3172,0,3172,"Cascadia (unsegmented, 1-2-3-4, top)",INTERFACE,1493,8.1,5.484180471627536e-07,5.0,85.0,,,
787,EVT_00001511,6080338f5e907ae055d2003f,8231,0,8211,561,8211,"PointSourceFinite: -122.800, 44.800",SLAB,3,6.85,5.102856255881847e-07,50.0,8.0,-122.8,44.8,50.0
788,EVT_00001512,ff73a5039b955a8c83b26eb0,8231,0,8211,629,8211,"PointSourceFinite: -123.200, 45.200",SLAB,1,6.65,8.757598503211675e-07,50.0,8.0,-123.2,45.2,50.0
789,EVT_00001513,aef51759812a29cc68a715c4,8231,0,8211,237,8211,"PointSourceFinite: -123.700, 43.200",SLAB,2,6.75,2.063837317863964e-07,42.0,8.0,-123.7,43.2,42.0
790,EVT_00001514,2f3c75172fa0edf1737c9fa8,8231,0,8211,713,8211,"PointSourceFinite: -123.300, 45.700",SLAB,5,7.05,4.0886606117310763e-07,42.0,8.0,-123.3,45.7,42.0
791,EVT_00001516,cff77428161dcafdf210c53b,3199,9,3161,0,3161,"Cascadia (unsegmented, 1-2-3, middle)",INTERFACE,474,8.5,1.0080644859353255e-06,5.0,80.0,,,
792,EVT_00001517,ac8a8dbec8e3e49d6074e190,8231,0,8211,552,8211,"PointSourceFinite: -123.700, 44.800",SLAB,3,6.85,7.00223403702789e-07,42.0,8.0,-123.7,44.8,42.0
793,EVT_00001518,f2fa74755c078a8c833e8437,8231,0,8211,50,8211,"PointSourceFinite: -123.500, 42.300",SLAB,3,6.85,4.834653392996061e-07,42.0,8.0,-123.5,42.3,42.0
794,EVT_00001519,4b6148a45b0d4eab2b817deb,8231,0,8211,551,8211,"PointSourceFinite: -123.800, 44.800",SLAB,5,7.05,5.543656978185487e-07,42.0,8.0,-123.8,44.8,42.0
795,EVT_00001522,359074fdc6e1d3b1e91d0ee2,3199,9,3161,0,3161,"Cascadia (unsegmented, 1-2-3, middle)",INTERFACE,338,8.3,7.530120256384362e-07,5.0,80.0,,,
796,EVT_00001523,c752113c21bdaaa2b6124ac7,3199,1,3160,0,3160,"Cascadia (unsegmented, 1-2-3, bottom)",INTERFACE,866,8.2,8.473124973075812e-07,5.0,145.0,,,
797,EVT_00001524,41f426e46727cc3b256abe0d,8231,0,8211,10,8211,"PointSourceFinite: -123.300, 42.100",SLAB,1,6.65,4.302696188415106e-07,42.0,8.0,-123.3,42.1,42.0
798,EVT_00001527,efe906e9441c3ecd40d3c19b,8231,0,8211,255,8211,"PointSourceFinite: -124.000, 43.300",SLAB,0,6.55,2.1845062440963682e-07,42.0,8.0,-124.0,43.3,42.0
799,EVT_00001528,9f5ca11db4f49a626cd2b467,8231,0,8211,694,8211,"PointSourceFinite: -123.500, 45.600",SLAB,2,6.75,6.427635743435484e-07,42.0,8.0,-123.5,45.6,42.0
800,EVT_00001530,f7b7368bcccaab82e480c868,8231,0,8211,252,8211,"PointSourceFinite: -124.300, 43.300",SLAB,4,6.95,1.4846306606504125e-07,42.0,8.0,-124.3,43.3,42.0
801,EVT_00001532,423b46cfc30f2076779a729a,8231,0,8211,676,8211,"PointSourceFinite: -123.600, 45.500",SLAB,0,6.55,8.565026292150206e-07,42.0,8.0,-123.6,45.5,42.0
802,EVT_00001534,6b250bb0b68f07d7e09bf455,8231,0,8211,435,8211,"PointSourceFinite: -124.100, 44.200",SLAB,0,6.55,2.994409906954589e-07,42.0,8.0,-124.1,44.2,42.0
803,EVT_00001535,2717caf47a237b4602ea88d3,8231,0,8211,383,8211,"PointSourceFinite: -123.400, 43.900",SLAB,6,7.15,1.2132786624834138e-07,42.0,8.0,-123.4,43.9,42.0
804,EVT_00001536,9bc3187eb5bf402452f51cfc,3199,9,3161,0,3161,"Cascadia (unsegmented, 1-2-3, middle)",INTERFACE,648,8.0,1.1864454622055416e-06,5.0,80.0,,,
805,EVT_00001537,a2452c1f6763256efd9a8f30,8231,0,8211,357,8211,"PointSourceFinite: -124.000, 43.800",SLAB,0,6.55,1.5601298473020058e-07,42.0,8.0,-124.0,43.8,42.0
806,EVT_00001540,5082deb4449948a390833c49,8231,0,8211,732,8211,"PointSourceFinite: -123.100, 45.800",SLAB,3,6.85,3.759726089285209e-07,50.0,8.0,-123.1,45.8,50.0
807,EVT_00001542,2e6e07d12ac27d590c08487c,8231,0,8211,19,8211,"PointSourceFinite: -122.400, 42.100",SLAB,3,6.85,1.0048055751847401e-07,60.0,8.0,-122.4,42.1,60.0
808,EVT_00001543,963ade7318d4191c51f7e4a2,8231,0,8211,253,8211,"PointSourceFinite: -124.200, 43.300",SLAB,1,6.65,1.9877797553809202e-07,42.0,8.0,-124.2,43.3,42.0
809,EVT_00001544,119fb1dbdc6d787deaf8c717,8231,0,8211,671,8211,"PointSourceFinite: -122.400, 45.400",SLAB,2,6.75,3.026714698649285e-07,60.0,8.0,-122.4,45.4,60.0
810,EVT_00001545,fb2b7ef18049a77227439cc4,8231,0,8211,539,8211,"PointSourceFinite: -123.200, 44.700",SLAB,0,6.55,8.489431639852231e-07,50.0,8.0,-123.2,44.7,50.0
811,EVT_00001546,c5e73c2055f031911dd7f514,3199,9,3161,0,3161,"Cascadia (unsegmented, 1-2-3, middle)",INTERFACE,521,8.6,1.275510165877351e-06,5.0312651995403295,80.0,,,
812,EVT_00001547,c758f8e2d271c56a68fb10aa,8231,0,8211,578,8211,"PointSourceFinite: -122.900, 44.900",SLAB,0,6.55,7.696669248065257e-07,50.0,8.0,-122.9,44.9,50.0
813,EVT_00001551,da744ceb5d81e4424e583778,8231,0,8211,557,8211,"PointSourceFinite: -123.200, 44.800",SLAB,2,6.75,7.576486990495947e-07,50.0,8.0,-123.2,44.8,50.0
814,EVT_00001552,85ce36fb5dbad8b2c753a695,8231,0,8211,404,8211,"PointSourceFinite: -123.300, 44.000",SLAB,2,6.75,2.1705349883139046e-07,42.0,8.0,-123.3,44.0,42.0
815,EVT_00001554,a703e9e1211431a92f1dd10d,8231,0,8211,433,8211,"PointSourceFinite: -122.400, 44.100",SLAB,4,6.95,1.3618309142060332e-07,60.0,8.0,-122.4,44.1,60.0
816,EVT_00001557,0a5c027183610fc555cc5395,8231,0,8211,515,8211,"PointSourceFinite: -123.700, 44.600",SLAB,6,7.15,4.419996896108017e-07,42.0,8.0,-123.7,44.6,42.0
817,EVT_00001558,f0bb761936a7cc3b04f89a27,3199,15,3170,0,3170,"Cascadia (unsegmented, 1-2-3-4, bottom)",INTERFACE,1688,8.2,4.380990753124425e-07,5.0,155.0,,,
818,EVT_00001561,75e00df3805879118999b70c,8231,0,8211,185,8211,"PointSourceFinite: -122.600, 42.900",SLAB,4,6.95,9.477632293734446e-08,50.0,8.0,-122.6,42.9,50.0
819,EVT_00001562,87ee9bacc8aef7d665d23728,3199,1,3160,0,3160,"Cascadia (unsegmented, 1-2-3, bottom)",INTERFACE,1011,8.4,6.66441670347842e-07,5.0,145.0,,,
820,EVT_00001563,31bb1357d6568bfe11994572,8231,0,8211,606,8211,"PointSourceFinite: -123.700, 45.100",SLAB,1,6.65,9.234391413072356e-07,42.0,8.0,-123.7,45.1,42.0
821,EVT_00001564,cc522dcf09146aa20409195b,8231,0,8211,70,8211,"PointSourceFinite: -123.600, 42.400",SLAB,6,7.15,4.017776253018537e-07,42.0,8.0,-123.6,42.4,42.0
822,EVT_00001565,419af799b904ab2729bc781c,3199,1,3160,0,3160,"Cascadia (unsegmented, 1-2-3, bottom)",INTERFACE,639,8.0,1.1864454622055416e-06,5.0,145.0,,,
823,EVT_00001566,59055224e230b7b8b44b89fd,8231,0,8211,680,8211,"PointSourceFinite: -123.200, 45.500",SLAB,4,6.95,5.501831332261591e-07,50.0,8.0,-123.2,45.5,50.0
824,EVT_00001567,94580bdb39cd2b55de96c82f,8231,0,8211,594,8211,"PointSourceFinite: -123.100, 45.000",SLAB,1,6.65,8.400027206831455e-07,50.0,8.0,-123.1,45.0,50.0
825,EVT_00001568,2e8940ca9d309cb4702b882f,8231,0,8211,545,8211,"PointSourceFinite: -122.600, 44.700",SLAB,5,7.05,3.218774005733141e-07,50.0,8.0,-122.6,44.7,50.0
826,EVT_00001569,733dead60d32592db4464878,8231,0,8211,3,8211,"PointSourceFinite: -124.000, 42.100",SLAB,4,6.95,6.186094968411498e-07,42.0,8.0,-124.0,42.1,42.0
827,EVT_00001571,17bdea2a689cc2d64ad5e0af,3199,10,3171,0,3171,"Cascadia (unsegmented, 1-2-3-4, middle)",INTERFACE,1347,8.0,6.57010121543929e-07,5.0,105.0,,,
828,EVT_00001576,4705a2a91731951f11a476df,8231,0,8211,550,8211,"PointSourceFinite: -123.900, 44.800",SLAB,4,6.95,5.691916354304736e-07,42.0,8.0,-123.9,44.8,42.0
829,EVT_00001578,ed6cc42b99676c01b711167d,8231,1,8212,586,8212,"PointSourceFinite: -123.900, 45.000",SLAB,1,7.35,3.688406686544043e-08,42.0,8.0,-123.9,45.0,42.0
830,EVT_00001580,06005a6905045fb04643b464,3199,12,3162,0,3162,"Cascadia (unsegmented, 1-2-3, top)",INTERFACE,258,8.2,6.944444236443356e-07,5.0,70.0,,,
831,EVT_00001581,ef3835653dca109273b3e5d8,8231,0,8211,646,8211,"PointSourceFinite: -123.200, 45.300",SLAB,1,6.65,8.414727656025127e-07,50.0,8.0,-123.2,45.3,50.0
832,EVT_00001585,301b66b2c55e828fd66c9fc7,8231,0,8211,520,8211,"PointSourceFinite: -123.200, 44.600",SLAB,6,7.15,4.434926405572394e-07,50.0,8.0,-123.2,44.6,50.0
833,EVT_00001586,3787b1b9e2a4beb76d3da8e8,8231,1,8212,643,8212,"PointSourceFinite: -123.500, 45.300",SLAB,0,7.25,4.948781922132e-08,42.0,8.0,-123.5,45.3,42.0
834,EVT_00001587,8bc8f4fe700d8c5c2f131bea,8231,0,8211,616,8211,"PointSourceFinite: -122.700, 45.100",SLAB,0,6.55,6.248473809283234e-07,50.0,8.0,-122.7,45.1,50.0
835,EVT_00001588,f7b5a858ff1a4acdb735b165,8231,0,8211,588,8211,"PointSourceFinite: -123.700, 45.000",SLAB,6,7.15,5.779167316038304e-07,42.0,8.0,-123.7,45.0,42.0
836,EVT_00001589,2c0c50bd555eafe0fe0c20f3,8231,0,8211,136,8211,"PointSourceFinite: -123.300, 42.700",SLAB,5,7.05,2.506907731737332e-07,42.0,8.0,-123.3,42.7,42.0
837,EVT_00001591,e599aa9b13546560f377ff60,8231,0,8211,272,8211,"PointSourceFinite: -122.300, 43.300",SLAB,5,7.05,6.71827055933436e-08,60.0,8.0,-122.3,43.3,60.0
838,EVT_00001594,5187191ca3ca7c514e385b03,3199,9,3161,0,3161,"Cascadia (unsegmented, 1-2-3, middle)",INTERFACE,25,8.0,6.06796098330002e-07,5.0,80.0,,,
839,EVT_00001595,0f3cbeba457b7ff8e616d27d,8231,0,8211,85,8211,"PointSourceFinite: -124.200, 42.500",SLAB,1,6.65,7.881154670409134e-07,42.0,8.0,-124.2,42.5,42.0
840,EVT_00001597,53b5742c7115e9241a26246c,8231,0,8211,473,8211,"PointSourceFinite: -124.100, 44.400",SLAB,0,6.55,4.325625150272965e-07,42.0,8.0,-124.1,44.4,42.0
841,EVT_00001598,8431bc6fbe7509b5d79f3787,8231,0,8211,408,8211,"PointSourceFinite: -122.900, 44.000",SLAB,1,6.65,2.095145360703969e-07,50.0,8.0,-122.9,44.0,50.0
842,EVT_00001599,b83c86fcdb82a1f3c1dd45a4,8231,0,8211,44,8211,"PointSourceFinite: -124.100, 42.300",SLAB,2,6.75,7.753084509785234e-07,42.0,8.0,-124.1,42.3,42.0
843,EVT_00001601,df6b5660822590e0f9038e6c,8231,0,8211,324,8211,"PointSourceFinite: -123.300, 43.600",SLAB,3,6.85,1.0565315957562001e-07,42.0,8.0,-123.3,43.6,42.0
844,EVT_00001603,34bb8c8e96c35ec1aa7e5964,8231,0,8211,522,8211,"PointSourceFinite: -123.000, 44.600",SLAB,1,6.65,6.284275697267165e-07,50.0,8.0,-123.0,44.6,50.0
845,EVT_00001606,d0acfa354f39e2799fff27e4,8231,0,8211,560,8211,"PointSourceFinite: -122.900, 44.800",SLAB,5,7.05,4.674410460586629e-07,50.0,8.0,-122.9,44.8,50.0
846,EVT_00001610,ec93d9a95430dbe639f7be93,8231,0,8211,764,8211,"PointSourceFinite: -123.100, 46.000",SLAB,5,7.05,2.123593878111133e-07,50.0,8.0,-123.1,46.0,50.0
847,EVT_00001614,2052fbb7b8b338367f207f12,3199,0,3172,0,3172,"Cascadia (unsegmented, 1-2-3-4, top)",INTERFACE,1428,8.1,5.484180471627536e-07,5.061450919006521,85.0,,,
848,EVT_00001617,19e146d3137de721ae2759a5,8231,0,8211,47,8211,"PointSourceFinite: -123.800, 42.300",SLAB,4,6.95,5.79787690314808e-07,42.0,8.0,-123.8,42.3,42.0
849,EVT_00001618,7e58ad67965a86821e4fb7af,3199,0,3172,0,3172,"Cascadia (unsegmented, 1-2-3-4, top)",INTERFACE,1234,8.0,6.677807792741574e-07,5.449753310287672,85.0,,,
850,EVT_00001619,1a492c63adee4250d5ee3a30,8231,0,8211,515,8211,"PointSourceFinite: -123.700, 44.600",SLAB,0,6.55,7.681074269126181e-07,42.0,8.0,-123.7,44.6,42.0
851,EVT_00001620,fcbdc6b8de54459aa7a7be34,3199,12,3162,0,3162,"Cascadia (unsegmented, 1-2-3, top)",INTERFACE,559,8.7,1.893939337211824e-06,5.0602477657829645,70.0,,,
852,EVT_00001621,948909d834b0938de68ce346,3199,1,3160,0,3160,"Cascadia (unsegmented, 1-2-3, bottom)",INTERFACE,572,8.7,1.8382352390585351e-06,5.014668232410635,145.0,,,
853,EVT_00001623,8e5de92300adffc9a3aad237,3199,1,3160,0,3160,"Cascadia (unsegmented, 1-2-3, bottom)",INTERFACE,255,8.2,6.868131662416505e-07,5.0,145.0,,,
854,EVT_00001630,579b315b428ce8c3d248b1c8,8231,0,8211,26,8211,"PointSourceFinite: -123.800, 42.200",SLAB,1,6.65,7.617905312409508e-07,42.0,8.0,-123.8,42.2,42.0
855,EVT_00001631,3493db6037d72d773deb7291,8231,0,8211,405,8211,"PointSourceFinite: -123.200, 44.000",SLAB,4,6.95,1.775757720415909e-07,50.0,8.0,-123.2,44.0,50.0
856,EVT_00001633,e04b721ff925b47eb750a912,8231,0,8211,664,8211,"PointSourceFinite: -123.100, 45.400",SLAB,1,6.65,7.421931673814823e-07,50.0,8.0,-123.1,45.4,50.0
857,EVT_00001634,4abaed2ec879c397f2488251,3199,9,3161,0,3161,"Cascadia (unsegmented, 1-2-3, middle)",INTERFACE,600,8.0,1.1864454622055416e-06,5.189566266538745,80.0,,,
858,EVT_00001635,6cf1248554538287ad1422af,3199,1,3160,0,3160,"Cascadia (unsegmented, 1-2-3, bottom)",INTERFACE,184,8.1,6.443298776081463e-07,5.0,145.0,,,
859,EVT_00001636,8b3731774e49597dcc96b6c9,3199,15,3170,0,3170,"Cascadia (unsegmented, 1-2-3-4, bottom)",INTERFACE,1314,8.0,6.50020652165802e-07,5.0,155.0,,,
860,EVT_00001642,3fa26d478eca70744392fee5,8231,0,8211,593,8211,"PointSourceFinite: -123.200, 45.000",SLAB,6,7.15,5.618369510496184e-07,50.0,8.0,-123.2,45.0,50.0
861,EVT_00001644,45ef52718f8e96fae3259ed7,8231,0,8211,648,8211,"PointSourceFinite: -123.000, 45.300",SLAB,1,6.65,7.303037172222862e-07,50.0,8.0,-123.0,45.3,50.0
862,EVT_00001645,a96dfd26540eebfee76685ad,8231,0,8211,730,8211,"PointSourceFinite: -123.300, 45.800",SLAB,4,6.95,3.801013898731705e-07,42.0,8.0,-123.3,45.8,42.0
863,EVT_00001650,3651829eeb6e10164714fa4d,8231,0,8211,730,8211,"PointSourceFinite: -123.300, 45.800",SLAB,2,6.75,4.569823825931605e-07,42.0,8.0,-123.3,45.8,42.0
864,EVT_00001652,1433826c38457d2901356ebc,3199,15,3170,0,3170,"Cascadia (unsegmented, 1-2-3-4, bottom)",INTERFACE,1383,8.0,6.50020652165802e-07,5.0,155.0,,,
865,EVT_00001656,f82126598ede4ff71cadf357,8231,0,8211,483,8211,"PointSourceFinite: -123.100, 44.400",SLAB,0,6.55,5.601288593875737e-07,50.0,8.0,-123.1,44.4,50.0
866,EVT_00001657,5c3468ab2468c26ab82d5ca5,3199,1,3160,0,3160,"Cascadia (unsegmented, 1-2-3, bottom)",INTERFACE,970,8.4,6.66441670347842e-07,5.178439471962657,145.0,,,
867,EVT_00001658,3a0a4d6d6c49772b0737074a,3199,1,3160,0,3160,"Cascadia (unsegmented, 1-2-3, bottom)",INTERFACE,317,8.3,7.530120256384362e-07,5.0,145.0,,,
868,EVT_00001659,1a4e9cc310d43ac432ebd0f1,3199,9,3161,0,3161,"Cascadia (unsegmented, 1-2-3, middle)",INTERFACE,824,8.2,8.473124973075812e-07,5.0,80.0,,,
869,EVT_00001660,e0521897a67ba1419d085076,8231,0,8211,589,8211,"PointSourceFinite: -123.600, 45.000",SLAB,4,6.95,7.16291647046145e-07,42.0,8.0,-123.6,45.0,42.0
870,EVT_00001662,5b001052aa6a9fec31363dea,8231,0,8211,562,8211,"PointSourceFinite: -122.700, 44.800",SLAB,0,6.55,6.039279157775453e-07,50.0,8.0,-122.7,44.8,50.0
871,EVT_00001664,847041fbe703029f30cc3a92,3199,1,3160,0,3160,"Cascadia (unsegmented, 1-2-3, bottom)",INTERFACE,414,8.4,8.56164357917674e-07,5.0,145.0,,,
872,EVT_00001665,a9eac2df07c22aa1e91818d8,3199,1,3160,0,3160,"Cascadia (unsegmented, 1-2-3, bottom)",INTERFACE,562,8.7,1.8382352390585351e-06,5.11021261503576,145.0,,,
873,EVT_00001666,c9c62ec7ad0f542f2d85df1f,8231,0,8211,690,8211,"PointSourceFinite: -123.900, 45.600",SLAB,4,6.95,4.6308998621306733e-07,42.0,8.0,-123.9,45.6,42.0
874,EVT_00001667,2933d5efb578969422621cba,8231,0,8211,613,8211,"PointSourceFinite: -123.000, 45.100",SLAB,0,6.55,8.535781619904937e-07,50.0,8.0,-123.0,45.1,50.0
875,EVT_00001670,d2204d7df72dd6dba70d5242,8231,0,8211,3,8211,"PointSourceFinite: -124.000, 42.100",SLAB,1,6.65,8.154861377458345e-07,42.0,8.0,-124.0,42.1,42.0
876,EVT_00001671,ee3925b444738eb82b4ca763,8231,0,8211,6,8211,"PointSourceFinite: -123.700, 42.100",SLAB,1,6.65,6.901244967258548e-07,42.0,8.0,-123.7,42.1,42.0
877,EVT_00001672,ce728d3e40667718f11eda3b,8231,0,8211,533,8211,"PointSourceFinite: -123.800, 44.700",SLAB,6,7.15,4.670259247153513e-07,42.0,8.0,-123.8,44.7,42.0
878,EVT_00001673,bbb9a2835baf3154b23bf70d,8231,1,8212,28,8212,"PointSourceFinite: -123.600, 42.200",SLAB,0,7.25,3.4981204661597873e-08,42.0,8.0,-123.6,42.2,42.0
879,EVT_00001675,756acc716cffde2fe4f04f14,8231,0,8211,484,8211,"PointSourceFinite: -123.000, 44.400",SLAB,6,7.15,3.0454649971648004e-07,50.0,8.0,-123.0,44.4,50.0
880,EVT_00001676,fc9332c63d167aa2360f3291,3199,1,3160,0,3160,"Cascadia (unsegmented, 1-2-3, bottom)",INTERFACE,1021,8.4,6.66441670347842e-07,5.0,145.0,,,
881,EVT_00001677,dee99b6f1de4199a48a8ddfe,8231,0,8211,708,8211,"PointSourceFinite: -123.800, 45.700",SLAB,4,6.95,4.295102038294077e-07,42.0,8.0,-123.8,45.7,42.0
882,EVT_00001679,5e2f27810d5197337b07d50b,8231,0,8211,112,8211,"PointSourceFinite: -123.600, 42.600",SLAB,4,6.95,4.30098554469674e-07,42.0,8.0,-123.6,42.6,42.0
883,EVT_00001682,43171caa16b119d8a125dbab,8231,0,8211,728,8211,"PointSourceFinite: -123.500, 45.800",SLAB,2,6.75,4.736222952255125e-07,42.0,8.0,-123.5,45.8,42.0
884,EVT_00001685,6d693388f946d152b3c047d2,8231,0,8211,549,8211,"PointSourceFinite: -124.000, 44.800",SLAB,1,6.65,6.918973905428688e-07,42.0,8.0,-124.0,44.8,42.0
885,EVT_00001686,c2e1cab13de8fb991dc14182,8231,0,8211,694,8211,"PointSourceFinite: -123.500, 45.600",SLAB,6,7.15,4.4468374770942294e-07,42.0,8.0,-123.5,45.6,42.0
886,EVT_00001688,8159a12592c46533392cddc2,8231,0,8211,209,8211,"PointSourceFinite: -122.300, 43.000",SLAB,4,6.95,7.73897698652386e-08,60.0,8.0,-122.3,43.0,60.0
887,EVT_00001693,04126abbc8195e52b312f2d4,8231,0,8211,443,8211,"PointSourceFinite: -123.300, 44.200",SLAB,3,6.85,3.098707806900677e-07,42.0,8.0,-123.3,44.2,42.0
888,EVT_00001695,23230f3a843d2fe1125b6795,8231,0,8211,539,8211,"PointSourceFinite: -123.200, 44.700",SLAB,3,6.85,6.439892466735132e-07,50.0,8.0,-123.2,44.7,50.0
889,EVT_00001698,2e7e34a2aea5f6217530aee1,3199,0,3172,0,3172,"Cascadia (unsegmented, 1-2-3-4, top)",INTERFACE,1940,8.4,3.1797543748622524e-07,5.028431905929116,85.0,,,
890,EVT_00001699,75a41a3285e3b3eaf0c397b7,8231,0,8211,158,8211,"PointSourceFinite: -123.200, 42.800",SLAB,2,6.75,2.577788174704861e-07,50.0,8.0,-123.2,42.8,50.0
891,EVT_00001701,ac098ecaa2b408c51bdb384f,8231,0,8211,388,8211,"PointSourceFinite: -122.900, 43.900",SLAB,0,6.55,1.8858337742451002e-07,50.0,8.0,-122.9,43.9,50.0
892,EVT_00001702,d4c77a95ab9e497cd90fa02d,8231,0,8211,486,8211,"PointSourceFinite: -122.800, 44.400",SLAB,1,6.65,4.151499460917329e-07,50.0,8.0,-122.8,44.4,50.0
893,EVT_00001703,b026857953f3b2c5bae15aa2,8231,0,8211,541,8211,"PointSourceFinite: -123.000, 44.700",SLAB,6,7.15,4.3428309404959626e-07,50.0,8.0,-123.0,44.7,50.0
894,EVT_00001713,baa748bae6477dc9dce5c6c4,8231,0,8211,618,8211,"PointSourceFinite: -122.500, 45.100",SLAB,5,7.05,3.041628681773362e-07,50.0,8.0,-122.5,45.1,50.0
895,EVT_00001714,f191e3619d22acc3b48aeb8d,8231,0,8211,67,8211,"PointSourceFinite: -123.900, 42.400",SLAB,0,6.55,8.655735772146866e-07,42.0,8.0,-123.9,42.4,42.0
896,EVT_00001715,3a82b3772b6be9ca19fbe828,8231,0,8211,563,8211,"PointSourceFinite: -122.600, 44.800",SLAB,5,7.05,3.388699981957855e-07,50.0,8.0,-122.6,44.8,50.0
897,EVT_00001717,83a6056a6982f5853ec4b4f1,8231,0,8211,540,8211,"PointSourceFinite: -123.100, 44.700",SLAB,3,6.85,6.118354665169525e-07,50.0,8.0,-123.1,44.7,50.0
898,EVT_00001718,664c97a37fb7c9de68cdefa8,3199,10,3171,0,3171,"Cascadia (unsegmented, 1-2-3-4, middle)",INTERFACE,1004,8.5,4.3103446984820834e-07,5.0,105.0,,,
899,EVT_00001720,c272ecfc562565e8fcd833a7,8231,0,8211,727,8211,"PointSourceFinite: -123.600, 45.800",SLAB,4,6.95,3.9062136187469593e-07,42.0,8.0,-123.6,45.8,42.0
900,EVT_00001724,4c6a4fda7ba662f8a94bb0ce,3199,12,3162,0,3162,"Cascadia (unsegmented, 1-2-3, top)",INTERFACE,24,8.0,6.127450796861784e-07,5.0,70.0,,,
901,EVT_00001725,7114539bc1a885ce0db858df,8231,0,8211,635,8211,"PointSourceFinite: -122.600, 45.200",SLAB,2,6.75,4.4519540456667573e-07,50.0,8.0,-122.6,45.2,50.0
902,EVT_00001727,a37907038ccac5734182c53a,3199,9,3161,0,3161,"Cascadia (unsegmented, 1-2-3, middle)",INTERFACE,250,8.2,6.868131662416505e-07,5.0,80.0,,,
903,EVT_00001728,c1b7e3bcf72b6f9b22d9c549,8231,0,8211,699,8211,"PointSourceFinite: -123.000, 45.600",SLAB,4,6.95,4.272539505279192e-07,50.0,8.0,-123.0,45.6,50.0
904,EVT_00001729,a66ab2d45583e85c383be1e7,8231,0,8211,579,8211,"PointSourceFinite: -122.800, 44.900",SLAB,1,6.65,6.354421173069919e-07,50.0,8.0,-122.8,44.9,50.0
905,EVT_00001730,64b9e44e9b3a56582a73a15a,8231,0,8211,766,8211,"PointSourceFinite: -122.900, 46.000",SLAB,3,6.85,2.214957472360807e-07,50.0,8.0,-122.9,46.0,50.0
906,EVT_00001732,fba662a0e95496bcb984452f,3199,1,3160,0,3160,"Cascadia (unsegmented, 1-2-3, bottom)",INTERFACE,279,8.2,6.868131662416505e-07,5.0,145.0,,,
907,EVT_00001733,b6b4d7cd402fd92197654696,8231,0,8211,417,8211,"PointSourceFinite: -124.000, 44.100",SLAB,1,6.65,2.4050078120213524e-07,42.0,8.0,-124.0,44.1,42.0
908,EVT_00001737,0b5235ab60bd0b3e774ebca9,3199,9,3161,0,3161,"Cascadia (unsegmented, 1-2-3, middle)",INTERFACE,631,8.0,1.1864454622055416e-06,5.0,80.0,,,
909,EVT_00001740,1742dfea81d6d3febcd5f9db,8231,0,8211,466,8211,"PointSourceFinite: -122.900, 44.300",SLAB,2,6.75,3.4744727517105975e-07,50.0,8.0,-122.9,44.3,50.0
910,EVT_00001743,8f9341c0bc498ddaafd22afa,3199,1,3160,0,3160,"Cascadia (unsegmented, 1-2-3, bottom)",INTERFACE,535,8.6,1.275510165877351e-06,5.0,145.0,,,
911,EVT_00001748,7579fde20708bee7de3fc2a3,8231,0,8211,434,8211,"PointSourceFinite: -122.300, 44.100",SLAB,3,6.85,1.381353004397057e-07,60.0,8.0,-122.3,44.1,60.0
912,EVT_00001753,76c4cc883c2774356563516d,3199,1,3160,0,3160,"Cascadia (unsegmented, 1-2-3, bottom)",INTERFACE,356,8.3,7.530120256384362e-07,5.0,145.0,,,
913,EVT_00001761,58b2e9b8c417639fc5624602,8231,0,8211,755,8211,"PointSourceFinite: -122.400, 45.900",SLAB,0,6.55,2.1070487139651962e-07,60.0,8.0,-122.4,45.9,60.0
914,EVT_00001762,a9153c894bb975e1756b31ab,8231,0,8211,91,8211,"PointSourceFinite: -123.600, 42.500",SLAB,0,6.55,6.681035907623864e-07,42.0,8.0,-123.6,42.5,42.0
915,EVT_00001766,b5e08ed7660bcb8d4f89a7c8,8231,0,8211,531,8211,"PointSourceFinite: -124.000, 44.700",SLAB,0,6.55,7.007694848332495e-07,42.0,8.0,-124.0,44.7,42.0
916,EVT_00001768,ee44c7938a23322c4f275a2b,8231,0,8211,429,8211,"PointSourceFinite: -122.800, 44.100",SLAB,3,6.85,2.014075982613208e-07,50.0,8.0,-122.8,44.1,50.0
917,EVT_00001772,3d2b3271a8982e892af47174,3199,10,3171,0,3171,"Cascadia (unsegmented, 1-2-3-4, middle)",INTERFACE,1039,8.6,4.7348483430295604e-07,5.0,105.0,,,
918,EVT_00001774,a95ca61afa6c7a3270a07c12,8231,0,8211,360,8211,"PointSourceFinite: -123.700, 43.800",SLAB,4,6.95,1.1744963183129484e-07,42.0,8.0,-123.7,43.8,42.0
919,EVT_00001775,f12fe94b3ba5172667248c6c,8231,0,8211,768,8211,"PointSourceFinite: -122.700, 46.000",SLAB,2,6.75,2.0343300421985985e-07,50.0,8.0,-122.7,46.0,50.0
920,EVT_00001785,d76a9a069845bdea97139537,3199,12,3162,0,3162,"Cascadia (unsegmented, 1-2-3, top)",INTERFACE,255,8.2,6.944444236443356e-07,5.0,70.0,,,
921,EVT_00001788,7b5db4f0d0e5f19109b79e0f,8231,0,8211,619,8211,"PointSourceFinite: -122.400, 45.100",SLAB,1,6.65,3.827048316326713e-07,60.0,8.0,-122.4,45.1,60.0
922,EVT_00001789,4d19aea82157dc7d6a423768,8231,0,8211,629,8211,"PointSourceFinite: -123.200, 45.200",SLAB,0,6.55,9.602515809347793e-07,50.0,8.0,-123.2,45.2,50.0
923,EVT_00001791,01f280069483510a2c90be8d,8231,0,8211,108,8211,"PointSourceFinite: -124.000, 42.600",SLAB,6,7.15,4.535645952706887e-07,42.0,8.0,-124.0,42.6,42.0
924,EVT_00001800,d5d4993113fa0b26ee02e1f5,8231,0,8211,356,8211,"PointSourceFinite: -124.100, 43.800",SLAB,4,6.95,1.0410877441073697e-07,42.0,8.0,-124.1,43.8,42.0
925,EVT_00001801,38660e12d9c2ef3c85d297a8,8231,0,8211,627,8211,"PointSourceFinite: -123.400, 45.200",SLAB,6,7.15,5.931290686112122e-07,42.0,8.0,-123.4,45.2,42.0
926,EVT_00001805,ee6f4ee627b31cf69e7d72c6,3199,15,3170,0,3170,"Cascadia (unsegmented, 1-2-3-4, bottom)",INTERFACE,264,8.1,3.4340658312082525e-07,5.0,155.0,,,
927,EVT_00001808,9681dc05baf94f01f4668fb5,8231,0,8211,755,8211,"PointSourceFinite: -122.400, 45.900",SLAB,6,7.15,1.2124799799304689e-07,60.0,8.0,-122.4,45.9,60.0
928,EVT_00001809,df13ae7a2ad392809154ecfb,8231,0,8211,125,8211,"PointSourceFinite: -122.300, 42.600",SLAB,6,7.15,7.016075229270813e-08,60.0,8.0,-122.3,42.6,60.0
929,EVT_00001810,a6a7b0a581e8e4bfd2963856,3199,12,3162,0,3162,"Cascadia (unsegmented, 1-2-3, top)",INTERFACE,170,8.1,6.510416471665647e-07,5.0,70.0,,,
930,EVT_00001814,2fca4ed03f6aaf90403685ec,8231,0,8211,350,8211,"PointSourceFinite: -122.700, 43.700",SLAB,0,6.55,1.3093448992157846e-07,50.0,8.0,-122.7,43.7,50.0
931,EVT_00001817,1d866ab3b0187a4f682df72d,3199,1,3160,0,3160,"Cascadia (unsegmented, 1-2-3, bottom)",INTERFACE,497,8.5,1.0080644859353255e-06,5.0,145.0,,,
932,EVT_00001819,bf5a7fa39798a2a474b203d3,8231,0,8211,809,8211,"PointSourceFinite: -123.400, 46.300",SLAB,3,6.85,1.4728742361081712e-07,42.0,8.0,-123.4,46.3,42.0
933,EVT_00001823,969379142ebb385bcbe217c9,8231,0,8211,452,8211,"PointSourceFinite: -122.400, 44.200",SLAB,1,6.65,2.094429222451615e-07,60.0,8.0,-122.4,44.2,60.0
934,EVT_00001824,2dfccc7a2b69158dfb2be3e7,8231,0,8211,284,8211,"PointSourceFinite: -123.200, 43.400",SLAB,0,6.55,1.3980622644098618e-07,50.0,8.0,-123.2,43.4,50.0
935,EVT_00001825,e25cb2aaf4b99046bb95cbc6,8231,0,8211,66,8211,"PointSourceFinite: -124.000, 42.400",SLAB,0,6.55,8.957908281707564e-07,42.0,8.0,-124.0,42.4,42.0
936,EVT_00001827,b87ad00854bc04943d179b52,8231,0,8211,8,8211,"PointSourceFinite: -123.500, 42.100",SLAB,3,6.85,4.682483454501992e-07,42.0,8.0,-123.5,42.1,42.0
937,EVT_00001828,0484f403ca120ac609374e60,8231,1,8212,74,8212,"PointSourceFinite: -123.200, 42.400",SLAB,0,7.25,2.044276861635748e-08,50.0,8.0,-123.2,42.4,50.0
938,EVT_00001831,9f61cedb010397bb15455fe1,3199,15,3170,0,3170,"Cascadia (unsegmented, 1-2-3-4, bottom)",INTERFACE,1418,8.0,6.50020652165802e-07,5.0,155.0,,,
939,EVT_00001834,2fb396ed27a3d07ea7d29d0f,8231,0,8211,413,8211,"PointSourceFinite: -122.400, 44.000",SLAB,5,7.05,1.0677727760356977e-07,60.0,8.0,-122.4,44.0,60.0
940,EVT_00001835,7277b8fe7f57273f388d9cad,3199,1,3160,0,3160,"Cascadia (unsegmented, 1-2-3, bottom)",INTERFACE,367,8.3,7.530120256384362e-07,5.0,145.0,,,
941,EVT_00001838,99229f1df9a02945f72a8f10,3199,10,3171,0,3171,"Cascadia (unsegmented, 1-2-3-4, middle)",INTERFACE,1513,8.1,5.392777463767077e-07,5.0,105.0,,,
942,EVT_00001844,21a8693914b13daf1721f543,8231,0,8211,166,8211,"PointSourceFinite: -122.400, 42.800",SLAB,1,6.65,1.1288509371738853e-07,60.0,8.0,-122.4,42.8,60.0
943,EVT_00001849,bbc2d01fd1e17a361a324734,3199,1,3160,0,3160,"Cascadia (unsegmented, 1-2-3, bottom)",INTERFACE,998,8.4,6.66441670347842e-07,5.0,145.0,,,
944,EVT_00001850,13d2a4906d8668dddfafe72b,8231,0,8211,8,8211,"PointSourceFinite: -123.500, 42.100",SLAB,2,6.75,5.134241011662654e-07,42.0,8.0,-123.5,42.1,42.0
945,EVT_00001851,2a168ca66055991e82b65ce9,3199,9,3161,0,3161,"Cascadia (unsegmented, 1-2-3, middle)",INTERFACE,627,8.0,1.1864454622055416e-06,5.0,80.0,,,
946,EVT_00001852,c4141872eb4fc11301c179f7,8231,0,8211,476,8211,"PointSourceFinite: -123.800, 44.400",SLAB,5,7.05,3.4404043611100695e-07,42.0,8.0,-123.8,44.4,42.0
947,EVT_00001856,3548da4f62c089d02edcacfa,8231,0,8211,437,8211,"PointSourceFinite: -123.900, 44.200",SLAB,4,6.95,2.4072606381402664e-07,42.0,8.0,-123.9,44.2,42.0
948,EVT_00001858,078ce0ca16d3538fe7cbe406,8231,0,8211,805,8211,"PointSourceFinite: -123.800, 46.300",SLAB,0,6.55,1.8632060220109693e-07,42.0,8.0,-123.8,46.3,42.0
949,EVT_00001863,7073391a23982cb6ae908b46,8231,0,8211,542,8211,"PointSourceFinite: -122.900, 44.700",SLAB,5,7.05,4.393437337828657e-07,50.0,8.0,-122.9,44.7,50.0
950,EVT_00001864,3578251943a8f00aaf88dadb,8231,0,8211,594,8211,"PointSourceFinite: -123.100, 45.000",SLAB,3,6.85,6.986838306919165e-07,50.0,8.0,-123.1,45.0,50.0
951,EVT_00001868,ca4d96776c9e5b75749a5ede,3199,9,3161,0,3161,"Cascadia (unsegmented, 1-2-3, middle)",INTERFACE,33,8.0,6.06796098330002e-07,5.0,80.0,,,
952,EVT_00001869,11a1603737663675a97efd3e,8231,0,8211,619,8211,"PointSourceFinite: -122.400, 45.100",SLAB,2,6.75,3.490309547228745e-07,60.0,8.0,-122.4,45.1,60.0
953,EVT_00001871,3b06b517cf073d67023202ac,8231,0,8211,481,8211,"PointSourceFinite: -123.300, 44.400",SLAB,2,6.75,4.998586895539933e-07,42.0,8.0,-123.3,44.4,42.0
954,EVT_00001873,08734e23137fd502afa562a6,8231,0,8211,124,8211,"PointSourceFinite: -122.400, 42.600",SLAB,4,6.95,9.018578203981498e-08,60.0,8.0,-122.4,42.6,60.0
955,EVT_00001875,f9d8bded59025ba5305ece25,8231,0,8211,88,8211,"PointSourceFinite: -123.900, 42.500",SLAB,0,6.55,8.247267778439946e-07,42.0,8.0,-123.9,42.5,42.0
956,EVT_00001878,cf5108ec23231c6a07971952,8231,0,8211,601,8211,"PointSourceFinite: -122.400, 45.000",SLAB,0,6.55,4.262456735149906e-07,60.0,8.0,-122.4,45.0,60.0
957,EVT_00001880,410dcfe7080e1b4c46fa5269,8231,0,8211,461,8211,"PointSourceFinite: -123.400, 44.300",SLAB,6,7.15,2.913623538061949e-07,42.0,8.0,-123.4,44.3,42.0
958,EVT_00001882,6ca7827148886f0718720589,3199,9,3161,0,3161,"Cascadia (unsegmented, 1-2-3, middle)",INTERFACE,813,8.2,8.473124973075812e-07,5.0,80.0,,,
959,EVT_00001883,4a863378d928906bce17ad3a,8231,0,8211,35,8211,"PointSourceFinite: -122.900, 42.200",SLAB,4,6.95,1.7548579010810212e-07,50.0,8.0,-122.9,42.2,50.0
960,EVT_00001885,be31df8d39c28f7a70ef7697,8231,0,8211,641,8211,"PointSourceFinite: -123.700, 45.300",SLAB,0,6.55,9.629853338815777e-07,42.0,8.0,-123.7,45.3,42.0
961,EVT_00001886,3cf608248607a0d947b16917,8231,1,8212,171,8212,"PointSourceFinite: -124.000, 42.900",SLAB,3,7.55,1.473282556536166e-09,42.0,8.0,-124.0,42.9,42.0
962,EVT_00001887,38c1c9cadd79d12353bf894c,3199,10,3171,0,3171,"Cascadia (unsegmented, 1-2-3-4, middle)",INTERFACE,39,8.0,3.360214953117753e-07,5.0,105.0,,,
963,EVT_00001889,2acb65339b38462ef05b3700,8231,0,8211,388,8211,"PointSourceFinite: -122.900, 43.900",SLAB,1,6.65,1.7199008433349964e-07,50.0,8.0,-122.9,43.9,50.0
964,EVT_00001890,5c235c2741b274ed759a02b8,3199,9,3161,0,3161,"Cascadia (unsegmented, 1-2-3, middle)",INTERFACE,717,8.1,1.000721591214509e-06,5.0,80.0,,,
965,EVT_00001892,55e2f75b730f695077cca0c1,8231,0,8211,134,8211,"PointSourceFinite: -123.500, 42.700",SLAB,0,6.55,5.079293038294167e-07,42.0,8.0,-123.5,42.7,42.0
966,EVT_00001896,1e94b51fd4b52e9c79e36976,8231,0,8211,324,8211,"PointSourceFinite: -123.300, 43.600",SLAB,0,6.55,1.3927798956033649e-07,42.0,8.0,-123.3,43.6,42.0
967,EVT_00001898,2cf4e2fc63215b0d7b59db54,3199,9,3161,0,3161,"Cascadia (unsegmented, 1-2-3, middle)",INTERFACE,451,8.5,1.0080644859353255e-06,5.151914685589831,80.0,,,
968,EVT_00001907,3dfed3013e3a5df3bb0f06e4,8231,0,8211,38,8211,"PointSourceFinite: -122.600, 42.200",SLAB,3,6.85,1.2432615066197352e-07,50.0,8.0,-122.6,42.2,50.0
969,EVT_00001909,0623bcb3ffc0f4e12b499c45,3199,1,3160,0,3160,"Cascadia (unsegmented, 1-2-3, bottom)",INTERFACE,329,8.3,7.530120256384362e-07,5.0,145.0,,,
970,EVT_00001911,c513038bce9be52602635e71,8231,0,8211,554,8211,"PointSourceFinite: -123.500, 44.800",SLAB,2,6.75,8.048456129234325e-07,42.0,8.0,-123.5,44.8,42.0
971,EVT_00001912,d57748cd04a9e0cc82f52111,8231,0,8211,88,8211,"PointSourceFinite: -123.900, 42.500",SLAB,4,6.95,5.705715274586565e-07,42.0,8.0,-123.9,42.5,42.0
972,EVT_00001914,fa579bb50abb4f4dbca2a382,3199,9,3161,0,3161,"Cascadia (unsegmented, 1-2-3, middle)",INTERFACE,561,8.7,1.8382352390585351e-06,5.124654994633295,80.0,,,
973,EVT_00001919,f2223990c1fa2fd8a116524e,8231,1,8212,67,8212,"PointSourceFinite: -123.900, 42.400",SLAB,1,7.35,3.5598995922020326e-08,42.0,8.0,-123.9,42.4,42.0
974,EVT_00001922,9c43ee4414ab5fc1aef9a15e,8231,0,8211,48,8211,"PointSourceFinite: -123.700, 42.300",SLAB,0,6.55,7.791747527398818e-07,42.0,8.0,-123.7,42.3,42.0
975,EVT_00001926,e90700154c1b8fdb2bd23873,3199,10,3171,0,3171,"Cascadia (unsegmented, 1-2-3-4, middle)",INTERFACE,2121,8.5,2.665121434168933e-07,5.182631180039468,105.0,,,
976,EVT_00001932,003f9a1b19283e96a805bd1c,3199,9,3161,0,3161,"Cascadia (unsegmented, 1-2-3, middle)",INTERFACE,393,8.4,8.56164357917674e-07,5.0003609081885365,80.0,,,
977,EVT_00001933,87430148864d34116dc8fd6d,8231,0,8211,642,8211,"PointSourceFinite: -123.600, 45.300",SLAB,2,6.75,8.241897139773821e-07,42.0,8.0,-123.6,45.3,42.0
978,EVT_00001940,7dbb5cd9ea688b5dbd829131,3199,9,3161,0,3161,"Cascadia (unsegmented, 1-2-3, middle)",INTERFACE,478,8.5,1.0080644859353255e-06,5.0,80.0,,,
979,EVT_00001941,21a9abd5b3394255e51c4f6b,3199,12,3162,0,3162,"Cascadia (unsegmented, 1-2-3, top)",INTERFACE,558,8.7,1.893939337211824e-06,5.071088504398401,70.0,,,
980,EVT_00001942,c933f9763430dda79d873d31,8231,0,8211,459,8211,"PointSourceFinite: -123.600, 44.300",SLAB,3,6.85,3.744157969014825e-07,42.0,8.0,-123.6,44.3,42.0
981,EVT_00001943,426dc4a71e9ae7f56a2bd146,8231,0,8211,335,8211,"PointSourceFinite: -124.200, 43.700",SLAB,5,7.05,8.668518589237137e-08,42.0,8.0,-124.2,43.7,42.0
982,EVT_00001944,a9682479323ec0428bb0bde3,3199,9,3161,0,3161,"Cascadia (unsegmented, 1-2-3, middle)",INTERFACE,724,8.1,1.000721591214509e-06,5.0,80.0,,,
983,EVT_00001949,6573394b5709144dd13abc8a,8231,0,8211,759,8211,"PointSourceFinite: -123.600, 46.000",SLAB,0,6.55,3.7803060398453013e-07,42.0,8.0,-123.6,46.0,42.0
984,EVT_00001950,fe689dd539b2a0c60e825181,8231,0,8211,513,8211,"PointSourceFinite: -123.900, 44.600",SLAB,2,6.75,5.686556786913177e-07,42.0,8.0,-123.9,44.6,42.0
985,EVT_00001953,f46454f7741cff4073bb111c,8231,0,8211,600,8211,"PointSourceFinite: -122.500, 45.000",SLAB,3,6.85,3.7062501262136324e-07,50.0,8.0,-122.5,45.0,50.0
986,EVT_00001955,8d34d49ff1f0362cdc2bb14d,3199,1,3160,0,3160,"Cascadia (unsegmented, 1-2-3, bottom)",INTERFACE,607,8.0,1.1864454622055416e-06,5.03091445514622,145.0,,,
987,EVT_00001958,e200cd428e5326f3687a1725,8231,0,8211,372,8211,"PointSourceFinite: -122.500, 43.800",SLAB,3,6.85,1.0348686444186309e-07,50.0,8.0,-122.5,43.8,50.0
988,EVT_00001959,da21fb1ebfde3ece92b48b11,8231,0,8211,21,8211,"PointSourceFinite: -124.300, 42.200",SLAB,0,6.55,9.174511942509052e-07,42.0,8.0,-124.3,42.2,42.0
989,EVT_00001960,15fbdfe10a9d56f6f8507619,8231,0,8211,590,8211,"PointSourceFinite: -123.500, 45.000",SLAB,4,6.95,7.252207527999984e-07,42.0,8.0,-123.5,45.0,42.0
990,EVT_00001963,98a0a285fbd297c9eb59faf0,3199,9,3161,0,3161,"Cascadia (unsegmented, 1-2-3, middle)",INTERFACE,630,8.0,1.1864454622055416e-06,5.0,80.0,,,
991,EVT_00001965,84b75f6fd8f573c30f5c0ce6,3199,1,3160,0,3160,"Cascadia (unsegmented, 1-2-3, bottom)",INTERFACE,1078,8.5,6.232945289588634e-07,5.0,145.0,,,
992,EVT_00001967,ac63c79884940ca79e657ff8,8231,0,8211,673,8211,"PointSourceFinite: -123.900, 45.500",SLAB,0,6.55,7.470425060656502e-07,42.0,8.0,-123.9,45.5,42.0
993,EVT_00001968,1e04ac28c1d2086c8a685cc7,8231,0,8211,564,8211,"PointSourceFinite: -122.500, 44.800",SLAB,2,6.75,3.943047491598157e-07,50.0,8.0,-122.5,44.8,50.0
994,EVT_00001973,4d774409e579269b68816516,8231,0,8211,685,8211,"PointSourceFinite: -122.700, 45.500",SLAB,2,6.75,4.165603230452389e-07,50.0,8.0,-122.7,45.5,50.0
995,EVT_00001976,352b335668caaa5954d67d7f,8231,0,8211,475,8211,"PointSourceFinite: -123.900, 44.400",SLAB,0,6.55,5.11117469602329e-07,42.0,8.0,-123.9,44.4,42.0
996,EVT_00001977,d21dfb94e9f962a1476e8f85,3199,15,3170,0,3170,"Cascadia (unsegmented, 1-2-3-4, bottom)",INTERFACE,104,8.0,3.324467985531395e-07,5.0,155.0,,,
997,EVT_00001978,a1cb3a5aec394b0e0d1dad19,8231,0,8211,499,8211,"PointSourceFinite: -123.400, 44.500",SLAB,0,6.55,7.115458351624925e-07,42.0,8.0,-123.4,44.5,42.0
998,EVT_00001981,ef3968b88658f8c6cbd5a34c,8231,0,8211,34,8211,"PointSourceFinite: -123.000, 42.200",SLAB,2,6.75,2.4885356401710484e-07,50.0,8.0,-123.0,42.2,50.0
999,EVT_00001983,d872d9f66f245f4c6aaff655,8231,0,8211,554,8211,"PointSourceFinite: -123.500, 44.800",SLAB,3,6.85,7.340279229942214e-07,42.0,8.0,-123.5,44.8,42.0
1000,EVT_00001991,a9aa4e99490d5912be403b18,8231,0,8211,57,8211,"PointSourceFinite: -122.800, 42.300",SLAB,2,6.75,1.814335512178792e-07,50.0,8.0,-122.8,42.3,50.0
1001,EVT_00001992,69c6f6eb3a3cb31fd65451b3,3199,9,3161,0,3161,"Cascadia (unsegmented, 1-2-3, middle)",INTERFACE,159,8.1,6.443298776081463e-07,5.0,80.0,,,
1002,EVT_00001993,9e08dc6d7687a8c97d31dfde,8231,0,8211,272,8211,"PointSourceFinite: -122.300, 43.300",SLAB,0,6.55,1.0647741274600949e-07,60.0,8.0,-122.3,43.3,60.0
1003,EVT_00001998,72d5e28a7cf2ba0eceabf436,8231,0,8211,531,8211,"PointSourceFinite: -124.000, 44.700",SLAB,1,6.65,6.391093660577804e-07,42.0,8.0,-124.0,44.7,42.0
1004,EVT_00001999,feae09840969a6bfa929028f,8231,0,8211,783,8211,"PointSourceFinite: -122.800, 46.100",SLAB,6,7.15,1.2773648125667242e-07,50.0,8.0,-122.8,46.1,50.0
1005,EVT_00002002,a5c04b57de2f01fc9da2838a,8231,0,8211,419,8211,"PointSourceFinite: -123.800, 44.100",SLAB,6,7.15,1.7099210244237746e-07,42.0,8.0,-123.8,44.1,42.0
1006,EVT_00002004,d727f2f66260a8cd479e2da4,8231,0,8211,152,8211,"PointSourceFinite: -123.800, 42.800",SLAB,3,6.85,4.320231667884297e-07,42.0,8.0,-123.8,42.8,42.0
1007,EVT_00002005,1d53abc3365e023848c3d952,3199,1,3160,0,3160,"Cascadia (unsegmented, 1-2-3, bottom)",INTERFACE,856,8.2,8.473124973075812e-07,5.0,145.0,,,
1008,EVT_00002007,018721921d867d2de7f71107,8231,0,8211,670,8211,"PointSourceFinite: -122.500, 45.400",SLAB,1,6.65,3.816566996611458e-07,50.0,8.0,-122.5,45.4,50.0
1009,EVT_00002009,edebb1739abc5e096a090781,8231,0,8211,3,8211,"PointSourceFinite: -124.000, 42.100",SLAB,2,6.75,7.437321969686874e-07,42.0,8.0,-124.0,42.1,42.0
1010,EVT_00002010,8338fa68db421cd8e57c649c,3199,12,3162,0,3162,"Cascadia (unsegmented, 1-2-3, top)",INTERFACE,290,8.3,7.621950991218317e-07,5.266976681730928,70.0,,,
1011,EVT_00002011,eb4c643dab8d7eece11212ab,8231,0,8211,540,8211,"PointSourceFinite: -123.100, 44.700",SLAB,2,6.75,6.708642486629323e-07,50.0,8.0,-123.1,44.7,50.0
1012,EVT_00002012,3c6ae4ee49ee753cff17da41,3199,15,3170,0,3170,"Cascadia (unsegmented, 1-2-3-4, bottom)",INTERFACE,1802,8.2,4.380990753124425e-07,5.0,155.0,,,
1013,EVT_00002014,0b8769251685320dbfed7bca,8231,0,8211,513,8211,"PointSourceFinite: -123.900, 44.600",SLAB,0,6.55,6.836744980337981e-07,42.0,8.0,-123.9,44.6,42.0
1014,EVT_00002017,9b67ecda9ad4489a1c3928a0,8231,0,8211,269,8211,"PointSourceFinite: -122.600, 43.300",SLAB,3,6.85,8.6334468859866e-08,50.0,8.0,-122.6,43.3,50.0
1015,EVT_00002018,0fbf3950c4e59d9dd2237234,8231,0,8211,760,8211,"PointSourceFinite: -123.500, 46.000",SLAB,0,6.55,3.809397499612e-07,42.0,8.0,-123.5,46.0,42.0
1016,EVT_00002021,445fb48fdad3e63a69bd47c7,8231,0,8211,477,8211,"PointSourceFinite: -123.700, 44.400",SLAB,5,7.05,3.6185412659294293e-07,42.0,8.0,-123.7,44.4,42.0
1017,EVT_00002023,c4900cdabae6390a8f58dccf,3199,15,3170,0,3170,"Cascadia (unsegmented, 1-2-3-4, bottom)",INTERFACE,455,8.2,3.551136257272171e-07,5.0,155.0,,,
1018,EVT_00002027,7dad9d28cb88d2a3b70690db,8231,0,8211,173,8211,"PointSourceFinite: -123.800, 42.900",SLAB,1,6.65,4.399123160494481e-07,42.0,8.0,-123.8,42.9,42.0
1019,EVT_00002030,23655593f1252a3d644b6530,8231,0,8211,578,8211,"PointSourceFinite: -122.900, 44.900",SLAB,2,6.75,6.401810638700718e-07,50.0,8.0,-122.9,44.9,50.0
1020,EVT_00002032,81f1fb2505fab5ec3cdbb180,8231,0,8211,190,8211,"PointSourceFinite: -124.200, 43.000",SLAB,3,6.85,3.239185121297741e-07,42.0,8.0,-124.2,43.0,42.0
1021,EVT_00002035,3e8c4176c4f7e9964e576245,8231,1,8212,642,8212,"PointSourceFinite: -123.600, 45.300",SLAB,0,7.25,4.899603637305853e-08,42.0,8.0,-123.6,45.3,42.0
1022,EVT_00002039,66e29140ab06cfd9f107166d,8231,0,8211,439,8211,"PointSourceFinite: -123.700, 44.200",SLAB,3,6.85,2.9389210923775306e-07,42.0,8.0,-123.7,44.2,42.0
1023,EVT_00002041,ffba01f08d97015d1e16d1a2,8231,1,8212,427,8212,"PointSourceFinite: -123.000, 44.100",SLAB,1,7.35,1.2255509134503917e-08,50.0,8.0,-123.0,44.1,50.0
1024,EVT_00002042,a2c66197eaa5acaac7080350,8231,0,8211,479,8211,"PointSourceFinite: -123.500, 44.400",SLAB,0,6.55,6.059965086081271e-07,42.0,8.0,-123.5,44.4,42.0
1025,EVT_00002043,80fc9f0a2f3434692d65581b,3199,0,3172,0,3172,"Cascadia (unsegmented, 1-2-3-4, top)",INTERFACE,2390,8.7,2.1388491377979763e-07,5.0,85.0,,,
1026,EVT_00002046,9dc192e7dea6650deac03044,8231,0,8211,605,8211,"PointSourceFinite: -123.800, 45.100",SLAB,1,6.65,8.805237277926298e-07,42.0,8.0,-123.8,45.1,42.0
1027,EVT_00002050,909ecc18f5224a8851c145e5,3199,10,3171,0,3171,"Cascadia (unsegmented, 1-2-3-4, middle)",INTERFACE,977,8.5,4.3103446984820834e-07,5.0,105.0,,,
1028,EVT_00002051,aacc55db987d8ec4e0979dff,8231,0,8211,666,8211,"PointSourceFinite: -122.900, 45.400",SLAB,4,6.95,4.731031677150969e-07,50.0,8.0,-122.9,45.4,50.0
1029,EVT_00002053,e51a5b3c8bcea5a37592c6c2,3199,0,3172,0,3172,"Cascadia (unsegmented, 1-2-3-4, top)",INTERFACE,421,8.2,3.6549706507596613e-07,5.0,85.0,,,
1030,EVT_00002058,0a6aaac360437892aca13c12,3199,9,3161,0,3161,"Cascadia (unsegmented, 1-2-3, middle)",INTERFACE,103,8.1,6.443298776081463e-07,5.453283901836503,80.0,,,
1031,EVT_00002059,29d6fe32501a07ec161ffa20,8231,0,8211,1,8211,"PointSourceFinite: -124.200, 42.100",SLAB,4,6.95,6.312272586406469e-07,42.0,8.0,-124.2,42.1,42.0
1032,EVT_00002062,4edb407cc9162e773c04f753,8231,0,8211,769,8211,"PointSourceFinite: -122.600, 46.000",SLAB,3,6.85,1.685887738191372e-07,50.0,8.0,-122.6,46.0,50.0
1033,EVT_00002064,ccce8c4018f8763d0da16a25,8231,0,8211,674,8211,"PointSourceFinite: -123.800, 45.500",SLAB,2,6.75,6.618729841228844e-07,42.0,8.0,-123.8,45.5,42.0
1034,EVT_00002065,3b1313ff1eec4e7f3e479265,8231,0,8211,467,8211,"PointSourceFinite: -122.800, 44.300",SLAB,2,6.75,3.220822218545289e-07,50.0,8.0,-122.8,44.3,50.0
1035,EVT_00002066,0f92bf538e4668e7124d699a,8231,0,8211,491,8211,"PointSourceFinite: -122.300, 44.400",SLAB,0,6.55,2.722060526877856e-07,60.0,8.0,-122.3,44.4,60.0
1036,EVT_00002067,9af8f03bc4bd415bf2669b65,8231,0,8211,724,8211,"PointSourceFinite: -123.900, 45.800",SLAB,1,6.65,4.532063010527569e-07,42.0,8.0,-123.9,45.8,42.0
1037,EVT_00002068,594ca19179ae041fbf3cb1ee,3199,9,3161,0,3161,"Cascadia (unsegmented, 1-2-3, middle)",INTERFACE,583,8.7,1.8382352390585351e-06,5.0,80.0,,,
1038,EVT_00002069,fe40f874f43ed6163f1ff278,3199,1,3160,0,3160,"Cascadia (unsegmented, 1-2-3, bottom)",INTERFACE,822,8.2,8.473124973075812e-07,5.0,145.0,,,
1039,EVT_00002071,02f3600a62b9806162e29542,8231,0,8211,816,8211,"PointSourceFinite: -122.700, 46.300",SLAB,0,6.55,1.478733282041589e-07,50.0,8.0,-122.7,46.3,50.0
1040,EVT_00002072,7e24ad07e313f31b95f336cd,3199,10,3171,0,3171,"Cascadia (unsegmented, 1-2-3-4, middle)",INTERFACE,1754,8.2,4.431346968677581e-07,5.0,105.0,,,
1041,EVT_00002073,11bac141f9aa41993798c57f,3199,9,3161,0,3161,"Cascadia (unsegmented, 1-2-3, middle)",INTERFACE,237,8.2,6.868131662416505e-07,5.0,80.0,,,
1042,EVT_00002074,2fd512622b93fb598498f647,3199,10,3171,0,3171,"Cascadia (unsegmented, 1-2-3-4, middle)",INTERFACE,2509,8.7,2.084006852213412e-07,5.0,105.0,,,
1043,EVT_00002076,a3149f5b85f12e7616107c14,8231,0,8211,189,8211,"PointSourceFinite: -124.300, 43.000",SLAB,1,6.65,3.821760738275985e-07,42.0,8.0,-124.3,43.0,42.0
1044,EVT_00002077,d6f9e56e11fa3970829f7a34,8231,0,8211,712,8211,"PointSourceFinite: -123.400, 45.700",SLAB,3,6.85,5.05212127206636e-07,42.0,8.0,-123.4,45.7,42.0
1045,EVT_00002078,8f9e82b9987a4a94f07e1943,3199,1,3160,0,3160,"Cascadia (unsegmented, 1-2-3, bottom)",INTERFACE,908,8.3,7.379159742457803e-07,5.0,145.0,,,
1046,EVT_00002081,47e602b574d4d71e352ba23b,3199,12,3162,0,3162,"Cascadia (unsegmented, 1-2-3, top)",INTERFACE,886,8.3,7.469149495414605e-07,5.026956303103167,70.0,,,
1047,EVT_00002082,a595077a84c53903bbfc8f0a,8231,0,8211,508,8211,"PointSourceFinite: -122.500, 44.500",SLAB,6,7.15,2.1995542654388123e-07,50.0,8.0,-122.5,44.5,50.0
1048,EVT_00002088,8e3e7badf90668af90d27643,8231,0,8211,655,8211,"PointSourceFinite: -122.300, 45.300",SLAB,1,6.65,3.0650091625109946e-07,60.0,8.0,-122.3,45.3,60.0
1049,EVT_00002091,13d055ba7a944947f3a73fff,8231,0,8211,786,8211,"PointSourceFinite: -122.500, 46.100",SLAB,1,6.65,1.5813071610196342e-07,50.0,8.0,-122.5,46.1,50.0
1050,EVT_00002093,cf02a66a39d87dd838e8f60d,8231,0,8211,684,8211,"PointSourceFinite: -122.800, 45.500",SLAB,5,7.05,3.5571631590070925e-07,50.0,8.0,-122.8,45.5,50.0
1051,EVT_00002099,06570698d77dbcb41a4c5cc0,8231,0,8211,717,8211,"PointSourceFinite: -122.900, 45.700",SLAB,2,6.75,4.098222067150554e-07,50.0,8.0,-122.9,45.7,50.0
1052,EVT_00002105,9cd54644147e9b2bf61b7f07,3199,1,3160,0,3160,"Cascadia (unsegmented, 1-2-3, bottom)",INTERFACE,749,8.1,1.000721591214509e-06,5.0,145.0,,,
1053,EVT_00002106,ef03d447d3d00ea326355aac,3199,0,3172,0,3172,"Cascadia (unsegmented, 1-2-3-4, top)",INTERFACE,834,8.4,4.084967197907856e-07,5.0,85.0,,,
1054,EVT_00002113,1ff3907a25fe60d15c1c378e,3199,10,3171,0,3171,"Cascadia (unsegmented, 1-2-3-4, middle)",INTERFACE,8,8.0,3.360214953117753e-07,5.210629597747327,105.0,,,
1055,EVT_00002114,f12ace57bc1e9d5686c7be29,8231,0,8211,493,8211,"PointSourceFinite: -124.000, 44.500",SLAB,0,6.55,5.532201946107266e-07,42.0,8.0,-124.0,44.5,42.0
1056,EVT_00002116,528bbaa7e381d256ff795b39,8231,0,8211,31,8211,"PointSourceFinite: -123.300, 42.200",SLAB,4,6.95,3.3509161236213013e-07,42.0,8.0,-123.3,42.2,42.0
1057,EVT_00002121,0c77ddc414b8aabd7925710d,8231,0,8211,257,8211,"PointSourceFinite: -123.800, 43.300",SLAB,1,6.65,1.9155991700650298e-07,42.0,8.0,-123.8,43.3,42.0
1058,EVT_00002125,4d9cd8cdc79df74b4cf64ea8,8231,0,8211,295,8211,"PointSourceFinite: -124.200, 43.500",SLAB,6,7.15,8.811312452863378e-08,42.0,8.0,-124.2,43.5,42.0
1059,EVT_00002127,995d1757baeac9e73bca9cfe,3199,12,3162,0,3162,"Cascadia (unsegmented, 1-2-3, top)",INTERFACE,1031,8.5,6.335124720565497e-07,5.131574731407156,70.0,,,
1060,EVT_00002128,45915b30149c018545375f31,8231,0,8211,67,8211,"PointSourceFinite: -123.900, 42.400",SLAB,2,6.75,7.199527427509167e-07,42.0,8.0,-123.9,42.4,42.0
1061,EVT_00002131,dc8bdcd285ee27cb15ee501f,3199,1,3160,0,3160,"Cascadia (unsegmented, 1-2-3, bottom)",INTERFACE,514,8.6,1.275510165877351e-06,5.113324288602968,145.0,,,
1062,EVT_00002132,c9e9d04a3e7c19459d4114d3,8231,0,8211,665,8211,"PointSourceFinite: -123.000, 45.400",SLAB,2,6.75,6.25145066013598e-07,50.0,8.0,-123.0,45.4,50.0
1063,EVT_00002133,50799f7f35fe62d8a5735e1f,8231,0,8211,92,8211,"PointSourceFinite: -123.500, 42.500",SLAB,3,6.85,4.556697963982242e-07,42.0,8.0,-123.5,42.5,42.0
1064,EVT_00002134,2e02ece19bfeea31c8044683,8231,0,8211,733,8211,"PointSourceFinite: -123.000, 45.800",SLAB,1,6.65,4.1965420956127e-07,50.0,8.0,-123.0,45.8,50.0
1065,EVT_00002137,732f1b857abeae2c974a8526,8231,0,8211,563,8211,"PointSourceFinite: -122.600, 44.800",SLAB,2,6.75,4.467176586161919e-07,50.0,8.0,-122.6,44.8,50.0
1066,EVT_00002139,5c2635b54ff6f18e82d659e4,3199,12,3162,0,3162,"Cascadia (unsegmented, 1-2-3, top)",INTERFACE,1108,8.6,6.395047387473794e-07,5.0,70.0,,,
1067,EVT_00002140,5e5ee7eb38b5f72fd7b32231,8231,0,8211,218,8211,"PointSourceFinite: -123.500, 43.100",SLAB,5,7.05,1.6826888342335997e-07,42.0,8.0,-123.5,43.1,42.0
1068,EVT_00002143,4f27fe7fd306c8a53658e680,8231,0,8211,607,8211,"PointSourceFinite: -123.600, 45.100",SLAB,3,6.85,7.912300909003072e-07,42.0,8.0,-123.6,45.1,42.0
1069,EVT_00002146,6adb69cf072bab289c46748e,8231,0,8211,696,8211,"PointSourceFinite: -123.300, 45.600",SLAB,6,7.15,4.283799221464217e-07,42.0,8.0,-123.3,45.6,42.0
1070,EVT_00002147,2c759c1402ec50a8050f97a2,3199,9,3161,0,3161,"Cascadia (unsegmented, 1-2-3, middle)",INTERFACE,483,8.5,1.0080644859353255e-06,5.0,80.0,,,
1071,EVT_00002148,e186c25c62bfe3dc8946bf19,8231,0,8211,711,8211,"PointSourceFinite: -123.500, 45.700",SLAB,4,6.95,4.651194322497951e-07,42.0,8.0,-123.5,45.7,42.0
1072,EVT_00002149,e9ba1616109415b6d9672c75,8231,0,8211,754,8211,"PointSourceFinite: -122.500, 45.900",SLAB,2,6.75,1.9536450055559682e-07,50.0,8.0,-122.5,45.9,50.0
1073,EVT_00002151,3651a4d4a39b3b3e89466e4b,8231,0,8211,643,8211,"PointSourceFinite: -123.500, 45.300",SLAB,6,7.15,5.75923179226294e-07,42.0,8.0,-123.5,45.3,42.0
1074,EVT_00002152,f5be49a12f9551ca806eb77a,8231,0,8211,532,8211,"PointSourceFinite: -123.900, 44.700",SLAB,2,6.75,6.319824922379044e-07,42.0,8.0,-123.9,44.7,42.0
1075,EVT_00002156,979df7962394edf20adc1b59,8231,0,8211,721,8211,"PointSourceFinite: -122.500, 45.700",SLAB,2,6.75,2.582848420380977e-07,50.0,8.0,-122.5,45.7,50.0
1076,EVT_00002161,63897723ffd68dd2cda9d139,8231,0,8211,163,8211,"PointSourceFinite: -122.700, 42.800",SLAB,4,6.95,1.1071968949790665e-07,50.0,8.0,-122.7,42.8,50.0
1077,EVT_00002165,0969ed6ce47570b0e5f136c4,8231,0,8211,575,8211,"PointSourceFinite: -123.200, 44.900",SLAB,5,7.05,6.017977852104216e-07,50.0,8.0,-123.2,44.9,50.0
1078,EVT_00002167,1c7e19e23197f94e0d0ae456,3199,9,3161,0,3161,"Cascadia (unsegmented, 1-2-3, middle)",INTERFACE,774,8.1,1.000721591214509e-06,5.0,80.0,,,
1079,EVT_00002169,b48154949e2850e67d341ee5,8231,0,8211,127,8211,"PointSourceFinite: -124.200, 42.700",SLAB,4,6.95,4.937618102987548e-07,42.0,8.0,-124.2,42.7,42.0
1080,EVT_00002170,3d3be635108ddea0e8281064,8231,0,8211,258,8211,"PointSourceFinite: -123.700, 43.300",SLAB,0,6.55,2.028300865520689e-07,42.0,8.0,-123.7,43.3,42.0
1081,EVT_00002171,fbdeb872849110c5999a6d36,8231,0,8211,616,8211,"PointSourceFinite: -122.700, 45.100",SLAB,3,6.85,4.739952109879442e-07,50.0,8.0,-122.7,45.1,50.0
1082,EVT_00002172,244631df604659c4dbd425e8,8231,0,8211,459,8211,"PointSourceFinite: -123.600, 44.300",SLAB,2,6.75,4.1053875759405074e-07,42.0,8.0,-123.6,44.3,42.0
1083,EVT_00002180,dc0602bdc6a92d25dcb2e243,8231,1,8212,84,8212,"PointSourceFinite: -124.300, 42.500",SLAB,0,7.25,4.196938387620483e-08,42.0,8.0,-124.3,42.5,42.0
1084,EVT_00002183,378342411244f1f6aed11b69,3199,1,3160,0,3160,"Cascadia (unsegmented, 1-2-3, bottom)",INTERFACE,580,8.7,1.8382352390585351e-06,5.0,145.0,,,
1085,EVT_00002184,e61d81ac8e3da40db6e168d2,8231,0,8211,530,8211,"PointSourceFinite: -124.100, 44.700",SLAB,4,6.95,4.410840490473737e-07,42.0,8.0,-124.1,44.7,42.0
1086,EVT_00002185,1533d050fc96fcc1f5759cec,8231,0,8211,484,8211,"PointSourceFinite: -123.000, 44.400",SLAB,5,7.05,3.3392859665084706e-07,50.0,8.0,-123.0,44.4,50.0
1087,EVT_00002186,b842750f95cd559a42c405db,8231,0,8211,477,8211,"PointSourceFinite: -123.700, 44.400",SLAB,0,6.55,5.735001419011175e-07,42.0,8.0,-123.7,44.4,42.0
1088,EVT_00002188,288602c20020af523d0d20fc,8231,0,8211,606,8211,"PointSourceFinite: -123.700, 45.100",SLAB,0,6.55,1.0125308839085694e-06,42.0,8.0,-123.7,45.1,42.0
1089,EVT_00002189,61b4ccbd7eb92db7c5bfc3d6,8231,0,8211,679,8211,"PointSourceFinite: -123.300, 45.500",SLAB,4,6.95,5.760758390795929e-07,42.0,8.0,-123.3,45.5,42.0
1090,EVT_00002190,13d4d38ad5bc16b710082eca,8231,0,8211,487,8211,"PointSourceFinite: -122.700, 44.400",SLAB,2,6.75,3.457065126941052e-07,50.0,8.0,-122.7,44.4,50.0
1091,EVT_00002195,2614f2db1586c0a4e4c2eb31,8231,0,8211,75,8211,"PointSourceFinite: -123.100, 42.400",SLAB,0,6.55,3.522609702492561e-07,50.0,8.0,-123.1,42.4,50.0
1092,EVT_00002204,f81eb102449f136b7adfedfa,3199,0,3172,0,3172,"Cascadia (unsegmented, 1-2-3-4, top)",INTERFACE,1301,8.0,6.677807792741574e-07,5.0,85.0,,,
1093,EVT_00002210,a4f7674cfb442ecbda30a09a,8231,0,8211,681,8211,"PointSourceFinite: -123.100, 45.500",SLAB,4,6.95,5.164763538533242e-07,50.0,8.0,-123.1,45.5,50.0
1094,EVT_00002212,228a0fc7f4c3f56eb914f695,3199,10,3171,0,3171,"Cascadia (unsegmented, 1-2-3-4, middle)",INTERFACE,1198,8.7,5.341880181879504e-07,5.0,105.0,,,
1095,EVT_00002214,e422a3e205d70db28f83315e,8231,0,8211,502,8211,"PointSourceFinite: -123.100, 44.500",SLAB,1,6.65,5.930195640640354e-07,50.0,8.0,-123.1,44.5,50.0
1096,EVT_00002220,b8b61c152b84b78dd9819d48,8231,1,8212,323,8212,"PointSourceFinite: -123.400, 43.600",SLAB,1,7.35,5.827892025189271e-09,42.0,8.0,-123.4,43.6,42.0
1097,EVT_00002222,151633e3359e85a803a72144,3199,9,3161,0,3161,"Cascadia (unsegmented, 1-2-3, middle)",INTERFACE,888,8.3,7.379159742457803e-07,5.186022888838834,80.0,,,
1098,EVT_00002226,3bdd260616ebf151a0c3099b,8231,0,8211,66,8211,"PointSourceFinite: -124.000, 42.400",SLAB,4,6.95,6.197358383936525e-07,42.0,8.0,-124.0,42.4,42.0
1099,EVT_00002231,dace2939f0b1e05f256e9479,8231,0,8211,549,8211,"PointSourceFinite: -124.000, 44.800",SLAB,3,6.85,5.754951827740338e-07,42.0,8.0,-124.0,44.8,42.0
1100,EVT_00002232,3ebc780aff043ea9d99de768,8231,0,8211,142,8211,"PointSourceFinite: -122.700, 42.700",SLAB,5,7.05,1.0702282886126572e-07,50.0,8.0,-122.7,42.7,50.0
1101,EVT_00002233,8807db62dee2abdeba89e1df,8231,0,8211,543,8211,"PointSourceFinite: -122.800, 44.700",SLAB,1,6.65,5.78530319820683e-07,50.0,8.0,-122.8,44.7,50.0
1102,EVT_00002235,55c6850051d2f78496e07dea,8231,0,8211,755,8211,"PointSourceFinite: -122.400, 45.900",SLAB,5,7.05,1.3294578612538856e-07,60.0,8.0,-122.4,45.9,60.0
1103,EVT_00002238,c7756992a13525d93cdc6946,8231,0,8211,630,8211,"PointSourceFinite: -123.100, 45.200",SLAB,3,6.85,6.848701024843621e-07,50.0,8.0,-123.1,45.2,50.0
1104,EVT_00002240,fb05a71ce492333a2594f904,8231,0,8211,464,8211,"PointSourceFinite: -123.100, 44.300",SLAB,4,6.95,3.251307198247372e-07,50.0,8.0,-123.1,44.3,50.0
1105,EVT_00002242,ca768ee56956a59cccafd2aa,8231,0,8211,551,8211,"PointSourceFinite: -123.800, 44.800",SLAB,4,6.95,6.078499003477404e-07,42.0,8.0,-123.8,44.8,42.0
1106,EVT_00002243,ba691cd756c1d10e6ef58740,8231,0,8211,737,8211,"PointSourceFinite: -122.600, 45.800",SLAB,6,7.15,1.759971152184853e-07,50.0,8.0,-122.6,45.8,50.0
1107,EVT_00002247,026f5bb89440d7cd5cee6ac2,3199,9,3161,0,3161,"Cascadia (unsegmented, 1-2-3, middle)",INTERFACE,522,8.6,1.275510165877351e-06,5.023710246964953,80.0,,,
1108,EVT_00002248,eb99a05f98e5284db7a782d7,3199,1,3160,0,3160,"Cascadia (unsegmented, 1-2-3, bottom)",INTERFACE,652,8.0,1.1864454622055416e-06,5.0,145.0,,,
1109,EVT_00002249,4eb2a0d3419ff39e887d50c6,3199,9,3161,0,3161,"Cascadia (unsegmented, 1-2-3, middle)",INTERFACE,520,8.6,1.275510165877351e-06,5.039862095724606,80.0,,,
1110,EVT_00002251,974b05af5c39db83a0ad0084,8231,0,8211,351,8211,"PointSourceFinite: -122.600, 43.700",SLAB,3,6.85,9.644616819028629e-08,50.0,8.0,-122.6,43.7,50.0
1111,EVT_00002252,c3129270d5968e08d82d05c5,3199,1,3160,0,3160,"Cascadia (unsegmented, 1-2-3, bottom)",INTERFACE,913,8.3,7.379159742457803e-07,5.0,145.0,,,
1112,EVT_00002253,49495a3cef98c892f9f0dfa1,8231,0,8211,73,8211,"PointSourceFinite: -123.300, 42.400",SLAB,1,6.65,4.387653196984042e-07,42.0,8.0,-123.3,42.4,42.0
1113,EVT_00002256,aeeda3a1dad9370c23569cee,3199,1,3160,0,3160,"Cascadia (unsegmented, 1-2-3, bottom)",INTERFACE,527,8.6,1.275510165877351e-06,5.001564638227635,145.0,,,
1114,EVT_00002257,4f42491de9627ba28b0cd21b,3199,12,3162,0,3162,"Cascadia (unsegmented, 1-2-3, top)",INTERFACE,447,8.5,1.024590133245741e-06,5.131574731407156,70.0,,,
1115,EVT_00002260,5266d2375b8d2b71aa1ebea7,3199,10,3171,0,3171,"Cascadia (unsegmented, 1-2-3-4, middle)",INTERFACE,1452,8.1,5.392777463767077e-07,5.1264205620600105,105.0,,,
1116,EVT_00002261,2b6f9d3b4771eeaae8367e9a,3199,12,3162,0,3162,"Cascadia (unsegmented, 1-2-3, top)",INTERFACE,401,8.4,8.680555295554194e-07,5.0,70.0,,,
1117,EVT_00002262,b47c1d09c9f0df3fe01a29e9,8231,0,8211,558,8211,"PointSourceFinite: -123.100, 44.800",SLAB,1,6.65,7.872512953119443e-07,50.0,8.0,-123.1,44.8,50.0
1118,EVT_00002264,abb2820115b8888bfcb0b596,8231,0,8211,729,8211,"PointSourceFinite: -123.400, 45.800",SLAB,2,6.75,4.693013417276413e-07,42.0,8.0,-123.4,45.8,42.0
1119,EVT_00002265,c02528e0082fca83633af056,8231,0,8211,100,8211,"PointSourceFinite: -122.700, 42.500",SLAB,2,6.75,1.5276493361166308e-07,50.0,8.0,-122.7,42.5,50.0
1120,EVT_00002266,80f8680fa6919733a756a2f7,3199,1,3160,0,3160,"Cascadia (unsegmented, 1-2-3, bottom)",INTERFACE,324,8.3,7.530120256384362e-07,5.0,145.0,,,
1121,EVT_00002267,e23d6fc8f6787af9468a5a47,8231,1,8212,745,8212,"PointSourceFinite: -123.400, 45.900",SLAB,0,7.25,2.3061294281291487e-08,42.0,8.0,-123.4,45.9,42.0
1122,EVT_00002268,4c15b3a6b70edc03f2682fa5,8231,0,8211,592,8211,"PointSourceFinite: -123.300, 45.000",SLAB,1,6.65,9.281172505677244e-07,42.0,8.0,-123.3,45.0,42.0
1123,EVT_00002269,daabe705c44f4741f26dd073,8231,0,8211,528,8211,"PointSourceFinite: -122.400, 44.600",SLAB,4,6.95,2.5788476073756017e-07,60.0,8.0,-122.4,44.6,60.0
1124,EVT_00002270,7f6dc60955e5a1a426dab4c2,8231,0,8211,629,8211,"PointSourceFinite: -123.200, 45.200",SLAB,6,7.15,5.52567109561015e-07,50.0,8.0,-123.2,45.2,50.0
1125,EVT_00002271,5e3821aa3ea011cd64f87429,8231,0,8211,462,8211,"PointSourceFinite: -123.300, 44.300",SLAB,6,7.15,2.884304573291205e-07,42.0,8.0,-123.3,44.3,42.0
1126,EVT_00002273,0e0c9ca8aa810ba5fb3c0457,8231,0,8211,175,8211,"PointSourceFinite: -123.600, 42.900",SLAB,1,6.65,3.8373162386526673e-07,42.0,8.0,-123.6,42.9,42.0
1127,EVT_00002282,35786842ec4270fb1a0f4b4a,8231,0,8211,168,8211,"PointSourceFinite: -124.300, 42.900",SLAB,5,7.05,3.2254040272138853e-07,42.0,8.0,-124.3,42.9,42.0
1128,EVT_00002285,3356f0299e273c8fa68144c0,8231,0,8211,27,8211,"PointSourceFinite: -123.700, 42.200",SLAB,3,6.85,5.885922639258488e-07,42.0,8.0,-123.7,42.2,42.0
1129,EVT_00002286,a4ef368b32ca94cb787aba5b,8231,0,8211,372,8211,"PointSourceFinite: -122.500, 43.800",SLAB,2,6.75,1.1347109044772837e-07,50.0,8.0,-122.5,43.8,50.0
1130,EVT_00002290,a4e8640ef8cb89b83f5fec5b,8231,0,8211,772,8211,"PointSourceFinite: -122.300, 46.000",SLAB,3,6.85,1.268250372350111e-07,60.0,8.0,-122.3,46.0,60.0
1131,EVT_00002292,0471895bfb337cc8893ca066,8231,0,8211,733,8211,"PointSourceFinite: -123.000, 45.800",SLAB,0,6.55,4.6014169070363554e-07,50.0,8.0,-123.0,45.8,50.0
1132,EVT_00002296,d5852dbdfd86cae9d6170081,8231,0,8211,619,8211,"PointSourceFinite: -122.400, 45.100",SLAB,5,7.05,2.647670552437989e-07,60.0,8.0,-122.4,45.1,60.0
1133,EVT_00002301,b84e7594c5dadc02946eaa43,3199,10,3171,0,3171,"Cascadia (unsegmented, 1-2-3-4, middle)",INTERFACE,68,8.0,3.360214953117753e-07,5.0,105.0,,,
1134,EVT_00002303,1abc2fb9bdb320ca17cafb31,3199,12,3162,0,3162,"Cascadia (unsegmented, 1-2-3, top)",INTERFACE,855,8.2,8.567270806109988e-07,5.0,70.0,,,
1135,EVT_00002304,a9ffa1751bc90db2375fb3a4,8231,0,8211,261,8211,"PointSourceFinite: -123.400, 43.300",SLAB,2,6.75,1.4464116032552024e-07,42.0,8.0,-123.4,43.3,42.0
1136,EVT_00002305,404aa1270db4f2a1b608fc5b,3199,12,3162,0,3162,"Cascadia (unsegmented, 1-2-3, top)",INTERFACE,577,8.7,1.893939337211824e-06,5.0,70.0,,,
1137,EVT_00002307,e296e7f787299787ccbd68be,3199,9,3161,0,3161,"Cascadia (unsegmented, 1-2-3, middle)",INTERFACE,502,8.5,1.0080644859353255e-06,5.0,80.0,,,
1138,EVT_00002308,d28df83c7a7166bb86a088ce,8231,0,8211,424,8211,"PointSourceFinite: -123.300, 44.100",SLAB,5,7.05,2.066092502475277e-07,42.0,8.0,-123.3,44.1,42.0
1139,EVT_00002310,97df03670f8eb8de26775b9e,3199,9,3161,0,3161,"Cascadia (unsegmented, 1-2-3, middle)",INTERFACE,148,8.1,6.443298776081463e-07,5.0,80.0,,,
1140,EVT_00002311,f94121b7678a83f9ce6b24c4,3199,9,3161,0,3161,"Cascadia (unsegmented, 1-2-3, middle)",INTERFACE,808,8.2,8.473124973075812e-07,5.014107631728563,80.0,,,
1141,EVT_00002315,4ce17202d0e8d3a836380a8c,3199,9,3161,0,3161,"Cascadia (unsegmented, 1-2-3, middle)",INTERFACE,1110,8.6,6.264536216300861e-07,5.060181718918948,80.0,,,
1142,EVT_00002318,37bdaeac5b3e84697183e755,8231,0,8211,72,8211,"PointSourceFinite: -123.400, 42.400",SLAB,2,6.75,4.600614158768629e-07,42.0,8.0,-123.4,42.4,42.0
1143,EVT_00002319,1d64392a3a4e2f0ba93ceb18,8231,0,8211,466,8211,"PointSourceFinite: -122.900, 44.300",SLAB,6,7.15,2.4037478572473306e-07,50.0,8.0,-122.9,44.3,50.0
1144,EVT_00002322,874c51eb9f9ff49275db00ae,8231,0,8211,94,8211,"PointSourceFinite: -123.300, 42.500",SLAB,5,7.05,2.922452513691798e-07,42.0,8.0,-123.3,42.5,42.0
1145,EVT_00002323,8bc25ce70ee2d82760c3e72e,8231,0,8211,452,8211,"PointSourceFinite: -122.400, 44.200",SLAB,3,6.85,1.7420703483739896e-07,60.0,8.0,-122.4,44.2,60.0
1146,EVT_00002325,408e847358e8d3bd98265307,3199,0,3172,0,3172,"Cascadia (unsegmented, 1-2-3-4, top)",INTERFACE,1256,8.0,6.677807792741574e-07,5.0,85.0,,,
1147,EVT_00002326,cfc313cca43e57a8737c2451,8231,0,8211,130,8211,"PointSourceFinite: -123.900, 42.700",SLAB,6,7.15,3.9437951044920003e-07,42.0,8.0,-123.9,42.7,42.0
1148,EVT_00002327,a9cd5d7313e7ee566fb3f2bf,8231,0,8211,197,8211,"PointSourceFinite: -123.500, 43.000",SLAB,3,6.85,2.4450315461267656e-07,42.0,8.0,-123.5,43.0,42.0
1149,EVT_00002331,9ad30a8da4b18bea4f707192,3199,15,3170,0,3170,"Cascadia (unsegmented, 1-2-3-4, bottom)",INTERFACE,1947,8.3,3.6456563013333184e-07,5.0,155.0,,,
1150,EVT_00002336,0343b53234d9cd0ab02ef597,8231,0,8211,21,8211,"PointSourceFinite: -124.300, 42.200",SLAB,5,7.05,5.78872569214733e-07,42.0,8.0,-124.3,42.2,42.0
1151,EVT_00002342,2b50cbd39d042b20a6dea772,3199,1,3160,0,3160,"Cascadia (unsegmented, 1-2-3, bottom)",INTERFACE,1043,8.5,6.232945289588634e-07,5.151914685589831,145.0,,,
1152,EVT_00002343,3ba5db8d2c0942237b95ff29,8231,0,8211,458,8211,"PointSourceFinite: -123.700, 44.300",SLAB,6,7.15,2.741734333360788e-07,42.0,8.0,-123.7,44.3,42.0
1153,EVT_00002344,9ad72a0729d1e2e57ab35003,8231,0,8211,638,8211,"PointSourceFinite: -122.300, 45.200",SLAB,2,6.75,2.9313593378435204e-07,60.0,8.0,-122.3,45.2,60.0
1154,EVT_00002348,4e9f106a6256ab66600934e6,8231,0,8211,591,8211,"PointSourceFinite: -123.400, 45.000",SLAB,0,6.55,1.0422022432908497e-06,42.0,8.0,-123.4,45.0,42.0
1155,EVT_00002350,119aab6aa230b94e3dafc17c,8231,0,8211,465,8211,"PointSourceFinite: -123.000, 44.300",SLAB,0,6.55,4.4578718794313364e-07,50.0,8.0,-123.0,44.3,50.0
1156,EVT_00002351,6ed8ad84c9b429425bfb8b4a,8231,0,8211,496,8211,"PointSourceFinite: -123.700, 44.500",SLAB,4,6.95,4.6548924695006994e-07,42.0,8.0,-123.7,44.5,42.0
1157,EVT_00002352,8bbf252d3834365faa460c30,8231,0,8211,476,8211,"PointSourceFinite: -123.800, 44.400",SLAB,1,6.65,4.97289729099623e-07,42.0,8.0,-123.8,44.4,42.0
1158,EVT_00002356,44f24766417fd1a22816ec02,8231,0,8211,580,8211,"PointSourceFinite: -122.700, 44.900",SLAB,2,6.75,5.186346580324544e-07,50.0,8.0,-122.7,44.9,50.0
1159,EVT_00002360,d519fb33064f1f3cabd96e03,8231,0,8211,644,8211,"PointSourceFinite: -123.400, 45.300",SLAB,6,7.15,5.70921296477188e-07,42.0,8.0,-123.4,45.3,42.0
1160,EVT_00002361,fd01200a798418cdf749739c,8231,1,8212,2,8212,"PointSourceFinite: -124.100, 42.100",SLAB,1,7.35,3.74719988247826e-08,42.0,8.0,-124.1,42.1,42.0
1161,EVT_00002362,27f207f111abbba90923992b,8231,0,8211,661,8211,"PointSourceFinite: -123.400, 45.400",SLAB,2,6.75,7.761778724435291e-07,42.0,8.0,-123.4,45.4,42.0
1162,EVT_00002363,23c5f7f291ac89818987096e,8231,0,8211,682,8211,"PointSourceFinite: -123.000, 45.500",SLAB,0,6.55,6.895611586517424e-07,50.0,8.0,-123.0,45.5,50.0
1163,EVT_00002364,028a265a909ec0aee96213b4,8231,0,8211,632,8211,"PointSourceFinite: -122.900, 45.200",SLAB,6,7.15,4.379629507799368e-07,50.0,8.0,-122.9,45.2,50.0
1164,EVT_00002370,ad31168f2b17f361aecd4540,8231,0,8211,467,8211,"PointSourceFinite: -122.800, 44.300",SLAB,1,6.65,3.5315613362884295e-07,50.0,8.0,-122.8,44.3,50.0
1165,EVT_00002372,6b599f1900f5cf647e3f6dd4,3199,9,3161,0,3161,"Cascadia (unsegmented, 1-2-3, middle)",INTERFACE,668,8.0,1.1864454622055416e-06,5.0,80.0,,,
1166,EVT_00002379,e83bfc1e6e7044f6d3d326fa,8231,0,8211,190,8211,"PointSourceFinite: -124.200, 43.000",SLAB,4,6.95,2.9541719413039254e-07,42.0,8.0,-124.2,43.0,42.0
1167,EVT_00002381,46dce4579c22d632862fc9de,8231,0,8211,445,8211,"PointSourceFinite: -123.100, 44.200",SLAB,2,6.75,3.206104358934871e-07,50.0,8.0,-123.1,44.2,50.0
1168,EVT_00002382,e409778fc29f8d44b303e317,8231,0,8211,523,8211,"PointSourceFinite: -122.900, 44.600",SLAB,0,6.55,6.378540946696108e-07,50.0,8.0,-122.9,44.6,50.0
1169,EVT_00002392,21b21d561816ef20a914974b,3199,9,3161,0,3161,"Cascadia (unsegmented, 1-2-3, middle)",INTERFACE,809,8.2,8.473124973075812e-07,5.007559087328344,80.0,,,
1170,EVT_00002393,11d5e2b654c3db4016ba98c5,8231,0,8211,15,8211,"PointSourceFinite: -122.800, 42.100",SLAB,4,6.95,1.4673115044613546e-07,50.0,8.0,-122.8,42.1,50.0
1171,EVT_00002396,6414c3ef43ac4188f971f92b,8231,0,8211,552,8211,"PointSourceFinite: -123.700, 44.800",SLAB,4,6.95,6.386113341476325e-07,42.0,8.0,-123.7,44.8,42.0
1172,EVT_00002399,6bdd04c4b761c4d0914c87dd,8231,0,8211,596,8211,"PointSourceFinite: -122.900, 45.000",SLAB,1,6.65,7.13487009042506e-07,50.0,8.0,-122.9,45.0,50.0
1173,EVT_00002400,d654e98e828c579e756d2eb1,8231,0,8211,562,8211,"PointSourceFinite: -122.700, 44.800",SLAB,1,6.65,5.507888053787442e-07,50.0,8.0,-122.7,44.8,50.0
1174,EVT_00002404,98e3014e0b553999e8d2ca1e,8231,0,8211,160,8211,"PointSourceFinite: -123.000, 42.800",SLAB,0,6.55,2.3459802408188882e-07,50.0,8.0,-123.0,42.8,50.0
1175,EVT_00002405,e492129c05bd879714e7c3fc,8231,0,8211,533,8211,"PointSourceFinite: -123.800, 44.700",SLAB,2,6.75,6.750578455529622e-07,42.0,8.0,-123.8,44.7,42.0
1176,EVT_00002410,662fed5219f7b8dbea0a7edd,8231,0,8211,532,8211,"PointSourceFinite: -123.900, 44.700",SLAB,1,6.65,6.92955023083092e-07,42.0,8.0,-123.9,44.7,42.0
1177,EVT_00002412,fc6ad5a6c64f34ae2e85467d,8231,0,8211,362,8211,"PointSourceFinite: -123.500, 43.800",SLAB,1,6.65,1.589183454029796e-07,42.0,8.0,-123.5,43.8,42.0
1178,EVT_00002414,9e338991c4f6acbf1e9eeb60,8231,0,8211,32,8211,"PointSourceFinite: -123.200, 42.200",SLAB,4,6.95,2.873749163128264e-07,50.0,8.0,-123.2,42.2,50.0
1179,EVT_00002415,ee702ee58a9a3c8a85d37a62,8231,0,8211,564,8211,"PointSourceFinite: -122.500, 44.800",SLAB,4,6.95,3.2796840512486105e-07,50.0,8.0,-122.5,44.8,50.0
1180,EVT_00002416,01b7f644026c53d91a3ce662,8231,0,8211,555,8211,"PointSourceFinite: -123.400, 44.800",SLAB,1,6.65,8.800392864864801e-07,42.0,8.0,-123.4,44.8,42.0
1181,EVT_00002417,c4c1b166f64c8f2c2726e741,8231,0,8211,667,8211,"PointSourceFinite: -122.800, 45.400",SLAB,1,6.65,5.599356605980929e-07,50.0,8.0,-122.8,45.4,50.0
1182,EVT_00002422,bf9afbed4006861ce17d72ae,8231,0,8211,794,8211,"PointSourceFinite: -123.300, 46.200",SLAB,5,7.05,1.4919954376447357e-07,42.0,8.0,-123.3,46.2,42.0
1183,EVT_00002425,4d5b2e7c9a4fcae6432ccd6a,8231,0,8211,690,8211,"PointSourceFinite: -123.900, 45.600",SLAB,1,6.65,6.1047149488337e-07,42.0,8.0,-123.9,45.6,42.0
1184,EVT_00002427,c7f0853d54556cf2ba2aa86f,8231,0,8211,440,8211,"PointSourceFinite: -123.600, 44.200",SLAB,1,6.65,3.65718837934912e-07,42.0,8.0,-123.6,44.2,42.0
1185,EVT_00002432,f83580389eb356d2101b1933,3199,9,3161,0,3161,"Cascadia (unsegmented, 1-2-3, middle)",INTERFACE,1146,8.6,6.264536216300861e-07,5.0,80.0,,,
1186,EVT_00002435,876515587d612e216815601b,8231,0,8211,486,8211,"PointSourceFinite: -122.800, 44.400",SLAB,5,7.05,2.872135902815876e-07,50.0,8.0,-122.8,44.4,50.0
1187,EVT_00002439,f5eafa5580ba3034a50dd5bd,8231,0,8211,542,8211,"PointSourceFinite: -122.900, 44.700",SLAB,4,6.95,4.817308247050484e-07,50.0,8.0,-122.9,44.7,50.0
1188,EVT_00002441,8b956d3b66abd3b39b7ca545,8231,0,8211,357,8211,"PointSourceFinite: -124.000, 43.800",SLAB,2,6.75,1.2976594852017505e-07,42.0,8.0,-124.0,43.8,42.0
1189,EVT_00002446,581c46b03531d860d58d37ab,3199,15,3170,0,3170,"Cascadia (unsegmented, 1-2-3-4, bottom)",INTERFACE,1157,8.7,5.252100683024388e-07,5.119510566762756,155.0,,,
1190,EVT_00002452,6782cb7fc793123b3731b72a,8231,0,8211,645,8211,"PointSourceFinite: -123.300, 45.300",SLAB,3,6.85,7.323792992252241e-07,42.0,8.0,-123.3,45.3,42.0
1191,EVT_00002457,80bbbc394d4fdc146afa555f,8231,0,8211,672,8211,"PointSourceFinite: -122.300, 45.400",SLAB,1,6.65,2.881328762861502e-07,60.0,8.0,-122.3,45.4,60.0
1192,EVT_00002458,9b5510c18bb04e7784b47b2f,3199,9,3161,0,3161,"Cascadia (unsegmented, 1-2-3, middle)",INTERFACE,848,8.2,8.473124973075812e-07,5.0,80.0,,,
1193,EVT_00002459,28916f10e044915c9cb95f56,3199,9,3161,0,3161,"Cascadia (unsegmented, 1-2-3, middle)",INTERFACE,341,8.3,7.530120256384362e-07,5.0,80.0,,,
1194,EVT_00002463,e744505a6cb33826529a8f9b,8231,0,8211,705,8211,"PointSourceFinite: -122.400, 45.600",SLAB,1,6.65,2.786745339597745e-07,60.0,8.0,-122.4,45.6,60.0
1195,EVT_00002464,8e839f0f517da8c20f36a384,3199,1,3160,0,3160,"Cascadia (unsegmented, 1-2-3, bottom)",INTERFACE,391,8.4,8.56164357917674e-07,5.005399348091673,145.0,,,
1196,EVT_00002467,e5fd6674af26c74cebf4f9b8,8231,0,8211,230,8211,"PointSourceFinite: -122.300, 43.100",SLAB,3,6.85,8.30370632772953e-08,60.0,8.0,-122.3,43.1,60.0
1197,EVT_00002470,aa9b033ce4e5b1129b224dac,3199,12,3162,0,3162,"Cascadia (unsegmented, 1-2-3, top)",INTERFACE,461,8.5,1.024590133245741e-06,5.000132261422984,70.0,,,
1198,EVT_00002471,1fde816300ba195f2f81cc33,3199,12,3162,0,3162,"Cascadia (unsegmented, 1-2-3, top)",INTERFACE,421,8.4,8.680555295554194e-07,5.0,70.0,,,
1199,EVT_00002473,e904e4308e678785b6af626f,3199,10,3171,0,3171,"Cascadia (unsegmented, 1-2-3-4, middle)",INTERFACE,499,8.2,3.591953915401736e-07,5.0,105.0,,,
1200,EVT_00002475,346cd9eb0fa42d2c8ef922b7,8231,0,8211,276,8211,"PointSourceFinite: -124.000, 43.400",SLAB,5,7.05,1.134531852318253e-07,42.0,8.0,-124.0,43.4,42.0
1201,EVT_00002476,b448a50aa5ca7876e52ab926,3199,9,3161,0,3161,"Cascadia (unsegmented, 1-2-3, middle)",INTERFACE,130,8.1,6.443298776081463e-07,5.0,80.0,,,
1202,EVT_00002481,9678639dffc7a66a5ed6e3c2,8231,0,8211,606,8211,"PointSourceFinite: -123.700, 45.100",SLAB,2,6.75,8.421865063577124e-07,42.0,8.0,-123.7,45.1,42.0
1203,EVT_00002483,723064871d3f3c5be90d923c,8231,0,8211,135,8211,"PointSourceFinite: -123.400, 42.700",SLAB,5,7.05,2.85335411149428e-07,42.0,8.0,-123.4,42.7,42.0
1204,EVT_00002484,09a1d31e9db95c8ca57656cd,8231,0,8211,24,8211,"PointSourceFinite: -124.000, 42.200",SLAB,1,6.65,8.343807810792023e-07,42.0,8.0,-124.0,42.2,42.0
1205,EVT_00002486,c460ca853d73940d5dc85f85,8231,0,8211,574,8211,"PointSourceFinite: -123.300, 44.900",SLAB,1,6.65,9.049110737630988e-07,42.0,8.0,-123.3,44.9,42.0
1206,EVT_00002489,101a4d5af08da9315da4eddb,3199,10,3171,0,3171,"Cascadia (unsegmented, 1-2-3-4, middle)",INTERFACE,1864,8.3,3.6895798712289013e-07,5.0,105.0,,,
1207,EVT_00002490,aca998de0d5a72d151ab1548,8231,0,8211,116,8211,"PointSourceFinite: -123.200, 42.600",SLAB,0,6.55,3.759261761014296e-07,50.0,8.0,-123.2,42.6,50.0
1208,EVT_00002495,d995936abf04c31f87132ea3,8231,0,8211,589,8211,"PointSourceFinite: -123.600, 45.000",SLAB,1,6.65,9.442562904902484e-07,42.0,8.0,-123.6,45.0,42.0
1209,EVT_00002496,b26683169616e0f50261195f,8231,0,8211,185,8211,"PointSourceFinite: -122.600, 42.900",SLAB,1,6.65,1.2493952636775257e-07,50.0,8.0,-122.6,42.9,50.0
1210,EVT_00002498,a586b77b4daa05bcd8524050,8231,0,8211,701,8211,"PointSourceFinite: -122.800, 45.600",SLAB,2,6.75,4.211287647973718e-07,50.0,8.0,-122.8,45.6,50.0
1211,EVT_00002500,f64fb45545334f28cec40208,8231,0,8211,121,8211,"PointSourceFinite: -122.700, 42.600",SLAB,1,6.65,1.6206419709699897e-07,50.0,8.0,-122.7,42.6,50.0
1212,EVT_00002503,5d45d4c9755a76bca0a33392,8231,0,8211,89,8211,"PointSourceFinite: -123.800, 42.500",SLAB,6,7.15,4.506881613227509e-07,42.0,8.0,-123.8,42.5,42.0
1213,EVT_00002505,4dcd6860db91eaf50a98af30,3199,15,3170,0,3170,"Cascadia (unsegmented, 1-2-3-4, bottom)",INTERFACE,1151,8.6,4.664178964775388e-07,5.0,155.0,,,
1214,EVT_00002507,b0a8723ec817380bfc0a029d,8231,0,8211,114,8211,"PointSourceFinite: -123.400, 42.600",SLAB,3,6.85,3.7699202076468e-07,42.0,8.0,-123.4,42.6,42.0
1215,EVT_00002509,e8b5a7fb81b5510a8e17242c,8231,0,8211,27,8211,"PointSourceFinite: -123.700, 42.200",SLAB,4,6.95,5.368025246614085e-07,42.0,8.0,-123.7,42.2,42.0
1216,EVT_00002511,5014b463560eefc33fa988b9,8231,0,8211,448,8211,"PointSourceFinite: -122.800, 44.200",SLAB,2,6.75,2.684670894812547e-07,50.0,8.0,-122.8,44.2,50.0
1217,EVT_00002512,52153c6c437e329473e9ffd7,8231,0,8211,546,8211,"PointSourceFinite: -122.500, 44.700",SLAB,0,6.55,4.520471677531337e-07,50.0,8.0,-122.5,44.7,50.0
1218,EVT_00002517,d59f7b61f02ff6cb6e20ae9d,3199,10,3171,0,3171,"Cascadia (unsegmented, 1-2-3-4, middle)",INTERFACE,1091,8.6,4.7348483430295604e-07,5.0,105.0,,,
1219,EVT_00002520,2a2e7dd5b7984ff27cc69f4a,8231,0,8211,158,8211,"PointSourceFinite: -123.200, 42.800",SLAB,6,7.15,1.7833936957294164e-07,50.0,8.0,-123.2,42.8,50.0
1220,EVT_00002521,460548289d74f9fa15f08ddd,3199,1,3160,0,3160,"Cascadia (unsegmented, 1-2-3, bottom)",INTERFACE,1137,8.6,6.264536216300861e-07,5.0,145.0,,,
1221,EVT_00002529,07dfb380e12ab0dce0c51c12,8231,0,8211,675,8211,"PointSourceFinite: -123.700, 45.500",SLAB,1,6.65,7.5976726089804e-07,42.0,8.0,-123.7,45.5,42.0
1222,EVT_00002530,45296ad0c13d1303a90909e6,8231,0,8211,442,8211,"PointSourceFinite: -123.400, 44.200",SLAB,5,7.05,2.598586996528582e-07,42.0,8.0,-123.4,44.2,42.0
1223,EVT_00002531,2d78361ad1f6d86fd9ded1d5,3199,1,3160,0,3160,"Cascadia (unsegmented, 1-2-3, bottom)",INTERFACE,642,8.0,1.1864454622055416e-06,5.0,145.0,,,
1224,EVT_00002535,a3b05ad45b6c8ef36274162f,8231,0,8211,302,8211,"PointSourceFinite: -123.500, 43.500",SLAB,2,6.75,1.2150303207473081e-07,42.0,8.0,-123.5,43.5,42.0
1225,EVT_00002537,cc9536f77c0126f9c38a28bc,8231,0,8211,657,8211,"PointSourceFinite: -123.800, 45.400",SLAB,5,7.05,5.463495259784981e-07,42.0,8.0,-123.8,45.4,42.0
1226,EVT_00002540,7f7ea9143e50882ee45b1f8d,8231,0,8211,682,8211,"PointSourceFinite: -123.000, 45.500",SLAB,1,6.65,6.288872510892091e-07,50.0,8.0,-123.0,45.5,50.0
1227,EVT_00002543,5564a6e99d9df3785dc9a196,8231,0,8211,597,8211,"PointSourceFinite: -122.800, 45.000",SLAB,2,6.75,5.874647593546117e-07,50.0,8.0,-122.8,45.0,50.0
1228,EVT_00002546,1058cabee59fd6e61956db86,8231,0,8211,415,8211,"PointSourceFinite: -124.200, 44.100",SLAB,2,6.75,1.8896433646161085e-07,42.0,8.0,-124.2,44.1,42.0
1229,EVT_00002547,44b734267b4b3e3638879639,3199,15,3170,0,3170,"Cascadia (unsegmented, 1-2-3-4, bottom)",INTERFACE,705,8.3,3.72023798380894e-07,5.0,155.0,,,
1230,EVT_00002548,f63c685260f3b4b91d011a5e,8231,0,8211,183,8211,"PointSourceFinite: -122.800, 42.900",SLAB,4,6.95,1.1487691498305965e-07,50.0,8.0,-122.8,42.9,50.0
1231,EVT_00002551,e4064c1b4dab6a594e96f972,8231,1,8212,621,8212,"PointSourceFinite: -124.000, 45.200",SLAB,2,7.45,2.8177750626460676e-08,42.0,8.0,-124.0,45.2,42.0
1232,EVT_00002554,95ca91aba5f268fde1244562,3199,15,3170,0,3170,"Cascadia (unsegmented, 1-2-3-4, bottom)",INTERFACE,904,8.5,4.2517005529245033e-07,5.0,155.0,,,
1233,EVT_00002556,e9a49ecef2ce9c39c9bd52cc,8231,0,8211,509,8211,"PointSourceFinite: -122.400, 44.500",SLAB,2,6.75,2.8320470442900494e-07,60.0,8.0,-122.4,44.5,60.0
1234,EVT_00002565,b50bd5b5dea58d252b976740,8231,0,8211,552,8211,"PointSourceFinite: -123.700, 44.800",SLAB,2,6.75,7.677796945892754e-07,42.0,8.0,-123.7,44.8,42.0
1235,EVT_00002567,0c2bf34ef88642e198f969de,3199,10,3171,0,3171,"Cascadia (unsegmented, 1-2-3-4, middle)",INTERFACE,218,8.1,3.4722221182216775e-07,5.0,105.0,,,
1236,EVT_00002571,4534849299883f034e681e89,8231,0,8211,156,8211,"PointSourceFinite: -123.400, 42.800",SLAB,5,7.05,2.5267229675199624e-07,42.0,8.0,-123.4,42.8,42.0
1237,EVT_00002573,a4aec3c3abe90b8ea87f24c7,3199,10,3171,0,3171,"Cascadia (unsegmented, 1-2-3-4, middle)",INTERFACE,1900,8.3,3.6895798712289013e-07,5.0,105.0,,,
1238,EVT_00002575,2137c3fdc46a0f3d809bb886,8231,0,8211,196,8211,"PointSourceFinite: -123.600, 43.000",SLAB,3,6.85,2.660558880937064e-07,42.0,8.0,-123.6,43.0,42.0
1239,EVT_00002578,1315daf498c9846c1c885560,3199,15,3170,0,3170,"Cascadia (unsegmented, 1-2-3-4, bottom)",INTERFACE,2395,8.6,2.2907632432741962e-07,5.0,155.0,,,
1240,EVT_00002579,9b5be56f7abf0fe2ad928d92,8231,0,8211,338,8211,"PointSourceFinite: -123.900, 43.700",SLAB,0,6.55,1.472131170433182e-07,42.0,8.0,-123.9,43.7,42.0
1241,EVT_00002580,1007a95bcede7f779d23ba2c,3199,9,3161,0,3161,"Cascadia (unsegmented, 1-2-3, middle)",INTERFACE,551,8.6,1.275510165877351e-06,5.0,80.0,,,
1242,EVT_00002582,3c2b55c0bcf8896e85b78a56,8231,0,8211,154,8211,"PointSourceFinite: -123.600, 42.800",SLAB,5,7.05,3.110493699448765e-07,42.0,8.0,-123.6,42.8,42.0
1243,EVT_00002585,e603aefb97f0926feaff2808,3199,10,3171,0,3171,"Cascadia (unsegmented, 1-2-3-4, middle)",INTERFACE,58,8.0,3.360214953117753e-07,5.0,105.0,,,
1244,EVT_00002586,736b251b8df9d0019c225529,8231,0,8211,532,8211,"PointSourceFinite: -123.900, 44.700",SLAB,3,6.85,5.76374883204131e-07,42.0,8.0,-123.9,44.7,42.0
1245,EVT_00002589,ee5a46e086d495f0ab1adf94,3199,15,3170,0,3170,"Cascadia (unsegmented, 1-2-3-4, bottom)",INTERFACE,1629,8.1,5.33351617295645e-07,5.0,155.0,,,
1246,EVT_00002591,08eef45665af2ec194f47119,8231,0,8211,26,8211,"PointSourceFinite: -123.800, 42.200",SLAB,4,6.95,5.77877213868954e-07,42.0,8.0,-123.8,42.2,42.0
1247,EVT_00002600,8f46b52f0c164e969229cd58,8231,0,8211,423,8211,"PointSourceFinite: -123.400, 44.100",SLAB,0,6.55,3.295694008509273e-07,42.0,8.0,-123.4,44.1,42.0
1248,EVT_00002605,b8113e8c0e95aa8c3d4cba68,8231,0,8211,146,8211,"PointSourceFinite: -122.300, 42.700",SLAB,5,7.05,7.559147914159464e-08,60.0,8.0,-122.3,42.7,60.0
1249,EVT_00002606,824215068fda02599e54f6b8,3199,1,3160,0,3160,"Cascadia (unsegmented, 1-2-3, bottom)",INTERFACE,541,8.6,1.275510165877351e-06,5.0,145.0,,,
1250,EVT_00002607,b52216d1dc2294ab20f1a9fa,3199,1,3160,0,3160,"Cascadia (unsegmented, 1-2-3, bottom)",INTERFACE,744,8.1,1.000721591214509e-06,5.0,145.0,,,
1251,EVT_00002608,9212ded333084b64f12841f0,8231,0,8211,69,8211,"PointSourceFinite: -123.700, 42.400",SLAB,0,6.55,7.641666609311095e-07,42.0,8.0,-123.7,42.4,42.0
1252,EVT_00002609,d04d11f687ddd3530918b634,3199,1,3160,0,3160,"Cascadia (unsegmented, 1-2-3, bottom)",INTERFACE,484,8.5,1.0080644859353255e-06,5.0,145.0,,,
1253,EVT_00002616,99eed9105c004a8282bcd46c,8231,0,8211,334,8211,"PointSourceFinite: -122.300, 43.600",SLAB,6,7.15,6.396352200716668e-08,60.0,8.0,-122.3,43.6,60.0
1254,EVT_00002618,56d0bc658a7c21764664bd54,3199,10,3171,0,3171,"Cascadia (unsegmented, 1-2-3-4, middle)",INTERFACE,1558,8.1,5.392777463767077e-07,5.0,105.0,,,
1255,EVT_00002622,21022d31f8fbf1f65de88b84,8231,0,8211,351,8211,"PointSourceFinite: -122.600, 43.700",SLAB,5,7.05,8.022042856235497e-08,50.0,8.0,-122.6,43.7,50.0
1256,EVT_00002623,b3fa56f831fe9351061a3ad9,8231,0,8211,516,8211,"PointSourceFinite: -123.600, 44.600",SLAB,1,6.65,7.249209873219556e-07,42.0,8.0,-123.6,44.6,42.0
1257,EVT_00002624,204043c0ab7c0d3e66559ba6,8231,0,8211,783,8211,"PointSourceFinite: -122.800, 46.100",SLAB,4,6.95,1.5357302841807105e-07,50.0,8.0,-122.8,46.1,50.0
1258,EVT_00002625,9515b8315c889b6ba20ddb89,3199,9,3161,0,3161,"Cascadia (unsegmented, 1-2-3, middle)",INTERFACE,1011,8.4,6.66441670347842e-07,5.0,80.0,,,
1259,EVT_00002628,d3091710521ae993c1495d93,3199,12,3162,0,3162,"Cascadia (unsegmented, 1-2-3, top)",INTERFACE,642,8.0,1.1980772804624588e-06,5.0,70.0,,,
1260,EVT_00002629,e3706ef9d810b7991fb1d1e3,3199,12,3162,0,3162,"Cascadia (unsegmented, 1-2-3, top)",INTERFACE,181,8.1,6.510416471665647e-07,5.0,70.0,,,
1261,EVT_00002631,d520cb80591e7c1606449dca,3199,1,3160,0,3160,"Cascadia (unsegmented, 1-2-3, bottom)",INTERFACE,887,8.3,7.379159742457803e-07,5.212107296861274,145.0,,,
1262,EVT_00002633,ee68434c2098e19467038ede,8231,0,8211,593,8211,"PointSourceFinite: -123.200, 45.000",SLAB,4,6.95,6.754765843008405e-07,50.0,8.0,-123.2,45.0,50.0
1263,EVT_00002634,22b7f174aedb50fcbe4abbfa,8231,0,8211,617,8211,"PointSourceFinite: -122.600, 45.100",SLAB,3,6.85,4.17906114565799e-07,50.0,8.0,-122.6,45.1,50.0
1264,EVT_00002635,f2ea95641f3a13e6a7b3d125,3199,1,3160,0,3160,"Cascadia (unsegmented, 1-2-3, bottom)",INTERFACE,1004,8.4,6.66441670347842e-07,5.0,145.0,,,
1265,EVT_00002636,eed4654e2b8ef1c022f30874,3199,12,3162,0,3162,"Cascadia (unsegmented, 1-2-3, top)",INTERFACE,781,8.1,1.011145774456327e-06,5.0,70.0,,,
1266,EVT_00002637,ca3e9d10d3287f3fd2b4b0e7,8231,0,8211,812,8211,"PointSourceFinite: -123.100, 46.300",SLAB,1,6.65,1.6403876313987457e-07,50.0,8.0,-123.1,46.3,50.0
1267,EVT_00002642,72ed13a8ddd09676896d38c5,8231,0,8211,503,8211,"PointSourceFinite: -123.000, 44.500",SLAB,6,7.15,3.5229676774339785e-07,50.0,8.0,-123.0,44.5,50.0
1268,EVT_00002648,9afd57df802a239975dcf04c,3199,9,3161,0,3161,"Cascadia (unsegmented, 1-2-3, middle)",INTERFACE,1093,8.5,6.232945289588634e-07,5.0,80.0,,,
1269,EVT_00002653,4788aad5b443d3865955386c,8231,0,8211,728,8211,"PointSourceFinite: -123.500, 45.800",SLAB,5,7.05,3.592792521919253e-07,42.0,8.0,-123.5,45.8,42.0
1270,EVT_00002655,1c72fef246eeef037c3ad46f,8231,0,8211,658,8211,"PointSourceFinite: -123.700, 45.400",SLAB,3,6.85,6.8800373741334e-07,42.0,8.0,-123.7,45.4,42.0
1271,EVT_00002658,2170ac491519fcf00664e2ff,8231,0,8211,719,8211,"PointSourceFinite: -122.700, 45.700",SLAB,1,6.65,3.6213516495616427e-07,50.0,8.0,-122.7,45.7,50.0
1272,EVT_00002659,7ffa496f0868a24ef9501965,8231,0,8211,680,8211,"PointSourceFinite: -123.200, 45.500",SLAB,0,6.55,7.952565819586958e-07,50.0,8.0,-123.2,45.5,50.0
1273,EVT_00002661,0173856e1e37fc6992ea0e19,8231,0,8211,592,8211,"PointSourceFinite: -123.300, 45.000",SLAB,0,6.55,1.017660328711871e-06,42.0,8.0,-123.3,45.0,42.0
1274,EVT_00002664,e4096d5848eb5c564680f5c5,3199,0,3172,0,3172,"Cascadia (unsegmented, 1-2-3-4, top)",INTERFACE,363,8.2,3.6549706507596613e-07,5.294936151407914,85.0,,,
1275,EVT_00002665,701362cceff8bb518846a4b1,8231,0,8211,577,8211,"PointSourceFinite: -123.000, 44.900",SLAB,2,6.75,6.979685181547128e-07,50.0,8.0,-123.0,44.9,50.0
1276,EVT_00002668,d6cb88c8bbd9114235c14712,3199,10,3171,0,3171,"Cascadia (unsegmented, 1-2-3-4, middle)",INTERFACE,244,8.1,3.4722221182216775e-07,5.0,105.0,,,
1277,EVT_00002669,83a371e14ebd3939ec41f36a,8231,0,8211,713,8211,"PointSourceFinite: -123.300, 45.700",SLAB,4,6.95,4.483127212192581e-07,42.0,8.0,-123.3,45.7,42.0
1278,EVT_00002673,2e5e9a058bd5de0e134e2cac,8231,0,8211,25,8211,"PointSourceFinite: -123.900, 42.200",SLAB,6,7.15,5.077582184700972e-07,42.0,8.0,-123.9,42.2,42.0
1279,EVT_00002675,4e9b781fb0216e634a534508,8231,0,8211,493,8211,"PointSourceFinite: -124.000, 44.500",SLAB,5,7.05,3.490583449043997e-07,42.0,8.0,-124.0,44.5,42.0
1280,EVT_00002676,7314099791a3cd5c59013d32,8231,0,8211,741,8211,"PointSourceFinite: -123.800, 45.900",SLAB,1,6.65,3.9851933212840083e-07,42.0,8.0,-123.8,45.9,42.0
1281,EVT_00002677,8880c866e743ce47dba32de3,8231,0,8211,692,8211,"PointSourceFinite: -123.700, 45.600",SLAB,0,6.55,7.452618116623947e-07,42.0,8.0,-123.7,45.6,42.0
1282,EVT_00002680,08c788924f49fec9e2c4d8b1,3199,1,3160,0,3160,"Cascadia (unsegmented, 1-2-3, bottom)",INTERFACE,667,8.0,1.1864454622055416e-06,5.0,145.0,,,
1283,EVT_00002683,0f116cf0cfa62b1f0929e51f,8231,0,8211,498,8211,"PointSourceFinite: -123.500, 44.500",SLAB,6,7.15,4.0853608584440854e-07,42.0,8.0,-123.5,44.5,42.0
1284,EVT_00002688,985f81a897af8e7280f61f7b,3199,1,3160,0,3160,"Cascadia (unsegmented, 1-2-3, bottom)",INTERFACE,653,8.0,1.1864454622055416e-06,5.0,145.0,,,
1285,EVT_00002689,5b71448810655b3895abf34c,8231,0,8211,359,8211,"PointSourceFinite: -123.800, 43.800",SLAB,0,6.55,1.659022540401502e-07,42.0,8.0,-123.8,43.8,42.0
1286,EVT_00002693,7c8557e0739e65ba018779a0,8231,0,8211,421,8211,"PointSourceFinite: -123.600, 44.100",SLAB,1,6.65,2.926729408218001e-07,42.0,8.0,-123.6,44.1,42.0
1287,EVT_00002695,cd694b2da95fa2cd72072472,3199,15,3170,0,3170,"Cascadia (unsegmented, 1-2-3-4, bottom)",INTERFACE,629,8.3,3.72023798380894e-07,5.0,155.0,,,
1288,EVT_00002696,d07cd64a0f740ed9ce0c4287,8231,0,8211,105,8211,"PointSourceFinite: -124.300, 42.600",SLAB,1,6.65,7.13984575749722e-07,42.0,8.0,-124.3,42.6,42.0
1289,EVT_00002697,fe2248fa552a29c9073885a1,8231,0,8211,495,8211,"PointSourceFinite: -123.800, 44.500",SLAB,3,6.85,4.851603552305874e-07,42.0,8.0,-123.8,44.5,42.0
1290,EVT_00002699,783cc8d7c5e78c59ecad0be9,3199,9,3161,0,3161,"Cascadia (unsegmented, 1-2-3, middle)",INTERFACE,748,8.1,1.000721591214509e-06,5.0,80.0,,,
1291,EVT_00002701,11e4113802dce4d1d38a6c2c,3199,9,3161,0,3161,"Cascadia (unsegmented, 1-2-3, middle)",INTERFACE,789,8.1,1.000721591214509e-06,5.0,80.0,,,
1292,EVT_00002704,e62cec27bb2414cd7c8b5fef,8231,0,8211,665,8211,"PointSourceFinite: -123.000, 45.400",SLAB,6,7.15,4.324947179853701e-07,50.0,8.0,-123.0,45.4,50.0
1293,EVT_00002705,fff8a23d5302aac15a17ae0e,8231,0,8211,106,8211,"PointSourceFinite: -124.200, 42.600",SLAB,0,6.55,7.974853747825692e-07,42.0,8.0,-124.2,42.6,42.0
1294,EVT_00002706,3ed7453b48a5e4ab85c0f4a1,3199,9,3161,0,3161,"Cascadia (unsegmented, 1-2-3, middle)",INTERFACE,608,8.0,1.1864454622055416e-06,5.019237679629858,80.0,,,
1295,EVT_00002707,195222c9816dd3e5a511693b,8231,0,8211,732,8211,"PointSourceFinite: -123.100, 45.800",SLAB,1,6.65,4.520184961050821e-07,50.0,8.0,-123.1,45.8,50.0
1296,EVT_00002709,0ba691d088f42b454da59fda,3199,0,3172,0,3172,"Cascadia (unsegmented, 1-2-3-4, top)",INTERFACE,1338,8.0,6.677807792741574e-07,5.0,85.0,,,
1297,EVT_00002710,4fbb2e0e3ee1648ca31eb254,8231,0,8211,72,8211,"PointSourceFinite: -123.400, 42.400",SLAB,1,6.65,5.044473113957421e-07,42.0,8.0,-123.4,42.4,42.0
1298,EVT_00002714,2dbb85f574971768dcbcda81,3199,9,3161,0,3161,"Cascadia (unsegmented, 1-2-3, middle)",INTERFACE,396,8.4,8.56164357917674e-07,5.0,80.0,,,
1299,EVT_00002716,0efc83d3e17649a630489eac,8231,0,8211,517,8211,"PointSourceFinite: -123.500, 44.600",SLAB,5,7.05,5.103788230347645e-07,42.0,8.0,-123.5,44.6,42.0
1300,EVT_00002723,f77deb942503e6d3de8e15ff,3199,10,3171,0,3171,"Cascadia (unsegmented, 1-2-3-4, middle)",INTERFACE,1777,8.2,4.431346968677581e-07,5.0,105.0,,,
1301,EVT_00002726,32d9c6d49cc77e32cb2107ca,3199,1,3160,0,3160,"Cascadia (unsegmented, 1-2-3, bottom)",INTERFACE,606,8.0,1.1864454622055416e-06,5.045338172905599,145.0,,,
1302,EVT_00002728,3ac8b95c49bbc29b52eed750,3199,10,3171,0,3171,"Cascadia (unsegmented, 1-2-3-4, middle)",INTERFACE,1022,8.6,4.7348483430295604e-07,5.016005270030109,105.0,,,
1303,EVT_00002729,6c7bc6fb2c41ed22b48d0aad,8231,0,8211,11,8211,"PointSourceFinite: -123.200, 42.100",SLAB,4,6.95,2.8000472243937e-07,50.0,8.0,-123.2,42.1,50.0
1304,EVT_00002731,069713f205a34d6caf420756,3199,9,3161,0,3161,"Cascadia (unsegmented, 1-2-3, middle)",INTERFACE,963,8.3,7.379159742457803e-07,5.0,80.0,,,
1305,EVT_00002732,fa1be9d06b09525da4afceb5,8231,0,8211,622,8211,"PointSourceFinite: -123.900, 45.200",SLAB,2,6.75,7.428635753149113e-07,42.0,8.0,-123.9,45.2,42.0
1306,EVT_00002738,1b3ef0a28c7ea1ccb6aad445,8231,0,8211,706,8211,"PointSourceFinite: -122.300, 45.600",SLAB,0,6.55,2.673498677890117e-07,60.0,8.0,-122.3,45.6,60.0
1307,EVT_00002743,027575d3b7916207c3a3fdf4,8231,0,8211,461,8211,"PointSourceFinite: -123.400, 44.300",SLAB,3,6.85,3.840903862666726e-07,42.0,8.0,-123.4,44.3,42.0
1308,EVT_00002746,04fe8dbf38ad023d87c2ff6e,8231,0,8211,554,8211,"PointSourceFinite: -123.500, 44.800",SLAB,0,6.55,9.676372557756958e-07,42.0,8.0,-123.5,44.8,42.0
1309,EVT_00002749,e98bec22a927a048aaff9824,3199,10,3171,0,3171,"Cascadia (unsegmented, 1-2-3-4, middle)",INTERFACE,670,8.3,3.765060128192181e-07,5.0,105.0,,,
1310,EVT_00002750,68d3f42fb0824c84d00b05ea,8231,0,8211,479,8211,"PointSourceFinite: -123.500, 44.400",SLAB,1,6.65,5.526753844624487e-07,42.0,8.0,-123.5,44.4,42.0
1311,EVT_00002752,0f90f8c9d7f2365c0f08172a,8231,0,8211,80,8211,"PointSourceFinite: -122.600, 42.400",SLAB,2,6.75,1.3658604283517353e-07,50.0,8.0,-122.6,42.4,50.0
1312,EVT_00002754,21b4636b454688c409745d48,8231,0,8211,758,8211,"PointSourceFinite: -123.700, 46.000",SLAB,0,6.55,3.693165641331909e-07,42.0,8.0,-123.7,46.0,42.0
1313,EVT_00002758,074b8da0eed44348e6184cf2,8231,0,8211,642,8211,"PointSourceFinite: -123.600, 45.300",SLAB,0,6.55,9.908939804925046e-07,42.0,8.0,-123.6,45.3,42.0
1314,EVT_00002767,73ff94d2f03b4d31284506bc,8231,0,8211,515,8211,"PointSourceFinite: -123.700, 44.600",SLAB,1,6.65,7.005222991340849e-07,42.0,8.0,-123.7,44.6,42.0
1315,EVT_00002771,f2b16c6f4b2278324d972102,8231,0,8211,752,8211,"PointSourceFinite: -122.700, 45.900",SLAB,0,6.55,2.912194071620425e-07,50.0,8.0,-122.7,45.9,50.0
1316,EVT_00002773,350432ad1e0dbd98087816ac,3199,9,3161,0,3161,"Cascadia (unsegmented, 1-2-3, middle)",INTERFACE,407,8.4,8.56164357917674e-07,5.0,80.0,,,
1317,EVT_00002775,643f562df8628dacc65ca147,8231,0,8211,212,8211,"PointSourceFinite: -124.100, 43.100",SLAB,5,7.05,2.175241225690333e-07,42.0,8.0,-124.1,43.1,42.0
1318,EVT_00002776,51a08204695d58599833cd0c,3199,9,3161,0,3161,"Cascadia (unsegmented, 1-2-3, middle)",INTERFACE,164,8.1,6.443298776081463e-07,5.0,80.0,,,
1319,EVT_00002779,dc27c781398a3922fc46b3f0,8231,0,8211,704,8211,"PointSourceFinite: -122.500, 45.600",SLAB,2,6.75,2.904441157764086e-07,50.0,8.0,-122.5,45.6,50.0
1320,EVT_00002781,357808cbc466fde3b4a37c33,8231,0,8211,231,8211,"PointSourceFinite: -124.300, 43.200",SLAB,1,6.65,2.44489093633205e-07,42.0,8.0,-124.3,43.2,42.0
1321,EVT_00002783,dfa5653ca78210c478b7ff6a,8231,0,8211,54,8211,"PointSourceFinite: -123.100, 42.300",SLAB,2,6.75,2.962699940805284e-07,50.0,8.0,-123.1,42.3,50.0
1322,EVT_00002785,66de91a0a793fcb971485b41,8231,0,8211,652,8211,"PointSourceFinite: -122.600, 45.300",SLAB,3,6.85,3.8764116162071683e-07,50.0,8.0,-122.6,45.3,50.0
1323,EVT_00002786,f292bf5d76e5317ca3f40664,8231,0,8211,582,8211,"PointSourceFinite: -122.500, 44.900",SLAB,3,6.85,3.687948807343245e-07,50.0,8.0,-122.5,44.9,50.0
1324,EVT_00002788,bcffd81aa10655aab89ec20b,8231,0,8211,455,8211,"PointSourceFinite: -124.000, 44.300",SLAB,2,6.75,3.2861510662365826e-07,42.0,8.0,-124.0,44.3,42.0
1325,EVT_00002789,d02341c5ddac2a1115f55a61,8231,0,8211,49,8211,"PointSourceFinite: -123.600, 42.300",SLAB,0,6.55,7.110557796007749e-07,42.0,8.0,-123.6,42.3,42.0
1326,EVT_00002797,6c0ef6536c3d0cbbfd79edc3,8231,0,8211,105,8211,"PointSourceFinite: -124.300, 42.600",SLAB,0,6.55,7.828685196921124e-07,42.0,8.0,-124.3,42.6,42.0
1327,EVT_00002798,553f6d5ee2c4f3200aaafbf2,8231,0,8211,527,8211,"PointSourceFinite: -122.500, 44.600",SLAB,6,7.15,2.42170262910915e-07,50.0,8.0,-122.5,44.6,50.0
1328,EVT_00002801,f0223930d7ae6cc57ad9b822,3199,12,3162,0,3162,"Cascadia (unsegmented, 1-2-3, top)",INTERFACE,937,8.3,7.469149495414605e-07,5.0,70.0,,,
1329,EVT_00002804,731fdc745198d8f0315bb8c8,3199,9,3161,0,3161,"Cascadia (unsegmented, 1-2-3, middle)",INTERFACE,111,8.1,6.443298776081463e-07,5.160402225532784,80.0,,,
1330,EVT_00002805,b873c18047e52ae4496888d7,8231,0,8211,466,8211,"PointSourceFinite: -122.900, 44.300",SLAB,3,6.85,3.16875681060682e-07,50.0,8.0,-122.9,44.3,50.0
1331,EVT_00002806,9eb22cffe58265f8036e65f1,8231,0,8211,543,8211,"PointSourceFinite: -122.800, 44.700",SLAB,3,6.85,4.812005605112857e-07,50.0,8.0,-122.8,44.7,50.0
1332,EVT_00002812,c4d17b1fefdf31ed78bd8454,8231,0,8211,100,8211,"PointSourceFinite: -122.700, 42.500",SLAB,6,7.15,1.0568751234292369e-07,50.0,8.0,-122.7,42.5,50.0
1333,EVT_00002817,31825ac5cdfd5d831eae85cf,3199,10,3171,0,3171,"Cascadia (unsegmented, 1-2-3-4, middle)",INTERFACE,1261,8.0,6.57010121543929e-07,5.322114083499341,105.0,,,
1334,EVT_00002818,9167b0138358a1836b6323c6,8231,0,8211,54,8211,"PointSourceFinite: -123.100, 42.300",SLAB,1,6.65,3.2485358868077e-07,50.0,8.0,-123.1,42.3,50.0
1335,EVT_00002821,98560c1314016117ff5e66a1,8231,0,8211,197,8211,"PointSourceFinite: -123.500, 43.000",SLAB,2,6.75,2.68092377921026e-07,42.0,8.0,-123.5,43.0,42.0
1336,EVT_00002824,b21f54b6d15fccb371882cbf,3199,1,3160,0,3160,"Cascadia (unsegmented, 1-2-3, bottom)",INTERFACE,578,8.7,1.8382352390585351e-06,5.0,145.0,,,
1337,EVT_00002826,cbde17f8965a382844edf3a0,3199,9,3161,0,3161,"Cascadia (unsegmented, 1-2-3, middle)",INTERFACE,661,8.0,1.1864454622055416e-06,5.0,80.0,,,
1338,EVT_00002828,fb7fbd72a79e82472ea517b8,3199,1,3160,0,3160,"Cascadia (unsegmented, 1-2-3, bottom)",INTERFACE,834,8.2,8.473124973075812e-07,5.0,145.0,,,
1339,EVT_00002829,ed9ebc2f9421de3659e60807,3199,9,3161,0,3161,"Cascadia (unsegmented, 1-2-3, middle)",INTERFACE,881,8.2,8.473124973075812e-07,5.0,80.0,,,
1340,EVT_00002832,493330478927596e45275186,8231,0,8211,73,8211,"PointSourceFinite: -123.300, 42.400",SLAB,3,6.85,3.6494909694141364e-07,42.0,8.0,-123.3,42.4,42.0
1341,EVT_00002833,7272ded7cdee328706c96d3d,3199,9,3161,0,3161,"Cascadia (unsegmented, 1-2-3, middle)",INTERFACE,577,8.7,1.8382352390585351e-06,5.000222913881156,80.0,,,
1342,EVT_00002840,474ab628dfd8f4d0b6173e2f,8231,0,8211,524,8211,"PointSourceFinite: -122.800, 44.600",SLAB,3,6.85,4.423910855556168e-07,50.0,8.0,-122.8,44.6,50.0
1343,EVT_00002842,e4ba0f1d32d13b7aacdb3843,3199,9,3161,0,3161,"Cascadia (unsegmented, 1-2-3, middle)",INTERFACE,294,8.3,7.530120256384362e-07,5.239902065143324,80.0,,,
1344,EVT_00002846,b9da3f42c420879a4cb83eb1,3199,12,3162,0,3162,"Cascadia (unsegmented, 1-2-3, top)",INTERFACE,102,8.1,6.510416471665647e-07,5.449963422204166,70.0,,,
1345,EVT_00002847,c55dd76efa05ae5c2cf90c93,8231,0,8211,96,8211,"PointSourceFinite: -123.100, 42.500",SLAB,2,6.75,2.8361543415486065e-07,50.0,8.0,-123.1,42.5,50.0
1346,EVT_00002852,d1e5adf7c2d37ad5ec299efa,8231,0,8211,406,8211,"PointSourceFinite: -123.100, 44.000",SLAB,4,6.95,1.7277431236240493e-07,50.0,8.0,-123.1,44.0,50.0
1347,EVT_00002856,e3b38efd40237e8789163c7c,8231,0,8211,696,8211,"PointSourceFinite: -123.300, 45.600",SLAB,3,6.85,5.647147190317897e-07,42.0,8.0,-123.3,45.6,42.0
1348,EVT_00002860,803d11ddd7e2e10e7df371fb,8231,0,8211,593,8211,"PointSourceFinite: -123.200, 45.000",SLAB,3,6.85,7.406453466911456e-07,50.0,8.0,-123.2,45.0,50.0
1349,EVT_00002862,aa6645346c87ae32ea5832ab,3199,9,3161,0,3161,"Cascadia (unsegmented, 1-2-3, middle)",INTERFACE,692,8.0,1.1864454622055416e-06,5.0,80.0,,,
1350,EVT_00002864,2e6513b0edc66c615ad52723,3199,12,3162,0,3162,"Cascadia (unsegmented, 1-2-3, top)",INTERFACE,637,8.0,1.1980772804624588e-06,5.0,70.0,,,
1351,EVT_00002868,a9ba34c2f1d65a6b51a1a381,3199,12,3162,0,3162,"Cascadia (unsegmented, 1-2-3, top)",INTERFACE,1033,8.5,6.335124720565497e-07,5.097986857414012,70.0,,,
1352,EVT_00002874,b8b423f70f28ce0871396aa5,8231,0,8211,620,8211,"PointSourceFinite: -122.300, 45.100",SLAB,0,6.55,3.6426866170342733e-07,60.0,8.0,-122.3,45.1,60.0
1353,EVT_00002885,f76e7cafd3e45a9b1bffad27,8231,0,8211,585,8211,"PointSourceFinite: -124.000, 45.000",SLAB,3,6.85,6.273076415718303e-07,42.0,8.0,-124.0,45.0,42.0
1354,EVT_00002886,2cfc1cc16dd7e2c9a0de59ea,3199,9,3161,0,3161,"Cascadia (unsegmented, 1-2-3, middle)",INTERFACE,473,8.5,1.0080644859353255e-06,5.0,80.0,,,
1355,EVT_00002887,90bbfeb8bb245eef218f5412,3199,9,3161,0,3161,"Cascadia (unsegmented, 1-2-3, middle)",INTERFACE,871,8.2,8.473124973075812e-07,5.0,80.0,,,
1356,EVT_00002888,3565d6381b7c7e03e122df77,8231,0,8211,500,8211,"PointSourceFinite: -123.300, 44.500",SLAB,5,7.05,4.4263587122215403e-07,42.0,8.0,-123.3,44.5,42.0
1357,EVT_00002890,611101988c4bc64c91d8d019,3199,9,3161,0,3161,"Cascadia (unsegmented, 1-2-3, middle)",INTERFACE,1120,8.6,6.264536216300861e-07,5.00026134730894,80.0,,,
1358,EVT_00002894,cc57cb2466e937e1c6356af7,3199,9,3161,0,3161,"Cascadia (unsegmented, 1-2-3, middle)",INTERFACE,829,8.2,8.473124973075812e-07,5.0,80.0,,,
1359,EVT_00002895,f96b61b760cdb73e43ab0eb4,8231,0,8211,128,8211,"PointSourceFinite: -124.100, 42.700",SLAB,0,6.55,7.16085476028896e-07,42.0,8.0,-124.1,42.7,42.0
1360,EVT_00002896,5857ae47a268508d414cdf75,8231,0,8211,585,8211,"PointSourceFinite: -124.000, 45.000",SLAB,4,6.95,5.72111368724301e-07,42.0,8.0,-124.0,45.0,42.0
1361,EVT_00002897,6da7c95da6a604e233e54881,8231,0,8211,147,8211,"PointSourceFinite: -124.300, 42.800",SLAB,4,6.95,4.2017735542112803e-07,42.0,8.0,-124.3,42.8,42.0
1362,EVT_00002898,9f7262a54c26f34da7203e03,8231,0,8211,109,8211,"PointSourceFinite: -123.900, 42.600",SLAB,5,7.05,4.816622934887456e-07,42.0,8.0,-123.9,42.6,42.0
1363,EVT_00002901,f77f7ed449cc1cdd0fae8f6a,8231,0,8211,406,8211,"PointSourceFinite: -123.100, 44.000",SLAB,0,6.55,2.497348624518999e-07,50.0,8.0,-123.1,44.0,50.0
1364,EVT_00002908,76b20cfa11e8f028e5d2879e,8231,0,8211,91,8211,"PointSourceFinite: -123.600, 42.500",SLAB,2,6.75,5.557043621397581e-07,42.0,8.0,-123.6,42.5,42.0
1365,EVT_00002912,236ecea3a81eb436338b642c,8231,0,8211,47,8211,"PointSourceFinite: -123.800, 42.300",SLAB,3,6.85,6.357245608224045e-07,42.0,8.0,-123.8,42.3,42.0
1366,EVT_00002917,4ed7f6ca5e028648829cf92f,3199,1,3160,0,3160,"Cascadia (unsegmented, 1-2-3, bottom)",INTERFACE,33,8.0,6.06796098330002e-07,5.0,145.0,,,
1367,EVT_00002920,de1ba61a02076aa696356204,8231,0,8211,548,8211,"PointSourceFinite: -122.300, 44.700",SLAB,0,6.55,3.50242155447804e-07,60.0,8.0,-122.3,44.7,60.0
1368,EVT_00002924,f4295a38a6d61795b0edda9b,8231,0,8211,747,8211,"PointSourceFinite: -123.200, 45.900",SLAB,4,6.95,3.0175205319895845e-07,50.0,8.0,-123.2,45.9,50.0
1369,EVT_00002925,2ed3bb5c5f7b1834a474bdb4,8231,0,8211,685,8211,"PointSourceFinite: -122.700, 45.500",SLAB,3,6.85,3.7990752986285706e-07,50.0,8.0,-122.7,45.5,50.0
1370,EVT_00002929,b070b5ccb7445a209d7e0c39,8231,0,8211,474,8211,"PointSourceFinite: -124.000, 44.400",SLAB,1,6.65,4.313014975324269e-07,42.0,8.0,-124.0,44.4,42.0
1371,EVT_00002930,760d8f77b48c94e4f9878e41,8231,0,8211,136,8211,"PointSourceFinite: -123.300, 42.700",SLAB,6,7.15,2.286327024609584e-07,42.0,8.0,-123.3,42.7,42.0
1372,EVT_00002931,bbd407a7f82cd5bccfd0cba2,8231,0,8211,605,8211,"PointSourceFinite: -123.800, 45.100",SLAB,2,6.75,8.030471840569508e-07,42.0,8.0,-123.8,45.1,42.0
1373,EVT_00002932,899c2232b30206ea63cadb07,8231,0,8211,457,8211,"PointSourceFinite: -123.800, 44.300",SLAB,0,6.55,4.53419252809747e-07,42.0,8.0,-123.8,44.3,42.0
1374,EVT_00002933,fc0f53d9c23e528b84970931,3199,1,3160,0,3160,"Cascadia (unsegmented, 1-2-3, bottom)",INTERFACE,79,8.0,6.06796098330002e-07,5.0,145.0,,,
1375,EVT_00002934,90a464a5fcd935a876a806e0,8231,0,8211,654,8211,"PointSourceFinite: -122.400, 45.300",SLAB,6,7.15,2.2303913947500773e-07,60.0,8.0,-122.4,45.3,60.0
1376,EVT_00002936,e4dcbc3010533d3f1e155415,3199,9,3161,0,3161,"Cascadia (unsegmented, 1-2-3, middle)",INTERFACE,801,8.2,8.473124973075812e-07,5.116351323243297,80.0,,,
1377,EVT_00002938,1902805d030bb8bc6f4515ff,3199,1,3160,0,3160,"Cascadia (unsegmented, 1-2-3, bottom)",INTERFACE,321,8.3,7.530120256384362e-07,5.0,145.0,,,
1378,EVT_00002940,0463166dae2eb82baf52fed7,3199,0,3172,0,3172,"Cascadia (unsegmented, 1-2-3-4, top)",INTERFACE,1460,8.1,5.484180471627536e-07,5.0,85.0,,,
1379,EVT_00002944,fbbd4899fb2126590c8f4ab1,8231,0,8211,553,8211,"PointSourceFinite: -123.600, 44.800",SLAB,3,6.85,7.232187194535156e-07,42.0,8.0,-123.6,44.8,42.0
1380,EVT_00002950,4404a27b077d54f91101459b,8231,0,8211,795,8211,"PointSourceFinite: -123.200, 46.200",SLAB,3,6.85,1.7390509188878016e-07,50.0,8.0,-123.2,46.2,50.0
1381,EVT_00002952,6e37ca79ab6f46644703b8a8,8231,0,8211,66,8211,"PointSourceFinite: -124.000, 42.400",SLAB,2,6.75,7.450863573584931e-07,42.0,8.0,-124.0,42.4,42.0
1382,EVT_00002955,4ffba1217f292bbf84fc08b6,3199,15,3170,0,3170,"Cascadia (unsegmented, 1-2-3-4, bottom)",INTERFACE,2110,8.4,3.079129236417244e-07,5.0,155.0,,,
1383,EVT_00002960,f487261a59fa8bd9c756c785,8231,0,8211,540,8211,"PointSourceFinite: -123.100, 44.700",SLAB,0,6.55,8.065562266237758e-07,50.0,8.0,-123.1,44.7,50.0
1384,EVT_00002962,d0d4ed603efa7d534aa42a02,8231,0,8211,768,8211,"PointSourceFinite: -122.700, 46.000",SLAB,0,6.55,2.445802658009116e-07,50.0,8.0,-122.7,46.0,50.0
1385,EVT_00002963,53b5d4f318b33951405d10c7,8231,0,8211,539,8211,"PointSourceFinite: -123.200, 44.700",SLAB,6,7.15,4.885158010864644e-07,50.0,8.0,-123.2,44.7,50.0
1386,EVT_00002964,6c0088a4990655f99f56eacd,8231,0,8211,679,8211,"PointSourceFinite: -123.300, 45.500",SLAB,3,6.85,6.31654596875664e-07,42.0,8.0,-123.3,45.5,42.0
1387,EVT_00002968,2a57cad58c4e21b58acd0a43,3199,12,3162,0,3162,"Cascadia (unsegmented, 1-2-3, top)",INTERFACE,766,8.1,1.011145774456327e-06,5.0,70.0,,,
1388,EVT_00002969,da74bd101db5405189a2590d,3199,10,3171,0,3171,"Cascadia (unsegmented, 1-2-3-4, middle)",INTERFACE,987,8.5,4.3103446984820834e-07,5.0,105.0,,,
1389,EVT_00002970,5ff85ffb8dc24ba0490e742b,3199,10,3171,0,3171,"Cascadia (unsegmented, 1-2-3-4, middle)",INTERFACE,1188,8.7,5.341880181879504e-07,5.0,105.0,,,
1390,EVT_00002971,075cee1002b588423125c10f,3199,10,3171,0,3171,"Cascadia (unsegmented, 1-2-3-4, middle)",INTERFACE,1957,8.3,3.6895798712289013e-07,5.0,105.0,,,
1391,EVT_00002972,4724fa7b721946052aa720cc,8231,0,8211,494,8211,"PointSourceFinite: -123.900, 44.500",SLAB,1,6.65,5.462472996799058e-07,42.0,8.0,-123.9,44.5,42.0
1392,EVT_00002976,eaeaaf4715af4876e6fc76e4,8231,0,8211,206,8211,"PointSourceFinite: -122.600, 43.000",SLAB,1,6.65,1.1819432429500465e-07,50.0,8.0,-122.6,43.0,50.0
1393,EVT_00002978,9f37dca1dac592e7eca741a3,8231,0,8211,354,8211,"PointSourceFinite: -122.300, 43.700",SLAB,0,6.55,1.1716484534788062e-07,60.0,8.0,-122.3,43.7,60.0
1394,EVT_00002980,fd5d43d145e96c280b31d3ff,8231,0,8211,634,8211,"PointSourceFinite: -122.700, 45.200",SLAB,3,6.85,4.6132441253210723e-07,50.0,8.0,-122.7,45.2,50.0
1395,EVT_00002983,a10275b709b10aa145a35067,8231,0,8211,540,8211,"PointSourceFinite: -123.100, 44.700",SLAB,5,7.05,5.089025749245024e-07,50.0,8.0,-123.1,44.7,50.0
1396,EVT_00002984,c3bc1f0e112a33de1758de5e,8231,0,8211,68,8211,"PointSourceFinite: -123.800, 42.400",SLAB,0,6.55,8.209709245798403e-07,42.0,8.0,-123.8,42.4,42.0
1397,EVT_00002985,644ee228da15fc8c57ca47bd,8231,0,8211,717,8211,"PointSourceFinite: -122.900, 45.700",SLAB,0,6.55,4.927146636499366e-07,50.0,8.0,-122.9,45.7,50.0
1398,EVT_00002986,cbb86db40b6ed81046b74819,8231,0,8211,168,8211,"PointSourceFinite: -124.300, 42.900",SLAB,2,6.75,4.251910593441679e-07,42.0,8.0,-124.3,42.9,42.0
1399,EVT_00002988,94d4c7e1ce207024971fe942,3199,12,3162,0,3162,"Cascadia (unsegmented, 1-2-3, top)",INTERFACE,595,8.0,1.1980772804624588e-06,5.102302729992728,70.0,,,
1400,EVT_00002989,a12a5092226e7625875362e1,8231,0,8211,624,8211,"PointSourceFinite: -123.700, 45.200",SLAB,2,6.75,8.306060395902439e-07,42.0,8.0,-123.7,45.2,42.0
1401,EVT_00002991,385fb6c6d138d741f7ab795d,8231,0,8211,785,8211,"PointSourceFinite: -122.600, 46.100",SLAB,4,6.95,1.3036096578729337e-07,50.0,8.0,-122.6,46.1,50.0
1402,EVT_00002992,23ac59963b9c2a80f7643586,8231,0,8211,200,8211,"PointSourceFinite: -123.200, 43.000",SLAB,2,6.75,1.958698052931031e-07,50.0,8.0,-123.2,43.0,50.0
1403,EVT_00002994,9eec15e376c3eb7e4ad504fb,8231,0,8211,272,8211,"PointSourceFinite: -122.300, 43.300",SLAB,6,7.15,6.127135571838627e-08,60.0,8.0,-122.3,43.3,60.0
1404,EVT_00003000,4c6c16b0d2aff685abefac0c,3199,15,3170,0,3170,"Cascadia (unsegmented, 1-2-3-4, bottom)",INTERFACE,504,8.2,3.551136257272171e-07,5.0,155.0,,,
1405,EVT_00003001,e4582115428a4f3c3c444926,8231,0,8211,630,8211,"PointSourceFinite: -123.100, 45.200",SLAB,5,7.05,5.696501391578658e-07,50.0,8.0,-123.1,45.2,50.0
1406,EVT_00003002,089e64862b404f8b123f3f40,3199,10,3171,0,3171,"Cascadia (unsegmented, 1-2-3-4, middle)",INTERFACE,548,8.3,3.765060128192181e-07,5.131146730672864,105.0,,,
1407,EVT_00003004,d9119c2904e319416fdd847c,8231,0,8211,568,8211,"PointSourceFinite: -123.900, 44.900",SLAB,4,6.95,6.012644179211048e-07,42.0,8.0,-123.9,44.9,42.0
1408,EVT_00003006,bf81dd7e7d6f02f650d67de4,8231,0,8211,26,8211,"PointSourceFinite: -123.800, 42.200",SLAB,2,6.75,6.947612218104439e-07,42.0,8.0,-123.8,42.2,42.0
1409,EVT_00003013,bf176d1ac2be5b663e3d854b,8231,0,8211,74,8211,"PointSourceFinite: -123.200, 42.400",SLAB,1,6.65,3.7705608580873097e-07,50.0,8.0,-123.2,42.4,50.0
1410,EVT_00003019,8df2587d3383a540442138cb,3199,9,3161,0,3161,"Cascadia (unsegmented, 1-2-3, middle)",INTERFACE,669,8.0,1.1864454622055416e-06,5.0,80.0,,,
1411,EVT_00003020,e7db1c512c89fe79ae87f93a,8231,0,8211,473,8211,"PointSourceFinite: -124.100, 44.400",SLAB,2,6.75,3.5978982873676e-07,42.0,8.0,-124.1,44.4,42.0
1412,EVT_00003021,8f15149ab4a5dc08f63d03ca,8231,0,8211,458,8211,"PointSourceFinite: -123.700, 44.300",SLAB,2,6.75,3.963011846259256e-07,42.0,8.0,-123.7,44.3,42.0
1413,EVT_00003027,e63aa12a130c3d8d69476ba2,8231,0,8211,93,8211,"PointSourceFinite: -123.400, 42.500",SLAB,4,6.95,3.675692684389972e-07,42.0,8.0,-123.4,42.5,42.0
1414,EVT_00003031,7fba19f603737161d8b0f747,3199,9,3161,0,3161,"Cascadia (unsegmented, 1-2-3, middle)",INTERFACE,641,8.0,1.1864454622055416e-06,5.0,80.0,,,
1415,EVT_00003032,94d7b556f23176f47885a40a,8231,0,8211,115,8211,"PointSourceFinite: -123.300, 42.600",SLAB,2,6.75,3.615472539476281e-07,42.0,8.0,-123.3,42.6,42.0
1416,EVT_00003034,e72427bad14c78ca9ec8f738,3199,10,3171,0,3171,"Cascadia (unsegmented, 1-2-3-4, middle)",INTERFACE,555,8.3,3.765060128192181e-07,5.026272801747537,105.0,,,
1417,EVT_00003041,f1f0939db1f7ff7e6659198b,8231,0,8211,644,8211,"PointSourceFinite: -123.400, 45.300",SLAB,4,6.95,6.863983697201868e-07,42.0,8.0,-123.4,45.3,42.0
1418,EVT_00003046,4e3ce2f659c50966d5b3c835,8231,0,8211,13,8211,"PointSourceFinite: -123.000, 42.100",SLAB,4,6.95,2.020597848035368e-07,50.0,8.0,-123.0,42.1,50.0
1419,EVT_00003047,46b5fcd2e6adf72a78c511ed,8231,0,8211,574,8211,"PointSourceFinite: -123.300, 44.900",SLAB,4,6.95,6.864452479522661e-07,42.0,8.0,-123.3,44.9,42.0
1420,EVT_00003048,cceec967546f6323d4cac8b5,3199,15,3170,0,3170,"Cascadia (unsegmented, 1-2-3-4, bottom)",INTERFACE,339,8.1,3.4340658312082525e-07,5.0,155.0,,,
1421,EVT_00003049,4860675223148e82af69e864,8231,0,8211,574,8211,"PointSourceFinite: -123.300, 44.900",SLAB,2,6.75,8.252887079251413e-07,42.0,8.0,-123.3,44.9,42.0
1422,EVT_00003050,40d82f9cdaec02abca45ef06,8231,0,8211,650,8211,"PointSourceFinite: -122.800, 45.300",SLAB,5,7.05,4.1305723462162233e-07,50.0,8.0,-122.8,45.3,50.0
1423,EVT_00003051,bcf8bed1b46cb72079d7e575,3199,9,3161,0,3161,"Cascadia (unsegmented, 1-2-3, middle)",INTERFACE,783,8.1,1.000721591214509e-06,5.0,80.0,,,
1424,EVT_00003056,a3765ba226513a624d0abb9a,8231,0,8211,614,8211,"PointSourceFinite: -122.900, 45.100",SLAB,2,6.75,6.481154845140643e-07,50.0,8.0,-122.9,45.1,50.0
1425,EVT_00003064,1b2666a2133568297b593f65,3199,9,3161,0,3161,"Cascadia (unsegmented, 1-2-3, middle)",INTERFACE,455,8.5,1.0080644859353255e-06,5.084536308051063,80.0,,,
1426,EVT_00003066,a2ead7b2cacd9947d8d347a5,8231,0,8211,512,8211,"PointSourceFinite: -124.000, 44.600",SLAB,2,6.75,5.247273000414223e-07,42.0,8.0,-124.0,44.6,42.0
1427,EVT_00003067,099ec0a9c5e714792eaa3fe5,3199,9,3161,0,3161,"Cascadia (unsegmented, 1-2-3, middle)",INTERFACE,773,8.1,1.000721591214509e-06,5.0,80.0,,,
1428,EVT_00003068,531802c8aadd5b7e9370ee44,8231,0,8211,605,8211,"PointSourceFinite: -123.800, 45.100",SLAB,0,6.55,9.654750687113354e-07,42.0,8.0,-123.8,45.1,42.0
1429,EVT_00003073,3de40a20e63022d42174d116,3199,9,3161,0,3161,"Cascadia (unsegmented, 1-2-3, middle)",INTERFACE,619,8.0,1.1864454622055416e-06,5.0,80.0,,,
1430,EVT_00003075,f629006f6a4b2102e2d5b919,8231,0,8211,472,8211,"PointSourceFinite: -122.300, 44.300",SLAB,2,6.75,2.000091776479251e-07,60.0,8.0,-122.3,44.3,60.0
1431,EVT_00003078,3cc9c2adff9a7a884bf0605c,8231,0,8211,257,8211,"PointSourceFinite: -123.800, 43.300",SLAB,2,6.75,1.7470472069604918e-07,42.0,8.0,-123.8,43.3,42.0
1432,EVT_00003080,efbf15e1d179d9c5fb13cf4b,8231,0,8211,639,8211,"PointSourceFinite: -123.900, 45.300",SLAB,2,6.75,7.168760289197751e-07,42.0,8.0,-123.9,45.3,42.0
1433,EVT_00003084,d58799bd35fa06b9158c2700,8231,0,8211,470,8211,"PointSourceFinite: -122.500, 44.300",SLAB,0,6.55,2.942738421602416e-07,50.0,8.0,-122.5,44.3,50.0
1434,EVT_00003097,5ca26181e4cd8e1fb3726ba1,8231,0,8211,98,8211,"PointSourceFinite: -122.900, 42.500",SLAB,2,6.75,2.0560861872930065e-07,50.0,8.0,-122.9,42.5,50.0
1435,EVT_00003098,2e10dcebf014211c8bf6ec26,8231,0,8211,544,8211,"PointSourceFinite: -122.700, 44.700",SLAB,0,6.55,5.715132196553535e-07,50.0,8.0,-122.7,44.7,50.0
1436,EVT_00003102,3b2354efabc5a87d0f70a5c6,8231,0,8211,172,8211,"PointSourceFinite: -123.900, 42.900",SLAB,1,6.65,4.595796917921055e-07,42.0,8.0,-123.9,42.9,42.0
1437,EVT_00003105,ee350c17dc8d7da6d811c0b9,3199,9,3161,0,3161,"Cascadia (unsegmented, 1-2-3, middle)",INTERFACE,796,8.2,8.473124973075812e-07,5.249815260747723,80.0,,,
1438,EVT_00003106,91c88311265be6b2f2ef14dc,8231,0,8211,540,8211,"PointSourceFinite: -123.100, 44.700",SLAB,1,6.65,7.35588021230885e-07,50.0,8.0,-123.1,44.7,50.0
1439,EVT_00003109,6899f11a63c05a537f71f6dc,8231,0,8211,415,8211,"PointSourceFinite: -124.200, 44.100",SLAB,6,7.15,1.3073138036328876e-07,42.0,8.0,-124.2,44.1,42.0
1440,EVT_00003110,f470e684fc66048257679505,8231,0,8211,587,8211,"PointSourceFinite: -123.800, 45.000",SLAB,2,6.75,7.961044760146916e-07,42.0,8.0,-123.8,45.0,42.0
1441,EVT_00003112,fd6f2023f9bc844f33eb8471,8231,1,8212,444,8212,"PointSourceFinite: -123.200, 44.200",SLAB,1,7.35,1.6430025629904178e-08,50.0,8.0,-123.2,44.2,50.0
1442,EVT_00003115,31d986e1e9b1944c898877b8,8231,0,8211,61,8211,"PointSourceFinite: -122.400, 42.300",SLAB,0,6.55,1.3417548194678338e-07,60.0,8.0,-122.4,42.3,60.0
1443,EVT_00003116,178c1c75dc48e1ddda260f9d,3199,9,3161,0,3161,"Cascadia (unsegmented, 1-2-3, middle)",INTERFACE,636,8.0,1.1864454622055416e-06,5.0,80.0,,,
1444,EVT_00003117,d1fc1bae12a179d62521149a,8231,0,8211,284,8211,"PointSourceFinite: -123.200, 43.400",SLAB,6,7.15,8.045008618254545e-08,50.0,8.0,-123.2,43.4,50.0
1445,EVT_00003124,1eb2cf2d2b2cb141b1bead53,3199,9,3161,0,3161,"Cascadia (unsegmented, 1-2-3, middle)",INTERFACE,31,8.0,6.06796098330002e-07,5.0,80.0,,,
1446,EVT_00003126,2db80888c661e368e39836cf,3199,1,3160,0,3160,"Cascadia (unsegmented, 1-2-3, bottom)",INTERFACE,450,8.5,1.0080644859353255e-06,5.171821749359407,145.0,,,
1447,EVT_00003127,526af09240588d9d3cce4dfa,3199,9,3161,0,3161,"Cascadia (unsegmented, 1-2-3, middle)",INTERFACE,696,8.1,1.000721591214509e-06,5.4085385172211184,80.0,,,
1448,EVT_00003130,3c6ffa85c7dd5f2987eaa0cd,8231,0,8211,126,8211,"PointSourceFinite: -124.300, 42.700",SLAB,3,6.85,5.312487312242773e-07,42.0,8.0,-124.3,42.7,42.0
1449,EVT_00003131,4a74de374b7010688bf054c2,8231,0,8211,493,8211,"PointSourceFinite: -124.000, 44.500",SLAB,1,6.65,5.045428140355685e-07,42.0,8.0,-124.0,44.5,42.0
1450,EVT_00003134,cb5db333075c71b7195325d0,8231,0,8211,7,8211,"PointSourceFinite: -123.600, 42.100",SLAB,3,6.85,5.230810117997944e-07,42.0,8.0,-123.6,42.1,42.0
1451,EVT_00003137,c41ac27da605d55d01d655e2,8231,0,8211,254,8211,"PointSourceFinite: -124.100, 43.300",SLAB,0,6.55,2.1930521348551105e-07,42.0,8.0,-124.1,43.3,42.0
1452,EVT_00003139,27e7b433193c8238086c8911,8231,1,8212,584,8212,"PointSourceFinite: -122.300, 44.900",SLAB,1,7.35,1.5259295002959542e-08,60.0,8.0,-122.3,44.9,60.0
1453,EVT_00003140,33c7839f7e4180e263a3e423,3199,0,3172,0,3172,"Cascadia (unsegmented, 1-2-3-4, top)",INTERFACE,1412,8.0,6.677807792741574e-07,5.0,85.0,,,
1454,EVT_00003141,e47ace23a62b833937a6198f,8231,0,8211,108,8211,"PointSourceFinite: -124.000, 42.600",SLAB,3,6.85,5.979145840861949e-07,42.0,8.0,-124.0,42.6,42.0
1455,EVT_00003142,7dd265889f6a43124c6bf10d,8231,0,8211,707,8211,"PointSourceFinite: -123.900, 45.700",SLAB,5,7.05,3.685830230241813e-07,42.0,8.0,-123.9,45.7,42.0
1456,EVT_00003144,23683a3a54c341f9fc5d229c,3199,15,3170,0,3170,"Cascadia (unsegmented, 1-2-3-4, bottom)",INTERFACE,2326,8.6,2.2907632432741962e-07,5.0,155.0,,,
1457,EVT_00003146,00db6131b288fae59975c46a,3199,10,3171,0,3171,"Cascadia (unsegmented, 1-2-3-4, middle)",INTERFACE,1131,8.6,4.7348483430295604e-07,5.0,105.0,,,
1458,EVT_00003147,241bddb0fd541c0864d78c8c,8231,0,8211,133,8211,"PointSourceFinite: -123.600, 42.700",SLAB,0,6.55,5.617952854882912e-07,42.0,8.0,-123.6,42.7,42.0
1459,EVT_00003148,99d56c51db695880a519d5c4,8231,0,8211,604,8211,"PointSourceFinite: -123.900, 45.100",SLAB,4,6.95,6.260450851831015e-07,42.0,8.0,-123.9,45.1,42.0
1460,EVT_00003150,937458a58825a482c9b423b6,3199,9,3161,0,3161,"Cascadia (unsegmented, 1-2-3, middle)",INTERFACE,575,8.7,1.8382352390585351e-06,5.003334891468387,80.0,,,
1461,EVT_00003158,9434ee5b7c2b47a3c3dcedb3,8231,0,8211,509,8211,"PointSourceFinite: -122.400, 44.500",SLAB,4,6.95,2.3555941294988642e-07,60.0,8.0,-122.4,44.5,60.0
1462,EVT_00003160,5ef618e87a75211ec6128993,8231,0,8211,609,8211,"PointSourceFinite: -123.400, 45.100",SLAB,3,6.85,7.947017953367506e-07,42.0,8.0,-123.4,45.1,42.0
1463,EVT_00003167,302e143ec7141aa04312331c,8231,0,8211,738,8211,"PointSourceFinite: -122.500, 45.800",SLAB,6,7.15,1.563732144967624e-07,50.0,8.0,-122.5,45.8,50.0
1464,EVT_00003169,7c7e69d2c11d4d431dd0a0d5,8231,0,8211,596,8211,"PointSourceFinite: -122.900, 45.000",SLAB,5,7.05,4.936124102039247e-07,50.0,8.0,-122.9,45.0,50.0
1465,EVT_00003171,75a684b7c6002954d1a9fb37,8231,0,8211,325,8211,"PointSourceFinite: -123.200, 43.600",SLAB,0,6.55,1.3647973672428306e-07,50.0,8.0,-123.2,43.6,50.0
1466,EVT_00003172,25aff6daf5c764e7874db14f,8231,0,8211,785,8211,"PointSourceFinite: -122.600, 46.100",SLAB,3,6.85,1.4293795661393496e-07,50.0,8.0,-122.6,46.1,50.0
1467,EVT_00003177,52ecea341fd0e2c01e6453bd,3199,10,3171,0,3171,"Cascadia (unsegmented, 1-2-3-4, middle)",INTERFACE,579,8.3,3.765060128192181e-07,5.0,105.0,,,
1468,EVT_00003182,21b1df83dd8ee2f3080b72c8,8231,0,8211,558,8211,"PointSourceFinite: -123.100, 44.800",SLAB,4,6.95,5.971911785363184e-07,50.0,8.0,-123.1,44.8,50.0
1469,EVT_00003188,dfbcc791a31eb7f89271e68f,3199,10,3171,0,3171,"Cascadia (unsegmented, 1-2-3-4, middle)",INTERFACE,413,8.2,3.591953915401736e-07,5.0,105.0,,,
1470,EVT_00003190,43edd075fceacc41f70a7289,8231,0,8211,521,8211,"PointSourceFinite: -123.100, 44.600",SLAB,6,7.15,4.224861938132249e-07,50.0,8.0,-123.1,44.6,50.0
1471,EVT_00003191,2787f723e3f3d266bfde2b11,8231,0,8211,639,8211,"PointSourceFinite: -123.900, 45.300",SLAB,5,7.05,5.438060796145137e-07,42.0,8.0,-123.9,45.3,42.0
1472,EVT_00003194,a66a37f7b1030be75fafd27f,8231,1,8212,489,8212,"PointSourceFinite: -122.500, 44.400",SLAB,3,7.55,9.644712532540895e-10,50.0,8.0,-122.5,44.4,50.0
1473,EVT_00003196,622c253e72c5ce7e27c5f39d,8231,0,8211,172,8211,"PointSourceFinite: -123.900, 42.900",SLAB,6,7.15,2.899751819101724e-07,42.0,8.0,-123.9,42.9,42.0
1474,EVT_00003198,9f7409916871b0d68d3d0831,8231,1,8212,129,8212,"PointSourceFinite: -124.000, 42.700",SLAB,0,7.25,3.4941561728174894e-08,42.0,8.0,-124.0,42.7,42.0
1475,EVT_00003200,c3590ec3f572c18a4532fbb6,8231,0,8211,277,8211,"PointSourceFinite: -123.900, 43.400",SLAB,1,6.65,1.6257735935314494e-07,42.0,8.0,-123.9,43.4,42.0
1476,EVT_00003201,96ad719fa029d181dab85887,8231,0,8211,542,8211,"PointSourceFinite: -122.900, 44.700",SLAB,3,6.85,5.282073456991603e-07,50.0,8.0,-122.9,44.7,50.0
1477,EVT_00003203,13e393d595ba4db68838c059,3199,9,3161,0,3161,"Cascadia (unsegmented, 1-2-3, middle)",INTERFACE,795,8.2,8.473124973075812e-07,5.2825513211688016,80.0,,,
1478,EVT_00003210,255ce444ba5b95b3710ea9ef,8231,0,8211,129,8211,"PointSourceFinite: -124.000, 42.700",SLAB,6,7.15,4.066385553912789e-07,42.0,8.0,-124.0,42.7,42.0
1479,EVT_00003211,5467fa51594aa257fe6ae7d7,3199,10,3171,0,3171,"Cascadia (unsegmented, 1-2-3-4, middle)",INTERFACE,887,8.5,4.3103446984820834e-07,5.0,105.0,,,
1480,EVT_00003213,a9ab9092c0b5fcfeb2f878ba,3199,10,3171,0,3171,"Cascadia (unsegmented, 1-2-3-4, middle)",INTERFACE,1660,8.2,4.431346968677581e-07,5.0,105.0,,,
1481,EVT_00003215,1fd49218283de7a65d3c66e7,3199,0,3172,0,3172,"Cascadia (unsegmented, 1-2-3-4, top)",INTERFACE,1359,8.0,6.677807792741574e-07,5.0,85.0,,,
1482,EVT_00003220,449bbbd934b84cc789150831,3199,12,3162,0,3162,"Cascadia (unsegmented, 1-2-3, top)",INTERFACE,552,8.7,1.893939337211824e-06,5.1549363084898285,70.0,,,
1483,EVT_00003221,4d631405b867e64712431b3e,8231,0,8211,809,8211,"PointSourceFinite: -123.400, 46.300",SLAB,0,6.55,1.9416263867957173e-07,42.0,8.0,-123.4,46.3,42.0
1484,EVT_00003223,1fcc66132a5a1193b2b9581e,8231,0,8211,63,8211,"PointSourceFinite: -124.300, 42.400",SLAB,4,6.95,6.184552244378503e-07,42.0,8.0,-124.3,42.4,42.0
1485,EVT_00003225,f00ccf12b40a6032eac8da43,8231,0,8211,44,8211,"PointSourceFinite: -124.100, 42.300",SLAB,6,7.15,5.363823984021283e-07,42.0,8.0,-124.1,42.3,42.0
1486,EVT_00003227,e098356ea31169d1d8c5114a,8231,0,8211,109,8211,"PointSourceFinite: -123.900, 42.600",SLAB,3,6.85,5.790854449577733e-07,42.0,8.0,-123.9,42.6,42.0
1487,EVT_00003232,085c02b353665eda9e01f840,3199,15,3170,0,3170,"Cascadia (unsegmented, 1-2-3-4, bottom)",INTERFACE,228,8.1,3.4340658312082525e-07,5.0,155.0,,,
1488,EVT_00003233,b1d6c714b63e60a6669741b0,8231,0,8211,457,8211,"PointSourceFinite: -123.800, 44.300",SLAB,5,7.05,2.860882076890313e-07,42.0,8.0,-123.8,44.3,42.0
1489,EVT_00003235,0945389e9696ad6e15d63014,8231,0,8211,71,8211,"PointSourceFinite: -123.500, 42.400",SLAB,4,6.95,4.33519467954239e-07,42.0,8.0,-123.5,42.4,42.0
1490,EVT_00003243,2e88d5ad73b4d0629a855e57,8231,0,8211,259,8211,"PointSourceFinite: -123.600, 43.300",SLAB,6,7.15,1.1168110642861845e-07,42.0,8.0,-123.6,43.3,42.0
1491,EVT_00003244,d17c47b943e0df38f9616f4f,8231,0,8211,442,8211,"PointSourceFinite: -123.400, 44.200",SLAB,1,6.65,3.756100992525624e-07,42.0,8.0,-123.4,44.2,42.0
1492,EVT_00003246,5e78504d0d9104af8a879188,8231,0,8211,656,8211,"PointSourceFinite: -123.900, 45.400",SLAB,6,7.15,4.674921640939761e-07,42.0,8.0,-123.9,45.4,42.0
1493,EVT_00003247,410d25e9020241102b387ff0,8231,0,8211,169,8211,"PointSourceFinite: -124.200, 42.900",SLAB,1,6.65,4.7523183487688025e-07,42.0,8.0,-124.2,42.9,42.0
1494,EVT_00003251,7ea3d63bd68e2bf5db50d911,8231,0,8211,127,8211,"PointSourceFinite: -124.200, 42.700",SLAB,1,6.65,6.509048336681441e-07,42.0,8.0,-124.2,42.7,42.0
1495,EVT_00003261,38500823ac5235adc189bc52,8231,0,8211,38,8211,"PointSourceFinite: -122.600, 42.200",SLAB,2,6.75,1.3632091341126657e-07,50.0,8.0,-122.6,42.2,50.0
1496,EVT_00003262,92f13aed0329b046787a96c7,8231,0,8211,642,8211,"PointSourceFinite: -123.600, 45.300",SLAB,4,6.95,6.85531144601859e-07,42.0,8.0,-123.6,45.3,42.0
1497,EVT_00003266,6becd4c41c4a833c4af9e7bb,3199,9,3161,0,3161,"Cascadia (unsegmented, 1-2-3, middle)",INTERFACE,429,8.4,8.56164357917674e-07,5.0,80.0,,,
1498,EVT_00003268,992c632fc1909bf4e629586e,8231,0,8211,303,8211,"PointSourceFinite: -123.400, 43.500",SLAB,3,6.85,1.0790270529817225e-07,42.0,8.0,-123.4,43.5,42.0
1499,EVT_00003278,013fbf537374e45a25acbddc,8231,0,8211,773,8211,"PointSourceFinite: -123.800, 46.100",SLAB,5,7.05,1.802899660213932e-07,42.0,8.0,-123.8,46.1,42.0
1500,EVT_00003280,066e2f5d1c70156c200c0ecb,3199,15,3170,0,3170,"Cascadia (unsegmented, 1-2-3-4, bottom)",INTERFACE,2352,8.6,2.2907632432741962e-07,5.0,155.0,,,
1501,EVT_00003281,620c8502b0bb6bdb00627f43,8231,0,8211,516,8211,"PointSourceFinite: -123.600, 44.600",SLAB,3,6.85,6.029630141663813e-07,42.0,8.0,-123.6,44.6,42.0
1502,EVT_00003286,365a8e7b4e2dde423858b42f,3199,9,3161,0,3161,"Cascadia (unsegmented, 1-2-3, middle)",INTERFACE,543,8.6,1.275510165877351e-06,5.0,80.0,,,
1503,EVT_00003287,49aee23f12de276083720dc5,8231,0,8211,21,8211,"PointSourceFinite: -124.300, 42.200",SLAB,3,6.85,6.959579021424804e-07,42.0,8.0,-124.3,42.2,42.0
1504,EVT_00003289,658d30cf284ffc0dc7a1ab7d,8231,0,8211,218,8211,"PointSourceFinite: -123.500, 43.100",SLAB,0,6.55,2.66688207840716e-07,42.0,8.0,-123.5,43.1,42.0
1505,EVT_00003292,df7b95eb5d5414fee666b0ce,8231,1,8212,634,8212,"PointSourceFinite: -122.700, 45.200",SLAB,0,7.25,3.0070468576018933e-08,50.0,8.0,-122.7,45.2,50.0
1506,EVT_00003296,c1dc36aa19521389ac6e13ed,8231,0,8211,677,8211,"PointSourceFinite: -123.500, 45.500",SLAB,5,7.05,5.45418839468652e-07,42.0,8.0,-123.5,45.5,42.0
1507,EVT_00003299,8c1df5eda808d3553fa304b1,8231,0,8211,796,8211,"PointSourceFinite: -123.100, 46.200",SLAB,5,7.05,1.3872505226152417e-07,50.0,8.0,-123.1,46.2,50.0
1508,EVT_00003302,e8f2afcdeddac4391ae7b52b,8231,0,8211,698,8211,"PointSourceFinite: -123.100, 45.600",SLAB,3,6.85,5.067517488466064e-07,50.0,8.0,-123.1,45.6,50.0
1509,EVT_00003306,51f4bed306d187773f97be5d,8231,0,8211,99,8211,"PointSourceFinite: -122.800, 42.500",SLAB,4,6.95,1.4658553299741582e-07,50.0,8.0,-122.8,42.5,50.0
1510,EVT_00003307,f60226325ffb931d6173afea,8231,0,8211,148,8211,"PointSourceFinite: -124.200, 42.800",SLAB,0,6.55,6.190958870514174e-07,42.0,8.0,-124.2,42.8,42.0
1511,EVT_00003312,e4b68fc1f8c325e433613602,8231,1,8212,10,8212,"PointSourceFinite: -123.300, 42.100",SLAB,0,7.25,2.3327835278826976e-08,42.0,8.0,-123.3,42.1,42.0
1512,EVT_00003315,8eff69426557e458367e683e,8231,0,8211,555,8211,"PointSourceFinite: -123.400, 44.800",SLAB,5,7.05,6.088384340167493e-07,42.0,8.0,-123.4,44.8,42.0
1513,EVT_00003316,a90ba4139708d8a69fa2ac6f,8231,1,8212,298,8212,"PointSourceFinite: -123.900, 43.500",SLAB,0,7.25,7.677850083496515e-09,42.0,8.0,-123.9,43.5,42.0
1514,EVT_00003318,37bc56191595fb7d2ef200ed,8231,0,8211,673,8211,"PointSourceFinite: -123.900, 45.500",SLAB,6,7.15,4.298780928786101e-07,42.0,8.0,-123.9,45.5,42.0
1515,EVT_00003324,90d11e8c8e97b22d0cae8914,8231,0,8211,49,8211,"PointSourceFinite: -123.600, 42.300",SLAB,1,6.65,6.484905783825736e-07,42.0,8.0,-123.6,42.3,42.0
1516,EVT_00003325,465d8f22a81fce0732d5803f,8231,0,8211,347,8211,"PointSourceFinite: -123.000, 43.700",SLAB,2,6.75,1.1837326143277349e-07,50.0,8.0,-123.0,43.7,50.0
1517,EVT_00003327,a18580250d599ba6e5d14f60,3199,9,3161,0,3161,"Cascadia (unsegmented, 1-2-3, middle)",INTERFACE,781,8.1,1.000721591214509e-06,5.0,80.0,,,
1518,EVT_00003333,9fbf23ddf10207522ab15276,8231,0,8211,456,8211,"PointSourceFinite: -123.900, 44.300",SLAB,0,6.55,4.25796581456957e-07,42.0,8.0,-123.9,44.3,42.0
1519,EVT_00003335,c7cefcad2903f6851a8dda0b,8231,0,8211,439,8211,"PointSourceFinite: -123.700, 44.200",SLAB,4,6.95,2.6803278922600184e-07,42.0,8.0,-123.7,44.2,42.0
1520,EVT_00003336,20b7b04423ce7699be700da0,8231,0,8211,782,8211,"PointSourceFinite: -122.900, 46.100",SLAB,0,6.55,2.394458335788513e-07,50.0,8.0,-122.9,46.1,50.0
1521,EVT_00003337,d4e5185abfc420442589d3f7,3199,1,3160,0,3160,"Cascadia (unsegmented, 1-2-3, bottom)",INTERFACE,846,8.2,8.473124973075812e-07,5.0,145.0,,,
1522,EVT_00003339,43b44bee98f31eff3bc47793,8231,0,8211,63,8211,"PointSourceFinite: -124.300, 42.400",SLAB,1,6.65,8.152827671106114e-07,42.0,8.0,-124.3,42.4,42.0
1523,EVT_00003340,ba0240120f8839d39176d6f0,8231,0,8211,92,8211,"PointSourceFinite: -123.500, 42.500",SLAB,0,6.55,6.006897796585854e-07,42.0,8.0,-123.5,42.5,42.0
1524,EVT_00003345,522b03fba281bd7564c1523d,8231,0,8211,87,8211,"PointSourceFinite: -124.000, 42.500",SLAB,2,6.75,7.09151185477841e-07,42.0,8.0,-124.0,42.5,42.0
1525,EVT_00003346,b4a6941c9b0c8ec199579813,8231,0,8211,466,8211,"PointSourceFinite: -122.900, 44.300",SLAB,4,6.95,2.8899405585562804e-07,50.0,8.0,-122.9,44.3,50.0
1526,EVT_00003347,f5cda490beee76650ba88b43,8231,0,8211,255,8211,"PointSourceFinite: -124.000, 43.300",SLAB,6,7.15,1.257052136215441e-07,42.0,8.0,-124.0,43.3,42.0
1527,EVT_00003357,d23eefc9ed76ecb55378adaa,3199,1,3160,0,3160,"Cascadia (unsegmented, 1-2-3, bottom)",INTERFACE,774,8.1,1.000721591214509e-06,5.0,145.0,,,
1528,EVT_00003366,8cd65028bff7c228acea09db,8231,0,8211,726,8211,"PointSourceFinite: -123.700, 45.800",SLAB,0,6.55,5.501745356745876e-07,42.0,8.0,-123.7,45.8,42.0
1529,EVT_00003372,a219b0fd3254265205504ef1,8231,0,8211,499,8211,"PointSourceFinite: -123.400, 44.500",SLAB,3,6.85,5.397627141596788e-07,42.0,8.0,-123.4,44.5,42.0
1530,EVT_00003373,28f5fd902720bcb9dead6aa6,3199,1,3160,0,3160,"Cascadia (unsegmented, 1-2-3, bottom)",INTERFACE,651,8.0,1.1864454622055416e-06,5.0,145.0,,,
1531,EVT_00003374,9c1e38aadc49d859d8b6a1ca,8231,0,8211,23,8211,"PointSourceFinite: -124.100, 42.200",SLAB,6,7.15,5.360128818378674e-07,42.0,8.0,-124.1,42.2,42.0
1532,EVT_00003378,b2e09152e67a5de7ca2f57f9,8231,0,8211,498,8211,"PointSourceFinite: -123.500, 44.500",SLAB,0,6.55,7.099543485544396e-07,42.0,8.0,-123.5,44.5,42.0
1533,EVT_00003381,ffa1ec362a2a356fee1f6624,8231,0,8211,549,8211,"PointSourceFinite: -124.000, 44.800",SLAB,4,6.95,5.248578446870293e-07,42.0,8.0,-124.0,44.8,42.0
1534,EVT_00003384,b7502d0fe18f740fd16c180d,8231,0,8211,501,8211,"PointSourceFinite: -123.200, 44.500",SLAB,2,6.75,5.661205437029008e-07,50.0,8.0,-123.2,44.5,50.0
1535,EVT_00003388,2f727c0f2714644ecd1d5593,8231,0,8211,398,8211,"PointSourceFinite: -123.900, 44.000",SLAB,4,6.95,1.5749101969368706e-07,42.0,8.0,-123.9,44.0,42.0
1536,EVT_00003389,4357b86455ebdd9c1fcd5b46,8231,1,8212,670,8212,"PointSourceFinite: -122.500, 45.400",SLAB,1,7.35,1.721102156163488e-08,50.0,8.0,-122.5,45.4,50.0
1537,EVT_00003391,8e13bd6c75d4ae4e3c7ea4d6,8231,0,8211,0,8211,"PointSourceFinite: -124.300, 42.100",SLAB,4,6.95,6.218546280429855e-07,42.0,8.0,-124.3,42.1,42.0
1538,EVT_00003392,8a95c96f4494c949ff0feec6,3199,1,3160,0,3160,"Cascadia (unsegmented, 1-2-3, bottom)",INTERFACE,633,8.0,1.1864454622055416e-06,5.0,145.0,,,
1539,EVT_00003393,6c12303a17daab045c48cb78,8231,0,8211,224,8211,"PointSourceFinite: -122.900, 43.100",SLAB,6,7.15,8.751126663180478e-08,50.0,8.0,-122.9,43.1,50.0
1540,EVT_00003394,7b59fbfefb00d3d85d94fd3c,8231,0,8211,449,8211,"PointSourceFinite: -122.700, 44.200",SLAB,5,7.05,1.8842641785337426e-07,50.0,8.0,-122.7,44.2,50.0
1541,EVT_00003397,8e30f2405784c950424322a8,8231,0,8211,1,8211,"PointSourceFinite: -124.200, 42.100",SLAB,2,6.75,7.589020832246971e-07,42.0,8.0,-124.2,42.1,42.0
1542,EVT_00003398,c34e66e2c2330d38dc165581,8231,0,8211,662,8211,"PointSourceFinite: -123.300, 45.400",SLAB,0,6.55,9.076114914214728e-07,42.0,8.0,-123.3,45.4,42.0
1543,EVT_00003399,8463f363f08cf71106be014c,3199,9,3161,0,3161,"Cascadia (unsegmented, 1-2-3, middle)",INTERFACE,57,8.0,6.06796098330002e-07,5.0,80.0,,,
1544,EVT_00003401,265b8dabaa00844cea216d2f,8231,0,8211,680,8211,"PointSourceFinite: -123.200, 45.500",SLAB,2,6.75,6.61465613604185e-07,50.0,8.0,-123.2,45.5,50.0
1545,EVT_00003403,e5661ab95073cf5fdfb1c182,8231,0,8211,570,8211,"PointSourceFinite: -123.700, 44.900",SLAB,1,6.65,8.884369122418698e-07,42.0,8.0,-123.7,44.9,42.0
1546,EVT_00003404,f05699165da7141c1ebd89b5,8231,0,8211,794,8211,"PointSourceFinite: -123.300, 46.200",SLAB,0,6.55,2.3646534123061826e-07,42.0,8.0,-123.3,46.2,42.0
1547,EVT_00003405,3b6c9fa4feb86e09702527b9,8231,1,8212,570,8212,"PointSourceFinite: -123.700, 44.900",SLAB,2,7.45,3.33242475730484e-08,42.0,8.0,-123.7,44.9,42.0
1548,EVT_00003410,c7a76c62518afdeda056c299,8231,0,8211,599,8211,"PointSourceFinite: -122.600, 45.000",SLAB,3,6.85,4.225574150958242e-07,50.0,8.0,-122.6,45.0,50.0
1549,EVT_00003412,ab649f3d7c68c269a974d97c,8231,0,8211,744,8211,"PointSourceFinite: -123.500, 45.900",SLAB,6,7.15,2.707408247610697e-07,42.0,8.0,-123.5,45.9,42.0
1550,EVT_00003414,29c247c38c94651ed7657fd0,8231,0,8211,404,8211,"PointSourceFinite: -123.300, 44.000",SLAB,0,6.55,2.609557020542529e-07,42.0,8.0,-123.3,44.0,42.0
1551,EVT_00003416,304358c2ab9695f0cb8e2728,8231,0,8211,463,8211,"PointSourceFinite: -123.200, 44.300",SLAB,0,6.55,4.88828836201542e-07,50.0,8.0,-123.2,44.3,50.0
1552,EVT_00003420,2070193daaf09be7eb4119de,8231,0,8211,697,8211,"PointSourceFinite: -123.200, 45.600",SLAB,1,6.65,6.486388457193333e-07,50.0,8.0,-123.2,45.6,50.0
1553,EVT_00003421,44f549b1854d0baf4cd67f39,8231,0,8211,506,8211,"PointSourceFinite: -122.700, 44.500",SLAB,6,7.15,2.72930552549282e-07,50.0,8.0,-122.7,44.5,50.0
1554,EVT_00003424,f8eba550edd854e55e74c775,8231,0,8211,165,8211,"PointSourceFinite: -122.500, 42.800",SLAB,1,6.65,1.2097338972565534e-07,50.0,8.0,-122.5,42.8,50.0
1555,EVT_00003425,db315cf9416d60f34371141a,8231,0,8211,343,8211,"PointSourceFinite: -123.400, 43.700",SLAB,5,7.05,9.595417757708044e-08,42.0,8.0,-123.4,43.7,42.0
1556,EVT_00003431,503e14924eb16a89abb2945a,8231,0,8211,803,8211,"PointSourceFinite: -122.400, 46.200",SLAB,5,7.05,8.897297306242309e-08,60.0,8.0,-122.4,46.2,60.0
1557,EVT_00003433,a96d710b359113032df4aa0c,8231,0,8211,2,8211,"PointSourceFinite: -124.100, 42.100",SLAB,1,6.65,8.309465739704973e-07,42.0,8.0,-124.1,42.1,42.0
1558,EVT_00003436,79a198f08127416b45b3630c,8231,0,8211,557,8211,"PointSourceFinite: -123.200, 44.800",SLAB,5,7.05,5.747353128490572e-07,50.0,8.0,-123.2,44.8,50.0
1559,EVT_00003437,9d9a6b82855e9565387a6961,8231,0,8211,819,8211,"PointSourceFinite: -122.400, 46.300",SLAB,3,6.85,9.594929792331378e-08,60.0,8.0,-122.4,46.3,60.0
1560,EVT_00003438,00caa42961412fc7b2dda1d8,8231,0,8211,148,8211,"PointSourceFinite: -124.200, 42.800",SLAB,3,6.85,4.696322567100057e-07,42.0,8.0,-124.2,42.8,42.0
1561,EVT_00003446,9a98ce70fb61b27a586cd34e,8231,0,8211,591,8211,"PointSourceFinite: -123.400, 45.000",SLAB,2,6.75,8.668660681312605e-07,42.0,8.0,-123.4,45.0,42.0
1562,EVT_00003447,bcbfcfc504544f1332773562,8231,0,8211,706,8211,"PointSourceFinite: -122.300, 45.600",SLAB,1,6.65,2.43825977323948e-07,60.0,8.0,-122.3,45.6,60.0
1563,EVT_00003449,5ffee324f8834af2066ebb9f,8231,0,8211,511,8211,"PointSourceFinite: -124.100, 44.600",SLAB,4,6.95,3.975007535198626e-07,42.0,8.0,-124.1,44.6,42.0
1564,EVT_00003450,b137955629b4a2b0d5157447,8231,0,8211,440,8211,"PointSourceFinite: -123.600, 44.200",SLAB,0,6.55,4.010027317144541e-07,42.0,8.0,-123.6,44.2,42.0
1565,EVT_00003455,1308def165b57d9914985251,3199,12,3162,0,3162,"Cascadia (unsegmented, 1-2-3, top)",INTERFACE,237,8.2,6.944444236443356e-07,5.0,70.0,,,
1566,EVT_00003459,f29db674b77da42f61bb423f,8231,0,8211,647,8211,"PointSourceFinite: -123.100, 45.300",SLAB,2,6.75,7.20802888765329e-07,50.0,8.0,-123.1,45.3,50.0
1567,EVT_00003461,fd15cdde262bfb0bfb9de4fe,3199,9,3161,0,3161,"Cascadia (unsegmented, 1-2-3, middle)",INTERFACE,312,8.3,7.530120256384362e-07,5.0,80.0,,,
1568,EVT_00003468,b909ed6d8d3291354b1d3bd5,3199,12,3162,0,3162,"Cascadia (unsegmented, 1-2-3, top)",INTERFACE,1149,8.7,7.38875156693846e-07,5.014006706514391,70.0,,,
1569,EVT_00003470,bbf06cf63765f4328c36bf40,8231,0,8211,225,8211,"PointSourceFinite: -122.800, 43.100",SLAB,2,6.75,1.1656906859337925e-07,50.0,8.0,-122.8,43.1,50.0
1570,EVT_00003471,4902f6c2e7d41c379822691e,8231,0,8211,485,8211,"PointSourceFinite: -122.900, 44.400",SLAB,5,7.05,3.114738102365409e-07,50.0,8.0,-122.9,44.4,50.0
1571,EVT_00003474,839ea5cf47595db32bab75b4,8231,0,8211,621,8211,"PointSourceFinite: -124.000, 45.200",SLAB,4,6.95,5.698657594868604e-07,42.0,8.0,-124.0,45.2,42.0
1572,EVT_00003477,accdabec2cae62bae77bb2ed,8231,0,8211,294,8211,"PointSourceFinite: -124.300, 43.500",SLAB,6,7.15,8.677906533593784e-08,42.0,8.0,-124.3,43.5,42.0
1573,EVT_00003480,1e213fc677c1132d2f211781,8231,0,8211,498,8211,"PointSourceFinite: -123.500, 44.500",SLAB,1,6.65,6.474860613295124e-07,42.0,8.0,-123.5,44.5,42.0
1574,EVT_00003484,35e10aaf7a848c9d6aef6331,3199,10,3171,0,3171,"Cascadia (unsegmented, 1-2-3-4, middle)",INTERFACE,2482,8.7,2.084006852213412e-07,5.0,105.0,,,
1575,EVT_00003488,5bf003ba1699d8000fb1a710,8231,0,8211,210,8211,"PointSourceFinite: -124.300, 43.100",SLAB,4,6.95,2.3297294973643562e-07,42.0,8.0,-124.3,43.1,42.0
1576,EVT_00003490,4b900ba2f7cd04c0a01ba066,3199,1,3160,0,3160,"Cascadia (unsegmented, 1-2-3, bottom)",INTERFACE,260,8.2,6.868131662416505e-07,5.0,145.0,,,
1577,EVT_00003491,8b71dd812ca1cb956e05062b,8231,0,8211,659,8211,"PointSourceFinite: -123.600, 45.400",SLAB,0,6.55,9.328563243383796e-07,42.0,8.0,-123.6,45.4,42.0
1578,EVT_00003494,f38657c6c5311c71050a258a,8231,0,8211,724,8211,"PointSourceFinite: -123.900, 45.800",SLAB,3,6.85,3.769605820511335e-07,42.0,8.0,-123.9,45.8,42.0
1579,EVT_00003497,a48219fdc7aca8b424124450,8231,0,8211,562,8211,"PointSourceFinite: -122.700, 44.800",SLAB,3,6.85,4.581261738429594e-07,50.0,8.0,-122.7,44.8,50.0
1580,EVT_00003498,7fdc50649ee66aca4bb18fec,3199,10,3171,0,3171,"Cascadia (unsegmented, 1-2-3-4, middle)",INTERFACE,1776,8.2,4.431346968677581e-07,5.0,105.0,,,
1581,EVT_00003502,52e0f99f05ba9105671f2cc9,8231,0,8211,509,8211,"PointSourceFinite: -122.400, 44.500",SLAB,1,6.65,3.1052778345157933e-07,60.0,8.0,-122.4,44.5,60.0
1582,EVT_00003504,249afffe5e9ad33bcee15f88,8231,0,8211,150,8211,"PointSourceFinite: -124.000, 42.800",SLAB,0,6.55,6.140828580895819e-07,42.0,8.0,-124.0,42.8,42.0
1583,EVT_00003505,4cfa2237250dd44cccd20c0b,8231,0,8211,568,8211,"PointSourceFinite: -123.900, 44.900",SLAB,6,7.15,5.001099596799105e-07,42.0,8.0,-123.9,44.9,42.0
1584,EVT_00003506,d07628d7f63c397449fbd225,8231,0,8211,72,8211,"PointSourceFinite: -123.400, 42.400",SLAB,3,6.85,4.195809980491258e-07,42.0,8.0,-123.4,42.4,42.0
1585,EVT_00003509,1bd9a5a07f1f77c9a32128e4,3199,15,3170,0,3170,"Cascadia (unsegmented, 1-2-3-4, bottom)",INTERFACE,1599,8.1,5.33351617295645e-07,5.0,155.0,,,
1586,EVT_00003512,b94485e832441d72389d5154,3199,15,3170,0,3170,"Cascadia (unsegmented, 1-2-3-4, bottom)",INTERFACE,1268,8.7,5.252100683024388e-07,5.0,155.0,,,
1587,EVT_00003513,370449b1224f8342b1d4df64,8231,0,8211,518,8211,"PointSourceFinite: -123.400, 44.600",SLAB,4,6.95,5.599473766802601e-07,42.0,8.0,-123.4,44.6,42.0
1588,EVT_00003520,80ef5d094fa64d6ae14db196,8231,0,8211,571,8211,"PointSourceFinite: -123.600, 44.900",SLAB,4,6.95,6.954016956456404e-07,42.0,8.0,-123.6,44.9,42.0
1589,EVT_00003526,6d5a1e8fc2e668680589d601,3199,9,3161,0,3161,"Cascadia (unsegmented, 1-2-3, middle)",INTERFACE,749,8.1,1.000721591214509e-06,5.0,80.0,,,
1590,EVT_00003528,773a398b0311d8d46a5b536e,8231,0,8211,670,8211,"PointSourceFinite: -122.500, 45.400",SLAB,2,6.75,3.48075047003768e-07,50.0,8.0,-122.5,45.4,50.0
1591,EVT_00003529,c0938ef44f10825677a21a2d,3199,1,3160,0,3160,"Cascadia (unsegmented, 1-2-3, bottom)",INTERFACE,641,8.0,1.1864454622055416e-06,5.0,145.0,,,
1592,EVT_00003533,7974034ef084ad461ec1e5d1,8231,0,8211,35,8211,"PointSourceFinite: -122.900, 42.200",SLAB,5,7.05,1.600449427315252e-07,50.0,8.0,-122.9,42.2,50.0
1593,EVT_00003534,66315a32cb18d2fd8a20cb71,8231,0,8211,764,8211,"PointSourceFinite: -123.100, 46.000",SLAB,3,6.85,2.553121393224281e-07,50.0,8.0,-123.1,46.0,50.0
1594,EVT_00003535,301c4a49922618a0facee83c,8231,0,8211,691,8211,"PointSourceFinite: -123.800, 45.600",SLAB,1,6.65,6.496723614313164e-07,42.0,8.0,-123.8,45.6,42.0
1595,EVT_00003538,6d23323c5b3a4c99247ac18d,3199,0,3172,0,3172,"Cascadia (unsegmented, 1-2-3-4, top)",INTERFACE,409,8.2,3.6549706507596613e-07,5.0,85.0,,,
1596,EVT_00003539,2207a3ab634c13914057d8df,8231,0,8211,644,8211,"PointSourceFinite: -123.400, 45.300",SLAB,5,7.05,6.260027533010358e-07,42.0,8.0,-123.4,45.3,42.0
1597,EVT_00003542,0964b79ebefd50b5ae4de3a4,8231,0,8211,600,8211,"PointSourceFinite: -122.500, 45.000",SLAB,4,6.95,3.380140288471041e-07,50.0,8.0,-122.5,45.0,50.0
1598,EVT_00003547,44c0abb8b0f90593893f45fc,3199,9,3161,0,3161,"Cascadia (unsegmented, 1-2-3, middle)",INTERFACE,371,8.3,7.530120256384362e-07,5.0,80.0,,,
1599,EVT_00003550,426a7cc013b19559d31c1905,3199,12,3162,0,3162,"Cascadia (unsegmented, 1-2-3, top)",INTERFACE,714,8.1,1.011145774456327e-06,5.0,70.0,,,
1600,EVT_00003551,7c04e137148905df3e904fac,8231,0,8211,149,8211,"PointSourceFinite: -124.100, 42.800",SLAB,5,7.05,3.921907572913257e-07,42.0,8.0,-124.1,42.8,42.0
1601,EVT_00003554,651d80a41f13c8d52c3a004e,3199,9,3161,0,3161,"Cascadia (unsegmented, 1-2-3, middle)",INTERFACE,1162,8.7,7.171435344381447e-07,5.0266673760785165,80.0,,,
1602,EVT_00003557,9c67fee06cd9d376e48a7b4c,8231,0,8211,682,8211,"PointSourceFinite: -123.000, 45.500",SLAB,5,7.05,4.3508367751958843e-07,50.0,8.0,-123.0,45.5,50.0
1603,EVT_00003558,5e680096f3fe55435ce6fe2f,8231,0,8211,481,8211,"PointSourceFinite: -123.300, 44.400",SLAB,0,6.55,6.009623247852325e-07,42.0,8.0,-123.3,44.4,42.0
1604,EVT_00003562,509b6127863c5c9f9fbc07b6,8231,0,8211,473,8211,"PointSourceFinite: -124.100, 44.400",SLAB,6,7.15,2.489137465417104e-07,42.0,8.0,-124.1,44.4,42.0
1605,EVT_00003563,0abfe0e0a44903eebd7b6331,8231,0,8211,530,8211,"PointSourceFinite: -124.100, 44.700",SLAB,0,6.55,6.375604267347215e-07,42.0,8.0,-124.1,44.7,42.0
1606,EVT_00003565,3d861efd35899fadb3b53e01,8231,0,8211,119,8211,"PointSourceFinite: -122.900, 42.600",SLAB,4,6.95,1.6350562326768834e-07,50.0,8.0,-122.9,42.6,50.0
1607,EVT_00003566,c0284eaa048a98600e1f54e2,8231,0,8211,427,8211,"PointSourceFinite: -123.000, 44.100",SLAB,6,7.15,1.7147373188894853e-07,50.0,8.0,-123.0,44.1,50.0
1608,EVT_00003567,748379b4597ac05a4dc0e3e5,3199,10,3171,0,3171,"Cascadia (unsegmented, 1-2-3-4, middle)",INTERFACE,2377,8.6,2.3254717772631977e-07,5.0,105.0,,,
1609,EVT_00003569,62b1a5af240f8a2674ca4a0a,8231,0,8211,315,8211,"PointSourceFinite: -124.200, 43.600",SLAB,4,6.95,9.676737051301805e-08,42.0,8.0,-124.2,43.6,42.0
1610,EVT_00003570,55c28a01e9a84f98f444fd53,8231,0,8211,797,8211,"PointSourceFinite: -123.000, 46.200",SLAB,1,6.65,1.905116622583988e-07,50.0,8.0,-123.0,46.2,50.0
1611,EVT_00003571,aef2f3cd708c13ad7fd3566e,8231,0,8211,688,8211,"PointSourceFinite: -122.400, 45.500",SLAB,4,6.95,2.3258683631308726e-07,60.0,8.0,-122.4,45.5,60.0
1612,EVT_00003581,47b60ed141e6e97c849c112b,3199,9,3161,0,3161,"Cascadia (unsegmented, 1-2-3, middle)",INTERFACE,507,8.5,1.0080644859353255e-06,5.0,80.0,,,
1613,EVT_00003590,dbdfbab025523deca5f38b23,8231,0,8211,528,8211,"PointSourceFinite: -122.400, 44.600",SLAB,1,6.65,3.399583236132956e-07,60.0,8.0,-122.4,44.6,60.0
1614,EVT_00003594,bdf69951e79d42d82f2555a4,8231,0,8211,415,8211,"PointSourceFinite: -124.200, 44.100",SLAB,4,6.95,1.571736890992233e-07,42.0,8.0,-124.2,44.1,42.0
1615,EVT_00003595,ca52d67e69faf15ab05eb949,8231,0,8211,480,8211,"PointSourceFinite: -123.400, 44.400",SLAB,5,7.05,3.838073385243042e-07,42.0,8.0,-123.4,44.4,42.0
1616,EVT_00003599,d28c3d4a78184b644a6e54f1,3199,10,3171,0,3171,"Cascadia (unsegmented, 1-2-3-4, middle)",INTERFACE,1421,8.0,6.57010121543929e-07,5.0,105.0,,,
1617,EVT_00003606,e76c4f4daa29126f73066b0c,8231,0,8211,234,8211,"PointSourceFinite: -124.000, 43.200",SLAB,2,6.75,2.266487994729461e-07,42.0,8.0,-124.0,43.2,42.0
1618,EVT_00003607,90961ebb23cb6466ced31b03,3199,9,3161,0,3161,"Cascadia (unsegmented, 1-2-3, middle)",INTERFACE,274,8.2,6.868131662416505e-07,5.0,80.0,,,
1619,EVT_00003609,50380c9b666728f3ae62433d,8231,0,8211,791,8211,"PointSourceFinite: -123.600, 46.200",SLAB,0,6.55,2.41095518491793e-07,42.0,8.0,-123.6,46.2,42.0
1620,EVT_00003610,551c8c9f84336528caed15ea,8231,0,8211,437,8211,"PointSourceFinite: -123.900, 44.200",SLAB,6,7.15,2.0022721864065698e-07,42.0,8.0,-123.9,44.2,42.0
1621,EVT_00003611,645bb5b664f0f89bee416cd1,3199,15,3170,0,3170,"Cascadia (unsegmented, 1-2-3-4, bottom)",INTERFACE,1444,8.0,6.50020652165802e-07,5.0,155.0,,,
1622,EVT_00003612,e150407d9dab4301846db06d,8231,0,8211,55,8211,"PointSourceFinite: -123.000, 42.300",SLAB,5,7.05,1.9037173649476605e-07,50.0,8.0,-123.0,42.3,50.0
1623,EVT_00003613,e12376678b087e115a73c591,3199,9,3161,0,3161,"Cascadia (unsegmented, 1-2-3, middle)",INTERFACE,1143,8.6,6.264536216300861e-07,5.0,80.0,,,
1624,EVT_00003615,f357f7246270daf1fa284b76,8231,0,8211,457,8211,"PointSourceFinite: -123.800, 44.300",SLAB,3,6.85,3.439536772679622e-07,42.0,8.0,-123.8,44.3,42.0
1625,EVT_00003618,297418e0ad0e3ae06d5d650a,8231,0,8211,270,8211,"PointSourceFinite: -122.500, 43.300",SLAB,6,7.15,6.37006845835852e-08,50.0,8.0,-122.5,43.3,50.0
1626,EVT_00003625,728ba402fc17db87ad25564e,3199,9,3161,0,3161,"Cascadia (unsegmented, 1-2-3, middle)",INTERFACE,184,8.1,6.443298776081463e-07,5.0,80.0,,,
1627,EVT_00003627,fc0deee88b90c4dca0ad9235,8231,0,8211,200,8211,"PointSourceFinite: -123.200, 43.000",SLAB,1,6.65,2.1476697078669858e-07,50.0,8.0,-123.2,43.0,50.0
1628,EVT_00003633,21981a1f19e4b390659143f4,8231,0,8211,234,8211,"PointSourceFinite: -124.000, 43.200",SLAB,5,7.05,1.7193069668746313e-07,42.0,8.0,-124.0,43.2,42.0
1629,EVT_00003636,ef20f61cd88084d22e2fed0c,3199,15,3170,0,3170,"Cascadia (unsegmented, 1-2-3-4, bottom)",INTERFACE,150,8.0,3.324467985531395e-07,5.0,155.0,,,
1630,EVT_00003639,a1683b746a6b6c2c987a0f44,8231,0,8211,591,8211,"PointSourceFinite: -123.400, 45.000",SLAB,3,6.85,7.905912504055482e-07,42.0,8.0,-123.4,45.0,42.0
1631,EVT_00003640,acc581163c30e058022c5e38,8231,0,8211,198,8211,"PointSourceFinite: -123.400, 43.000",SLAB,0,6.55,2.9272792184079585e-07,42.0,8.0,-123.4,43.0,42.0
1632,EVT_00003641,4ab8fa2c2fb1604d511172d1,8231,0,8211,600,8211,"PointSourceFinite: -122.500, 45.000",SLAB,5,7.05,3.082724581629201e-07,50.0,8.0,-122.5,45.0,50.0
1633,EVT_00003642,a21a5872b5ae913739b00589,8231,0,8211,573,8211,"PointSourceFinite: -123.400, 44.900",SLAB,2,6.75,8.437666667401205e-07,42.0,8.0,-123.4,44.9,42.0
1634,EVT_00003643,1001bc3fe68d10b750900ac7,3199,9,3161,0,3161,"Cascadia (unsegmented, 1-2-3, middle)",INTERFACE,374,8.4,8.56164357917674e-07,5.280604320184502,80.0,,,
1635,EVT_00003647,6a9676b1718172c9ad5b194d,8231,0,8211,759,8211,"PointSourceFinite: -123.600, 46.000",SLAB,1,6.65,3.4476800844215285e-07,42.0,8.0,-123.6,46.0,42.0
1636,EVT_00003650,dc7468330bc9df105fe638a3,3199,1,3160,0,3160,"Cascadia (unsegmented, 1-2-3, bottom)",INTERFACE,879,8.2,8.473124973075812e-07,5.0,145.0,,,
1637,EVT_00003651,22113ae33795c949a44d1e80,8231,0,8211,186,8211,"PointSourceFinite: -122.500, 42.900",SLAB,0,6.55,1.2722846917634274e-07,50.0,8.0,-122.5,42.9,50.0
1638,EVT_00003652,3d1ed8d7ae7275f2d3a37076,8231,0,8211,127,8211,"PointSourceFinite: -124.200, 42.700",SLAB,3,6.85,5.413990590807721e-07,42.0,8.0,-124.2,42.7,42.0
1639,EVT_00003659,1c3bcf2f55d60bfe12c79030,8231,0,8211,437,8211,"PointSourceFinite: -123.900, 44.200",SLAB,5,7.05,2.195447795138747e-07,42.0,8.0,-123.9,44.2,42.0
1640,EVT_00003663,c96dbf85b6c970a6b06847b9,8231,0,8211,412,8211,"PointSourceFinite: -122.500, 44.000",SLAB,3,6.85,1.370291537396927e-07,50.0,8.0,-122.5,44.0,50.0
1641,EVT_00003665,7c30aff2ca0e5e7f91e89414,8231,0,8211,498,8211,"PointSourceFinite: -123.500, 44.500",SLAB,4,6.95,4.911684062685388e-07,42.0,8.0,-123.5,44.5,42.0
1642,EVT_00003666,a5b6d24ed945ce885648a04f,3199,1,3160,0,3160,"Cascadia (unsegmented, 1-2-3, bottom)",INTERFACE,1134,8.6,6.264536216300861e-07,5.0,145.0,,,
1643,EVT_00003667,0da01b121546670edc3df263,8231,0,8211,677,8211,"PointSourceFinite: -123.500, 45.500",SLAB,1,6.65,7.883700822820786e-07,42.0,8.0,-123.5,45.5,42.0
1644,EVT_00003668,6052ed44c4efd568975e3984,8231,0,8211,664,8211,"PointSourceFinite: -123.100, 45.400",SLAB,6,7.15,4.682922299823634e-07,50.0,8.0,-123.1,45.4,50.0
1645,EVT_00003675,d913c9dcd402081e22ef7ffd,3199,10,3171,0,3171,"Cascadia (unsegmented, 1-2-3-4, middle)",INTERFACE,227,8.1,3.4722221182216775e-07,5.0,105.0,,,
1646,EVT_00003682,e261509baad2303447e7d7ca,8231,0,8211,534,8211,"PointSourceFinite: -123.700, 44.700",SLAB,3,6.85,6.472221335968445e-07,42.0,8.0,-123.7,44.7,42.0
1647,EVT_00003685,db2d3e6476d4b903353442e1,3199,1,3160,0,3160,"Cascadia (unsegmented, 1-2-3, bottom)",INTERFACE,399,8.4,8.56164357917674e-07,5.0,145.0,,,
1648,EVT_00003686,5be6bd9696644e22430d164d,8231,0,8211,94,8211,"PointSourceFinite: -123.300, 42.500",SLAB,6,7.15,2.665308369989845e-07,42.0,8.0,-123.3,42.5,42.0
1649,EVT_00003689,cf90cd0feb8dbc39e3a880c7,3199,12,3162,0,3162,"Cascadia (unsegmented, 1-2-3, top)",INTERFACE,288,8.3,7.621950991218317e-07,5.331105159735141,70.0,,,
1650,EVT_00003692,2a166a884078a221b67423be,3199,12,3162,0,3162,"Cascadia (unsegmented, 1-2-3, top)",INTERFACE,554,8.7,1.893939337211824e-06,5.123405445718956,70.0,,,
1651,EVT_00003700,69947e435a844db6d1870135,8231,0,8211,649,8211,"PointSourceFinite: -122.900, 45.300",SLAB,6,7.15,4.194457700593114e-07,50.0,8.0,-122.9,45.3,50.0
1652,EVT_00003701,b4f648e509dd9c5c3f960872,8231,0,8211,577,8211,"PointSourceFinite: -123.000, 44.900",SLAB,6,7.15,4.82876237585826e-07,50.0,8.0,-123.0,44.9,50.0
1653,EVT_00003703,aefbd9949f28d627fcd7e9db,8231,0,8211,740,8211,"PointSourceFinite: -122.300, 45.800",SLAB,2,6.75,1.7840534593770501e-07,60.0,8.0,-122.3,45.8,60.0
1654,EVT_00003710,98a177fd05fac4f1d810635d,8231,0,8211,464,8211,"PointSourceFinite: -123.100, 44.300",SLAB,2,6.75,3.9089310104684013e-07,50.0,8.0,-123.1,44.3,50.0
1655,EVT_00003713,abd9a64c38c316009f671dc8,3199,9,3161,0,3161,"Cascadia (unsegmented, 1-2-3, middle)",INTERFACE,196,8.1,6.443298776081463e-07,5.0,80.0,,,
1656,EVT_00003714,5a237f0ead2608fd77a0b24a,8231,0,8211,437,8211,"PointSourceFinite: -123.900, 44.200",SLAB,0,6.55,3.4795502649191625e-07,42.0,8.0,-123.9,44.2,42.0
1657,EVT_00003715,f9a1586482b0664ee50593c5,3199,9,3161,0,3161,"Cascadia (unsegmented, 1-2-3, middle)",INTERFACE,1154,8.7,7.171435344381447e-07,5.11021261503576,80.0,,,
1658,EVT_00003717,1bef4550a663aef426ad5075,8231,1,8212,482,8212,"PointSourceFinite: -123.200, 44.400",SLAB,2,7.45,1.999624808503299e-08,50.0,8.0,-123.2,44.4,50.0
1659,EVT_00003723,3e725d0454c970e67d7903d6,3199,1,3160,0,3160,"Cascadia (unsegmented, 1-2-3, bottom)",INTERFACE,72,8.0,6.06796098330002e-07,5.0,145.0,,,
1660,EVT_00003725,be57c66954a0bc668744d080,8231,0,8211,674,8211,"PointSourceFinite: -123.800, 45.500",SLAB,1,6.65,7.257292957069672e-07,42.0,8.0,-123.8,45.5,42.0
1661,EVT_00003731,8092c77ee16677734350f04e,8231,0,8211,483,8211,"PointSourceFinite: -123.100, 44.400",SLAB,4,6.95,3.875144926298216e-07,50.0,8.0,-123.1,44.4,50.0
1662,EVT_00003732,826245d6f00b736f8dda31dc,8231,0,8211,678,8211,"PointSourceFinite: -123.400, 45.500",SLAB,5,7.05,5.40283995726652e-07,42.0,8.0,-123.4,45.5,42.0
1663,EVT_00003733,40268353740806ce137929ca,8231,0,8211,375,8211,"PointSourceFinite: -124.200, 43.900",SLAB,2,6.75,1.3490723906799946e-07,42.0,8.0,-124.2,43.9,42.0
1664,EVT_00003737,5ece7496c54bed95e653bb01,8231,0,8211,156,8211,"PointSourceFinite: -123.400, 42.800",SLAB,1,6.65,3.652225866910525e-07,42.0,8.0,-123.4,42.8,42.0
1665,EVT_00003741,493d54e1c9c7ae4c5ad1ab07,3199,10,3171,0,3171,"Cascadia (unsegmented, 1-2-3-4, middle)",INTERFACE,592,8.3,3.765060128192181e-07,5.0,105.0,,,
1666,EVT_00003743,2ab3d6acd5b3a3d17f64fc01,8231,0,8211,11,8211,"PointSourceFinite: -123.200, 42.100",SLAB,6,7.15,2.328977838627271e-07,50.0,8.0,-123.2,42.1,50.0
1667,EVT_00003745,fcbc7fba507948bd01f622fc,8231,0,8211,328,8211,"PointSourceFinite: -122.900, 43.600",SLAB,1,6.65,1.1584402683792361e-07,50.0,8.0,-122.9,43.6,50.0
1668,EVT_00003746,ef38bc6208267a874e4e096e,8231,0,8211,424,8211,"PointSourceFinite: -123.300, 44.100",SLAB,4,6.95,2.2654253801790523e-07,42.0,8.0,-123.3,44.1,42.0
1669,EVT_00003747,c804a6bfd75fdbc8ce96eb28,3199,12,3162,0,3162,"Cascadia (unsegmented, 1-2-3, top)",INTERFACE,990,8.4,6.756978046582286e-07,5.0,70.0,,,
1670,EVT_00003750,0447b3eb8b8c2781591cff61,8231,0,8211,340,8211,"PointSourceFinite: -123.700, 43.700",SLAB,4,6.95,1.0477085293464297e-07,42.0,8.0,-123.7,43.7,42.0
1671,EVT_00003751,fe34c0942ea7a3b800cb3f71,3199,9,3161,0,3161,"Cascadia (unsegmented, 1-2-3, middle)",INTERFACE,990,8.4,6.66441670347842e-07,5.0,80.0,,,
1672,EVT_00003756,de12c34def00ae73ed247b4f,3199,1,3160,0,3160,"Cascadia (unsegmented, 1-2-3, bottom)",INTERFACE,453,8.5,1.0080644859353255e-06,5.115775521311655,145.0,,,
1673,EVT_00003759,d9eee94a22b1c5989f99cd91,8231,0,8211,750,8211,"PointSourceFinite: -122.900, 45.900",SLAB,4,6.95,2.4457138717738064e-07,50.0,8.0,-122.9,45.9,50.0
1674,EVT_00003766,99a07fbbd597977a4d6f5a90,8231,0,8211,518,8211,"PointSourceFinite: -123.400, 44.600",SLAB,5,7.05,5.106780770013039e-07,42.0,8.0,-123.4,44.6,42.0
1675,EVT_00003769,cfeb7c63a5154655614fec7a,8231,0,8211,50,8211,"PointSourceFinite: -123.500, 42.300",SLAB,1,6.65,5.812531828101569e-07,42.0,8.0,-123.5,42.3,42.0
1676,EVT_00003770,39641075c28a891c10b40d00,8231,0,8211,130,8211,"PointSourceFinite: -123.900, 42.700",SLAB,5,7.05,4.3242853421317124e-07,42.0,8.0,-123.9,42.7,42.0
1677,EVT_00003772,a3a63fb53fc9ede605831363,8231,0,8211,560,8211,"PointSourceFinite: -122.900, 44.800",SLAB,3,6.85,5.619877449566906e-07,50.0,8.0,-122.9,44.8,50.0
1678,EVT_00003773,4ca7728e3d39e08377d584c4,8231,0,8211,23,8211,"PointSourceFinite: -124.100, 42.200",SLAB,0,6.55,9.314836302781872e-07,42.0,8.0,-124.1,42.2,42.0
1679,EVT_00003774,577151d26d4e2881b106a475,3199,9,3161,0,3161,"Cascadia (unsegmented, 1-2-3, middle)",INTERFACE,917,8.3,7.379159742457803e-07,5.0,80.0,,,
1680,EVT_00003775,3c858f2cc99cec7a66904f7f,8231,0,8211,612,8211,"PointSourceFinite: -123.100, 45.100",SLAB,4,6.95,6.373544254094714e-07,50.0,8.0,-123.1,45.1,50.0
1681,EVT_00003777,303e282ccc416777a46f01f8,8231,0,8211,641,8211,"PointSourceFinite: -123.700, 45.300",SLAB,4,6.95,6.662230785199881e-07,42.0,8.0,-123.7,45.3,42.0
1682,EVT_00003778,0e33f0c86e03566a57e97f33,3199,9,3161,0,3161,"Cascadia (unsegmented, 1-2-3, middle)",INTERFACE,151,8.1,6.443298776081463e-07,5.0,80.0,,,
1683,EVT_00003783,882766a59bab03ac2a4eebf3,8231,0,8211,297,8211,"PointSourceFinite: -124.000, 43.500",SLAB,2,6.75,1.2929583014461765e-07,42.0,8.0,-124.0,43.5,42.0
1684,EVT_00003785,7f3ddc259f473df88285eabd,3199,9,3161,0,3161,"Cascadia (unsegmented, 1-2-3, middle)",INTERFACE,1103,8.6,6.264536216300861e-07,5.164121623738708,80.0,,,
1685,EVT_00003786,92b634424cf8b223842e2006,8231,0,8211,203,8211,"PointSourceFinite: -122.900, 43.000",SLAB,6,7.15,9.68667107622366e-08,50.0,8.0,-122.9,43.0,50.0
1686,EVT_00003789,e8881203771b706f6190f43d,8231,0,8211,467,8211,"PointSourceFinite: -122.800, 44.300",SLAB,0,6.55,3.872280003582553e-07,50.0,8.0,-122.8,44.3,50.0
1687,EVT_00003791,f81511469394f747bf384da7,3199,9,3161,0,3161,"Cascadia (unsegmented, 1-2-3, middle)",INTERFACE,1099,8.5,6.232945289588634e-07,5.0,80.0,,,
1688,EVT_00003793,9c3dcbf4ae11fb3e2fc7eb4c,8231,0,8211,637,8211,"PointSourceFinite: -122.400, 45.200",SLAB,2,6.75,3.380682088270192e-07,60.0,8.0,-122.4,45.2,60.0
1689,EVT_00003794,124368e12a43804ef779ff47,8231,0,8211,550,8211,"PointSourceFinite: -123.900, 44.800",SLAB,0,6.55,8.227322270271236e-07,42.0,8.0,-123.9,44.8,42.0
1690,EVT_00003795,96533c40df3cce0dfd0b2d7b,8231,0,8211,526,8211,"PointSourceFinite: -122.600, 44.600",SLAB,6,7.15,2.7207142745959824e-07,50.0,8.0,-122.6,44.6,50.0
1691,EVT_00003798,364082d1a6c6aea7d00ef649,3199,9,3161,0,3161,"Cascadia (unsegmented, 1-2-3, middle)",INTERFACE,1171,8.7,7.171435344381447e-07,5.0,80.0,,,
1692,EVT_00003805,0a58cfac7172631e9525cd22,8231,0,8211,212,8211,"PointSourceFinite: -124.100, 43.100",SLAB,3,6.85,2.6152151623610765e-07,42.0,8.0,-124.1,43.1,42.0
1693,EVT_00003816,ce7c1868eeafbaf4a7d45847,8231,0,8211,634,8211,"PointSourceFinite: -122.700, 45.200",SLAB,6,7.15,3.499503541603687e-07,50.0,8.0,-122.7,45.2,50.0
1694,EVT_00003822,c98866635fdf4ff5769d8de5,3199,1,3160,0,3160,"Cascadia (unsegmented, 1-2-3, bottom)",INTERFACE,477,8.5,1.0080644859353255e-06,5.0,145.0,,,
1695,EVT_00003826,4d381878b4254b67cd361071,8231,0,8211,563,8211,"PointSourceFinite: -122.600, 44.800",SLAB,0,6.55,5.370727532698103e-07,50.0,8.0,-122.6,44.8,50.0
1696,EVT_00003830,cf968ba29a1044f05d73706c,3199,1,3160,0,3160,"Cascadia (unsegmented, 1-2-3, bottom)",INTERFACE,440,8.4,8.56164357917674e-07,5.0,145.0,,,
1697,EVT_00003832,98f17391d0c694b4dd107278,8231,0,8211,623,8211,"PointSourceFinite: -123.800, 45.200",SLAB,6,7.15,5.481795753055896e-07,42.0,8.0,-123.8,45.2,42.0
1698,EVT_00003839,ece975abed5154babd4c263a,3199,9,3161,0,3161,"Cascadia (unsegmented, 1-2-3, middle)",INTERFACE,1123,8.6,6.264536216300861e-07,5.0,80.0,,,
1699,EVT_00003842,2751b65b8d6f138227269009,8231,0,8211,653,8211,"PointSourceFinite: -122.500, 45.300",SLAB,6,7.15,2.567031055473595e-07,50.0,8.0,-122.5,45.3,50.0
1700,EVT_00003844,ef6002a47a2be65e0f20327d,3199,15,3170,0,3170,"Cascadia (unsegmented, 1-2-3-4, bottom)",INTERFACE,283,8.1,3.4340658312082525e-07,5.0,155.0,,,
1701,EVT_00003846,65348aee3e670d668fd503b9,8231,0,8211,671,8211,"PointSourceFinite: -122.400, 45.400",SLAB,6,7.15,2.093974968661151e-07,60.0,8.0,-122.4,45.4,60.0
1702,EVT_00003850,b05607b1c95eeab3930b4d07,8231,0,8211,43,8211,"PointSourceFinite: -124.200, 42.300",SLAB,3,6.85,7.069374534226333e-07,42.0,8.0,-124.2,42.3,42.0
1703,EVT_00003852,a13819f88215cae5e093a62d,8231,0,8211,113,8211,"PointSourceFinite: -123.500, 42.600",SLAB,1,6.65,5.109993128266557e-07,42.0,8.0,-123.5,42.6,42.0
1704,EVT_00003853,4a957dc93ad380ec826d9f0e,8231,0,8211,197,8211,"PointSourceFinite: -123.500, 43.000",SLAB,0,6.55,3.223179311664601e-07,42.0,8.0,-123.5,43.0,42.0
1705,EVT_00003855,7f99e5c74923a6ed3f00a2c8,8231,0,8211,493,8211,"PointSourceFinite: -124.000, 44.500",SLAB,2,6.75,4.6014851531957146e-07,42.0,8.0,-124.0,44.5,42.0
1706,EVT_00003857,7e2fd27508fb28cdb215edea,8231,0,8211,89,8211,"PointSourceFinite: -123.800, 42.500",SLAB,0,6.55,7.83206260254209e-07,42.0,8.0,-123.8,42.5,42.0
1707,EVT_00003859,d67dc0651099a38c5c0f173a,8231,0,8211,661,8211,"PointSourceFinite: -123.400, 45.400",SLAB,5,7.05,5.887911282695231e-07,42.0,8.0,-123.4,45.4,42.0
1708,EVT_00003861,8cbd327e1b46991c4d1c8ae2,8231,0,8211,51,8211,"PointSourceFinite: -123.400, 42.300",SLAB,1,6.65,5.123637698871161e-07,42.0,8.0,-123.4,42.3,42.0
1709,EVT_00003863,85ae13a78816b8c3f27bfd91,8231,0,8211,642,8211,"PointSourceFinite: -123.600, 45.300",SLAB,3,6.85,7.516699528330194e-07,42.0,8.0,-123.6,45.3,42.0
1710,EVT_00003865,fb4123be4f23f5f38d7c366c,3199,1,3160,0,3160,"Cascadia (unsegmented, 1-2-3, bottom)",INTERFACE,481,8.5,1.0080644859353255e-06,5.0,145.0,,,
1711,EVT_00003866,730d59c9109802b450913feb,8231,0,8211,599,8211,"PointSourceFinite: -122.600, 45.000",SLAB,2,6.75,4.633249922711965e-07,50.0,8.0,-122.6,45.0,50.0
1712,EVT_00003868,8f9264683de307006ed47f34,8231,0,8211,627,8211,"PointSourceFinite: -123.400, 45.200",SLAB,2,6.75,8.573323449561363e-07,42.0,8.0,-123.4,45.2,42.0
1713,EVT_00003869,bc43a0185788d600745308b8,8231,0,8211,594,8211,"PointSourceFinite: -123.100, 45.000",SLAB,2,6.75,7.660915863514832e-07,50.0,8.0,-123.1,45.0,50.0
1714,EVT_00003870,87a52ecb0d93d4ae5c0d0261,8231,0,8211,128,8211,"PointSourceFinite: -124.100, 42.700",SLAB,2,6.75,5.956139559736456e-07,42.0,8.0,-124.1,42.7,42.0
1715,EVT_00003872,fc2175c37beff776e5fabbf0,8231,0,8211,820,8211,"PointSourceFinite: -122.300, 46.300",SLAB,2,6.75,1.0052564717661885e-07,60.0,8.0,-122.3,46.3,60.0
1716,EVT_00003873,f3c284e2be9dcfd049a060ab,8231,0,8211,646,8211,"PointSourceFinite: -123.200, 45.300",SLAB,6,7.15,5.309334216369654e-07,50.0,8.0,-123.2,45.3,50.0
1717,EVT_00003875,2aa59e9bfff5cf6eb758b8a3,3199,15,3170,0,3170,"Cascadia (unsegmented, 1-2-3-4, bottom)",INTERFACE,2059,8.4,3.079129236417244e-07,5.0,155.0,,,
1718,EVT_00003876,4637086c7ab8108927d22a63,8231,0,8211,439,8211,"PointSourceFinite: -123.700, 44.200",SLAB,2,6.75,3.2224628979772737e-07,42.0,8.0,-123.7,44.2,42.0
1719,EVT_00003877,2d92efd045eb7400bee682cf,8231,0,8211,333,8211,"PointSourceFinite: -122.400, 43.600",SLAB,3,6.85,8.58635057462448e-08,60.0,8.0,-122.4,43.6,60.0
1720,EVT_00003879,c226254267134d24bc969a00,8231,0,8211,293,8211,"PointSourceFinite: -122.300, 43.400",SLAB,6,7.15,6.12383733124657e-08,60.0,8.0,-122.3,43.4,60.0
1721,EVT_00003880,875538560aeb0894ec3e6434,3199,12,3162,0,3162,"Cascadia (unsegmented, 1-2-3, top)",INTERFACE,366,8.3,7.621950991218317e-07,5.0,70.0,,,
1722,EVT_00003881,a0dcb9464aec2fd9b774ccf2,3199,1,3160,0,3160,"Cascadia (unsegmented, 1-2-3, bottom)",INTERFACE,999,8.4,6.66441670347842e-07,5.0,145.0,,,
1723,EVT_00003887,a9238eef9fab7b2881012b18,8231,0,8211,107,8211,"PointSourceFinite: -124.100, 42.600",SLAB,3,6.85,6.065292292598687e-07,42.0,8.0,-124.1,42.6,42.0
1724,EVT_00003889,94f757c1e3d7007ab2234080,8231,0,8211,273,8211,"PointSourceFinite: -124.300, 43.400",SLAB,6,7.15,1.0126988408598793e-07,42.0,8.0,-124.3,43.4,42.0
1725,EVT_00003895,ddbd8387e603554bbcb1c86e,3199,12,3162,0,3162,"Cascadia (unsegmented, 1-2-3, top)",INTERFACE,175,8.1,6.510416471665647e-07,5.0,70.0,,,
1726,EVT_00003897,c2e5953b9384497c45c547a6,8231,0,8211,609,8211,"PointSourceFinite: -123.400, 45.100",SLAB,0,6.55,1.0476209968455465e-06,42.0,8.0,-123.4,45.1,42.0
1727,EVT_00003898,44470a54257aaf3b7db240f0,8231,0,8211,614,8211,"PointSourceFinite: -122.900, 45.100",SLAB,1,6.65,7.106444973524477e-07,50.0,8.0,-122.9,45.1,50.0
1728,EVT_00003903,460b8064226c94958da194f1,8231,0,8211,92,8211,"PointSourceFinite: -123.500, 42.500",SLAB,2,6.75,4.996319963916575e-07,42.0,8.0,-123.5,42.5,42.0
1729,EVT_00003904,03efa87914cd66a9d50b148a,8231,0,8211,604,8211,"PointSourceFinite: -123.900, 45.100",SLAB,2,6.75,7.526717403826718e-07,42.0,8.0,-123.9,45.1,42.0
1730,EVT_00003905,d8c3f818cc796d6e2d2c33dc,3199,10,3171,0,3171,"Cascadia (unsegmented, 1-2-3-4, middle)",INTERFACE,1183,8.7,5.341880181879504e-07,5.0,105.0,,,
1731,EVT_00003909,4665dbf567e3d2b7670d2755,8231,0,8211,142,8211,"PointSourceFinite: -122.700, 42.700",SLAB,0,6.55,1.6961975290015097e-07,50.0,8.0,-122.7,42.7,50.0
1732,EVT_00003912,3e34564b923bcb78691df778,3199,9,3161,0,3161,"Cascadia (unsegmented, 1-2-3, middle)",INTERFACE,83,8.0,6.06796098330002e-07,5.0,80.0,,,
1733,EVT_00003913,37e2bf5e805fa71140583c47,8231,0,8211,635,8211,"PointSourceFinite: -122.600, 45.200",SLAB,4,6.95,3.702974085799573e-07,50.0,8.0,-122.6,45.2,50.0
1734,EVT_00003915,3f931c233ed155d5c2ff650f,3199,15,3170,0,3170,"Cascadia (unsegmented, 1-2-3-4, bottom)",INTERFACE,757,8.4,3.9556960840500123e-07,5.0,155.0,,,
1735,EVT_00003917,1e6817cdf0739c2030a7cec4,8231,0,8211,425,8211,"PointSourceFinite: -123.200, 44.100",SLAB,6,7.15,1.8481064598806937e-07,50.0,8.0,-123.2,44.1,50.0
1736,EVT_00003918,59377b1b9ce48830cb112a3f,8231,0,8211,482,8211,"PointSourceFinite: -123.200, 44.400",SLAB,6,7.15,3.363680658643312e-07,50.0,8.0,-123.2,44.4,50.0
1737,EVT_00003919,0918e06956da0314ffc6ede5,3199,9,3161,0,3161,"Cascadia (unsegmented, 1-2-3, middle)",INTERFACE,303,8.3,7.530120256384362e-07,5.051322120000164,80.0,,,
1738,EVT_00003922,b89ad412ea1c2e1e26905151,8231,0,8211,507,8211,"PointSourceFinite: -122.600, 44.500",SLAB,5,7.05,2.6953974849726705e-07,50.0,8.0,-122.6,44.5,50.0
1739,EVT_00003924,6aa94be0e1824bfe362b08f8,3199,12,3162,0,3162,"Cascadia (unsegmented, 1-2-3, top)",INTERFACE,611,8.0,1.1980772804624588e-06,5.0,70.0,,,
1740,EVT_00003925,7ffd44b63a271503ba93a156,8231,0,8211,626,8211,"PointSourceFinite: -123.500, 45.200",SLAB,3,6.85,7.881755025743748e-07,42.0,8.0,-123.5,45.2,42.0
1741,EVT_00003930,1a4c7a142fba789f35aad536,3199,9,3161,0,3161,"Cascadia (unsegmented, 1-2-3, middle)",INTERFACE,847,8.2,8.473124973075812e-07,5.0,80.0,,,
1742,EVT_00003933,4e937f2b11bfddea76757ebb,3199,10,3171,0,3171,"Cascadia (unsegmented, 1-2-3-4, middle)",INTERFACE,1531,8.1,5.392777463767077e-07,5.0,105.0,,,
1743,EVT_00003935,1b67c78bc8beff0c13d91530,3199,12,3162,0,3162,"Cascadia (unsegmented, 1-2-3, top)",INTERFACE,653,8.0,1.1980772804624588e-06,5.0,70.0,,,
1744,EVT_00003936,897a18be17f70fe7b5e4b48a,3199,9,3161,0,3161,"Cascadia (unsegmented, 1-2-3, middle)",INTERFACE,722,8.1,1.000721591214509e-06,5.0,80.0,,,
1745,EVT_00003940,8ff630bf64c72775d09f4daa,3199,0,3172,0,3172,"Cascadia (unsegmented, 1-2-3-4, top)",INTERFACE,4,8.0,3.41530044415247e-07,5.357274641642591,85.0,,,
1746,EVT_00003942,3f7aec23c21b04af6bdcefe9,8231,0,8211,129,8211,"PointSourceFinite: -124.000, 42.700",SLAB,5,7.05,4.458703096977002e-07,42.0,8.0,-124.0,42.7,42.0
1747,EVT_00003943,25660429b09464996b2083a7,8231,0,8211,471,8211,"PointSourceFinite: -122.400, 44.300",SLAB,0,6.55,2.6613825196937805e-07,60.0,8.0,-122.4,44.3,60.0
1748,EVT_00003945,474669d69ef773bcf3dbc23e,8231,0,8211,397,8211,"PointSourceFinite: -124.000, 44.000",SLAB,4,6.95,1.4893447170411765e-07,42.0,8.0,-124.0,44.0,42.0
1749,EVT_00003946,912318d590c8bfef47bbfc2c,8231,0,8211,751,8211,"PointSourceFinite: -122.800, 45.900",SLAB,1,6.65,2.937842734995693e-07,50.0,8.0,-122.8,45.9,50.0
1750,EVT_00003947,69ae62846df9b7c1b76da7ba,8231,0,8211,425,8211,"PointSourceFinite: -123.200, 44.100",SLAB,0,6.55,3.2116409375977455e-07,50.0,8.0,-123.2,44.1,50.0
1751,EVT_00003952,6318adfefd1599eda239a036,8231,0,8211,462,8211,"PointSourceFinite: -123.300, 44.300",SLAB,4,6.95,3.467696807072369e-07,42.0,8.0,-123.3,44.3,42.0
1752,EVT_00003954,4bd8ae1a97612f52cb57120f,8231,0,8211,474,8211,"PointSourceFinite: -124.000, 44.400",SLAB,2,6.75,3.933516407800093e-07,42.0,8.0,-124.0,44.4,42.0
1753,EVT_00003956,2c872ab2767b26c976e3858e,8231,0,8211,365,8211,"PointSourceFinite: -123.200, 43.800",SLAB,3,6.85,1.299898482803946e-07,50.0,8.0,-123.2,43.8,50.0
1754,EVT_00003957,51fc08a643306ab25bb8c9f6,8231,0,8211,30,8211,"PointSourceFinite: -123.400, 42.200",SLAB,3,6.85,4.2331955467518614e-07,42.0,8.0,-123.4,42.2,42.0
1755,EVT_00003958,b7664f2cda539387131d6680,8231,0,8211,495,8211,"PointSourceFinite: -123.800, 44.500",SLAB,2,6.75,5.319677511434213e-07,42.0,8.0,-123.8,44.5,42.0
1756,EVT_00003960,b6609e8e6fdd153611808238,3199,10,3171,0,3171,"Cascadia (unsegmented, 1-2-3-4, middle)",INTERFACE,1304,8.0,6.57010121543929e-07,5.0,105.0,,,
1757,EVT_00003962,004f1662f5902665e6c254fc,3199,15,3170,0,3170,"Cascadia (unsegmented, 1-2-3-4, bottom)",INTERFACE,75,8.0,3.324467985531395e-07,5.0,155.0,,,
1758,EVT_00003964,299877f6fabf1af51cecb1a3,3199,9,3161,0,3161,"Cascadia (unsegmented, 1-2-3, middle)",INTERFACE,271,8.2,6.868131662416505e-07,5.0,80.0,,,
1759,EVT_00003966,b2d0198dc6e8f0cf910a9cc9,8231,0,8211,320,8211,"PointSourceFinite: -123.700, 43.600",SLAB,6,7.15,8.386783957931491e-08,42.0,8.0,-123.7,43.6,42.0
1760,EVT_00003967,df97feb295a1c3c99f3d024a,8231,0,8211,628,8211,"PointSourceFinite: -123.300, 45.200",SLAB,4,6.95,6.944997886186216e-07,42.0,8.0,-123.3,45.2,42.0
1761,EVT_00003971,d5f0709b2ca636f69224749f,3199,0,3172,0,3172,"Cascadia (unsegmented, 1-2-3-4, top)",INTERFACE,1851,8.3,3.7574862492269787e-07,5.0,85.0,,,
1762,EVT_00003972,5ef958148c3cba17e4c46d35,8231,0,8211,717,8211,"PointSourceFinite: -122.900, 45.700",SLAB,5,7.05,3.1088193576301545e-07,50.0,8.0,-122.9,45.7,50.0
1763,EVT_00003973,684d191b1a3810cd7713ceec,8231,0,8211,538,8211,"PointSourceFinite: -123.300, 44.700",SLAB,6,7.15,5.05961560837668e-07,42.0,8.0,-123.3,44.7,42.0
1764,EVT_00003974,4e24890ee9b5daa9ca06b1e4,3199,10,3171,0,3171,"Cascadia (unsegmented, 1-2-3-4, middle)",INTERFACE,1162,8.7,5.341880181879504e-07,5.0,105.0,,,
1765,EVT_00003977,195ed004572d8888f8ed7d66,8231,0,8211,770,8211,"PointSourceFinite: -122.500, 46.000",SLAB,3,6.85,1.529980750573357e-07,50.0,8.0,-122.5,46.0,50.0
1766,EVT_00003980,6cae1c4e55256c90c84230b3,3199,9,3161,0,3161,"Cascadia (unsegmented, 1-2-3, middle)",INTERFACE,859,8.2,8.473124973075812e-07,5.0,80.0,,,
1767,EVT_00003983,12014ed0da0ed5b072fc68a1,8231,0,8211,193,8211,"PointSourceFinite: -123.900, 43.000",SLAB,1,6.65,3.781315209530726e-07,42.0,8.0,-123.9,43.0,42.0
1768,EVT_00003984,131e8fb63f40548fa04ba679,8231,0,8211,439,8211,"PointSourceFinite: -123.700, 44.200",SLAB,5,7.05,2.444488090769116e-07,42.0,8.0,-123.7,44.2,42.0
1769,EVT_00003986,57450fe890da8556d15da9c8,8231,0,8211,11,8211,"PointSourceFinite: -123.200, 42.100",SLAB,3,6.85,3.0701907297189373e-07,50.0,8.0,-123.2,42.1,50.0
1770,EVT_00003988,eef2b159fc6776a82b48bfea,8231,0,8211,148,8211,"PointSourceFinite: -124.200, 42.800",SLAB,5,7.05,3.906230968725719e-07,42.0,8.0,-124.2,42.8,42.0
1771,EVT_00003989,38fafb17fc0af7d735e9eea7,8231,0,8211,739,8211,"PointSourceFinite: -122.400, 45.800",SLAB,4,6.95,1.6687185952574496e-07,60.0,8.0,-122.4,45.8,60.0
1772,EVT_00003992,c04651b3d2bc0d03e4753b7e,8231,0,8211,170,8211,"PointSourceFinite: -124.100, 42.900",SLAB,1,6.65,4.77419304279448e-07,42.0,8.0,-124.1,42.9,42.0
1773,EVT_00003997,64e873058edc1d54e3cb8173,8231,0,8211,103,8211,"PointSourceFinite: -122.400, 42.500",SLAB,4,6.95,9.170634202693689e-08,60.0,8.0,-122.4,42.5,60.0
1774,EVT_00004002,91b1a8df72a20f0160c68997,8231,0,8211,675,8211,"PointSourceFinite: -123.700, 45.500",SLAB,2,6.75,6.92915977326762e-07,42.0,8.0,-123.7,45.5,42.0
1775,EVT_00004009,a52e53dd804de7ac5f78ee91,8231,0,8211,502,8211,"PointSourceFinite: -123.100, 44.500",SLAB,0,6.55,6.502330218825513e-07,50.0,8.0,-123.1,44.5,50.0
1776,EVT_00004011,ac678220d27c7bde521cc01e,8231,1,8212,169,8212,"PointSourceFinite: -124.200, 42.900",SLAB,2,7.45,1.7825399982615526e-08,42.0,8.0,-124.2,42.9,42.0
1777,EVT_00004014,9e76e223b08585a9c5bdc973,8231,0,8211,652,8211,"PointSourceFinite: -122.600, 45.300",SLAB,4,6.95,3.535329411786097e-07,50.0,8.0,-122.6,45.3,50.0
1778,EVT_00004018,8ffa295e323db95b06bea88d,8231,0,8211,743,8211,"PointSourceFinite: -123.600, 45.900",SLAB,4,6.95,3.228679248588873e-07,42.0,8.0,-123.6,45.9,42.0
1779,EVT_00004019,1efab92f93bd20a4d20626bf,8231,0,8211,813,8211,"PointSourceFinite: -123.000, 46.300",SLAB,4,6.95,1.1930307383395766e-07,50.0,8.0,-123.0,46.3,50.0
1780,EVT_00004020,0759d66dc9980375d12ffb69,8231,0,8211,173,8211,"PointSourceFinite: -123.800, 42.900",SLAB,3,6.85,3.6590312695179893e-07,42.0,8.0,-123.8,42.9,42.0
1781,EVT_00004021,0a020526b8806d513585d422,3199,9,3161,0,3161,"Cascadia (unsegmented, 1-2-3, middle)",INTERFACE,958,8.3,7.379159742457803e-07,5.0,80.0,,,
1782,EVT_00004022,8adf8bf752c9e8e8d840461c,8231,0,8211,565,8211,"PointSourceFinite: -122.400, 44.800",SLAB,5,7.05,2.626090371486733e-07,60.0,8.0,-122.4,44.8,60.0
1783,EVT_00004028,89656d89f70c8c079c08a87d,8231,1,8212,413,8212,"PointSourceFinite: -122.400, 44.000",SLAB,0,7.25,8.3678252518792e-09,60.0,8.0,-122.4,44.0,60.0
1784,EVT_00004032,069ecc6def7f37be1eff9456,8231,0,8211,432,8211,"PointSourceFinite: -122.500, 44.100",SLAB,1,6.65,1.9419753504709282e-07,50.0,8.0,-122.5,44.1,50.0
1785,EVT_00004033,1c1ba5b8d64181f206650f22,8231,0,8211,220,8211,"PointSourceFinite: -123.300, 43.100",SLAB,6,7.15,1.2832062877090128e-07,42.0,8.0,-123.3,43.1,42.0
1786,EVT_00004038,ebffc1b4a70125a575bc8aa0,8231,0,8211,265,8211,"PointSourceFinite: -123.000, 43.300",SLAB,2,6.75,1.1305985417476221e-07,50.0,8.0,-123.0,43.3,50.0
1787,EVT_00004043,594e25858c07c29a11047ae0,3199,9,3161,0,3161,"Cascadia (unsegmented, 1-2-3, middle)",INTERFACE,435,8.4,8.56164357917674e-07,5.0,80.0,,,
1788,EVT_00004044,18493b390347cd647986f418,8231,0,8211,33,8211,"PointSourceFinite: -123.100, 42.200",SLAB,4,6.95,2.4439037156316e-07,50.0,8.0,-123.1,42.2,50.0
1789,EVT_00004045,93c1529455fdc6a16ae46678,8231,0,8211,214,8211,"PointSourceFinite: -123.900, 43.100",SLAB,4,6.95,2.313948563656201e-07,42.0,8.0,-123.9,43.1,42.0
1790,EVT_00004048,ebebf41569f982882e8b9153,8231,0,8211,626,8211,"PointSourceFinite: -123.500, 45.200",SLAB,2,6.75,8.642172533069988e-07,42.0,8.0,-123.5,45.2,42.0
1791,EVT_00004057,dd9e6d2c4720139d73e0dc35,8231,0,8211,656,8211,"PointSourceFinite: -123.900, 45.400",SLAB,3,6.85,6.162746955392017e-07,42.0,8.0,-123.9,45.4,42.0
1792,EVT_00004058,c2edd0271261b6e00523794c,8231,0,8211,48,8211,"PointSourceFinite: -123.700, 42.300",SLAB,1,6.65,7.106158202512332e-07,42.0,8.0,-123.7,42.3,42.0
1793,EVT_00004059,d0bb6979ccc57b7a6051f422,8231,0,8211,27,8211,"PointSourceFinite: -123.700, 42.200",SLAB,0,6.55,7.759157181824215e-07,42.0,8.0,-123.7,42.2,42.0
1794,EVT_00004063,8f7b50d6a6dac276fbc107fa,3199,9,3161,0,3161,"Cascadia (unsegmented, 1-2-3, middle)",INTERFACE,51,8.0,6.06796098330002e-07,5.0,80.0,,,
1795,EVT_00004064,7faaf105afc86532f7369e9a,8231,0,8211,731,8211,"PointSourceFinite: -123.200, 45.800",SLAB,1,6.65,4.797372384146591e-07,50.0,8.0,-123.2,45.8,50.0
1796,EVT_00004066,0702ffb30cb33b1acfa8617e,3199,10,3171,0,3171,"Cascadia (unsegmented, 1-2-3-4, middle)",INTERFACE,473,8.2,3.591953915401736e-07,5.0,105.0,,,
1797,EVT_00004067,fb592cd12a5ecb549b214913,3199,1,3160,0,3160,"Cascadia (unsegmented, 1-2-3, bottom)",INTERFACE,463,8.5,1.0080644859353255e-06,5.008578965240343,145.0,,,
1798,EVT_00004069,22255d1987bb4734a7a52839,8231,0,8211,590,8211,"PointSourceFinite: -123.500, 45.000",SLAB,2,6.75,8.71907118337905e-07,42.0,8.0,-123.5,45.0,42.0
1799,EVT_00004070,ddc4640ad62ffbc1a1671cc5,8231,0,8211,423,8211,"PointSourceFinite: -123.400, 44.100",SLAB,2,6.75,2.741238876918152e-07,42.0,8.0,-123.4,44.1,42.0
1800,EVT_00004071,f6988b72eb839ca27f907ad9,8231,0,8211,336,8211,"PointSourceFinite: -124.100, 43.700",SLAB,4,6.95,9.750456064889125e-08,42.0,8.0,-124.1,43.7,42.0
1801,EVT_00004075,62cb3772e2947763f36d1d44,8231,0,8211,70,8211,"PointSourceFinite: -123.600, 42.400",SLAB,0,6.55,6.982094902225177e-07,42.0,8.0,-123.6,42.4,42.0
1802,EVT_00004078,314f05e8ec361afb0801081e,8231,1,8212,5,8212,"PointSourceFinite: -123.800, 42.100",SLAB,1,7.35,3.3525099920099286e-08,42.0,8.0,-123.8,42.1,42.0
1803,EVT_00004079,0af1d1444a16ee929b15132f,8231,0,8211,776,8211,"PointSourceFinite: -123.500, 46.100",SLAB,6,7.15,1.7518206504055105e-07,42.0,8.0,-123.5,46.1,42.0
1804,EVT_00004088,694139f31102f33e8eec3463,3199,9,3161,0,3161,"Cascadia (unsegmented, 1-2-3, middle)",INTERFACE,447,8.5,1.0080644859353255e-06,5.238892867184103,80.0,,,
1805,EVT_00004089,3cc328920b2419fb7e68a126,3199,12,3162,0,3162,"Cascadia (unsegmented, 1-2-3, top)",INTERFACE,761,8.1,1.011145774456327e-06,5.0,70.0,,,
1806,EVT_00004090,947d2a554c53f7d4a5492769,3199,9,3161,0,3161,"Cascadia (unsegmented, 1-2-3, middle)",INTERFACE,603,8.0,1.1864454622055416e-06,5.105090979637599,80.0,,,
1807,EVT_00004092,865354477159ba7d07d677f2,8231,0,8211,647,8211,"PointSourceFinite: -123.100, 45.300",SLAB,0,6.55,8.665956775320465e-07,50.0,8.0,-123.1,45.3,50.0
1808,EVT_00004093,8a7be98671cf3ce6f62ee228,8231,0,8211,36,8211,"PointSourceFinite: -122.800, 42.200",SLAB,2,6.75,1.8002015147646684e-07,50.0,8.0,-122.8,42.2,50.0
1809,EVT_00004095,f7fc48724bbbda9ae2fde3d6,3199,1,3160,0,3160,"Cascadia (unsegmented, 1-2-3, bottom)",INTERFACE,782,8.1,1.000721591214509e-06,5.0,145.0,,,
1810,EVT_00004097,48265eb430f2f6d44a32f23b,8231,0,8211,550,8211,"PointSourceFinite: -123.900, 44.800",SLAB,5,7.05,5.191089411833092e-07,42.0,8.0,-123.9,44.8,42.0
1811,EVT_00004098,b097581098224957e9bf6428,8231,0,8211,758,8211,"PointSourceFinite: -123.700, 46.000",SLAB,5,7.05,2.3302299857802698e-07,42.0,8.0,-123.7,46.0,42.0
1812,EVT_00004103,a90c5777f8acab0d82289f21,8231,0,8211,67,8211,"PointSourceFinite: -123.900, 42.400",SLAB,6,7.15,4.980856050331177e-07,42.0,8.0,-123.9,42.4,42.0
1813,EVT_00004104,5d9daf4343ff7fb386efd87b,8231,0,8211,358,8211,"PointSourceFinite: -123.900, 43.800",SLAB,1,6.65,1.470489809076424e-07,42.0,8.0,-123.9,43.8,42.0
1814,EVT_00004105,56f512ed26be12638b3a4080,8231,0,8211,675,8211,"PointSourceFinite: -123.700, 45.500",SLAB,6,7.15,4.793807333592175e-07,42.0,8.0,-123.7,45.5,42.0
1815,EVT_00004106,a3b47aef064a0e23b8b3c263,3199,9,3161,0,3161,"Cascadia (unsegmented, 1-2-3, middle)",INTERFACE,48,8.0,6.06796098330002e-07,5.0,80.0,,,
1816,EVT_00004108,490907a9bfe8bd9049af1fce,8231,0,8211,497,8211,"PointSourceFinite: -123.600, 44.500",SLAB,1,6.65,6.354760562616426e-07,42.0,8.0,-123.6,44.5,42.0
1817,EVT_00004109,330c104b260a2571ef1a1d83,3199,15,3170,0,3170,"Cascadia (unsegmented, 1-2-3-4, bottom)",INTERFACE,1147,8.6,4.664178964775388e-07,5.0,155.0,,,
1818,EVT_00004111,ec2cd615f4a771c2e318b425,8231,0,8211,808,8211,"PointSourceFinite: -123.500, 46.300",SLAB,5,7.05,1.231800191039303e-07,42.0,8.0,-123.5,46.3,42.0
1819,EVT_00004113,89eb79583c66a6227a2b7876,3199,9,3161,0,3161,"Cascadia (unsegmented, 1-2-3, middle)",INTERFACE,198,8.1,6.443298776081463e-07,5.0,80.0,,,
1820,EVT_00004119,674973150b7e3f3d084ced44,8231,0,8211,711,8211,"PointSourceFinite: -123.500, 45.700",SLAB,1,6.65,6.131468257968229e-07,42.0,8.0,-123.5,45.7,42.0
1821,EVT_00004121,c1577f20f73306cb409b65cf,8231,0,8211,511,8211,"PointSourceFinite: -124.100, 44.600",SLAB,6,7.15,3.306267257638343e-07,42.0,8.0,-124.1,44.6,42.0
1822,EVT_00004124,0418dd7bb6845e4ec1cc5c6f,8231,0,8211,615,8211,"PointSourceFinite: -122.800, 45.100",SLAB,1,6.65,6.401011377325249e-07,50.0,8.0,-122.8,45.1,50.0
1823,EVT_00004132,a17b0ca8d4639ac09f47fc2d,8231,0,8211,677,8211,"PointSourceFinite: -123.500, 45.500",SLAB,4,6.95,5.980398652430972e-07,42.0,8.0,-123.5,45.5,42.0
1824,EVT_00004145,3391d5af9e18ffcdd718c690,8231,0,8211,764,8211,"PointSourceFinite: -123.100, 46.000",SLAB,1,6.65,3.069527048334413e-07,50.0,8.0,-123.1,46.0,50.0
1825,EVT_00004149,c2fbecf515de370fe10afda8,3199,1,3160,0,3160,"Cascadia (unsegmented, 1-2-3, bottom)",INTERFACE,925,8.3,7.379159742457803e-07,5.0,145.0,,,
1826,EVT_00004150,bff1317e7a3e99e255ba6ff9,8231,0,8211,119,8211,"PointSourceFinite: -122.900, 42.600",SLAB,5,7.05,1.4911890071577556e-07,50.0,8.0,-122.9,42.6,50.0
1827,EVT_00004151,971ac130cc2e967cfd5221d3,8231,0,8211,371,8211,"PointSourceFinite: -122.600, 43.800",SLAB,0,6.55,1.4187221978788314e-07,50.0,8.0,-122.6,43.8,50.0
1828,EVT_00004152,2f5409c2a0b148f707c20580,3199,9,3161,0,3161,"Cascadia (unsegmented, 1-2-3, middle)",INTERFACE,868,8.2,8.473124973075812e-07,5.0,80.0,,,
1829,EVT_00004161,40e52b15e75b07497c7da40f,8231,0,8211,47,8211,"PointSourceFinite: -123.800, 42.300",SLAB,5,7.05,5.287726580922324e-07,42.0,8.0,-123.8,42.3,42.0
1830,EVT_00004165,71ae0f2ce828274407494cd4,3199,12,3162,0,3162,"Cascadia (unsegmented, 1-2-3, top)",INTERFACE,460,8.5,1.024590133245741e-06,5.0014987210376525,70.0,,,
1831,EVT_00004167,858c28961c8e9094edff46b5,8231,0,8211,194,8211,"PointSourceFinite: -123.800, 43.000",SLAB,6,7.15,2.2911063563521774e-07,42.0,8.0,-123.8,43.0,42.0
1832,EVT_00004170,fe4e362d22a6c3495a89c11f,8231,0,8211,631,8211,"PointSourceFinite: -123.000, 45.200",SLAB,1,6.65,7.616797692261681e-07,50.0,8.0,-123.0,45.2,50.0
1833,EVT_00004173,46707bf1fba5dfd586b19413,8231,0,8211,301,8211,"PointSourceFinite: -123.600, 43.500",SLAB,4,6.95,1.0340051838896841e-07,42.0,8.0,-123.6,43.5,42.0
1834,EVT_00004174,649ca9c44c43c45a9493afff,8231,0,8211,131,8211,"PointSourceFinite: -123.800, 42.700",SLAB,5,7.05,4.1198374671570133e-07,42.0,8.0,-123.8,42.7,42.0
1835,EVT_00004175,a11de3f49715917fc06dc34e,8231,0,8211,265,8211,"PointSourceFinite: -123.000, 43.300",SLAB,5,7.05,8.576467001304422e-08,50.0,8.0,-123.0,43.3,50.0
1836,EVT_00004177,9ec56f091b7370a5d64bcc39,3199,9,3161,0,3161,"Cascadia (unsegmented, 1-2-3, middle)",INTERFACE,479,8.5,1.0080644859353255e-06,5.0,80.0,,,
1837,EVT_00004178,21064235227b074ee1543042,3199,9,3161,0,3161,"Cascadia (unsegmented, 1-2-3, middle)",INTERFACE,779,8.1,1.000721591214509e-06,5.0,80.0,,,
1838,EVT_00004188,79902652c5116d4c8aedb9ae,8231,0,8211,779,8211,"PointSourceFinite: -123.200, 46.100",SLAB,2,6.75,2.3738411638013375e-07,50.0,8.0,-123.2,46.1,50.0
1839,EVT_00004192,e7cbab42e859df236d8ea796,3199,9,3161,0,3161,"Cascadia (unsegmented, 1-2-3, middle)",INTERFACE,920,8.3,7.379159742457803e-07,5.0,80.0,,,
1840,EVT_00004195,1b07ccded531cc4403690abc,8231,0,8211,611,8211,"PointSourceFinite: -123.200, 45.100",SLAB,1,6.65,8.92308671696122e-07,50.0,8.0,-123.2,45.1,50.0
1841,EVT_00004196,ece8d4cf337c0c64b95fa243,8231,0,8211,695,8211,"PointSourceFinite: -123.400, 45.600",SLAB,0,6.55,7.654462094970002e-07,42.0,8.0,-123.4,45.6,42.0
1842,EVT_00004203,1fbeda30357e9c09488c971e,8231,0,8211,115,8211,"PointSourceFinite: -123.300, 42.600",SLAB,3,6.85,3.2973501453960054e-07,42.0,8.0,-123.3,42.6,42.0
1843,EVT_00004206,e078dd2def5dad654ad6a4ee,3199,12,3162,0,3162,"Cascadia (unsegmented, 1-2-3, top)",INTERFACE,415,8.4,8.680555295554194e-07,5.0,70.0,,,
1844,EVT_00004208,2ed1bc9913cbf7154a23a92b,3199,9,3161,0,3161,"Cascadia (unsegmented, 1-2-3, middle)",INTERFACE,740,8.1,1.000721591214509e-06,5.0,80.0,,,
1845,EVT_00004211,7cce3b7407411b58a6d15eee,3199,12,3162,0,3162,"Cascadia (unsegmented, 1-2-3, top)",INTERFACE,800,8.2,8.567270806109988e-07,5.00246456348414,70.0,,,
1846,EVT_00004213,00eeec5901e2a28ae7082b52,8231,0,8211,605,8211,"PointSourceFinite: -123.800, 45.100",SLAB,3,6.85,7.323877363741794e-07,42.0,8.0,-123.8,45.1,42.0
1847,EVT_00004218,1fc365bd72c4c6fe5bf7cc63,8231,0,8211,532,8211,"PointSourceFinite: -123.900, 44.700",SLAB,6,7.15,4.372250612087186e-07,42.0,8.0,-123.9,44.7,42.0
1848,EVT_00004219,1beda60b83e00e6cfc3f61d2,3199,9,3161,0,3161,"Cascadia (unsegmented, 1-2-3, middle)",INTERFACE,259,8.2,6.868131662416505e-07,5.0,80.0,,,
1849,EVT_00004224,b715833c6a54ebb11870276c,8231,0,8211,30,8211,"PointSourceFinite: -123.400, 42.200",SLAB,0,6.55,5.580438555132618e-07,42.0,8.0,-123.4,42.2,42.0
1850,EVT_00004225,6c52e192dbd22fe15537e17c,3199,1,3160,0,3160,"Cascadia (unsegmented, 1-2-3, bottom)",INTERFACE,1055,8.5,6.232945289588634e-07,5.008578965240343,145.0,,,
1851,EVT_00004226,bdd935a9751500396eb57735,8231,0,8211,667,8211,"PointSourceFinite: -122.800, 45.400",SLAB,6,7.15,3.532955174907353e-07,50.0,8.0,-122.8,45.4,50.0
1852,EVT_00004229,1b25ed27bd415a944d2d65c0,3199,10,3171,0,3171,"Cascadia (unsegmented, 1-2-3-4, middle)",INTERFACE,1375,8.0,6.57010121543929e-07,5.0,105.0,,,
1853,EVT_00004232,cd57a120bb804d55e9f7660a,8231,0,8211,5,8211,"PointSourceFinite: -123.800, 42.100",SLAB,4,6.95,5.639444444817025e-07,42.0,8.0,-123.8,42.1,42.0
1854,EVT_00004233,b0630cc8578d2668ec6baa04,8231,0,8211,133,8211,"PointSourceFinite: -123.600, 42.700",SLAB,3,6.85,4.261653053285361e-07,42.0,8.0,-123.6,42.7,42.0
1855,EVT_00004235,806ac0954009dc0857280c74,3199,1,3160,0,3160,"Cascadia (unsegmented, 1-2-3, bottom)",INTERFACE,823,8.2,8.473124973075812e-07,5.0,145.0,,,
1856,EVT_00004236,9949b4622135b022fe5e9aea,8231,0,8211,603,8211,"PointSourceFinite: -124.000, 45.100",SLAB,1,6.65,7.610468559556204e-07,42.0,8.0,-124.0,45.1,42.0
1857,EVT_00004239,8405815db23e1d3b95fa7b0f,8231,0,8211,400,8211,"PointSourceFinite: -123.700, 44.000",SLAB,2,6.75,2.0670822586566825e-07,42.0,8.0,-123.7,44.0,42.0
1858,EVT_00004242,4d3b864c8954e196cc83c754,3199,1,3160,0,3160,"Cascadia (unsegmented, 1-2-3, bottom)",INTERFACE,828,8.2,8.473124973075812e-07,5.0,145.0,,,
1859,EVT_00004243,2fc56ac22e160fe6e6456a82,8231,0,8211,604,8211,"PointSourceFinite: -123.900, 45.100",SLAB,0,6.55,9.049104644036772e-07,42.0,8.0,-123.9,45.1,42.0
1860,EVT_00004248,e844029a1075e2fac9d220bc,8231,0,8211,459,8211,"PointSourceFinite: -123.600, 44.300",SLAB,1,6.65,4.50146796373589e-07,42.0,8.0,-123.6,44.3,42.0
1861,EVT_00004250,9d840c6304591df43cfc2963,8231,0,8211,269,8211,"PointSourceFinite: -122.600, 43.300",SLAB,0,6.55,1.138109953442067e-07,50.0,8.0,-122.6,43.3,50.0
1862,EVT_00004252,3b609fb165e1ec3dbaed868b,3199,9,3161,0,3161,"Cascadia (unsegmented, 1-2-3, middle)",INTERFACE,273,8.2,6.868131662416505e-07,5.0,80.0,,,
1863,EVT_00004254,02a31a1f09ef66e4ea192c00,3199,10,3171,0,3171,"Cascadia (unsegmented, 1-2-3-4, middle)",INTERFACE,737,8.4,4.006410136409629e-07,5.0,105.0,,,
1864,EVT_00004257,42eb9ead61fafedc669d47e9,8231,0,8211,554,8211,"PointSourceFinite: -123.500, 44.800",SLAB,4,6.95,6.694414221606347e-07,42.0,8.0,-123.5,44.8,42.0
1865,EVT_00004263,42e49fee46715de6120e3922,8231,0,8211,230,8211,"PointSourceFinite: -122.300, 43.100",SLAB,2,6.75,9.104832935531625e-08,60.0,8.0,-122.3,43.1,60.0
1866,EVT_00004265,d9fa36be1455b3fb82d7ce52,8231,0,8211,126,8211,"PointSourceFinite: -124.300, 42.700",SLAB,4,6.95,4.845046012706152e-07,42.0,8.0,-124.3,42.7,42.0
1867,EVT_00004267,c06876864921b7b51a22b5ef,8231,0,8211,25,8211,"PointSourceFinite: -123.900, 42.200",SLAB,0,6.55,8.823826528616418e-07,42.0,8.0,-123.9,42.2,42.0
1868,EVT_00004274,c338c52db8bfac0b3ebf6c6c,3199,1,3160,0,3160,"Cascadia (unsegmented, 1-2-3, bottom)",INTERFACE,972,8.4,6.66441670347842e-07,5.135990294874008,145.0,,,
1869,EVT_00004275,e578048f2df454315e43014e,3199,9,3161,0,3161,"Cascadia (unsegmented, 1-2-3, middle)",INTERFACE,698,8.1,1.000721591214509e-06,5.326020755194772,80.0,,,
1870,EVT_00004277,df440f735348f2634b445a12,8231,0,8211,253,8211,"PointSourceFinite: -124.200, 43.300",SLAB,6,7.15,1.254204235866633e-07,42.0,8.0,-124.2,43.3,42.0
1871,EVT_00004281,cb83297401cbbf6350036471,3199,12,3162,0,3162,"Cascadia (unsegmented, 1-2-3, top)",INTERFACE,308,8.3,7.621950991218317e-07,5.0,70.0,,,
1872,EVT_00004284,9d142d8c772cd19e3f5757bd,8231,0,8211,398,8211,"PointSourceFinite: -123.900, 44.000",SLAB,0,6.55,2.276437834005855e-07,42.0,8.0,-123.9,44.0,42.0
1873,EVT_00004289,89091b2069e7dfb68cab8de3,8231,0,8211,377,8211,"PointSourceFinite: -124.000, 43.900",SLAB,0,6.55,1.7949081300318057e-07,42.0,8.0,-124.0,43.9,42.0
1874,EVT_00004292,2c6f5e88df830179d589b48f,8231,0,8211,714,8211,"PointSourceFinite: -123.200, 45.700",SLAB,1,6.65,5.650739774064188e-07,50.0,8.0,-123.2,45.7,50.0
1875,EVT_00004303,6cbb4707bffb5d73d553a22c,8231,0,8211,152,8211,"PointSourceFinite: -123.800, 42.800",SLAB,1,6.65,5.194060883605159e-07,42.0,8.0,-123.8,42.8,42.0
1876,EVT_00004304,c9c132c2c251659ee4f6321c,8231,0,8211,657,8211,"PointSourceFinite: -123.800, 45.400",SLAB,3,6.85,6.568566039540308e-07,42.0,8.0,-123.8,45.4,42.0
1877,EVT_00004305,79f70b715e1f88cc6f74624b,8231,0,8211,604,8211,"PointSourceFinite: -123.900, 45.100",SLAB,3,6.85,6.864447857058738e-07,42.0,8.0,-123.9,45.1,42.0
1878,EVT_00004306,046ef8ad5f9e4e4a518735b6,3199,12,3162,0,3162,"Cascadia (unsegmented, 1-2-3, top)",INTERFACE,966,8.4,6.756978046582286e-07,5.041834244685912,70.0,,,
1879,EVT_00004308,e4a66a5dc2fa2c45d013af7d,3199,9,3161,0,3161,"Cascadia (unsegmented, 1-2-3, middle)",INTERFACE,155,8.1,6.443298776081463e-07,5.0,80.0,,,
1880,EVT_00004310,fcd7c2ebc56c41dc966eac42,3199,15,3170,0,3170,"Cascadia (unsegmented, 1-2-3-4, bottom)",INTERFACE,602,8.3,3.72023798380894e-07,5.0,155.0,,,
1881,EVT_00004312,701efe0ae2680827fd24208c,8231,0,8211,103,8211,"PointSourceFinite: -122.400, 42.500",SLAB,6,7.15,7.627801287835639e-08,60.0,8.0,-122.4,42.5,60.0
1882,EVT_00004313,801f2283fbf3a7aecc347c5d,3199,10,3171,0,3171,"Cascadia (unsegmented, 1-2-3-4, middle)",INTERFACE,400,8.2,3.591953915401736e-07,5.0,105.0,,,
1883,EVT_00004317,fcec65637feb8e509d18cdec,3199,15,3170,0,3170,"Cascadia (unsegmented, 1-2-3-4, bottom)",INTERFACE,1420,8.0,6.50020652165802e-07,5.0,155.0,,,
1884,EVT_00004320,90458cb5f1bf915dec79b37a,8231,0,8211,656,8211,"PointSourceFinite: -123.900, 45.400",SLAB,1,6.65,7.40925148401457e-07,42.0,8.0,-123.9,45.4,42.0
1885,EVT_00004321,b1f237a32b8dd97480dd870a,8231,0,8211,740,8211,"PointSourceFinite: -122.300, 45.800",SLAB,5,7.05,1.3533429469366685e-07,60.0,8.0,-122.3,45.8,60.0
1886,EVT_00004324,574369b844f5935d06f36c4b,3199,9,3161,0,3161,"Cascadia (unsegmented, 1-2-3, middle)",INTERFACE,2,8.0,6.06796098330002e-07,5.4326842807656845,80.0,,,
1887,EVT_00004326,019142067777635603964767,8231,0,8211,687,8211,"PointSourceFinite: -122.500, 45.500",SLAB,2,6.75,3.208446206209877e-07,50.0,8.0,-122.5,45.5,50.0
1888,EVT_00004328,95b86f9b281ec0c5a6267391,3199,9,3161,0,3161,"Cascadia (unsegmented, 1-2-3, middle)",INTERFACE,210,8.2,6.868131662416505e-07,5.095701808667286,80.0,,,
1889,EVT_00004333,1c0c3748802e9de0b7f8f9ea,8231,0,8211,542,8211,"PointSourceFinite: -122.900, 44.700",SLAB,0,6.55,6.96312892822912e-07,50.0,8.0,-122.9,44.7,50.0
1890,EVT_00004334,40a668f97bcfd6d845a7bb0d,8231,0,8211,181,8211,"PointSourceFinite: -123.000, 42.900",SLAB,6,7.15,1.213135828487526e-07,50.0,8.0,-123.0,42.9,50.0
1891,EVT_00004337,4ff70783b5bb516a7c61320f,3199,10,3171,0,3171,"Cascadia (unsegmented, 1-2-3-4, middle)",INTERFACE,1923,8.3,3.6895798712289013e-07,5.0,105.0,,,
1892,EVT_00004339,65cd0a2a70557bcba66e88cc,8231,0,8211,94,8211,"PointSourceFinite: -123.300, 42.500",SLAB,0,6.55,4.631775094241002e-07,42.0,8.0,-123.3,42.5,42.0
1893,EVT_00004340,2e02673c76f8e2d63418221b,8231,1,8212,58,8212,"PointSourceFinite: -122.700, 42.300",SLAB,0,7.25,9.303794703960785e-09,50.0,8.0,-122.7,42.3,50.0
1894,EVT_00004342,2c1cb88659d3eba57b4e6161,3199,10,3171,0,3171,"Cascadia (unsegmented, 1-2-3-4, middle)",INTERFACE,129,8.0,3.360214953117753e-07,5.0,105.0,,,
1895,EVT_00004343,63cace53883fb8e38171f291,3199,10,3171,0,3171,"Cascadia (unsegmented, 1-2-3-4, middle)",INTERFACE,255,8.1,3.4722221182216775e-07,5.0,105.0,,,
1896,EVT_00004344,13ecaebfbd62e40b5e8a1264,8231,0,8211,141,8211,"PointSourceFinite: -122.800, 42.700",SLAB,4,6.95,1.3340239621340553e-07,50.0,8.0,-122.8,42.7,50.0
1897,EVT_00004345,20f2230c508540c7f99ed49c,8231,0,8211,345,8211,"PointSourceFinite: -123.200, 43.700",SLAB,0,6.55,1.4845291049682564e-07,50.0,8.0,-123.2,43.7,50.0
1898,EVT_00004346,e66876dc95cb438007d11213,8231,0,8211,68,8211,"PointSourceFinite: -123.800, 42.400",SLAB,4,6.95,5.679731118482877e-07,42.0,8.0,-123.8,42.4,42.0
1899,EVT_00004347,b7b08d1564dba1b603f3cefc,3199,9,3161,0,3161,"Cascadia (unsegmented, 1-2-3, middle)",INTERFACE,453,8.5,1.0080644859353255e-06,5.115775521311655,80.0,,,
1900,EVT_00004349,d2a1d5e503aa24fd93ca1a7b,8231,0,8211,593,8211,"PointSourceFinite: -123.200, 45.000",SLAB,0,6.55,9.76360719156049e-07,50.0,8.0,-123.2,45.0,50.0
1901,EVT_00004350,c04f770ee39a3fb7b762572f,8231,0,8211,274,8211,"PointSourceFinite: -124.200, 43.400",SLAB,4,6.95,1.2354351815986186e-07,42.0,8.0,-124.2,43.4,42.0
1902,EVT_00004351,51ac67e8fbdb3ed8dc2d3c3f,8231,0,8211,12,8211,"PointSourceFinite: -123.100, 42.100",SLAB,4,6.95,2.3829236509480162e-07,50.0,8.0,-123.1,42.1,50.0
1903,EVT_00004357,0df2c5f0e0a2df81dc31db19,8231,0,8211,54,8211,"PointSourceFinite: -123.100, 42.300",SLAB,0,6.55,3.5619487692733084e-07,50.0,8.0,-123.1,42.3,50.0
1904,EVT_00004360,ba25e560c2db065d7c825d3c,8231,0,8211,471,8211,"PointSourceFinite: -122.400, 44.300",SLAB,4,6.95,1.841226852586433e-07,60.0,8.0,-122.4,44.3,60.0
1905,EVT_00004363,49e4ffcfea1113995f1f4798,8231,0,8211,511,8211,"PointSourceFinite: -124.100, 44.600",SLAB,5,7.05,3.625249958622565e-07,42.0,8.0,-124.1,44.6,42.0
1906,EVT_00004367,b17772b59251d9d6f7181314,3199,9,3161,0,3161,"Cascadia (unsegmented, 1-2-3, middle)",INTERFACE,865,8.2,8.473124973075812e-07,5.0,80.0,,,
1907,EVT_00004371,f774f51f3bc66348df96bc80,8231,0,8211,196,8211,"PointSourceFinite: -123.600, 43.000",SLAB,0,6.55,3.507299673121379e-07,42.0,8.0,-123.6,43.0,42.0
1908,EVT_00004375,cd848c84576bed4dd835d370,8231,0,8211,537,8211,"PointSourceFinite: -123.400, 44.700",SLAB,1,6.65,8.166972702437363e-07,42.0,8.0,-123.4,44.7,42.0
1909,EVT_00004378,cb48ab3e4b95e286f80bfe1d,8231,0,8211,517,8211,"PointSourceFinite: -123.500, 44.600",SLAB,3,6.85,6.13610307116592e-07,42.0,8.0,-123.5,44.6,42.0
1910,EVT_00004379,3d2222bec5ea654c944c0404,8231,0,8211,511,8211,"PointSourceFinite: -124.100, 44.600",SLAB,0,6.55,5.74563398039084e-07,42.0,8.0,-124.1,44.6,42.0
1911,EVT_00004380,38d9fef2dea301e1f189c191,3199,10,3171,0,3171,"Cascadia (unsegmented, 1-2-3-4, middle)",INTERFACE,1318,8.0,6.57010121543929e-07,5.0,105.0,,,
1912,EVT_00004381,a8433ec214a37a546f714173,8231,0,8211,641,8211,"PointSourceFinite: -123.700, 45.300",SLAB,3,6.85,7.304990793645561e-07,42.0,8.0,-123.7,45.3,42.0
1913,EVT_00004384,0041cea2b8785df0e3cc4284,3199,9,3161,0,3161,"Cascadia (unsegmented, 1-2-3, middle)",INTERFACE,688,8.0,1.1864454622055416e-06,5.0,80.0,,,
1914,EVT_00004386,c7208883090abbff0da504b0,8231,0,8211,722,8211,"PointSourceFinite: -122.400, 45.700",SLAB,0,6.55,2.733646499382084e-07,60.0,8.0,-122.4,45.7,60.0
1915,EVT_00004387,852ba38491b46b949d5837d5,8231,0,8211,89,8211,"PointSourceFinite: -123.800, 42.500",SLAB,5,7.05,4.941697421502586e-07,42.0,8.0,-123.8,42.5,42.0
1916,EVT_00004388,e3cc5fe7d24ad2e00cdfef2d,8231,0,8211,315,8211,"PointSourceFinite: -124.200, 43.600",SLAB,5,7.05,8.82528908038419e-08,42.0,8.0,-124.2,43.6,42.0
1917,EVT_00004390,ed9845a600ebb264fc3374d0,8231,0,8211,568,8211,"PointSourceFinite: -123.900, 44.900",SLAB,2,6.75,7.22878825467485e-07,42.0,8.0,-123.9,44.9,42.0
1918,EVT_00004391,4f09f03f2e77045df81837af,8231,0,8211,688,8211,"PointSourceFinite: -122.400, 45.500",SLAB,3,6.85,2.550263947272241e-07,60.0,8.0,-122.4,45.5,60.0
1919,EVT_00004394,f85303e88375325e7f5f106c,8231,0,8211,598,8211,"PointSourceFinite: -122.700, 45.000",SLAB,0,6.55,6.30289308671726e-07,50.0,8.0,-122.7,45.0,50.0
1920,EVT_00004395,8a5bc13f4932a7b0ee0ecad1,8231,0,8211,492,8211,"PointSourceFinite: -124.100, 44.500",SLAB,3,6.85,3.828542588436309e-07,42.0,8.0,-124.1,44.5,42.0
1921,EVT_00004400,b04df9b10a0730eaf0922174,8231,0,8211,670,8211,"PointSourceFinite: -122.500, 45.400",SLAB,3,6.85,3.174482157767541e-07,50.0,8.0,-122.5,45.4,50.0
1922,EVT_00004401,212bcd9c4213dfe1205c3a87,3199,1,3160,0,3160,"Cascadia (unsegmented, 1-2-3, bottom)",INTERFACE,943,8.3,7.379159742457803e-07,5.0,145.0,,,
1923,EVT_00004406,b1c7bfb94fec9052f4d85332,3199,1,3160,0,3160,"Cascadia (unsegmented, 1-2-3, bottom)",INTERFACE,316,8.3,7.530120256384362e-07,5.0,145.0,,,
1924,EVT_00004410,ffa14c8f997cb0a041c5fc5c,8231,0,8211,610,8211,"PointSourceFinite: -123.300, 45.100",SLAB,1,6.65,9.315981420093932e-07,42.0,8.0,-123.3,45.1,42.0
1925,EVT_00004411,bac795e544af84c5a328d14b,3199,9,3161,0,3161,"Cascadia (unsegmented, 1-2-3, middle)",INTERFACE,898,8.3,7.379159742457803e-07,5.019248623015571,80.0,,,
1926,EVT_00004416,90e90fbc829b393772ba1c15,8231,0,8211,332,8211,"PointSourceFinite: -122.500, 43.600",SLAB,4,6.95,7.990137869827014e-08,50.0,8.0,-122.5,43.6,50.0
1927,EVT_00004417,8b4c74b476e19975d1c8be6c,8231,0,8211,147,8211,"PointSourceFinite: -124.300, 42.800",SLAB,2,6.75,5.051642906544223e-07,42.0,8.0,-124.3,42.8,42.0
1928,EVT_00004421,2f2d535c8ab21f2c567e5b14,3199,1,3160,0,3160,"Cascadia (unsegmented, 1-2-3, bottom)",INTERFACE,662,8.0,1.1864454622055416e-06,5.0,145.0,,,
1929,EVT_00004423,62ba80414f8a1f3892ebab10,8231,0,8211,20,8211,"PointSourceFinite: -122.300, 42.100",SLAB,5,7.05,7.792700295168265e-08,60.0,8.0,-122.3,42.1,60.0
1930,EVT_00004426,ef1a0abc5d24edb410f173f0,8231,0,8211,442,8211,"PointSourceFinite: -123.400, 44.200",SLAB,3,6.85,3.124188726185598e-07,42.0,8.0,-123.4,44.2,42.0
1931,EVT_00004427,fdd02394c1d90749e3f60a43,3199,1,3160,0,3160,"Cascadia (unsegmented, 1-2-3, bottom)",INTERFACE,903,8.3,7.379159742457803e-07,5.0,145.0,,,
1932,EVT_00004428,7ccb680813b32bfd942a817e,8231,0,8211,759,8211,"PointSourceFinite: -123.600, 46.000",SLAB,3,6.85,2.867655388574025e-07,42.0,8.0,-123.6,46.0,42.0
1933,EVT_00004429,28add84dc342654a124f8d82,8231,0,8211,641,8211,"PointSourceFinite: -123.700, 45.300",SLAB,2,6.75,8.009763128259058e-07,42.0,8.0,-123.7,45.3,42.0
1934,EVT_00004430,81ec745790acb94a607d77ff,3199,10,3171,0,3171,"Cascadia (unsegmented, 1-2-3-4, middle)",INTERFACE,1393,8.0,6.57010121543929e-07,5.0,105.0,,,
1935,EVT_00004432,64a3d1b954b91ddf92d85a3b,8231,1,8212,679,8212,"PointSourceFinite: -123.300, 45.500",SLAB,0,7.25,4.1173085989516414e-08,42.0,8.0,-123.3,45.5,42.0
1936,EVT_00004433,a3730e057dde396316746cbb,8231,0,8211,714,8211,"PointSourceFinite: -123.200, 45.700",SLAB,2,6.75,5.153535924326104e-07,50.0,8.0,-123.2,45.7,50.0
1937,EVT_00004438,339235ca392744cb70e3e46c,8231,0,8211,459,8211,"PointSourceFinite: -123.600, 44.300",SLAB,6,7.15,2.840234272661459e-07,42.0,8.0,-123.6,44.3,42.0
1938,EVT_00004440,b04a52f2d1c5eecbbe55ab5b,3199,9,3161,0,3161,"Cascadia (unsegmented, 1-2-3, middle)",INTERFACE,176,8.1,6.443298776081463e-07,5.0,80.0,,,
1939,EVT_00004441,86fd152989210f82b9d24183,8231,0,8211,725,8211,"PointSourceFinite: -123.800, 45.800",SLAB,4,6.95,3.6465762906887306e-07,42.0,8.0,-123.8,45.8,42.0
1940,EVT_00004442,276a54172dcf07840aa20665,8231,0,8211,572,8211,"PointSourceFinite: -123.500, 44.900",SLAB,4,6.95,7.048895704117573e-07,42.0,8.0,-123.5,44.9,42.0
1941,EVT_00004444,f46e61b2b231d2a58d3ffebf,8231,0,8211,156,8211,"PointSourceFinite: -123.400, 42.800",SLAB,2,6.75,3.3308695783984333e-07,42.0,8.0,-123.4,42.8,42.0
1942,EVT_00004446,76b12bd241f4170e2b967549,8231,0,8211,392,8211,"PointSourceFinite: -122.500, 43.900",SLAB,2,6.75,1.290882444725143e-07,50.0,8.0,-122.5,43.9,50.0
1943,EVT_00004447,5c4db1285cd6c13698dc9fbb,8231,0,8211,574,8211,"PointSourceFinite: -123.300, 44.900",SLAB,6,7.15,5.709602880922849e-07,42.0,8.0,-123.3,44.9,42.0
1944,EVT_00004452,c146645e1f0f6ed8451aaa41,8231,0,8211,673,8211,"PointSourceFinite: -123.900, 45.500",SLAB,4,6.95,5.16827142289114e-07,42.0,8.0,-123.9,45.5,42.0
1945,EVT_00004457,ed950e38b69af447d1175efe,3199,9,3161,0,3161,"Cascadia (unsegmented, 1-2-3, middle)",INTERFACE,563,8.7,1.8382352390585351e-06,5.0966589520437084,80.0,,,
1946,EVT_00004458,28468dd6340fbfd8be690382,8231,0,8211,656,8211,"PointSourceFinite: -123.900, 45.400",SLAB,4,6.95,5.62049202352515e-07,42.0,8.0,-123.9,45.4,42.0
1947,EVT_00004462,9d0bdd2ba6d9ac3a0ea3f715,8231,0,8211,511,8211,"PointSourceFinite: -124.100, 44.600",SLAB,3,6.85,4.35850909185016e-07,42.0,8.0,-124.1,44.6,42.0
1948,EVT_00004464,3bc2f18c768626c2de773518,3199,1,3160,0,3160,"Cascadia (unsegmented, 1-2-3, bottom)",INTERFACE,198,8.1,6.443298776081463e-07,5.0,145.0,,,
1949,EVT_00004468,c17778aa773d7b23bbf578e4,8231,0,8211,314,8211,"PointSourceFinite: -122.300, 43.500",SLAB,3,6.85,8.177683040907793e-08,60.0,8.0,-122.3,43.5,60.0
1950,EVT_00004472,ec75a660dccd72569374d32b,3199,1,3160,0,3160,"Cascadia (unsegmented, 1-2-3, bottom)",INTERFACE,835,8.2,8.473124973075812e-07,5.0,145.0,,,
1951,EVT_00004480,77d1af8189b78bde639387c9,8231,0,8211,63,8211,"PointSourceFinite: -124.300, 42.400",SLAB,5,7.05,5.640378683436114e-07,42.0,8.0,-124.3,42.4,42.0
1952,EVT_00004483,7c1e5b97fca5bb35bd9e88eb,8231,0,8211,419,8211,"PointSourceFinite: -123.800, 44.100",SLAB,4,6.95,2.055777233669277e-07,42.0,8.0,-123.8,44.1,42.0
1953,EVT_00004484,f24a33953bff0c29897acff6,3199,10,3171,0,3171,"Cascadia (unsegmented, 1-2-3-4, middle)",INTERFACE,1704,8.2,4.431346968677581e-07,5.0,105.0,,,
1954,EVT_00004485,901869a0584839929005c794,3199,12,3162,0,3162,"Cascadia (unsegmented, 1-2-3, top)",INTERFACE,986,8.4,6.756978046582286e-07,5.0,70.0,,,
1955,EVT_00004490,d0cdca25c11236c4a0fb3d95,3199,9,3161,0,3161,"Cascadia (unsegmented, 1-2-3, middle)",INTERFACE,511,8.6,1.275510165877351e-06,5.164121623738708,80.0,,,
1956,EVT_00004495,d8453b17ed47baa8d1da9c2d,8231,0,8211,684,8211,"PointSourceFinite: -122.800, 45.500",SLAB,1,6.65,5.141665101061073e-07,50.0,8.0,-122.8,45.5,50.0
1957,EVT_00004496,6be9e645a118a1c662c8444a,3199,9,3161,0,3161,"Cascadia (unsegmented, 1-2-3, middle)",INTERFACE,567,8.7,1.8382352390585351e-06,5.051331466136748,80.0,,,
1958,EVT_00004498,6e7499bf74ff28525bc3d36a,8231,0,8211,304,8211,"PointSourceFinite: -123.300, 43.500",SLAB,0,6.55,1.381381367989238e-07,42.0,8.0,-123.3,43.5,42.0
1959,EVT_00004499,6eb761dab58349e5ac40d1fc,3199,10,3171,0,3171,"Cascadia (unsegmented, 1-2-3-4, middle)",INTERFACE,329,8.1,3.4722221182216775e-07,5.0,105.0,,,
1960,EVT_00004501,a048fdb6e7da9220623e6ea9,3199,1,3160,0,3160,"Cascadia (unsegmented, 1-2-3, bottom)",INTERFACE,445,8.4,8.56164357917674e-07,5.0,145.0,,,
1961,EVT_00004506,f58198152938c158d9cfa776,3199,15,3170,0,3170,"Cascadia (unsegmented, 1-2-3-4, bottom)",INTERFACE,1362,8.0,6.50020652165802e-07,5.0,155.0,,,
1962,EVT_00004510,950704ac281f86c76d774b3e,8231,0,8211,721,8211,"PointSourceFinite: -122.500, 45.700",SLAB,1,6.65,2.8320369768906084e-07,50.0,8.0,-122.5,45.7,50.0
1963,EVT_00004511,01b0d26b1a1a6e5f8cacb3c3,8231,0,8211,50,8211,"PointSourceFinite: -123.500, 42.300",SLAB,4,6.95,4.409256298941234e-07,42.0,8.0,-123.5,42.3,42.0
1964,EVT_00004513,cde576ee926dc4e033e61c09,8231,0,8211,616,8211,"PointSourceFinite: -122.700, 45.100",SLAB,1,6.65,5.698675843497821e-07,50.0,8.0,-122.7,45.1,50.0
1965,EVT_00004514,b824238837b82dd5d39fb2e9,8231,0,8211,713,8211,"PointSourceFinite: -123.300, 45.700",SLAB,1,6.65,5.909912657278474e-07,42.0,8.0,-123.3,45.7,42.0
1966,EVT_00004520,8996af9b0c61c2981d0667a9,3199,10,3171,0,3171,"Cascadia (unsegmented, 1-2-3-4, middle)",INTERFACE,312,8.1,3.4722221182216775e-07,5.0,105.0,,,
1967,EVT_00004521,10d49b82f91292c0a6d2e58d,8231,0,8211,29,8211,"PointSourceFinite: -123.500, 42.200",SLAB,1,6.65,5.77823623671988e-07,42.0,8.0,-123.5,42.2,42.0
1968,EVT_00004523,4224754777b2eb5ff95ee615,8231,0,8211,653,8211,"PointSourceFinite: -122.500, 45.300",SLAB,1,6.65,4.06847004465637e-07,50.0,8.0,-122.5,45.3,50.0
1969,EVT_00004525,12060bc535ad2e8f07c0c412,3199,9,3161,0,3161,"Cascadia (unsegmented, 1-2-3, middle)",INTERFACE,509,8.6,1.275510165877351e-06,5.203196231857743,80.0,,,
1970,EVT_00004527,0de75b2f735158529ece0de7,3199,0,3172,0,3172,"Cascadia (unsegmented, 1-2-3-4, top)",INTERFACE,1450,8.1,5.484180471627536e-07,5.0,85.0,,,
1971,EVT_00004528,2172c2736eba732b01e91f52,8231,0,8211,555,8211,"PointSourceFinite: -123.400, 44.800",SLAB,3,6.85,7.319847956464983e-07,42.0,8.0,-123.4,44.8,42.0
1972,EVT_00004533,7001a07975f09e42e34e696d,3199,15,3170,0,3170,"Cascadia (unsegmented, 1-2-3-4, bottom)",INTERFACE,1192,8.7,5.252100683024388e-07,5.0,155.0,,,
1973,EVT_00004535,0e693bc6fe66c64b25797ce7,8231,0,8211,73,8211,"PointSourceFinite: -123.300, 42.400",SLAB,6,7.15,2.7684220096690804e-07,42.0,8.0,-123.3,42.4,42.0
1974,EVT_00004540,3e012fc679f2528fde50b237,8231,0,8211,648,8211,"PointSourceFinite: -123.000, 45.300",SLAB,4,6.95,5.539920228452804e-07,50.0,8.0,-123.0,45.3,50.0
1975,EVT_00004547,64a438ee2e3a8d2c13f1f951,8231,0,8211,134,8211,"PointSourceFinite: -123.500, 42.700",SLAB,3,6.85,3.8530377958518027e-07,42.0,8.0,-123.5,42.7,42.0
1976,EVT_00004549,7d659061e1b17d820a56881a,3199,10,3171,0,3171,"Cascadia (unsegmented, 1-2-3-4, middle)",INTERFACE,153,8.0,3.360214953117753e-07,5.0,105.0,,,
1977,EVT_00004551,e264f800a73807f7eff52c25,8231,0,8211,67,8211,"PointSourceFinite: -123.900, 42.400",SLAB,5,7.05,5.461400057315999e-07,42.0,8.0,-123.9,42.4,42.0
1978,EVT_00004552,d5bc1f1b96427d389ae8ab67,3199,1,3160,0,3160,"Cascadia (unsegmented, 1-2-3, bottom)",INTERFACE,128,8.1,6.443298776081463e-07,5.0,145.0,,,
1979,EVT_00004553,ea6dc77cec2ba2b2ccb44a1d,8231,0,8211,537,8211,"PointSourceFinite: -123.400, 44.700",SLAB,4,6.95,6.195282347944471e-07,42.0,8.0,-123.4,44.7,42.0
1980,EVT_00004554,6e4088b29cbf384292e8d89a,3199,1,3160,0,3160,"Cascadia (unsegmented, 1-2-3, bottom)",INTERFACE,485,8.5,1.0080644859353255e-06,5.0,145.0,,,
1981,EVT_00004555,d58fa3d9ad95e27a1e5276d8,3199,1,3160,0,3160,"Cascadia (unsegmented, 1-2-3, bottom)",INTERFACE,832,8.2,8.473124973075812e-07,5.0,145.0,,,
1982,EVT_00004560,af7f3a81f7615f381a4fa14a,8231,0,8211,130,8211,"PointSourceFinite: -123.900, 42.700",SLAB,2,6.75,5.700518291705831e-07,42.0,8.0,-123.9,42.7,42.0
1983,EVT_00004561,1c3c4b1d1ce03a1432af91a6,3199,9,3161,0,3161,"Cascadia (unsegmented, 1-2-3, middle)",INTERFACE,1006,8.4,6.66441670347842e-07,5.0,80.0,,,
1984,EVT_00004562,0a6ddd9cb0c13b74afc1757e,8231,0,8211,417,8211,"PointSourceFinite: -124.000, 44.100",SLAB,3,6.85,2.0003983672582642e-07,42.0,8.0,-124.0,44.1,42.0
1985,EVT_00004564,60e243ee0e14f63898e1ff5c,3199,9,3161,0,3161,"Cascadia (unsegmented, 1-2-3, middle)",INTERFACE,286,8.2,6.868131662416505e-07,5.0,80.0,,,
1986,EVT_00004566,0403dda344e066ad71743184,3199,12,3162,0,3162,"Cascadia (unsegmented, 1-2-3, top)",INTERFACE,390,8.4,8.680555295554194e-07,5.0,70.0,,,
1987,EVT_00004567,9fa84476f17f21c3f51d9098,8231,0,8211,172,8211,"PointSourceFinite: -123.900, 42.900",SLAB,5,7.05,3.1795146438715777e-07,42.0,8.0,-123.9,42.9,42.0
1988,EVT_00004568,c92056cab3f7d6550f1deed7,3199,1,3160,0,3160,"Cascadia (unsegmented, 1-2-3, bottom)",INTERFACE,1123,8.6,6.264536216300861e-07,5.0,145.0,,,
1989,EVT_00004569,7c5eba42364a68af8a23839e,8231,0,8211,166,8211,"PointSourceFinite: -122.400, 42.800",SLAB,3,6.85,9.38937312516535e-08,60.0,8.0,-122.4,42.8,60.0
1990,EVT_00004570,240b79a17ae61aaf13817ed9,8231,0,8211,442,8211,"PointSourceFinite: -123.400, 44.200",SLAB,4,6.95,2.849293982474797e-07,42.0,8.0,-123.4,44.2,42.0
1991,EVT_00004571,d19f84e81cdfff8d05652858,8231,0,8211,698,8211,"PointSourceFinite: -123.100, 45.600",SLAB,2,6.75,5.556422434677312e-07,50.0,8.0,-123.1,45.6,50.0
1992,EVT_00004583,ab6785ee7b97e496838e4e75,3199,9,3161,0,3161,"Cascadia (unsegmented, 1-2-3, middle)",INTERFACE,851,8.2,8.473124973075812e-07,5.0,80.0,,,
1993,EVT_00004584,eab2caea91b405ec8653507a,8231,0,8211,568,8211,"PointSourceFinite: -123.900, 44.900",SLAB,1,6.65,7.926208705786924e-07,42.0,8.0,-123.9,44.9,42.0
1994,EVT_00004587,79078e588116923f00d93315,8231,0,8211,560,8211,"PointSourceFinite: -122.900, 44.800",SLAB,1,6.65,6.756578784522705e-07,50.0,8.0,-122.9,44.8,50.0
1995,EVT_00004592,5f2b43b33157c6c5960df293,8231,0,8211,585,8211,"PointSourceFinite: -124.000, 45.000",SLAB,0,6.55,8.269525256499929e-07,42.0,8.0,-124.0,45.0,42.0
1996,EVT_00004593,0e732c4b07a2ca8d040cb9fc,8231,0,8211,511,8211,"PointSourceFinite: -124.100, 44.600",SLAB,1,6.65,5.240080469088087e-07,42.0,8.0,-124.1,44.6,42.0
1997,EVT_00004598,d47cd3a8e568a0d51b3efe3c,8231,0,8211,133,8211,"PointSourceFinite: -123.600, 42.700",SLAB,1,6.65,5.123633898643695e-07,42.0,8.0,-123.6,42.7,42.0
1998,EVT_00004603,9c232a97d6b3d84efe85974b,3199,12,3162,0,3162,"Cascadia (unsegmented, 1-2-3, top)",INTERFACE,1080,8.5,6.335124720565497e-07,5.0,70.0,,,
1999,EVT_00004606,a7b5b294885780a69c6f98e1,8231,0,8211,533,8211,"PointSourceFinite: -123.800, 44.700",SLAB,1,6.65,7.401862087842171e-07,42.0,8.0,-123.8,44.7,42.0
2000,EVT_00004608,2220031f4b1e4f1c6084057d,8231,0,8211,220,8211,"PointSourceFinite: -123.300, 43.100",SLAB,2,6.75,1.8547974023258482e-07,42.0,8.0,-123.3,43.1,42.0
2001,EVT_00004609,2a54dc2aa33011b4704e44aa,8231,0,8211,671,8211,"PointSourceFinite: -122.400, 45.400",SLAB,5,7.05,2.29599789640656e-07,60.0,8.0,-122.4,45.4,60.0
2002,EVT_00004611,4e5b5552311ff399a8c4d2b5,8231,0,8211,273,8211,"PointSourceFinite: -124.300, 43.400",SLAB,5,7.05,1.1104021982623349e-07,42.0,8.0,-124.3,43.4,42.0
2003,EVT_00004612,472b30570734c065616626df,8231,0,8211,646,8211,"PointSourceFinite: -123.200, 45.300",SLAB,2,6.75,7.674322832522863e-07,50.0,8.0,-123.2,45.3,50.0
2004,EVT_00004616,e7a140de7cbad2734378de55,8231,0,8211,678,8211,"PointSourceFinite: -123.400, 45.500",SLAB,4,6.95,5.924096210393917e-07,42.0,8.0,-123.4,45.5,42.0
2005,EVT_00004617,6ebc1c6a5643fdce730f7266,8231,0,8211,771,8211,"PointSourceFinite: -122.400, 46.000",SLAB,0,6.55,1.832844950052509e-07,60.0,8.0,-122.4,46.0,60.0
2006,EVT_00004620,b4ed2804f0c7dafda00ab551,3199,12,3162,0,3162,"Cascadia (unsegmented, 1-2-3, top)",INTERFACE,413,8.4,8.680555295554194e-07,5.0,70.0,,,
2007,EVT_00004622,cf9e817f1f755017bf85f7bf,3199,15,3170,0,3170,"Cascadia (unsegmented, 1-2-3-4, bottom)",INTERFACE,554,8.3,3.72023798380894e-07,5.133858048549722,155.0,,,
2008,EVT_00004623,170b6182743e44f3f01cf9bb,8231,0,8211,798,8211,"PointSourceFinite: -122.900, 46.200",SLAB,6,7.15,1.1334107760787905e-07,50.0,8.0,-122.9,46.2,50.0
2009,EVT_00004625,beb702e29659b3791a117587,8231,0,8211,614,8211,"PointSourceFinite: -122.900, 45.100",SLAB,0,6.55,7.792061965560924e-07,50.0,8.0,-122.9,45.1,50.0
2010,EVT_00004626,3b8a7c5a2993d2239f83f580,8231,0,8211,600,8211,"PointSourceFinite: -122.500, 45.000",SLAB,0,6.55,4.885789203656654e-07,50.0,8.0,-122.5,45.0,50.0
2011,EVT_00004628,5a0be97580b6e5eb27b288de,8231,0,8211,157,8211,"PointSourceFinite: -123.300, 42.800",SLAB,0,6.55,3.539461151967289e-07,42.0,8.0,-123.3,42.8,42.0
2012,EVT_00004630,9dee963809a14f9b2ab462a2,8231,0,8211,815,8211,"PointSourceFinite: -122.800, 46.300",SLAB,1,6.65,1.423343076122922e-07,50.0,8.0,-122.8,46.3,50.0
2013,EVT_00004631,1c860477d839591e0ba34092,8231,0,8211,631,8211,"PointSourceFinite: -123.000, 45.200",SLAB,0,6.55,8.351652593998662e-07,50.0,8.0,-123.0,45.2,50.0
2014,EVT_00004632,25ef78cee698d47b2ed26464,3199,9,3161,0,3161,"Cascadia (unsegmented, 1-2-3, middle)",INTERFACE,782,8.1,1.000721591214509e-06,5.0,80.0,,,
2015,EVT_00004637,9a91d761c7e77bb4c37cd79a,3199,1,3160,0,3160,"Cascadia (unsegmented, 1-2-3, bottom)",INTERFACE,378,8.4,8.56164357917674e-07,5.178439471962657,145.0,,,
2016,EVT_00004643,53649696acd569a1175c4f59,8231,0,8211,555,8211,"PointSourceFinite: -123.400, 44.800",SLAB,0,6.55,9.649438893818314e-07,42.0,8.0,-123.4,44.8,42.0
2017,EVT_00004649,2428cb319fe535dc0bc9cd9f,8231,0,8211,320,8211,"PointSourceFinite: -123.700, 43.600",SLAB,2,6.75,1.2122591081448125e-07,42.0,8.0,-123.7,43.6,42.0
2018,EVT_00004650,cf8e1af8c68354bfba7005e9,8231,0,8211,215,8211,"PointSourceFinite: -123.800, 43.100",SLAB,6,7.15,1.855730482633868e-07,42.0,8.0,-123.8,43.1,42.0
2019,EVT_00004655,ceb9d2561819b1ff20d1dc2b,8231,0,8211,484,8211,"PointSourceFinite: -123.000, 44.400",SLAB,4,6.95,3.66145425296346e-07,50.0,8.0,-123.0,44.4,50.0
2020,EVT_00004657,1d8c3f495af2c0da22492a8b,8231,0,8211,678,8211,"PointSourceFinite: -123.400, 45.500",SLAB,0,6.55,8.562924268228602e-07,42.0,8.0,-123.4,45.5,42.0
2021,EVT_00004660,27342b3dff51e01fa237926d,3199,10,3171,0,3171,"Cascadia (unsegmented, 1-2-3-4, middle)",INTERFACE,2038,8.4,3.118605252268748e-07,5.0,105.0,,,
2022,EVT_00004663,100d2a76bcbc79707660da38,8231,0,8211,35,8211,"PointSourceFinite: -122.900, 42.200",SLAB,0,6.55,2.536541402230233e-07,50.0,8.0,-122.9,42.2,50.0
2023,EVT_00004665,7418ac20b649698b6f27c717,8231,0,8211,686,8211,"PointSourceFinite: -122.600, 45.500",SLAB,2,6.75,3.6675786413456587e-07,50.0,8.0,-122.6,45.5,50.0
2024,EVT_00004667,a4281944155ec5649be3abae,8231,0,8211,216,8211,"PointSourceFinite: -123.700, 43.100",SLAB,2,6.75,2.550249394433395e-07,42.0,8.0,-123.7,43.1,42.0
2025,EVT_00004671,432060fc4e3a2a566ff8d2ba,8231,0,8211,481,8211,"PointSourceFinite: -123.300, 44.400",SLAB,3,6.85,4.558765430194824e-07,42.0,8.0,-123.3,44.4,42.0
2026,EVT_00004674,0c3b78cd37610d629de61342,8231,0,8211,138,8211,"PointSourceFinite: -123.100, 42.700",SLAB,1,6.65,2.7204431800081864e-07,50.0,8.0,-123.1,42.7,50.0
2027,EVT_00004677,d42d123443d74dda4ef85807,8231,0,8211,86,8211,"PointSourceFinite: -124.100, 42.500",SLAB,6,7.15,4.981759829489051e-07,42.0,8.0,-124.1,42.5,42.0
2028,EVT_00004678,86b91f4ef129315f2b9d0ea3,8231,0,8211,438,8211,"PointSourceFinite: -123.800, 44.200",SLAB,3,6.85,2.8021583118307894e-07,42.0,8.0,-123.8,44.2,42.0
2029,EVT_00004679,04aa3f6425e6ed208bd2afbd,8231,0,8211,627,8211,"PointSourceFinite: -123.400, 45.200",SLAB,1,6.65,9.400462230927114e-07,42.0,8.0,-123.4,45.2,42.0
2030,EVT_00004683,4936e21e48c3900ddb1cb055,3199,12,3162,0,3162,"Cascadia (unsegmented, 1-2-3, top)",INTERFACE,1005,8.4,6.756978046582286e-07,5.0,70.0,,,
2031,EVT_00004688,a652f3999fd294bada61b06e,8231,1,8212,481,8212,"PointSourceFinite: -123.300, 44.400",SLAB,2,7.45,2.055800675926305e-08,42.0,8.0,-123.3,44.4,42.0
2032,EVT_00004695,94f858be183f375230fbfdb7,8231,0,8211,727,8211,"PointSourceFinite: -123.600, 45.800",SLAB,0,6.55,5.646196517566226e-07,42.0,8.0,-123.6,45.8,42.0
2033,EVT_00004697,75620c886720a7510d7bbb42,8231,0,8211,367,8211,"PointSourceFinite: -123.000, 43.800",SLAB,6,7.15,9.417806552327773e-08,50.0,8.0,-123.0,43.8,50.0
2034,EVT_00004701,e1d465085e78dc48efaebf56,8231,0,8211,647,8211,"PointSourceFinite: -123.100, 45.300",SLAB,6,7.15,4.986737623756916e-07,50.0,8.0,-123.1,45.3,50.0
2035,EVT_00004703,e49c5348b031b1b94d613901,8231,0,8211,557,8211,"PointSourceFinite: -123.200, 44.800",SLAB,1,6.65,8.307452788441308e-07,50.0,8.0,-123.2,44.8,50.0
2036,EVT_00004704,da5da5481f0740902cf59d04,8231,0,8211,142,8211,"PointSourceFinite: -122.700, 42.700",SLAB,2,6.75,1.4108356532573272e-07,50.0,8.0,-122.7,42.7,50.0
2037,EVT_00004713,a9c1fb42f372dd1f2beb3c1f,3199,10,3171,0,3171,"Cascadia (unsegmented, 1-2-3-4, middle)",INTERFACE,1341,8.0,6.57010121543929e-07,5.0,105.0,,,
2038,EVT_00004717,ba48abbdae94340621aa8986,8231,0,8211,43,8211,"PointSourceFinite: -124.200, 42.300",SLAB,4,6.95,6.44734620268105e-07,42.0,8.0,-124.2,42.3,42.0
2039,EVT_00004719,519b9eca412680b44abc372d,8231,0,8211,504,8211,"PointSourceFinite: -122.900, 44.500",SLAB,6,7.15,3.272923524499444e-07,50.0,8.0,-122.9,44.5,50.0
2040,EVT_00004721,4072dc3ce171379cbbb39009,3199,1,3160,0,3160,"Cascadia (unsegmented, 1-2-3, bottom)",INTERFACE,924,8.3,7.379159742457803e-07,5.0,145.0,,,
2041,EVT_00004727,eb14e9aa4d4bf96a5a67541e,8231,0,8211,569,8211,"PointSourceFinite: -123.800, 44.900",SLAB,2,6.75,7.717345744881759e-07,42.0,8.0,-123.8,44.9,42.0
2042,EVT_00004728,5cd9f147724665ba812cd476,8231,0,8211,568,8211,"PointSourceFinite: -123.900, 44.900",SLAB,5,7.05,5.483596664630692e-07,42.0,8.0,-123.9,44.9,42.0
2043,EVT_00004729,fb3e727fa91d9b72f941c889,8231,0,8211,598,8211,"PointSourceFinite: -122.700, 45.000",SLAB,5,7.05,3.976856684537689e-07,50.0,8.0,-122.7,45.0,50.0
2044,EVT_00004731,ca4a8418044227da93f6f24a,8231,0,8211,401,8211,"PointSourceFinite: -123.600, 44.000",SLAB,1,6.65,2.333624368268181e-07,42.0,8.0,-123.6,44.0,42.0
2045,EVT_00004733,4455bf8ff7cdfb8e92307833,8231,0,8211,157,8211,"PointSourceFinite: -123.300, 42.800",SLAB,3,6.85,2.6849558575693466e-07,42.0,8.0,-123.3,42.8,42.0
2046,EVT_00004734,771335570aacb9f24394a565,8231,0,8211,734,8211,"PointSourceFinite: -122.900, 45.800",SLAB,3,6.85,3.198174498731916e-07,50.0,8.0,-122.9,45.8,50.0
2047,EVT_00004737,9489efd03b261022f45b0237,8231,0,8211,499,8211,"PointSourceFinite: -123.400, 44.500",SLAB,1,6.65,6.489375143667466e-07,42.0,8.0,-123.4,44.5,42.0
2048,EVT_00004742,e748fa62d7032c7e2e9fd642,8231,0,8211,586,8211,"PointSourceFinite: -123.900, 45.000",SLAB,5,7.05,5.658548497665914e-07,42.0,8.0,-123.9,45.0,42.0
2049,EVT_00004748,e7bdbdd00164320e5525f974,8231,0,8211,538,8211,"PointSourceFinite: -123.300, 44.700",SLAB,3,6.85,6.669872370247737e-07,42.0,8.0,-123.3,44.7,42.0
2050,EVT_00004749,9c935d899bec2611c0866d4a,8231,0,8211,187,8211,"PointSourceFinite: -122.400, 42.900",SLAB,4,6.95,8.296179769114159e-08,60.0,8.0,-122.4,42.9,60.0
2051,EVT_00004759,3e6ccea09907baa5d9bb4dba,8231,0,8211,668,8211,"PointSourceFinite: -122.700, 45.400",SLAB,0,6.55,5.449300212482477e-07,50.0,8.0,-122.7,45.4,50.0
2052,EVT_00004760,2f27003bb4b7527192f16c58,8231,0,8211,741,8211,"PointSourceFinite: -123.800, 45.900",SLAB,2,6.75,3.634539505939794e-07,42.0,8.0,-123.8,45.9,42.0
2053,EVT_00004761,4044ab889ab78152d05e6076,3199,12,3162,0,3162,"Cascadia (unsegmented, 1-2-3, top)",INTERFACE,763,8.1,1.011145774456327e-06,5.0,70.0,,,
2054,EVT_00004762,553988c6ca862b6341b17588,8231,0,8211,644,8211,"PointSourceFinite: -123.400, 45.300",SLAB,0,6.55,9.921475021687255e-07,42.0,8.0,-123.4,45.3,42.0
2055,EVT_00004763,a8df95db000dc7e33f7aa423,8231,0,8211,504,8211,"PointSourceFinite: -122.900, 44.500",SLAB,4,6.95,3.9349195507283537e-07,50.0,8.0,-122.9,44.5,50.0
2056,EVT_00004764,09a9f2e898fe648286b03460,8231,0,8211,704,8211,"PointSourceFinite: -122.500, 45.600",SLAB,1,6.65,3.184656401469189e-07,50.0,8.0,-122.5,45.6,50.0
2057,EVT_00004767,28e6baee3f33d522870487c3,3199,1,3160,0,3160,"Cascadia (unsegmented, 1-2-3, bottom)",INTERFACE,526,8.6,1.275510165877351e-06,5.00390987275604,145.0,,,
2058,EVT_00004772,aa3a4b73f9d594f07bce0262,8231,0,8211,87,8211,"PointSourceFinite: -124.000, 42.500",SLAB,4,6.95,5.898462643149786e-07,42.0,8.0,-124.0,42.5,42.0
2059,EVT_00004774,3b90814d6da2a76126dc8ced,3199,10,3171,0,3171,"Cascadia (unsegmented, 1-2-3-4, middle)",INTERFACE,520,8.2,3.591953915401736e-07,5.0,105.0,,,
2060,EVT_00004775,bd5d4faca92d0f59a32dee74,3199,9,3161,0,3161,"Cascadia (unsegmented, 1-2-3, middle)",INTERFACE,71,8.0,6.06796098330002e-07,5.0,80.0,,,
2061,EVT_00004779,7305b6334a7cd2971f912ea1,8231,0,8211,703,8211,"PointSourceFinite: -122.600, 45.600",SLAB,2,6.75,3.3092021590295585e-07,50.0,8.0,-122.6,45.6,50.0
2062,EVT_00004780,062d8d1132734676b80e6c3e,8231,0,8211,80,8211,"PointSourceFinite: -122.600, 42.400",SLAB,3,6.85,1.2456795157040886e-07,50.0,8.0,-122.6,42.4,50.0
2063,EVT_00004781,907103521071e8df4da06b58,8231,0,8211,692,8211,"PointSourceFinite: -123.700, 45.600",SLAB,1,6.65,6.796868503941265e-07,42.0,8.0,-123.7,45.6,42.0
2064,EVT_00004785,743cef20972fb0e81a751ec8,3199,9,3161,0,3161,"Cascadia (unsegmented, 1-2-3, middle)",INTERFACE,457,8.5,1.0080644859353255e-06,5.058197045811188,80.0,,,
2065,EVT_00004787,0fa8ef3352ae68851990a7ee,8231,0,8211,781,8211,"PointSourceFinite: -123.000, 46.100",SLAB,6,7.15,1.4755195733760245e-07,50.0,8.0,-123.0,46.1,50.0
2066,EVT_00004790,31b15ae300a5a0d491f6ece3,8231,0,8211,742,8211,"PointSourceFinite: -123.700, 45.900",SLAB,1,6.65,4.151876852738605e-07,42.0,8.0,-123.7,45.9,42.0
2067,EVT_00004793,726ec6b092fbd956944b2eff,3199,15,3170,0,3170,"Cascadia (unsegmented, 1-2-3-4, bottom)",INTERFACE,727,8.4,3.9556960840500123e-07,5.042102974636296,155.0,,,
2068,EVT_00004794,0050c82656e7066245383193,3199,15,3170,0,3170,"Cascadia (unsegmented, 1-2-3-4, bottom)",INTERFACE,1035,8.6,4.664178964775388e-07,5.011670120693513,155.0,,,
2069,EVT_00004795,88dcb3ff677eb805367c6103,8231,0,8211,625,8211,"PointSourceFinite: -123.600, 45.200",SLAB,2,6.75,8.551063636676446e-07,42.0,8.0,-123.6,45.2,42.0
2070,EVT_00004796,d0f3a52b17a4e5af180f443e,8231,1,8212,728,8212,"PointSourceFinite: -123.500, 45.800",SLAB,0,7.25,2.815567194108114e-08,42.0,8.0,-123.5,45.8,42.0
2071,EVT_00004800,05b6203ceb1baaa0782b1499,3199,1,3160,0,3160,"Cascadia (unsegmented, 1-2-3, bottom)",INTERFACE,786,8.1,1.000721591214509e-06,5.0,145.0,,,
2072,EVT_00004806,fb4e53a6d84263816bba777d,3199,10,3171,0,3171,"Cascadia (unsegmented, 1-2-3-4, middle)",INTERFACE,1325,8.0,6.57010121543929e-07,5.0,105.0,,,
2073,EVT_00004808,bc571d5b45398a05c13565f2,3199,15,3170,0,3170,"Cascadia (unsegmented, 1-2-3-4, bottom)",INTERFACE,527,8.2,3.551136257272171e-07,5.0,155.0,,,
2074,EVT_00004812,a514bb57152f102124cad440,3199,10,3171,0,3171,"Cascadia (unsegmented, 1-2-3-4, middle)",INTERFACE,1366,8.0,6.57010121543929e-07,5.0,105.0,,,
2075,EVT_00004813,897f5387cc97b287eb75be6d,8231,0,8211,594,8211,"PointSourceFinite: -123.100, 45.000",SLAB,6,7.15,5.300058859983747e-07,50.0,8.0,-123.1,45.0,50.0
2076,EVT_00004814,c3b4b2ce186337b66b5b2a71,8231,0,8211,715,8211,"PointSourceFinite: -123.100, 45.700",SLAB,1,6.65,5.313989339396877e-07,50.0,8.0,-123.1,45.7,50.0
2077,EVT_00004818,ef040776a7ecaf997a4333f1,8231,0,8211,665,8211,"PointSourceFinite: -123.000, 45.400",SLAB,1,6.65,6.854579343104023e-07,50.0,8.0,-123.0,45.4,50.0
2078,EVT_00004820,6c0912fb21a0814da4e4c6df,8231,0,8211,726,8211,"PointSourceFinite: -123.700, 45.800",SLAB,2,6.75,4.576152465573561e-07,42.0,8.0,-123.7,45.8,42.0
2079,EVT_00004821,45c85872e22ac913706b1262,8231,0,8211,514,8211,"PointSourceFinite: -123.800, 44.600",SLAB,6,7.15,4.2023901149283444e-07,42.0,8.0,-123.8,44.6,42.0
2080,EVT_00004826,084b6f5faaa908ecc03c57f2,8231,0,8211,499,8211,"PointSourceFinite: -123.400, 44.500",SLAB,5,7.05,4.489550706300674e-07,42.0,8.0,-123.4,44.5,42.0
2081,EVT_00004828,8b90f3188acea161807dc188,8231,0,8211,392,8211,"PointSourceFinite: -122.500, 43.900",SLAB,6,7.15,8.930724550764055e-08,50.0,8.0,-122.5,43.9,50.0
2082,EVT_00004837,a0fe6f85ac23d69ee9c0acd0,8231,0,8211,509,8211,"PointSourceFinite: -122.400, 44.500",SLAB,3,6.85,2.582857601958392e-07,60.0,8.0,-122.4,44.5,60.0
2083,EVT_00004839,3a25ecc79a3efe5face9e24e,8231,0,8211,4,8211,"PointSourceFinite: -123.900, 42.100",SLAB,2,6.75,7.167618958575671e-07,42.0,8.0,-123.9,42.1,42.0
2084,EVT_00004843,0024b261b7e0bbdd300556f0,8231,0,8211,291,8211,"PointSourceFinite: -122.500, 43.400",SLAB,5,7.05,6.931914472095448e-08,50.0,8.0,-122.5,43.4,50.0
2085,EVT_00004844,ad41dfcc4566be58b097401c,8231,0,8211,505,8211,"PointSourceFinite: -122.800, 44.500",SLAB,6,7.15,3.004369236632831e-07,50.0,8.0,-122.8,44.5,50.0
2086,EVT_00004846,f045ffe61ee54c94c7d64a3d,8231,0,8211,448,8211,"PointSourceFinite: -122.800, 44.200",SLAB,0,6.55,3.2276843354856305e-07,50.0,8.0,-122.8,44.2,50.0
2087,EVT_00004850,e6b49c70372d746bf2bd9602,3199,10,3171,0,3171,"Cascadia (unsegmented, 1-2-3-4, middle)",INTERFACE,15,8.0,3.360214953117753e-07,5.042195711897561,105.0,,,
2088,EVT_00004851,aadfdcbba34187501e7dbc2c,8231,0,8211,432,8211,"PointSourceFinite: -122.500, 44.100",SLAB,2,6.75,1.7711025693914778e-07,50.0,8.0,-122.5,44.1,50.0
2089,EVT_00004852,9a5a8cf975de39a43f4e7ec9,8231,0,8211,25,8211,"PointSourceFinite: -123.900, 42.200",SLAB,2,6.75,7.339339228997781e-07,42.0,8.0,-123.9,42.2,42.0
2090,EVT_00004853,8e58063802004012c7bc9ff0,3199,15,3170,0,3170,"Cascadia (unsegmented, 1-2-3-4, bottom)",INTERFACE,2095,8.4,3.079129236417244e-07,5.0,155.0,,,
2091,EVT_00004857,2b6eb859e5b39d8414338bd8,8231,0,8211,416,8211,"PointSourceFinite: -124.100, 44.100",SLAB,1,6.65,2.2384167137920386e-07,42.0,8.0,-124.1,44.1,42.0
2092,EVT_00004858,af81c96c9e3a85c092fc5465,3199,1,3160,0,3160,"Cascadia (unsegmented, 1-2-3, bottom)",INTERFACE,401,8.4,8.56164357917674e-07,5.0,145.0,,,
2093,EVT_00004859,ac0ac5dc4542b0009aa74409,8231,0,8211,236,8211,"PointSourceFinite: -123.800, 43.200",SLAB,1,6.65,2.363696182200889e-07,42.0,8.0,-123.8,43.2,42.0
2094,EVT_00004861,afb1938e40af34fa5168bfeb,8231,0,8211,531,8211,"PointSourceFinite: -124.000, 44.700",SLAB,3,6.85,5.315880164592567e-07,42.0,8.0,-124.0,44.7,42.0
2095,EVT_00004862,5c0fe6907bf8ca692ce4cab0,8231,0,8211,463,8211,"PointSourceFinite: -123.200, 44.300",SLAB,3,6.85,3.70814593170104e-07,50.0,8.0,-123.2,44.3,50.0
2096,EVT_00004863,ba0724904373edde66937759,3199,0,3172,0,3172,"Cascadia (unsegmented, 1-2-3-4, top)",INTERFACE,1929,8.4,3.1797543748622524e-07,5.21066867957708,85.0,,,
2097,EVT_00004865,80d8b430ba3dc3b31acd3136,3199,9,3161,0,3161,"Cascadia (unsegmented, 1-2-3, middle)",INTERFACE,488,8.5,1.0080644859353255e-06,5.0,80.0,,,
2098,EVT_00004868,6d6eb1f9549f6597b8cc42a1,8231,0,8211,725,8211,"PointSourceFinite: -123.800, 45.800",SLAB,5,7.05,3.325717103646389e-07,42.0,8.0,-123.8,45.8,42.0
2099,EVT_00004871,2dbf4708f403cde4ac10f52c,8231,0,8211,143,8211,"PointSourceFinite: -122.600, 42.700",SLAB,0,6.55,1.5149649561552708e-07,50.0,8.0,-122.6,42.7,50.0
2100,EVT_00004881,ec811ff226b61ff5389b3701,8231,0,8211,731,8211,"PointSourceFinite: -123.200, 45.800",SLAB,2,6.75,4.3752556147683933e-07,50.0,8.0,-123.2,45.8,50.0
2101,EVT_00004882,c34348a059102076f8750a62,8231,0,8211,24,8211,"PointSourceFinite: -124.000, 42.200",SLAB,2,6.75,7.609643164944827e-07,42.0,8.0,-124.0,42.2,42.0
2102,EVT_00004886,c6fe150b0d6d1b48101f5830,8231,0,8211,95,8211,"PointSourceFinite: -123.200, 42.500",SLAB,0,6.55,3.990552344370277e-07,50.0,8.0,-123.2,42.5,50.0
2103,EVT_00004887,c814740d983650403fcfc975,3199,15,3170,0,3170,"Cascadia (unsegmented, 1-2-3-4, bottom)",INTERFACE,653,8.3,3.72023798380894e-07,5.0,155.0,,,
2104,EVT_00004892,e1e9600786c3d953b7b8ee72,8231,0,8211,8,8211,"PointSourceFinite: -123.500, 42.100",SLAB,0,6.55,6.172715367076135e-07,42.0,8.0,-123.5,42.1,42.0
2105,EVT_00004896,afac4bea79c2ffc27c119fb7,3199,9,3161,0,3161,"Cascadia (unsegmented, 1-2-3, middle)",INTERFACE,58,8.0,6.06796098330002e-07,5.0,80.0,,,
2106,EVT_00004903,4e04cea53a6ccbb1035f8b05,3199,1,3160,0,3160,"Cascadia (unsegmented, 1-2-3, bottom)",INTERFACE,327,8.3,7.530120256384362e-07,5.0,145.0,,,
2107,EVT_00004906,758cc41eadad05ac8395d522,3199,10,3171,0,3171,"Cascadia (unsegmented, 1-2-3-4, middle)",INTERFACE,41,8.0,3.360214953117753e-07,5.0,105.0,,,
2108,EVT_00004908,06090697039dab46e2df1689,8231,0,8211,592,8211,"PointSourceFinite: -123.300, 45.000",SLAB,5,7.05,6.421002585868825e-07,42.0,8.0,-123.3,45.0,42.0
2109,EVT_00004910,e1a58cae36d6a531bab8a806,8231,0,8211,309,8211,"PointSourceFinite: -122.800, 43.500",SLAB,3,6.85,9.02117327010615e-08,50.0,8.0,-122.8,43.5,50.0
2110,EVT_00004911,752d285d1aa961ce80c6e4de,8231,0,8211,488,8211,"PointSourceFinite: -122.600, 44.400",SLAB,1,6.65,3.433463433418571e-07,50.0,8.0,-122.6,44.4,50.0
2111,EVT_00004912,704026b2fbe995038d2bc31d,8231,0,8211,168,8211,"PointSourceFinite: -124.300, 42.900",SLAB,3,6.85,3.877788549191029e-07,42.0,8.0,-124.3,42.9,42.0
2112,EVT_00004917,ed257b8adf6cfd5427f44206,3199,10,3171,0,3171,"Cascadia (unsegmented, 1-2-3-4, middle)",INTERFACE,2219,8.5,2.665121434168933e-07,5.0,105.0,,,
2113,EVT_00004925,52d84ffdffdfe7464fa82263,8231,0,8211,603,8211,"PointSourceFinite: -124.000, 45.100",SLAB,4,6.95,5.773130784743988e-07,42.0,8.0,-124.0,45.1,42.0
2114,EVT_00004929,2adba4418fa4f00fd2cf69fd,3199,15,3170,0,3170,"Cascadia (unsegmented, 1-2-3-4, bottom)",INTERFACE,1730,8.2,4.380990753124425e-07,5.0,155.0,,,
2115,EVT_00004932,30d1b159b25cfc3304147750,3199,9,3161,0,3161,"Cascadia (unsegmented, 1-2-3, middle)",INTERFACE,791,8.1,1.000721591214509e-06,5.0,80.0,,,
2116,EVT_00004938,8fe25d01ab3d063e866544f7,8231,0,8211,150,8211,"PointSourceFinite: -124.000, 42.800",SLAB,6,7.15,3.533678013788912e-07,42.0,8.0,-124.0,42.8,42.0
2117,EVT_00004940,d2c2e5d177f1046a1d0fb865,3199,15,3170,0,3170,"Cascadia (unsegmented, 1-2-3-4, bottom)",INTERFACE,1275,8.0,6.50020652165802e-07,5.4144892775875455,155.0,,,
2118,EVT_00004945,e04e0c19f200bdf7207cff10,8231,0,8211,662,8211,"PointSourceFinite: -123.300, 45.400",SLAB,2,6.75,7.549183568008439e-07,42.0,8.0,-123.3,45.4,42.0
2119,EVT_00004947,d57cc8044f5677da7979d9e1,8231,0,8211,702,8211,"PointSourceFinite: -122.700, 45.600",SLAB,1,6.65,4.1103818765585083e-07,50.0,8.0,-122.7,45.6,50.0
2120,EVT_00004949,c66cafeac07371e6af08ec57,8231,0,8211,6,8211,"PointSourceFinite: -123.700, 42.100",SLAB,0,6.55,7.567064632841887e-07,42.0,8.0,-123.7,42.1,42.0
2121,EVT_00004950,98b273720d1b052955c311be,8231,0,8211,657,8211,"PointSourceFinite: -123.800, 45.400",SLAB,0,6.55,8.659056444276783e-07,42.0,8.0,-123.8,45.4,42.0
2122,EVT_00004952,6b87492ef32fdab88885ce57,8231,0,8211,176,8211,"PointSourceFinite: -123.500, 42.900",SLAB,0,6.55,3.840197695201549e-07,42.0,8.0,-123.5,42.9,42.0
2123,EVT_00004954,73a42dba64b514675e6c776d,8231,0,8211,684,8211,"PointSourceFinite: -122.800, 45.500",SLAB,4,6.95,3.9003518439750914e-07,50.0,8.0,-122.8,45.5,50.0
2124,EVT_00004957,ace449636ab5e518b423c77f,8231,0,8211,529,8211,"PointSourceFinite: -122.300, 44.600",SLAB,3,6.85,2.497776127525117e-07,60.0,8.0,-122.3,44.6,60.0
2125,EVT_00004958,2020ef6f43bade01f732c4ec,3199,9,3161,0,3161,"Cascadia (unsegmented, 1-2-3, middle)",INTERFACE,702,8.1,1.000721591214509e-06,5.188877259986991,80.0,,,
2126,EVT_00004959,67559ad3c075d6496be670a2,8231,0,8211,741,8211,"PointSourceFinite: -123.800, 45.900",SLAB,6,7.15,2.514486995237558e-07,42.0,8.0,-123.8,45.9,42.0
2127,EVT_00004960,2ea855ee87403368ec1e6dd6,8231,0,8211,338,8211,"PointSourceFinite: -123.900, 43.700",SLAB,3,6.85,1.1167256933920769e-07,42.0,8.0,-123.9,43.7,42.0
2128,EVT_00004965,c6ef78f1386068fa3cf30d3a,8231,0,8211,636,8211,"PointSourceFinite: -122.500, 45.200",SLAB,6,7.15,2.6907191354593626e-07,50.0,8.0,-122.5,45.2,50.0
2129,EVT_00004966,eb6c9744b87e4a3d3c757ba7,8231,0,8211,719,8211,"PointSourceFinite: -122.700, 45.700",SLAB,2,6.75,3.302711957519623e-07,50.0,8.0,-122.7,45.7,50.0
2130,EVT_00004969,f6e3298868b3afd9f438419d,8231,0,8211,148,8211,"PointSourceFinite: -124.200, 42.800",SLAB,6,7.15,3.5625249845055905e-07,42.0,8.0,-124.2,42.8,42.0
2131,EVT_00004970,679c654bd77253bef13f61ad,8231,0,8211,715,8211,"PointSourceFinite: -123.100, 45.700",SLAB,4,6.95,4.031073146810616e-07,50.0,8.0,-123.1,45.7,50.0
2132,EVT_00004980,1d08dcb5f8a525f1906abaaa,8231,0,8211,175,8211,"PointSourceFinite: -123.600, 42.900",SLAB,3,6.85,3.1917406255752586e-07,42.0,8.0,-123.6,42.9,42.0
2133,EVT_00004982,573f07b3fe07ff9007cfab2e,8231,0,8211,665,8211,"PointSourceFinite: -123.000, 45.400",SLAB,5,7.05,4.742210282180541e-07,50.0,8.0,-123.0,45.4,50.0
2134,EVT_00004984,47d9bdaf67a3f7c5ddcd6e08,3199,15,3170,0,3170,"Cascadia (unsegmented, 1-2-3-4, bottom)",INTERFACE,317,8.1,3.4340658312082525e-07,5.0,155.0,,,
2135,EVT_00004986,1489e25d5d7b2899fcb351b2,3199,15,3170,0,3170,"Cascadia (unsegmented, 1-2-3-4, bottom)",INTERFACE,1852,8.3,3.6456563013333184e-07,5.0,155.0,,,
2136,EVT_00004987,a978daa8759575adab283a16,3199,10,3171,0,3171,"Cascadia (unsegmented, 1-2-3-4, middle)",INTERFACE,1003,8.5,4.3103446984820834e-07,5.0,105.0,,,
2137,EVT_00004988,9d7667dd1a5e9f54d5c3c626,8231,0,8211,537,8211,"PointSourceFinite: -123.400, 44.700",SLAB,3,6.85,6.792992013471871e-07,42.0,8.0,-123.4,44.7,42.0
2138,EVT_00004989,84e776648b3a9e0e7ca5f476,3199,1,3160,0,3160,"Cascadia (unsegmented, 1-2-3, bottom)",INTERFACE,981,8.4,6.66441670347842e-07,5.016193286028972,145.0,,,
2139,EVT_00004993,8fbc6e332de5e1032007e2ab,8231,0,8211,495,8211,"PointSourceFinite: -123.800, 44.500",SLAB,0,6.55,6.395659075631421e-07,42.0,8.0,-123.8,44.5,42.0
2140,EVT_00004998,8896d5fb7b3de19017a146b8,8231,0,8211,503,8211,"PointSourceFinite: -123.000, 44.500",SLAB,0,6.55,6.122216149502032e-07,50.0,8.0,-123.0,44.5,50.0
2141,EVT_00005001,a51c88d716f0da0da7a0467b,8231,0,8211,541,8211,"PointSourceFinite: -123.000, 44.700",SLAB,5,7.05,4.761819435789825e-07,50.0,8.0,-123.0,44.7,50.0
2142,EVT_00005002,68862767264a2653bb35ff5a,8231,0,8211,343,8211,"PointSourceFinite: -123.400, 43.700",SLAB,2,6.75,1.264922411836244e-07,42.0,8.0,-123.4,43.7,42.0
2143,EVT_00005006,dd18142393e9291b19d58a85,8231,1,8212,619,8212,"PointSourceFinite: -122.400, 45.100",SLAB,1,7.35,1.7258287656995918e-08,60.0,8.0,-122.4,45.1,60.0
2144,EVT_00005008,c1d4361ac015f82a7f4bae09,8231,0,8211,776,8211,"PointSourceFinite: -123.500, 46.100",SLAB,2,6.75,2.532151239310125e-07,42.0,8.0,-123.5,46.1,42.0
2145,EVT_00005012,d20689b3007f38823f233d25,3199,9,3161,0,3161,"Cascadia (unsegmented, 1-2-3, middle)",INTERFACE,18,8.0,6.06796098330002e-07,5.004124955327401,80.0,,,
2146,EVT_00005013,9237d07d94787ed24bf72624,8231,0,8211,558,8211,"PointSourceFinite: -123.100, 44.800",SLAB,2,6.75,7.179817146214737e-07,50.0,8.0,-123.1,44.8,50.0
2147,EVT_00005016,65e5cd99e0044c8103791674,3199,9,3161,0,3161,"Cascadia (unsegmented, 1-2-3, middle)",INTERFACE,974,8.4,6.66441670347842e-07,5.09929661580601,80.0,,,
2148,EVT_00005020,0dbdf73048ca5d05f817a221,8231,0,8211,448,8211,"PointSourceFinite: -122.800, 44.200",SLAB,1,6.65,2.943683099982171e-07,50.0,8.0,-122.8,44.2,50.0
2149,EVT_00005023,974f5ef17ccec291540b9d68,8231,0,8211,501,8211,"PointSourceFinite: -123.200, 44.500",SLAB,0,6.55,6.806265954002705e-07,50.0,8.0,-123.2,44.5,50.0
2150,EVT_00005027,7fe19d8051db1f99196b4211,3199,12,3162,0,3162,"Cascadia (unsegmented, 1-2-3, top)",INTERFACE,154,8.1,6.510416471665647e-07,5.0,70.0,,,
2151,EVT_00005030,cbdddf518f1de171b5d929b2,8231,0,8211,615,8211,"PointSourceFinite: -122.800, 45.100",SLAB,6,7.15,4.038765140624641e-07,50.0,8.0,-122.8,45.1,50.0
2152,EVT_00005033,38e5d1c22724063b5cfd30fb,8231,0,8211,74,8211,"PointSourceFinite: -123.200, 42.400",SLAB,3,6.85,3.136215918494824e-07,50.0,8.0,-123.2,42.4,50.0
2153,EVT_00005036,f0715535722574112b36af7d,8231,0,8211,440,8211,"PointSourceFinite: -123.600, 44.200",SLAB,2,6.75,3.3353954435328685e-07,42.0,8.0,-123.6,44.2,42.0
2154,EVT_00005038,2be2ccfff4ffac6853ff12da,8231,0,8211,737,8211,"PointSourceFinite: -122.600, 45.800",SLAB,0,6.55,3.058479326841832e-07,50.0,8.0,-122.6,45.8,50.0
2155,EVT_00005039,a1f0d460d80188e649a90a67,8231,0,8211,321,8211,"PointSourceFinite: -123.600, 43.600",SLAB,2,6.75,1.2061828622660154e-07,42.0,8.0,-123.6,43.6,42.0
2156,EVT_00005040,ef0f99137814efe12957ca47,8231,0,8211,344,8211,"PointSourceFinite: -123.300, 43.700",SLAB,2,6.75,1.2529578757171826e-07,42.0,8.0,-123.3,43.7,42.0
2157,EVT_00005042,6a767f010de6f1d8dfc84545,8231,0,8211,778,8211,"PointSourceFinite: -123.300, 46.100",SLAB,1,6.65,2.696583539472109e-07,42.0,8.0,-123.3,46.1,42.0
2158,EVT_00005044,29a0708f30e8fd00ad252cdf,3199,9,3161,0,3161,"Cascadia (unsegmented, 1-2-3, middle)",INTERFACE,759,8.1,1.000721591214509e-06,5.0,80.0,,,
2159,EVT_00005046,611b6cad598befb30284819a,3199,10,3171,0,3171,"Cascadia (unsegmented, 1-2-3-4, middle)",INTERFACE,901,8.5,4.3103446984820834e-07,5.0,105.0,,,
2160,EVT_00005048,4d14119dc99f74965294f61d,8231,0,8211,485,8211,"PointSourceFinite: -122.900, 44.400",SLAB,6,7.15,2.84067491111211e-07,50.0,8.0,-122.9,44.4,50.0
2161,EVT_00005049,167be60c6a9b49e04575d7c0,8231,0,8211,575,8211,"PointSourceFinite: -123.200, 44.900",SLAB,6,7.15,5.48846103212284e-07,50.0,8.0,-123.2,44.9,50.0
2162,EVT_00005052,c6e9c02ad25fef6cf5e328db,8231,0,8211,171,8211,"PointSourceFinite: -124.000, 42.900",SLAB,0,6.55,5.177883665619981e-07,42.0,8.0,-124.0,42.9,42.0
2163,EVT_00005057,9ca29322923d41d514bdb000,8231,0,8211,28,8211,"PointSourceFinite: -123.600, 42.200",SLAB,5,7.05,4.463761716606e-07,42.0,8.0,-123.6,42.2,42.0
2164,EVT_00005058,ab67797e76c38bcf9ba58065,3199,0,3172,0,3172,"Cascadia (unsegmented, 1-2-3-4, top)",INTERFACE,1789,8.3,3.7574862492269787e-07,5.0,85.0,,,
2165,EVT_00005061,76387bc3d40493d998160aa6,8231,0,8211,256,8211,"PointSourceFinite: -123.900, 43.300",SLAB,2,6.75,1.7910444226967136e-07,42.0,8.0,-123.9,43.3,42.0
2166,EVT_00005063,05514ba5ca1ca4ae078d8484,8231,0,8211,800,8211,"PointSourceFinite: -122.700, 46.200",SLAB,2,6.75,1.4354768774127004e-07,50.0,8.0,-122.7,46.2,50.0
2167,EVT_00005064,c064e32c22cfd7616c89f1b9,8231,0,8211,45,8211,"PointSourceFinite: -124.000, 42.300",SLAB,6,7.15,5.272689107078374e-07,42.0,8.0,-124.0,42.3,42.0
2168,EVT_00005073,43df79136ffd8469ce9d2d27,8231,0,8211,819,8211,"PointSourceFinite: -122.400, 46.300",SLAB,1,6.65,1.153564284197106e-07,60.0,8.0,-122.4,46.3,60.0
2169,EVT_00005074,4cd713c9e9f9e971dc0269b9,8231,0,8211,687,8211,"PointSourceFinite: -122.500, 45.500",SLAB,0,6.55,3.8574007641093e-07,50.0,8.0,-122.5,45.5,50.0
2170,EVT_00005076,2a5f3bc186b950ba3b3aa4e3,8231,0,8211,463,8211,"PointSourceFinite: -123.200, 44.300",SLAB,6,7.15,2.812916348724107e-07,50.0,8.0,-123.2,44.3,50.0
2171,EVT_00005085,91ab5190759680c5ed8c98fe,8231,0,8211,195,8211,"PointSourceFinite: -123.700, 43.000",SLAB,3,6.85,2.855804233609032e-07,42.0,8.0,-123.7,43.0,42.0
2172,EVT_00005086,88b5b71c9e1abd790b9e91e8,8231,0,8211,735,8211,"PointSourceFinite: -122.800, 45.800",SLAB,3,6.85,2.8974370655172216e-07,50.0,8.0,-122.8,45.8,50.0
2173,EVT_00005087,5c40b9b49f8e3f9b0f6aa6cc,8231,0,8211,460,8211,"PointSourceFinite: -123.500, 44.300",SLAB,0,6.55,5.037364424202831e-07,42.0,8.0,-123.5,44.3,42.0
2174,EVT_00005089,d74a7a77ecb6045aa3341fcd,8231,1,8212,164,8212,"PointSourceFinite: -122.600, 42.800",SLAB,2,7.45,4.9433897114468e-09,50.0,8.0,-122.6,42.8,50.0
2175,EVT_00005090,239d6be9594b5459b78b5cc5,8231,1,8212,681,8212,"PointSourceFinite: -123.100, 45.500",SLAB,0,7.25,3.691341293314808e-08,50.0,8.0,-123.1,45.5,50.0
2176,EVT_00005096,d12e6b97b576e654aa5da59c,8231,0,8211,446,8211,"PointSourceFinite: -123.000, 44.200",SLAB,3,6.85,2.786082260604505e-07,50.0,8.0,-123.0,44.2,50.0
2177,EVT_00005099,977023b47987b5439a61e5bd,8231,0,8211,327,8211,"PointSourceFinite: -123.000, 43.600",SLAB,2,6.75,1.0832707254361625e-07,50.0,8.0,-123.0,43.6,50.0
2178,EVT_00005100,dfbe8cfcf3a34b0248470803,3199,1,3160,0,3160,"Cascadia (unsegmented, 1-2-3, bottom)",INTERFACE,236,8.2,6.868131662416505e-07,5.0,145.0,,,
2179,EVT_00005101,ae9638f8e447c6b22994cc2a,8231,0,8211,553,8211,"PointSourceFinite: -123.600, 44.800",SLAB,2,6.75,7.92993556923375e-07,42.0,8.0,-123.6,44.8,42.0
2180,EVT_00005102,82cac68aa9d5b9f8515fc7dc,8231,0,8211,625,8211,"PointSourceFinite: -123.600, 45.200",SLAB,5,7.05,6.48664511743025e-07,42.0,8.0,-123.6,45.2,42.0
2181,EVT_00005103,0eeeba2d1e2d48404e2b21fc,8231,0,8211,357,8211,"PointSourceFinite: -124.000, 43.800",SLAB,1,6.65,1.4228553315421098e-07,42.0,8.0,-124.0,43.8,42.0
2182,EVT_00005104,5ed5aaf26966d2eb312353e1,8231,0,8211,579,8211,"PointSourceFinite: -122.800, 44.900",SLAB,0,6.55,6.967484265381765e-07,50.0,8.0,-122.8,44.9,50.0
2183,EVT_00005107,60a7730a23a9c5e259d9181c,8231,0,8211,200,8211,"PointSourceFinite: -123.200, 43.000",SLAB,6,7.15,1.3550879756963048e-07,50.0,8.0,-123.2,43.0,50.0
2184,EVT_00005108,0879a7634bc06ec6ce309b8c,3199,9,3161,0,3161,"Cascadia (unsegmented, 1-2-3, middle)",INTERFACE,755,8.1,1.000721591214509e-06,5.0,80.0,,,
2185,EVT_00005115,9c9cda773051e67308c6b06e,8231,0,8211,15,8211,"PointSourceFinite: -122.800, 42.100",SLAB,2,6.75,1.7640964363188568e-07,50.0,8.0,-122.8,42.1,50.0
2186,EVT_00005117,e5238e32f4e457779ddb2811,3199,9,3161,0,3161,"Cascadia (unsegmented, 1-2-3, middle)",INTERFACE,870,8.2,8.473124973075812e-07,5.0,80.0,,,
2187,EVT_00005118,33c20f6430bb9b9f20e1936d,3199,9,3161,0,3161,"Cascadia (unsegmented, 1-2-3, middle)",INTERFACE,714,8.1,1.000721591214509e-06,5.000583005535328,80.0,,,
2188,EVT_00005120,69f4844068e2593af1a8c300,8231,0,8211,513,8211,"PointSourceFinite: -123.900, 44.600",SLAB,5,7.05,4.313694457682343e-07,42.0,8.0,-123.9,44.6,42.0
2189,EVT_00005121,43071f8f91dad9702fb24306,8231,1,8212,576,8212,"PointSourceFinite: -123.100, 44.900",SLAB,2,7.45,3.0845645452928376e-08,50.0,8.0,-123.1,44.9,50.0
2190,EVT_00005123,50dc977edaeb48f46d4a4b35,8231,0,8211,309,8211,"PointSourceFinite: -122.800, 43.500",SLAB,2,6.75,9.891519794301113e-08,50.0,8.0,-122.8,43.5,50.0
2191,EVT_00005126,b5fc0d0315135acb4afab0c3,3199,9,3161,0,3161,"Cascadia (unsegmented, 1-2-3, middle)",INTERFACE,418,8.4,8.56164357917674e-07,5.0,80.0,,,
2192,EVT_00005130,d6abb17aefd7bc516c1fcb30,3199,9,3161,0,3161,"Cascadia (unsegmented, 1-2-3, middle)",INTERFACE,1068,8.5,6.232945289588634e-07,5.0,80.0,,,
2193,EVT_00005131,bdaf0e60dc9a5589faea8dc0,3199,1,3160,0,3160,"Cascadia (unsegmented, 1-2-3, bottom)",INTERFACE,776,8.1,1.000721591214509e-06,5.0,145.0,,,
2194,EVT_00005133,3bb36382b7c28b2182dfadc7,8231,0,8211,148,8211,"PointSourceFinite: -124.200, 42.800",SLAB,1,6.65,5.646221595915546e-07,42.0,8.0,-124.2,42.8,42.0
2195,EVT_00005135,242e22b3e39d0f4286196d06,8231,0,8211,216,8211,"PointSourceFinite: -123.700, 43.100",SLAB,3,6.85,2.325855090784101e-07,42.0,8.0,-123.7,43.1,42.0
2196,EVT_00005136,b93653b6b277cbd39eac3d96,8231,0,8211,584,8211,"PointSourceFinite: -122.300, 44.900",SLAB,0,6.55,3.7102289599454137e-07,60.0,8.0,-122.3,44.9,60.0
2197,EVT_00005137,8087052b7a94d006ed7f6c93,8231,0,8211,596,8211,"PointSourceFinite: -122.900, 45.000",SLAB,3,6.85,5.934526452739602e-07,50.0,8.0,-122.9,45.0,50.0
2198,EVT_00005140,de2393103e8983e023a93e22,3199,9,3161,0,3161,"Cascadia (unsegmented, 1-2-3, middle)",INTERFACE,584,8.7,1.8382352390585351e-06,5.0,80.0,,,
2199,EVT_00005142,cefe8a77959ea1d5d0903d43,8231,0,8211,670,8211,"PointSourceFinite: -122.500, 45.400",SLAB,4,6.95,2.895162137225934e-07,50.0,8.0,-122.5,45.4,50.0
2200,EVT_00005145,7cd9a7fecbbe02caa8a64f12,3199,1,3160,0,3160,"Cascadia (unsegmented, 1-2-3, bottom)",INTERFACE,862,8.2,8.473124973075812e-07,5.0,145.0,,,
2201,EVT_00005146,6cc44b468e9c7fd7e185b264,8231,0,8211,6,8211,"PointSourceFinite: -123.700, 42.100",SLAB,4,6.95,5.235129671945346e-07,42.0,8.0,-123.7,42.1,42.0
2202,EVT_00005153,a87500bcec6c95f73022dde2,8231,0,8211,671,8211,"PointSourceFinite: -122.400, 45.400",SLAB,1,6.65,3.318726673015033e-07,60.0,8.0,-122.4,45.4,60.0
2203,EVT_00005159,df6020ea4423c9472e7f35f0,3199,9,3161,0,3161,"Cascadia (unsegmented, 1-2-3, middle)",INTERFACE,1140,8.6,6.264536216300861e-07,5.0,80.0,,,
2204,EVT_00005161,8b635808bcf17db71aedbe2e,3199,9,3161,0,3161,"Cascadia (unsegmented, 1-2-3, middle)",INTERFACE,524,8.6,1.275510165877351e-06,5.01172617264167,80.0,,,
2205,EVT_00005162,cd31f703ee8e0545e4fba3f2,8231,0,8211,25,8211,"PointSourceFinite: -123.900, 42.200",SLAB,4,6.95,6.104596474512964e-07,42.0,8.0,-123.9,42.2,42.0
2206,EVT_00005163,58b3b37ab0ea79ad9a46acfa,8231,0,8211,579,8211,"PointSourceFinite: -122.800, 44.900",SLAB,2,6.75,5.795300987672461e-07,50.0,8.0,-122.8,44.9,50.0
2207,EVT_00005166,b1751ef0dcf2e3ddd53aa98a,3199,10,3171,0,3171,"Cascadia (unsegmented, 1-2-3-4, middle)",INTERFACE,1884,8.3,3.6895798712289013e-07,5.0,105.0,,,
2208,EVT_00005168,fdd82677f911e0ceb30def36,8231,1,8212,521,8212,"PointSourceFinite: -123.100, 44.600",SLAB,0,7.25,3.6303314638283046e-08,50.0,8.0,-123.1,44.6,50.0
2209,EVT_00005169,0d4048209b2067e064951454,3199,9,3161,0,3161,"Cascadia (unsegmented, 1-2-3, middle)",INTERFACE,505,8.5,1.0080644859353255e-06,5.0,80.0,,,
2210,EVT_00005171,2321e9db9d22a334b3dc24f4,8231,0,8211,45,8211,"PointSourceFinite: -124.000, 42.300",SLAB,2,6.75,7.621354534149914e-07,42.0,8.0,-124.0,42.3,42.0
2211,EVT_00005173,e49bf6d612f40df21188838b,8231,0,8211,666,8211,"PointSourceFinite: -122.900, 45.400",SLAB,2,6.75,5.687951124486981e-07,50.0,8.0,-122.9,45.4,50.0
2212,EVT_00005174,985e39a8da80a371fe67c896,8231,0,8211,582,8211,"PointSourceFinite: -122.500, 44.900",SLAB,4,6.95,3.3634492872867385e-07,50.0,8.0,-122.5,44.9,50.0
2213,EVT_00005175,d9ef69ee12a26f6efd9087a4,8231,0,8211,32,8211,"PointSourceFinite: -123.200, 42.200",SLAB,1,6.65,3.788339199214672e-07,50.0,8.0,-123.2,42.2,50.0
2214,EVT_00005176,f32d0a057d94a2aff8baf652,8231,0,8211,621,8211,"PointSourceFinite: -124.000, 45.200",SLAB,0,6.55,8.237066327486417e-07,42.0,8.0,-124.0,45.2,42.0
2215,EVT_00005177,80d3f8c410bffa1c31d91ada,3199,12,3162,0,3162,"Cascadia (unsegmented, 1-2-3, top)",INTERFACE,767,8.1,1.011145774456327e-06,5.0,70.0,,,
2216,EVT_00005180,2c708377a21f3c42727ec8a5,3199,9,3161,0,3161,"Cascadia (unsegmented, 1-2-3, middle)",INTERFACE,716,8.1,1.000721591214509e-06,5.0,80.0,,,
2217,EVT_00005181,40835b22afe5a84df578c31c,8231,0,8211,562,8211,"PointSourceFinite: -122.700, 44.800",SLAB,2,6.75,5.023253607013073e-07,50.0,8.0,-122.7,44.8,50.0
2218,EVT_00005184,0a827611fe34712370e90168,3199,10,3171,0,3171,"Cascadia (unsegmented, 1-2-3-4, middle)",INTERFACE,89,8.0,3.360214953117753e-07,5.0,105.0,,,
2219,EVT_00005186,cf392bfba1f537c4b330aba0,8231,0,8211,151,8211,"PointSourceFinite: -123.900, 42.800",SLAB,1,6.65,5.440315039663521e-07,42.0,8.0,-123.9,42.8,42.0
2220,EVT_00005187,047b9884bde55ba45dab7555,8231,0,8211,662,8211,"PointSourceFinite: -123.300, 45.400",SLAB,1,6.65,8.277515181003667e-07,42.0,8.0,-123.3,45.4,42.0
2221,EVT_00005193,bfb2955a8b5f98025dde6108,8231,0,8211,65,8211,"PointSourceFinite: -124.100, 42.400",SLAB,1,6.65,8.303480673749069e-07,42.0,8.0,-124.1,42.4,42.0
2222,EVT_00005201,816ac3e7ba562bc23134b6c2,8231,0,8211,519,8211,"PointSourceFinite: -123.300, 44.600",SLAB,1,6.65,7.26258521232345e-07,42.0,8.0,-123.3,44.6,42.0
2223,EVT_00005205,9fd03b6a1392c02eee2eed2b,8231,0,8211,496,8211,"PointSourceFinite: -123.700, 44.500",SLAB,2,6.75,5.596411663049114e-07,42.0,8.0,-123.7,44.5,42.0
2224,EVT_00005208,804f9b6f68cc143222390026,8231,0,8211,130,8211,"PointSourceFinite: -123.900, 42.700",SLAB,3,6.85,5.198934471982351e-07,42.0,8.0,-123.9,42.7,42.0
2225,EVT_00005212,0508e13582befc97edf024a0,8231,0,8211,516,8211,"PointSourceFinite: -123.600, 44.600",SLAB,4,6.95,5.499088046504506e-07,42.0,8.0,-123.6,44.6,42.0
2226,EVT_00005213,2dc2afeefb32b5b81d3a7e73,8231,0,8211,365,8211,"PointSourceFinite: -123.200, 43.800",SLAB,2,6.75,1.425310343594134e-07,50.0,8.0,-123.2,43.8,50.0
2227,EVT_00005221,5d97be4f4976238ddf3bcc10,8231,0,8211,623,8211,"PointSourceFinite: -123.800, 45.200",SLAB,5,7.05,6.0106695189361e-07,42.0,8.0,-123.8,45.2,42.0
2228,EVT_00005229,f10947612f6d1f9bbc75d149,8231,0,8211,128,8211,"PointSourceFinite: -124.100, 42.700",SLAB,1,6.65,6.530777160436895e-07,42.0,8.0,-124.1,42.7,42.0
2229,EVT_00005230,bc42368e6ea182ec26bd4523,8231,0,8211,521,8211,"PointSourceFinite: -123.100, 44.600",SLAB,3,6.85,5.569452719413321e-07,50.0,8.0,-123.1,44.6,50.0
2230,EVT_00005234,55abec0ad3dc949e95996b0d,3199,1,3160,0,3160,"Cascadia (unsegmented, 1-2-3, bottom)",INTERFACE,266,8.2,6.868131662416505e-07,5.0,145.0,,,
2231,EVT_00005236,fcb61e2f69411f051d362bb0,3199,10,3171,0,3171,"Cascadia (unsegmented, 1-2-3-4, middle)",INTERFACE,1643,8.2,4.431346968677581e-07,5.0,105.0,,,
2232,EVT_00005239,8f5d90d43464153d874d2cac,8231,0,8211,109,8211,"PointSourceFinite: -123.900, 42.600",SLAB,1,6.65,6.962138350773305e-07,42.0,8.0,-123.9,42.6,42.0
2233,EVT_00005241,73d87b91aff4e7abd9d2afd8,8231,0,8211,69,8211,"PointSourceFinite: -123.700, 42.400",SLAB,1,6.65,6.969282778435842e-07,42.0,8.0,-123.7,42.4,42.0
2234,EVT_00005250,70a225749c60890fb8733d8c,3199,1,3160,0,3160,"Cascadia (unsegmented, 1-2-3, bottom)",INTERFACE,627,8.0,1.1864454622055416e-06,5.0,145.0,,,
2235,EVT_00005259,9cddaaede5b07dc2a6dd1791,8231,0,8211,615,8211,"PointSourceFinite: -122.800, 45.100",SLAB,5,7.05,4.428417916038085e-07,50.0,8.0,-122.8,45.1,50.0
2236,EVT_00005264,2321d9cc87fbfc6357340e0f,8231,0,8211,658,8211,"PointSourceFinite: -123.700, 45.400",SLAB,1,6.65,8.271624243759166e-07,42.0,8.0,-123.7,45.4,42.0
2237,EVT_00005266,dec155e09f3c1fb5578784b7,8231,0,8211,672,8211,"PointSourceFinite: -122.300, 45.400",SLAB,0,6.55,3.159314164397855e-07,60.0,8.0,-122.3,45.4,60.0
2238,EVT_00005268,6a62845e88ef57bb0e2ea8ab,8231,0,8211,379,8211,"PointSourceFinite: -123.800, 43.900",SLAB,4,6.95,1.3514412876388268e-07,42.0,8.0,-123.8,43.9,42.0
2239,EVT_00005272,05e1cdff3765b353b4a1a6f4,8231,0,8211,684,8211,"PointSourceFinite: -122.800, 45.500",SLAB,0,6.55,5.637723675183812e-07,50.0,8.0,-122.8,45.5,50.0
2240,EVT_00005274,b504e1271f81fa0398cfc6ed,3199,1,3160,0,3160,"Cascadia (unsegmented, 1-2-3, bottom)",INTERFACE,816,8.2,8.473124973075812e-07,5.0,145.0,,,
2241,EVT_00005277,340bc567ce4858b07ae5a132,8231,0,8211,545,8211,"PointSourceFinite: -122.600, 44.700",SLAB,1,6.65,4.652543960929865e-07,50.0,8.0,-122.6,44.7,50.0
2242,EVT_00005279,08d6d7080d0e42ad66a89469,8231,0,8211,802,8211,"PointSourceFinite: -122.500, 46.200",SLAB,0,6.55,1.5049858876654106e-07,50.0,8.0,-122.5,46.2,50.0
2243,EVT_00005282,8f3e76761178a9d9aa3884e1,8231,0,8211,600,8211,"PointSourceFinite: -122.500, 45.000",SLAB,2,6.75,4.0638224528461753e-07,50.0,8.0,-122.5,45.0,50.0
2244,EVT_00005293,25c346f1914b88593a5d9a59,8231,0,8211,211,8211,"PointSourceFinite: -124.200, 43.100",SLAB,1,6.65,3.1271753299063733e-07,42.0,8.0,-124.2,43.1,42.0
2245,EVT_00005294,ca23e614577c905996b70748,3199,9,3161,0,3161,"Cascadia (unsegmented, 1-2-3, middle)",INTERFACE,670,8.0,1.1864454622055416e-06,5.0,80.0,,,
2246,EVT_00005301,39c401c63ad0740ed9d89706,3199,10,3171,0,3171,"Cascadia (unsegmented, 1-2-3-4, middle)",INTERFACE,1575,8.1,5.392777463767077e-07,5.0,105.0,,,
2247,EVT_00005306,4379ee5cf6ee42082622205b,3199,12,3162,0,3162,"Cascadia (unsegmented, 1-2-3, top)",INTERFACE,387,8.4,8.680555295554194e-07,5.004815143404016,70.0,,,
2248,EVT_00005307,8f60954505bffb61610960dc,3199,9,3161,0,3161,"Cascadia (unsegmented, 1-2-3, middle)",INTERFACE,564,8.7,1.8382352390585351e-06,5.083994005657476,80.0,,,
2249,EVT_00005308,ed929221d755bd0d7ba4a5a3,8231,0,8211,689,8211,"PointSourceFinite: -122.300, 45.500",SLAB,2,6.75,2.43488177027398e-07,60.0,8.0,-122.3,45.5,60.0
2250,EVT_00005310,f3cc6aa7f8f698e63037c376,8231,0,8211,153,8211,"PointSourceFinite: -123.700, 42.800",SLAB,2,6.75,4.444765608954916e-07,42.0,8.0,-123.7,42.8,42.0
2251,EVT_00005311,42d66aeeb4344b377e004a1c,8231,0,8211,286,8211,"PointSourceFinite: -123.000, 43.400",SLAB,4,6.95,8.858286138960653e-08,50.0,8.0,-123.0,43.4,50.0
2252,EVT_00005312,10ccdb7df083f5351cfe30e3,3199,12,3162,0,3162,"Cascadia (unsegmented, 1-2-3, top)",INTERFACE,578,8.7,1.893939337211824e-06,5.0,70.0,,,
2253,EVT_00005315,25d1437a6ab99fa3ed948f82,3199,15,3170,0,3170,"Cascadia (unsegmented, 1-2-3-4, bottom)",INTERFACE,513,8.2,3.551136257272171e-07,5.0,155.0,,,
2254,EVT_00005318,80a0a4f8261316628c5f473a,3199,10,3171,0,3171,"Cascadia (unsegmented, 1-2-3-4, middle)",INTERFACE,201,8.1,3.4722221182216775e-07,5.035704063913321,105.0,,,
2255,EVT_00005321,9f18ca206835e9b9a7fcbb8b,3199,9,3161,0,3161,"Cascadia (unsegmented, 1-2-3, middle)",INTERFACE,932,8.3,7.379159742457803e-07,5.0,80.0,,,
2256,EVT_00005329,50cf2f184b10c4e5cbb4a13e,8231,0,8211,84,8211,"PointSourceFinite: -124.300, 42.500",SLAB,5,7.05,5.35548534787329e-07,42.0,8.0,-124.3,42.5,42.0
2257,EVT_00005334,9a935a95a98a40f3dd0b5a50,8231,0,8211,719,8211,"PointSourceFinite: -122.700, 45.700",SLAB,0,6.55,3.970733124311497e-07,50.0,8.0,-122.7,45.7,50.0
2258,EVT_00005336,3f82bb711b3482ad0e246d07,8231,0,8211,474,8211,"PointSourceFinite: -124.000, 44.400",SLAB,0,6.55,4.7291268800820963e-07,42.0,8.0,-124.0,44.4,42.0
2259,EVT_00005337,b9f03a612a13af0b0b769539,8231,0,8211,85,8211,"PointSourceFinite: -124.200, 42.500",SLAB,2,6.75,7.18769848605358e-07,42.0,8.0,-124.2,42.5,42.0
2260,EVT_00005338,79fa3b638aec6b2af5f562a2,8231,0,8211,163,8211,"PointSourceFinite: -122.700, 42.800",SLAB,5,7.05,1.0097755695221157e-07,50.0,8.0,-122.7,42.8,50.0
2261,EVT_00005344,d9e60b355a4a88845c163b57,3199,10,3171,0,3171,"Cascadia (unsegmented, 1-2-3-4, middle)",INTERFACE,815,8.4,4.006410136409629e-07,5.0,105.0,,,
2262,EVT_00005345,40a6871992c32f62eddc0ef8,8231,0,8211,106,8211,"PointSourceFinite: -124.200, 42.600",SLAB,1,6.65,7.27315306029513e-07,42.0,8.0,-124.2,42.6,42.0
2263,EVT_00005346,bd8bbee37d708dd2a1d20311,3199,0,3172,0,3172,"Cascadia (unsegmented, 1-2-3-4, top)",INTERFACE,380,8.2,3.6549706507596613e-07,5.0,85.0,,,
2264,EVT_00005352,0c93628de5107315e1670632,8231,0,8211,665,8211,"PointSourceFinite: -123.000, 45.400",SLAB,4,6.95,5.199730175936984e-07,50.0,8.0,-123.0,45.4,50.0
2265,EVT_00005353,baa6478ccc94a70668702d34,3199,9,3161,0,3161,"Cascadia (unsegmented, 1-2-3, middle)",INTERFACE,827,8.2,8.473124973075812e-07,5.0,80.0,,,
2266,EVT_00005356,1a1218d4c1a57ff85132f7ac,3199,9,3161,0,3161,"Cascadia (unsegmented, 1-2-3, middle)",INTERFACE,404,8.4,8.56164357917674e-07,5.0,80.0,,,
2267,EVT_00005358,17cce7af729a0583f3cec94d,8231,1,8212,606,8212,"PointSourceFinite: -123.700, 45.100",SLAB,2,7.45,3.4637140960198964e-08,42.0,8.0,-123.7,45.1,42.0
2268,EVT_00005362,31ee7b116e74faa8b5b2a3a9,8231,0,8211,402,8211,"PointSourceFinite: -123.500, 44.000",SLAB,0,6.55,2.605610356842196e-07,42.0,8.0,-123.5,44.0,42.0
2269,EVT_00005363,6238fe0e80a1c0f53bcb781b,8231,0,8211,587,8211,"PointSourceFinite: -123.800, 45.000",SLAB,3,6.85,7.260559113851556e-07,42.0,8.0,-123.8,45.0,42.0
2270,EVT_00005364,99b1edadeaf243ee460f734e,8231,0,8211,603,8211,"PointSourceFinite: -124.000, 45.100",SLAB,0,6.55,8.344712837986608e-07,42.0,8.0,-124.0,45.1,42.0
2271,EVT_00005369,6cfd7583e8ae215b4faa1714,8231,0,8211,247,8211,"PointSourceFinite: -122.700, 43.200",SLAB,6,7.15,7.080122553739261e-08,50.0,8.0,-122.7,43.2,50.0
2272,EVT_00005371,63724930c3f46cb1a4733f4f,8231,0,8211,371,8211,"PointSourceFinite: -122.600, 43.800",SLAB,6,7.15,8.163894126462277e-08,50.0,8.0,-122.6,43.8,50.0
2273,EVT_00005372,b2b6cd0691de62d12c06c97f,8231,0,8211,691,8211,"PointSourceFinite: -123.800, 45.600",SLAB,3,6.85,5.40373933325289e-07,42.0,8.0,-123.8,45.6,42.0
2274,EVT_00005373,67533e2e05906661f53aee40,8231,0,8211,523,8211,"PointSourceFinite: -122.900, 44.600",SLAB,2,6.75,5.305439271956756e-07,50.0,8.0,-122.9,44.6,50.0
2275,EVT_00005377,89d0d83d59d8e54685a3b8e3,8231,0,8211,183,8211,"PointSourceFinite: -122.800, 42.900",SLAB,1,6.65,1.5143726728098994e-07,50.0,8.0,-122.8,42.9,50.0
2276,EVT_00005381,effaf27d6ac4b99f96746a8f,3199,9,3161,0,3161,"Cascadia (unsegmented, 1-2-3, middle)",INTERFACE,209,8.2,6.868131662416505e-07,5.116351323243297,80.0,,,
2277,EVT_00005384,1906d66bde31a3f0ada53534,3199,9,3161,0,3161,"Cascadia (unsegmented, 1-2-3, middle)",INTERFACE,489,8.5,1.0080644859353255e-06,5.0,80.0,,,
2278,EVT_00005385,63d63d923bf428f65ecbc3f3,8231,1,8212,644,8212,"PointSourceFinite: -123.400, 45.300",SLAB,2,7.45,3.393985648444733e-08,42.0,8.0,-123.4,45.3,42.0
2279,EVT_00005386,e70ccdb2f679a0825fdb4375,3199,0,3172,0,3172,"Cascadia (unsegmented, 1-2-3-4, top)",INTERFACE,37,8.0,3.41530044415247e-07,5.0,85.0,,,
2280,EVT_00005388,026722b8e4d6904f9b7fa5ae,8231,0,8211,176,8211,"PointSourceFinite: -123.500, 42.900",SLAB,2,6.75,3.194137316740627e-07,42.0,8.0,-123.5,42.9,42.0
2281,EVT_00005393,60addf87ff5dc9f986e8b643,8231,0,8211,255,8211,"PointSourceFinite: -124.000, 43.300",SLAB,2,6.75,1.8169931515869265e-07,42.0,8.0,-124.0,43.3,42.0
2282,EVT_00005396,a66037a144625b0c26611116,8231,0,8211,657,8211,"PointSourceFinite: -123.800, 45.400",SLAB,2,6.75,7.202289442282542e-07,42.0,8.0,-123.8,45.4,42.0
2283,EVT_00005397,03ff06fd61b54a6a0a36c180,8231,0,8211,494,8211,"PointSourceFinite: -123.900, 44.500",SLAB,6,7.15,3.446587456355096e-07,42.0,8.0,-123.9,44.5,42.0
2284,EVT_00005398,d6d73bf262866617f94ddcd3,3199,15,3170,0,3170,"Cascadia (unsegmented, 1-2-3-4, bottom)",INTERFACE,2440,8.7,2.0489815269661282e-07,5.014464335792249,155.0,,,
2285,EVT_00005399,06dee171f283ff3d0abf2c6c,3199,15,3170,0,3170,"Cascadia (unsegmented, 1-2-3-4, bottom)",INTERFACE,1135,8.6,4.664178964775388e-07,5.0,155.0,,,
2286,EVT_00005402,a841ca05640f4819b8f440b5,8231,0,8211,643,8211,"PointSourceFinite: -123.500, 45.300",SLAB,3,6.85,7.592146119058917e-07,42.0,8.0,-123.5,45.3,42.0
2287,EVT_00005404,cd9e4e62cc337f7ffcf5d186,8231,0,8211,450,8211,"PointSourceFinite: -122.600, 44.200",SLAB,0,6.55,2.7457727542166404e-07,50.0,8.0,-122.6,44.2,50.0
2288,EVT_00005405,7ddfdc06f772ac949f18c845,3199,9,3161,0,3161,"Cascadia (unsegmented, 1-2-3, middle)",INTERFACE,850,8.2,8.473124973075812e-07,5.0,80.0,,,
2289,EVT_00005408,420b85aabde3f9a5644e9c10,3199,0,3172,0,3172,"Cascadia (unsegmented, 1-2-3-4, top)",INTERFACE,1747,8.2,4.5090898979526244e-07,5.0,85.0,,,
2290,EVT_00005416,232b65dab9d9b1ab064a0256,3199,0,3172,0,3172,"Cascadia (unsegmented, 1-2-3-4, top)",INTERFACE,129,8.0,3.41530044415247e-07,5.0,85.0,,,
2291,EVT_00005419,e9338f679c5353dca7629a95,8231,0,8211,304,8211,"PointSourceFinite: -123.300, 43.500",SLAB,1,6.65,1.25983478089048e-07,42.0,8.0,-123.3,43.5,42.0
2292,EVT_00005422,3a023f11d89e699e1cae3b1d,8231,1,8212,246,8212,"PointSourceFinite: -122.800, 43.200",SLAB,2,7.45,4.4477409970968505e-09,50.0,8.0,-122.8,43.2,50.0
2293,EVT_00005425,760bee5968749038bb1adfcb,8231,0,8211,287,8211,"PointSourceFinite: -122.900, 43.400",SLAB,4,6.95,8.51549893481704e-08,50.0,8.0,-122.9,43.4,50.0
2294,EVT_00005428,9a5a5476dd7118ce1adf422d,3199,0,3172,0,3172,"Cascadia (unsegmented, 1-2-3-4, top)",INTERFACE,990,8.6,4.84496109519304e-07,5.189646671868744,85.0,,,
2295,EVT_00005432,4bdb68482592dd90f7768f8d,3199,9,3161,0,3161,"Cascadia (unsegmented, 1-2-3, middle)",INTERFACE,900,8.3,7.379159742457803e-07,5.0064180930146325,80.0,,,
2296,EVT_00005433,594b71b69b348f8acd1f3786,8231,0,8211,117,8211,"PointSourceFinite: -123.100, 42.600",SLAB,6,7.15,1.8565084704885445e-07,50.0,8.0,-123.1,42.6,50.0
2297,EVT_00005436,143eca07f39eb8589f911bf6,3199,9,3161,0,3161,"Cascadia (unsegmented, 1-2-3, middle)",INTERFACE,1161,8.7,7.171435344381447e-07,5.034000022823928,80.0,,,
2298,EVT_00005437,39e5504c0cfd28df9dc6875f,3199,9,3161,0,3161,"Cascadia (unsegmented, 1-2-3, middle)",INTERFACE,785,8.1,1.000721591214509e-06,5.0,80.0,,,
2299,EVT_00005440,bf79f2c9d58becb4e21e9d86,8231,0,8211,465,8211,"PointSourceFinite: -123.000, 44.300",SLAB,2,6.75,3.707896325528361e-07,50.0,8.0,-123.0,44.3,50.0
2300,EVT_00005444,705dba06d98259cb4ba132b2,8231,0,8211,393,8211,"PointSourceFinite: -122.400, 43.900",SLAB,6,7.15,8.483867546180487e-08,60.0,8.0,-122.4,43.9,60.0
2301,EVT_00005446,6d26cc8a97d3526fc92b015d,8231,0,8211,456,8211,"PointSourceFinite: -123.900, 44.300",SLAB,1,6.65,3.883310976494365e-07,42.0,8.0,-123.9,44.3,42.0
2302,EVT_00005448,472c892eaaa24eea64df0a3d,3199,9,3161,0,3161,"Cascadia (unsegmented, 1-2-3, middle)",INTERFACE,743,8.1,1.000721591214509e-06,5.0,80.0,,,
2303,EVT_00005450,94f93ec629657d690c7710c4,3199,10,3171,0,3171,"Cascadia (unsegmented, 1-2-3-4, middle)",INTERFACE,456,8.2,3.591953915401736e-07,5.0,105.0,,,
2304,EVT_00005451,6176fa506d10e132f85a0447,8231,0,8211,755,8211,"PointSourceFinite: -122.400, 45.900",SLAB,2,6.75,1.7525667842247244e-07,60.0,8.0,-122.4,45.9,60.0
2305,EVT_00005456,c060c767a1523130bfef7861,3199,1,3160,0,3160,"Cascadia (unsegmented, 1-2-3, bottom)",INTERFACE,515,8.6,1.275510165877351e-06,5.098475730770834,145.0,,,
2306,EVT_00005459,ffd1325fd512135e413c1e47,8231,0,8211,165,8211,"PointSourceFinite: -122.500, 42.800",SLAB,0,6.55,1.326446841477131e-07,50.0,8.0,-122.5,42.8,50.0
2307,EVT_00005464,ee56a40135aec686626b47e9,8231,0,8211,761,8211,"PointSourceFinite: -123.400, 46.000",SLAB,2,6.75,3.142657200458852e-07,42.0,8.0,-123.4,46.0,42.0
2308,EVT_00005481,b2657638f128f2d57de36516,8231,0,8211,551,8211,"PointSourceFinite: -123.800, 44.800",SLAB,2,6.75,7.307963167738269e-07,42.0,8.0,-123.8,44.8,42.0
2309,EVT_00005484,4177bde768e289297453571d,8231,0,8211,462,8211,"PointSourceFinite: -123.300, 44.300",SLAB,0,6.55,5.012346877831072e-07,42.0,8.0,-123.3,44.3,42.0
2310,EVT_00005485,32658af70db4eb90668393aa,8231,0,8211,225,8211,"PointSourceFinite: -122.800, 43.100",SLAB,0,6.55,1.4014684534629752e-07,50.0,8.0,-122.8,43.1,50.0
2311,EVT_00005486,4dc62f7f3a68d113206a1cd9,3199,9,3161,0,3161,"Cascadia (unsegmented, 1-2-3, middle)",INTERFACE,156,8.1,6.443298776081463e-07,5.0,80.0,,,
2312,EVT_00005487,ac8c7f7a7803236d7412641d,8231,0,8211,71,8211,"PointSourceFinite: -123.500, 42.400",SLAB,1,6.65,5.714899599260641e-07,42.0,8.0,-123.5,42.4,42.0
2313,EVT_00005488,f7e8330ab0efdd423441a389,8231,0,8211,251,8211,"PointSourceFinite: -122.300, 43.200",SLAB,6,7.15,6.19105304721993e-08,60.0,8.0,-122.3,43.2,60.0
2314,EVT_00005490,71bfc145eec19ff19dfd0c8b,8231,0,8211,658,8211,"PointSourceFinite: -123.700, 45.400",SLAB,0,6.55,9.069655629971284e-07,42.0,8.0,-123.7,45.4,42.0
2315,EVT_00005496,e263597b56b805bd933b8623,8231,0,8211,221,8211,"PointSourceFinite: -123.200, 43.100",SLAB,6,7.15,1.163815400951822e-07,50.0,8.0,-123.2,43.1,50.0
2316,EVT_00005497,d06e90a90050270f34e3dc4f,8231,0,8211,815,8211,"PointSourceFinite: -122.800, 46.300",SLAB,4,6.95,1.0797161391199044e-07,50.0,8.0,-122.8,46.3,50.0
2317,EVT_00005500,3e9a453b91f86909a7c925bc,8231,0,8211,694,8211,"PointSourceFinite: -123.500, 45.600",SLAB,5,7.05,4.875860335426192e-07,42.0,8.0,-123.5,45.6,42.0
2318,EVT_00005502,211e78d726f9688060b01bce,8231,0,8211,567,8211,"PointSourceFinite: -124.000, 44.900",SLAB,1,6.65,7.308512715371277e-07,42.0,8.0,-124.0,44.9,42.0
2319,EVT_00005506,0a4c6db17752aea7cfc27b6d,8231,0,8211,526,8211,"PointSourceFinite: -122.600, 44.600",SLAB,0,6.55,4.728059521183156e-07,50.0,8.0,-122.6,44.6,50.0
2320,EVT_00005507,080e1f007ad796115d9959a5,3199,0,3172,0,3172,"Cascadia (unsegmented, 1-2-3-4, top)",INTERFACE,2049,8.4,3.1797543748622524e-07,5.0,85.0,,,
2321,EVT_00005508,b4f123c78cb6b709c8a30bf0,8231,0,8211,184,8211,"PointSourceFinite: -122.700, 42.900",SLAB,2,6.75,1.245623126871422e-07,50.0,8.0,-122.7,42.9,50.0
2322,EVT_00005511,7a4084e67b88e49f24126a86,8231,0,8211,631,8211,"PointSourceFinite: -123.000, 45.200",SLAB,3,6.85,6.335376372241696e-07,50.0,8.0,-123.0,45.2,50.0
2323,EVT_00005514,ae1f188c7542457d4049804d,8231,0,8211,25,8211,"PointSourceFinite: -123.900, 42.200",SLAB,5,7.05,5.567458154649696e-07,42.0,8.0,-123.9,42.2,42.0
2324,EVT_00005520,d2045f7ec0adc0239042cad0,3199,15,3170,0,3170,"Cascadia (unsegmented, 1-2-3-4, bottom)",INTERFACE,1307,8.0,6.50020652165802e-07,5.0,155.0,,,
2325,EVT_00005523,fecb88cbe956111004b86821,3199,9,3161,0,3161,"Cascadia (unsegmented, 1-2-3, middle)",INTERFACE,285,8.2,6.868131662416505e-07,5.0,80.0,,,
2326,EVT_00005524,a6d0e7b55d4ac2bfdd491d8d,8231,0,8211,592,8211,"PointSourceFinite: -123.300, 45.000",SLAB,2,6.75,8.464529927109695e-07,42.0,8.0,-123.3,45.0,42.0
2327,EVT_00005528,c45a0e563f4a52ea0948eecb,8231,1,8212,438,8212,"PointSourceFinite: -123.800, 44.200",SLAB,0,7.25,1.826528385923511e-08,42.0,8.0,-123.8,44.2,42.0
2328,EVT_00005529,69f0458b32fb86559471bf91,3199,1,3160,0,3160,"Cascadia (unsegmented, 1-2-3, bottom)",INTERFACE,644,8.0,1.1864454622055416e-06,5.0,145.0,,,
2329,EVT_00005530,3e7b1a295aba805e2daf56b5,8231,0,8211,778,8211,"PointSourceFinite: -123.300, 46.100",SLAB,4,6.95,2.045567802236365e-07,42.0,8.0,-123.3,46.1,42.0
2330,EVT_00005531,78a361cbce4c5e9b16279d9a,8231,0,8211,31,8211,"PointSourceFinite: -123.300, 42.200",SLAB,6,7.15,2.7871706316319973e-07,42.0,8.0,-123.3,42.2,42.0
2331,EVT_00005532,58ecd8cc34b2ab20bcf4aa87,8231,0,8211,750,8211,"PointSourceFinite: -122.900, 45.900",SLAB,6,7.15,2.0342561930246962e-07,50.0,8.0,-122.9,45.9,50.0
2332,EVT_00005534,dc8cffe8d211626d936dd2ab,3199,10,3171,0,3171,"Cascadia (unsegmented, 1-2-3-4, middle)",INTERFACE,1178,8.7,5.341880181879504e-07,5.0,105.0,,,
2333,EVT_00005538,a40265b902fb980693c96feb,8231,0,8211,106,8211,"PointSourceFinite: -124.200, 42.600",SLAB,2,6.75,6.633194427283765e-07,42.0,8.0,-124.2,42.6,42.0
2334,EVT_00005539,ea65487cad04003873b2f20b,3199,9,3161,0,3161,"Cascadia (unsegmented, 1-2-3, middle)",INTERFACE,723,8.1,1.000721591214509e-06,5.0,80.0,,,
2335,EVT_00005540,4dd889097418468e7cef7db6,8231,0,8211,436,8211,"PointSourceFinite: -124.000, 44.200",SLAB,5,7.05,2.0458901800588857e-07,42.0,8.0,-124.0,44.2,42.0
2336,EVT_00005541,c17c84c48c77b1e263e804c0,3199,9,3161,0,3161,"Cascadia (unsegmented, 1-2-3, middle)",INTERFACE,632,8.0,1.1864454622055416e-06,5.0,80.0,,,
2337,EVT_00005544,23be355f2994e718e1d5a81b,8231,0,8211,410,8211,"PointSourceFinite: -122.700, 44.000",SLAB,1,6.65,1.872241205444112e-07,50.0,8.0,-122.7,44.0,50.0
2338,EVT_00005551,9049c62611e5a269ec605598,8231,0,8211,675,8211,"PointSourceFinite: -123.700, 45.500",SLAB,3,6.85,6.319468820849007e-07,42.0,8.0,-123.7,45.5,42.0
2339,EVT_00005553,8e4cf7a7475136466b8c3a1b,8231,0,8211,320,8211,"PointSourceFinite: -123.700, 43.600",SLAB,0,6.55,1.4574560112635322e-07,42.0,8.0,-123.7,43.6,42.0
2340,EVT_00005559,26d2d49ee26277ef01e57926,8231,0,8211,728,8211,"PointSourceFinite: -123.500, 45.800",SLAB,3,6.85,4.319486670062921e-07,42.0,8.0,-123.5,45.8,42.0
2341,EVT_00005565,41884fd424ede0f471fc45d1,3199,12,3162,0,3162,"Cascadia (unsegmented, 1-2-3, top)",INTERFACE,522,8.6,1.3020832943331291e-06,5.000112498221848,70.0,,,
2342,EVT_00005566,2d51a6e53b58e8839fc171ee,3199,12,3162,0,3162,"Cascadia (unsegmented, 1-2-3, top)",INTERFACE,427,8.4,8.680555295554194e-07,5.0,70.0,,,
2343,EVT_00005580,45ea1e66abfe87ff8e924cf9,8231,0,8211,672,8211,"PointSourceFinite: -122.300, 45.400",SLAB,5,7.05,1.9933924755471301e-07,60.0,8.0,-122.3,45.4,60.0
2344,EVT_00005583,5cce5e5e36ab071ef206a542,8231,0,8211,775,8211,"PointSourceFinite: -123.600, 46.100",SLAB,3,6.85,2.293143024237933e-07,42.0,8.0,-123.6,46.1,42.0
2345,EVT_00005584,2394844489e60d6e6c567b91,8231,0,8211,652,8211,"PointSourceFinite: -122.600, 45.300",SLAB,0,6.55,5.110105734483433e-07,50.0,8.0,-122.6,45.3,50.0
2346,EVT_00005585,176f7cd1cc4191056794f00e,8231,0,8211,341,8211,"PointSourceFinite: -123.600, 43.700",SLAB,5,7.05,9.62078103300143e-08,42.0,8.0,-123.6,43.7,42.0
2347,EVT_00005591,59c1a47a1fe3a16c45276e5d,8231,0,8211,778,8211,"PointSourceFinite: -123.300, 46.100",SLAB,3,6.85,2.242920493884709e-07,42.0,8.0,-123.3,46.1,42.0
2348,EVT_00005592,d6e36d6a0e8224b09ac57fef,3199,10,3171,0,3171,"Cascadia (unsegmented, 1-2-3-4, middle)",INTERFACE,1303,8.0,6.57010121543929e-07,5.0,105.0,,,
2349,EVT_00005595,74f80b4d4b55dcd93aea0aae,8231,0,8211,561,8211,"PointSourceFinite: -122.800, 44.800",SLAB,4,6.95,4.653860217039357e-07,50.0,8.0,-122.8,44.8,50.0
2350,EVT_00005596,fb9dd5cfcf40f4047af3f98d,3199,0,3172,0,3172,"Cascadia (unsegmented, 1-2-3-4, top)",INTERFACE,1171,8.7,5.482455976139492e-07,5.0,85.0,,,
2351,EVT_00005600,cd82550964b3ad782f93b693,8231,0,8211,451,8211,"PointSourceFinite: -122.500, 44.200",SLAB,5,7.05,1.5861268982831934e-07,50.0,8.0,-122.5,44.2,50.0
2352,EVT_00005602,9978072897f475903a267205,8231,0,8211,805,8211,"PointSourceFinite: -123.800, 46.300",SLAB,2,6.75,1.54974726720905e-07,42.0,8.0,-123.8,46.3,42.0
2353,EVT_00005615,fd04ff90bc9c0bdd61c95796,8231,0,8211,36,8211,"PointSourceFinite: -122.800, 42.200",SLAB,6,7.15,1.2454351618093801e-07,50.0,8.0,-122.8,42.2,50.0
2354,EVT_00005617,212a8b9e349621b6b718b6d8,8231,0,8211,643,8211,"PointSourceFinite: -123.500, 45.300",SLAB,1,6.65,9.127767261363156e-07,42.0,8.0,-123.5,45.3,42.0
2355,EVT_00005619,e3647622d0b8dfa732b4adea,8231,0,8211,606,8211,"PointSourceFinite: -123.700, 45.100",SLAB,4,6.95,7.005002244998743e-07,42.0,8.0,-123.7,45.1,42.0
2356,EVT_00005620,2e2d9ebc2ef186fabc493c20,8231,0,8211,749,8211,"PointSourceFinite: -123.000, 45.900",SLAB,1,6.65,3.5023136163010177e-07,50.0,8.0,-123.0,45.9,50.0
2357,EVT_00005623,2ee5f3996d9d04e38a2dce12,3199,9,3161,0,3161,"Cascadia (unsegmented, 1-2-3, middle)",INTERFACE,747,8.1,1.000721591214509e-06,5.0,80.0,,,
2358,EVT_00005624,7acd558d9a77703c55a50cfa,3199,10,3171,0,3171,"Cascadia (unsegmented, 1-2-3-4, middle)",INTERFACE,730,8.4,4.006410136409629e-07,5.0,105.0,,,
2359,EVT_00005625,ad146625a8111b6aeedbb85f,3199,15,3170,0,3170,"Cascadia (unsegmented, 1-2-3-4, bottom)",INTERFACE,1239,8.7,5.252100683024388e-07,5.0,155.0,,,
2360,EVT_00005627,968cbbb4b599f9a077187874,8231,0,8211,191,8211,"PointSourceFinite: -124.100, 43.000",SLAB,1,6.65,3.914134621585257e-07,42.0,8.0,-124.1,43.0,42.0
2361,EVT_00005637,909877e52730d0615af74834,8231,0,8211,651,8211,"PointSourceFinite: -122.700, 45.300",SLAB,4,6.95,4.02061734964526e-07,50.0,8.0,-122.7,45.3,50.0
2362,EVT_00005638,88b29c4ee0c8d82503a7ddaa,8231,0,8211,678,8211,"PointSourceFinite: -123.400, 45.500",SLAB,1,6.65,7.809479749208258e-07,42.0,8.0,-123.4,45.5,42.0
2363,EVT_00005640,4da6d2d8d8713609aa69f445,3199,0,3172,0,3172,"Cascadia (unsegmented, 1-2-3-4, top)",INTERFACE,757,8.4,4.084967197907856e-07,5.0,85.0,,,
2364,EVT_00005644,b272cb8a343e84d1a2d55787,3199,9,3161,0,3161,"Cascadia (unsegmented, 1-2-3, middle)",INTERFACE,291,8.3,7.530120256384362e-07,5.333548531540068,80.0,,,
2365,EVT_00005647,32ded01ff4d2afad35c9fc75,8231,0,8211,155,8211,"PointSourceFinite: -123.500, 42.800",SLAB,1,6.65,4.08169074373433e-07,42.0,8.0,-123.5,42.8,42.0
2366,EVT_00005649,701be5e8ff642f2b2a5c430b,8231,0,8211,89,8211,"PointSourceFinite: -123.800, 42.500",SLAB,1,6.65,7.142925988032441e-07,42.0,8.0,-123.8,42.5,42.0
2367,EVT_00005656,6f223124c5a846b4bdb7af1a,3199,1,3160,0,3160,"Cascadia (unsegmented, 1-2-3, bottom)",INTERFACE,590,8.7,1.8382352390585351e-06,5.0,145.0,,,
2368,EVT_00005660,f46629d3b72689ac22669f12,8231,0,8211,25,8211,"PointSourceFinite: -123.900, 42.200",SLAB,3,6.85,6.693556930556021e-07,42.0,8.0,-123.9,42.2,42.0
2369,EVT_00005662,d9f1d6373aaba6ba94fb1944,8231,0,8211,777,8211,"PointSourceFinite: -123.400, 46.100",SLAB,6,7.15,1.738807300311583e-07,42.0,8.0,-123.4,46.1,42.0
2370,EVT_00005663,32b9422a043e63ea09337ea4,3199,10,3171,0,3171,"Cascadia (unsegmented, 1-2-3-4, middle)",INTERFACE,335,8.1,3.4722221182216775e-07,5.0,105.0,,,
2371,EVT_00005671,c3c94893f0fdb15d0e507bf2,8231,0,8211,682,8211,"PointSourceFinite: -123.000, 45.500",SLAB,4,6.95,4.770597658980216e-07,50.0,8.0,-123.0,45.5,50.0
2372,EVT_00005675,b2de03ceb4b82c0d8e624d13,3199,9,3161,0,3161,"Cascadia (unsegmented, 1-2-3, middle)",INTERFACE,553,8.6,1.275510165877351e-06,5.0,80.0,,,
2373,EVT_00005676,e176ef6f7654649a38151c87,8231,0,8211,654,8211,"PointSourceFinite: -122.400, 45.300",SLAB,1,6.65,3.534932138063248e-07,60.0,8.0,-122.4,45.3,60.0
2374,EVT_00005677,454139b7636c73679837a121,3199,9,3161,0,3161,"Cascadia (unsegmented, 1-2-3, middle)",INTERFACE,452,8.5,1.0080644859353255e-06,5.13323260957376,80.0,,,
2375,EVT_00005679,c63d6d25bb64c20057ecd8e3,3199,10,3171,0,3171,"Cascadia (unsegmented, 1-2-3-4, middle)",INTERFACE,2327,8.6,2.3254717772631977e-07,5.0,105.0,,,
2376,EVT_00005682,f12282fe510eb206a9eb2eca,8231,0,8211,279,8211,"PointSourceFinite: -123.700, 43.400",SLAB,1,6.65,1.559784104965928e-07,42.0,8.0,-123.7,43.4,42.0
2377,EVT_00005684,b95d3808e1082eadfd495d16,3199,12,3162,0,3162,"Cascadia (unsegmented, 1-2-3, top)",INTERFACE,539,8.6,1.3020832943331291e-06,5.0,70.0,,,
2378,EVT_00005687,1580bb148105dead40181d6d,8231,0,8211,799,8211,"PointSourceFinite: -122.800, 46.200",SLAB,2,6.75,1.5361396255639422e-07,50.0,8.0,-122.8,46.2,50.0
2379,EVT_00005690,ddcf7dff7def5c4ac411df59,3199,9,3161,0,3161,"Cascadia (unsegmented, 1-2-3, middle)",INTERFACE,468,8.5,1.0080644859353255e-06,5.0,80.0,,,
2380,EVT_00005691,22ede3868498cfe40f32184e,8231,0,8211,465,8211,"PointSourceFinite: -123.000, 44.300",SLAB,1,6.65,4.065627474501281e-07,50.0,8.0,-123.0,44.3,50.0
2381,EVT_00005696,00ad00c6cec533614061d626,8231,0,8211,436,8211,"PointSourceFinite: -124.000, 44.200",SLAB,2,6.75,2.697008516209009e-07,42.0,8.0,-124.0,44.2,42.0
2382,EVT_00005699,a309654b770ae2b77bf7acf1,3199,15,3170,0,3170,"Cascadia (unsegmented, 1-2-3-4, bottom)",INTERFACE,1920,8.3,3.6456563013333184e-07,5.0,155.0,,,
2383,EVT_00005708,91baa4c06b29035e3f35fe41,8231,0,8211,160,8211,"PointSourceFinite: -123.000, 42.800",SLAB,2,6.75,1.95130137203587e-07,50.0,8.0,-123.0,42.8,50.0
2384,EVT_00005711,9f4e4a63f20df0ab0c102048,8231,0,8211,733,8211,"PointSourceFinite: -123.000, 45.800",SLAB,3,6.85,3.490531679037925e-07,50.0,8.0,-123.0,45.8,50.0
2385,EVT_00005712,9531b7875138e96dbb542659,8231,0,8211,529,8211,"PointSourceFinite: -122.300, 44.600",SLAB,1,6.65,3.002987403759857e-07,60.0,8.0,-122.3,44.6,60.0
2386,EVT_00005716,85b7fbe7f7fd50b241e36959,8231,0,8211,28,8211,"PointSourceFinite: -123.600, 42.200",SLAB,3,6.85,5.366621956482167e-07,42.0,8.0,-123.6,42.2,42.0
2387,EVT_00005719,4dcde0378df1b18490ef8255,3199,9,3161,0,3161,"Cascadia (unsegmented, 1-2-3, middle)",INTERFACE,8,8.0,6.06796098330002e-07,5.189566266538745,80.0,,,
2388,EVT_00005720,23c31764ab56f7a09ae5e60e,8231,0,8211,23,8211,"PointSourceFinite: -124.100, 42.200",SLAB,3,6.85,7.066025934358081e-07,42.0,8.0,-124.1,42.2,42.0
2389,EVT_00005723,9507696e4f3247556a82b919,8231,0,8211,552,8211,"PointSourceFinite: -123.700, 44.800",SLAB,6,7.15,5.311737715595428e-07,42.0,8.0,-123.7,44.8,42.0
2390,EVT_00005726,5dd96211f38860eb98b894f4,8231,0,8211,448,8211,"PointSourceFinite: -122.800, 44.200",SLAB,4,6.95,2.233011987638865e-07,50.0,8.0,-122.8,44.2,50.0
2391,EVT_00005737,adf19ac58d686802d48481f4,8231,0,8211,190,8211,"PointSourceFinite: -124.200, 43.000",SLAB,5,7.05,2.6942368317902704e-07,42.0,8.0,-124.2,43.0,42.0
2392,EVT_00005743,e696e2bc90d9ff0e63c2e460,8231,0,8211,114,8211,"PointSourceFinite: -123.400, 42.600",SLAB,6,7.15,2.8597769291702255e-07,42.0,8.0,-123.4,42.6,42.0
2393,EVT_00005744,6fb54443d4af4e1458370d00,8231,0,8211,631,8211,"PointSourceFinite: -123.000, 45.200",SLAB,4,6.95,5.777931922883746e-07,50.0,8.0,-123.0,45.2,50.0
2394,EVT_00005754,f4243d804cc69e3ef839ab40,3199,9,3161,0,3161,"Cascadia (unsegmented, 1-2-3, middle)",INTERFACE,290,8.2,6.868131662416505e-07,5.0,80.0,,,
2395,EVT_00005758,c96ac7f4b94c85d78e7cc0be,3199,1,3160,0,3160,"Cascadia (unsegmented, 1-2-3, bottom)",INTERFACE,953,8.3,7.379159742457803e-07,5.0,145.0,,,
2396,EVT_00005766,5c732608a31115899a4ae6d9,8231,0,8211,87,8211,"PointSourceFinite: -124.000, 42.500",SLAB,0,6.55,8.525872490667847e-07,42.0,8.0,-124.0,42.5,42.0
2397,EVT_00005770,e73b32b995e08a109c275663,8231,0,8211,48,8211,"PointSourceFinite: -123.700, 42.300",SLAB,2,6.75,6.480893306869154e-07,42.0,8.0,-123.7,42.3,42.0
2398,EVT_00005771,f3a90cb37af8850cdfca6f73,3199,1,3160,0,3160,"Cascadia (unsegmented, 1-2-3, bottom)",INTERFACE,579,8.7,1.8382352390585351e-06,5.0,145.0,,,
2399,EVT_00005772,8779b53bb54ac2af8a8a6d1d,8231,0,8211,653,8211,"PointSourceFinite: -122.500, 45.300",SLAB,0,6.55,4.4609886956274003e-07,50.0,8.0,-122.5,45.3,50.0
2400,EVT_00005773,70f838710763b9f721b2edfc,3199,1,3160,0,3160,"Cascadia (unsegmented, 1-2-3, bottom)",INTERFACE,622,8.0,1.1864454622055416e-06,5.0,145.0,,,
2401,EVT_00005781,89c4c3a30cf0d14746236e72,3199,15,3170,0,3170,"Cascadia (unsegmented, 1-2-3-4, bottom)",INTERFACE,867,8.4,3.9556960840500123e-07,5.0,155.0,,,
2402,EVT_00005782,122104cc5350a0ea5157c40e,8231,0,8211,53,8211,"PointSourceFinite: -123.200, 42.300",SLAB,5,7.05,2.641775469738335e-07,50.0,8.0,-123.2,42.3,50.0
2403,EVT_00005785,9f658aaa4aca30938ef40e12,3199,1,3160,0,3160,"Cascadia (unsegmented, 1-2-3, bottom)",INTERFACE,936,8.3,7.379159742457803e-07,5.0,145.0,,,
2404,EVT_00005787,95122148c5b21e1b9cb11ba4,8231,0,8211,555,8211,"PointSourceFinite: -123.400, 44.800",SLAB,6,7.15,5.552672512397532e-07,42.0,8.0,-123.4,44.8,42.0
2405,EVT_00005792,c6fa40c59c634c06361b2532,8231,0,8211,572,8211,"PointSourceFinite: -123.500, 44.900",SLAB,1,6.65,9.292254261334304e-07,42.0,8.0,-123.5,44.9,42.0
2406,EVT_00005793,bf1c00908590d5154b15677d,8231,0,8211,543,8211,"PointSourceFinite: -122.800, 44.700",SLAB,4,6.95,4.388601270904317e-07,50.0,8.0,-122.8,44.7,50.0
2407,EVT_00005796,28f8b5133fd447298d71d7fb,3199,15,3170,0,3170,"Cascadia (unsegmented, 1-2-3-4, bottom)",INTERFACE,1115,8.6,4.664178964775388e-07,5.0,155.0,,,
2408,EVT_00005797,08f2160b49f3019daec9a408,8231,0,8211,108,8211,"PointSourceFinite: -124.000, 42.600",SLAB,1,6.65,7.188514393858949e-07,42.0,8.0,-124.0,42.6,42.0
2409,EVT_00005798,b6c69ce545142b355aac6d0c,3199,1,3160,0,3160,"Cascadia (unsegmented, 1-2-3, bottom)",INTERFACE,1024,8.4,6.66441670347842e-07,5.0,145.0,,,
2410,EVT_00005800,b2e0550a5f481cc049cdeef9,8231,1,8212,762,8212,"PointSourceFinite: -123.300, 46.000",SLAB,2,7.45,1.2620549562907292e-08,42.0,8.0,-123.3,46.0,42.0
2411,EVT_00005802,16ed20abc0219f159bac0ed2,3199,9,3161,0,3161,"Cascadia (unsegmented, 1-2-3, middle)",INTERFACE,501,8.5,1.0080644859353255e-06,5.0,80.0,,,
2412,EVT_00005803,eaaf8164b4d3d0dac33e1043,8231,0,8211,467,8211,"PointSourceFinite: -122.800, 44.300",SLAB,4,6.95,2.6789632345485e-07,50.0,8.0,-122.8,44.3,50.0
2413,EVT_00005805,1064e53820ca75b5a5dc967b,8231,0,8211,103,8211,"PointSourceFinite: -122.400, 42.500",SLAB,5,7.05,8.363717796624688e-08,60.0,8.0,-122.4,42.5,60.0
2414,EVT_00005806,8b497b580a8d65f656bc03d8,3199,1,3160,0,3160,"Cascadia (unsegmented, 1-2-3, bottom)",INTERFACE,746,8.1,1.000721591214509e-06,5.0,145.0,,,
2415,EVT_00005814,562ce2f2a5677ee7561b61b9,8231,0,8211,645,8211,"PointSourceFinite: -123.300, 45.300",SLAB,4,6.95,6.679378594132895e-07,42.0,8.0,-123.3,45.3,42.0
2416,EVT_00005815,ecac35d090d043b274826f98,8231,0,8211,368,8211,"PointSourceFinite: -122.900, 43.800",SLAB,1,6.65,1.4468893440544852e-07,50.0,8.0,-122.9,43.8,50.0
2417,EVT_00005822,1cfe201fc144cfe401116e97,8231,0,8211,273,8211,"PointSourceFinite: -124.300, 43.400",SLAB,2,6.75,1.4637951803671712e-07,42.0,8.0,-124.3,43.4,42.0
2418,EVT_00005824,1c6ccd91e5190dd6560fc58a,3199,9,3161,0,3161,"Cascadia (unsegmented, 1-2-3, middle)",INTERFACE,697,8.1,1.000721591214509e-06,5.366117468340196,80.0,,,
2419,EVT_00005827,6e613a4a95c77962d3c516f7,8231,0,8211,714,8211,"PointSourceFinite: -123.200, 45.700",SLAB,0,6.55,6.195912954340449e-07,50.0,8.0,-123.2,45.7,50.0
2420,EVT_00005834,f79e01b261fae93876a17847,8231,0,8211,630,8211,"PointSourceFinite: -123.100, 45.200",SLAB,1,6.65,8.233949665497316e-07,50.0,8.0,-123.1,45.2,50.0
2421,EVT_00005839,fb642e5a6b627c0fa1ccf189,8231,0,8211,797,8211,"PointSourceFinite: -123.000, 46.200",SLAB,0,6.55,2.0889188377732882e-07,50.0,8.0,-123.0,46.2,50.0
2422,EVT_00005842,2cf87cc18a345e31807dada4,8231,0,8211,728,8211,"PointSourceFinite: -123.500, 45.800",SLAB,0,6.55,5.694192409915022e-07,42.0,8.0,-123.5,45.8,42.0
2423,EVT_00005843,631bdd7314e4428e8e6cb732,3199,9,3161,0,3161,"Cascadia (unsegmented, 1-2-3, middle)",INTERFACE,120,8.1,6.443298776081463e-07,5.008722023840397,80.0,,,
2424,EVT_00005844,c5d89f0bb465c925af3cf3d2,8231,0,8211,98,8211,"PointSourceFinite: -122.900, 42.500",SLAB,6,7.15,1.4224641032479345e-07,50.0,8.0,-122.9,42.5,50.0
2425,EVT_00005845,c1169929c7c8d7c4ccfbedde,8231,0,8211,715,8211,"PointSourceFinite: -123.100, 45.700",SLAB,5,7.05,3.676382404127818e-07,50.0,8.0,-123.1,45.7,50.0
2426,EVT_00005846,9b2d13bd51f82e48cf7d62cc,3199,0,3172,0,3172,"Cascadia (unsegmented, 1-2-3-4, top)",INTERFACE,1361,8.0,6.677807792741574e-07,5.0,85.0,,,
2427,EVT_00005848,08cc8d9665a1c7f0556d607c,8231,0,8211,49,8211,"PointSourceFinite: -123.600, 42.300",SLAB,4,6.95,4.919304103787254e-07,42.0,8.0,-123.6,42.3,42.0
2428,EVT_00005850,9dcd0f9aa07a4351c755f0d4,8231,0,8211,769,8211,"PointSourceFinite: -122.600, 46.000",SLAB,5,7.05,1.4022603427738078e-07,50.0,8.0,-122.6,46.0,50.0
2429,EVT_00005851,ca74f175ee35871f0e80ab59,3199,9,3161,0,3161,"Cascadia (unsegmented, 1-2-3, middle)",INTERFACE,972,8.4,6.66441670347842e-07,5.135990294874008,80.0,,,
2430,EVT_00005853,88297df344ea2cb11be829cc,3199,1,3160,0,3160,"Cascadia (unsegmented, 1-2-3, bottom)",INTERFACE,98,8.0,6.06796098330002e-07,5.0,145.0,,,
2431,EVT_00005854,e2ed127ade1261777f671117,3199,12,3162,0,3162,"Cascadia (unsegmented, 1-2-3, top)",INTERFACE,548,8.6,1.3020832943331291e-06,5.0,70.0,,,
2432,EVT_00005855,adb5e64422c2650157e2cea5,8231,0,8211,55,8211,"PointSourceFinite: -123.000, 42.300",SLAB,0,6.55,3.017188692075557e-07,50.0,8.0,-123.0,42.3,50.0
2433,EVT_00005857,541ea8d06d3de08cc6b7e7fd,3199,12,3162,0,3162,"Cascadia (unsegmented, 1-2-3, top)",INTERFACE,980,8.4,6.756978046582286e-07,5.0,70.0,,,
2434,EVT_00005860,aa7acc5055989d87cb4ddacf,3199,9,3161,0,3161,"Cascadia (unsegmented, 1-2-3, middle)",INTERFACE,177,8.1,6.443298776081463e-07,5.0,80.0,,,
2435,EVT_00005862,ed940cd05b99df339319944b,8231,0,8211,555,8211,"PointSourceFinite: -123.400, 44.800",SLAB,4,6.95,6.675780678733269e-07,42.0,8.0,-123.4,44.8,42.0
2436,EVT_00005864,1eae6d27b2e3eac58762b64b,8231,0,8211,554,8211,"PointSourceFinite: -123.500, 44.800",SLAB,1,6.65,8.824956658320415e-07,42.0,8.0,-123.5,44.8,42.0
2437,EVT_00005867,b7b8933a8b00a9baf1926366,3199,15,3170,0,3170,"Cascadia (unsegmented, 1-2-3-4, bottom)",INTERFACE,948,8.5,4.2517005529245033e-07,5.0,155.0,,,
2438,EVT_00005868,198b7a0eed45d6a0bc389d6c,8231,0,8211,179,8211,"PointSourceFinite: -123.200, 42.900",SLAB,3,6.85,2.0653014395374938e-07,50.0,8.0,-123.2,42.9,50.0
2439,EVT_00005869,2856286ccf3fd4f1d145538d,3199,10,3171,0,3171,"Cascadia (unsegmented, 1-2-3-4, middle)",INTERFACE,801,8.4,4.006410136409629e-07,5.0,105.0,,,
2440,EVT_00005872,fe38d563d4f92f61fe9a3d8a,3199,9,3161,0,3161,"Cascadia (unsegmented, 1-2-3, middle)",INTERFACE,703,8.1,1.000721591214509e-06,5.160402225532784,80.0,,,
2441,EVT_00005874,8e923efa9d0a236dd0c1a95c,8231,0,8211,664,8211,"PointSourceFinite: -123.100, 45.400",SLAB,3,6.85,6.173293877878575e-07,50.0,8.0,-123.1,45.4,50.0
2442,EVT_00005877,4626834c65c0ade9686a4edf,3199,9,3161,0,3161,"Cascadia (unsegmented, 1-2-3, middle)",INTERFACE,432,8.4,8.56164357917674e-07,5.0,80.0,,,
2443,EVT_00005880,1c49c5b9ef0369a793d6c666,8231,0,8211,239,8211,"PointSourceFinite: -123.500, 43.200",SLAB,6,7.15,1.266699923392287e-07,42.0,8.0,-123.5,43.2,42.0
2444,EVT_00005883,df918dd5807ae2839aab2075,3199,0,3172,0,3172,"Cascadia (unsegmented, 1-2-3-4, top)",INTERFACE,1879,8.3,3.7574862492269787e-07,5.0,85.0,,,
2445,EVT_00005885,6480aab8979d44c6507a8fc0,8231,0,8211,459,8211,"PointSourceFinite: -123.600, 44.300",SLAB,5,7.05,3.114254951911889e-07,42.0,8.0,-123.6,44.3,42.0
2446,EVT_00005889,4016138ae4dc0fc31784a832,3199,15,3170,0,3170,"Cascadia (unsegmented, 1-2-3-4, bottom)",INTERFACE,447,8.2,3.551136257272171e-07,5.0,155.0,,,
2447,EVT_00005890,1b0312283a37476f9609eea7,3199,9,3161,0,3161,"Cascadia (unsegmented, 1-2-3, middle)",INTERFACE,1066,8.5,6.232945289588634e-07,5.0,80.0,,,
2448,EVT_00005891,cdb970e66733d0d085c2df89,3199,9,3161,0,3161,"Cascadia (unsegmented, 1-2-3, middle)",INTERFACE,486,8.5,1.0080644859353255e-06,5.0,80.0,,,
2449,EVT_00005895,da7c9781f4e8f9833b1f6bb5,8231,0,8211,641,8211,"PointSourceFinite: -123.700, 45.300",SLAB,6,7.15,5.541402201854162e-07,42.0,8.0,-123.7,45.3,42.0
2450,EVT_00005900,66529274fa84130f96cb3774,8231,1,8212,364,8212,"PointSourceFinite: -123.300, 43.800",SLAB,0,7.25,8.584409940520188e-09,42.0,8.0,-123.3,43.8,42.0
2451,EVT_00005902,4d22b5da49f842cd3ec6852d,8231,0,8211,563,8211,"PointSourceFinite: -122.600, 44.800",SLAB,3,6.85,4.074113467896599e-07,50.0,8.0,-122.6,44.8,50.0
2452,EVT_00005903,d055accef6bed7498161e2ea,3199,15,3170,0,3170,"Cascadia (unsegmented, 1-2-3-4, bottom)",INTERFACE,685,8.3,3.72023798380894e-07,5.0,155.0,,,
2453,EVT_00005906,6976d92588581ef3f8e9a244,8231,0,8211,458,8211,"PointSourceFinite: -123.700, 44.300",SLAB,1,6.65,4.345356080480424e-07,42.0,8.0,-123.7,44.3,42.0
2454,EVT_00005907,879ac76bc4586d716cb4991e,3199,1,3160,0,3160,"Cascadia (unsegmented, 1-2-3, bottom)",INTERFACE,528,8.6,1.275510165877351e-06,5.00026134730894,145.0,,,
2455,EVT_00005910,181f2b19730d84b7f28d40fc,8231,0,8211,676,8211,"PointSourceFinite: -123.600, 45.500",SLAB,6,7.15,4.928658192846013e-07,42.0,8.0,-123.6,45.5,42.0
2456,EVT_00005912,8bf2a66373f43cdee4fd1aa8,8231,1,8212,514,8212,"PointSourceFinite: -123.800, 44.600",SLAB,1,7.35,3.0035172077323136e-08,42.0,8.0,-123.8,44.6,42.0
2457,EVT_00005914,878f03170893ccf47ecfda9b,8231,0,8211,505,8211,"PointSourceFinite: -122.800, 44.500",SLAB,4,6.95,3.612046281662319e-07,50.0,8.0,-122.8,44.5,50.0
2458,EVT_00005918,1b06012b2dfcda2b1e26168f,8231,0,8211,573,8211,"PointSourceFinite: -123.400, 44.900",SLAB,0,6.55,1.0144306545373302e-06,42.0,8.0,-123.4,44.9,42.0
2459,EVT_00005921,322d06301ae81e6c4f4f49ed,3199,9,3161,0,3161,"Cascadia (unsegmented, 1-2-3, middle)",INTERFACE,964,8.3,7.379159742457803e-07,5.0,80.0,,,
2460,EVT_00005927,22ebffa673dc8903327ec40e,8231,0,8211,662,8211,"PointSourceFinite: -123.300, 45.400",SLAB,6,7.15,5.222758997500557e-07,42.0,8.0,-123.3,45.4,42.0
2461,EVT_00005930,b3653033b3ac288ae4b1005e,8231,0,8211,184,8211,"PointSourceFinite: -122.700, 42.900",SLAB,1,6.65,1.3657985992262112e-07,50.0,8.0,-122.7,42.9,50.0
2462,EVT_00005935,aa4d544ff185805c21798de3,8231,0,8211,451,8211,"PointSourceFinite: -122.500, 44.200",SLAB,0,6.55,2.513841723468495e-07,50.0,8.0,-122.5,44.2,50.0
2463,EVT_00005936,6f24eb84a057214dc565a923,8231,0,8211,613,8211,"PointSourceFinite: -123.000, 45.100",SLAB,2,6.75,7.099753909480996e-07,50.0,8.0,-123.0,45.1,50.0
2464,EVT_00005937,00e74b455677e282cd60b0a8,8231,0,8211,132,8211,"PointSourceFinite: -123.700, 42.700",SLAB,1,6.65,5.572537816003639e-07,42.0,8.0,-123.7,42.7,42.0
2465,EVT_00005938,671b028a905de1e80b0474b2,3199,0,3172,0,3172,"Cascadia (unsegmented, 1-2-3-4, top)",INTERFACE,1939,8.4,3.1797543748622524e-07,5.038041045099275,85.0,,,
2466,EVT_00005940,ddd440c57a29dba8b1d93710,8231,0,8211,601,8211,"PointSourceFinite: -122.400, 45.000",SLAB,2,6.75,3.545357088190265e-07,60.0,8.0,-122.4,45.0,60.0
2467,EVT_00005941,ef4b3deb5b3f7efea73bf369,8231,0,8211,506,8211,"PointSourceFinite: -122.700, 44.500",SLAB,0,6.55,4.742989404111675e-07,50.0,8.0,-122.7,44.5,50.0
2468,EVT_00005945,c059faeab416f3f531ec51d5,8231,0,8211,660,8211,"PointSourceFinite: -123.500, 45.400",SLAB,1,6.65,8.589294028574235e-07,42.0,8.0,-123.5,45.4,42.0
2469,EVT_00005947,431b2d78fc5e9a3224c95a76,3199,15,3170,0,3170,"Cascadia (unsegmented, 1-2-3-4, bottom)",INTERFACE,2458,8.7,2.0489815269661282e-07,5.0,155.0,,,
2470,EVT_00005948,f06c77d46809e6d195bd69ea,8231,0,8211,571,8211,"PointSourceFinite: -123.600, 44.900",SLAB,2,6.75,8.360567264473965e-07,42.0,8.0,-123.6,44.9,42.0
2471,EVT_00005950,3bab74c888ea6b28db437a83,8231,0,8211,709,8211,"PointSourceFinite: -123.700, 45.700",SLAB,1,6.65,5.918008895762153e-07,42.0,8.0,-123.7,45.7,42.0
2472,EVT_00005951,70a92ba76b5ea808bd705f0a,8231,0,8211,662,8211,"PointSourceFinite: -123.300, 45.400",SLAB,5,7.05,5.72664136447e-07,42.0,8.0,-123.3,45.4,42.0
2473,EVT_00005953,a74dd8625d4045325335bee1,8231,0,8211,115,8211,"PointSourceFinite: -123.300, 42.600",SLAB,5,7.05,2.7426163915805215e-07,42.0,8.0,-123.3,42.6,42.0
2474,EVT_00005958,ceaea5a8a939bfe72985cbe0,8231,0,8211,606,8211,"PointSourceFinite: -123.700, 45.100",SLAB,3,6.85,7.680832225575185e-07,42.0,8.0,-123.7,45.1,42.0
2475,EVT_00005959,03a4307ea98daceea9ab4182,3199,10,3171,0,3171,"Cascadia (unsegmented, 1-2-3-4, middle)",INTERFACE,1758,8.2,4.431346968677581e-07,5.0,105.0,,,
2476,EVT_00005964,cd1562d9dca933da924188ce,3199,9,3161,0,3161,"Cascadia (unsegmented, 1-2-3, middle)",INTERFACE,617,8.0,1.1864454622055416e-06,5.0,80.0,,,
2477,EVT_00005965,0df24dc46e47b37386bca1f5,3199,9,3161,0,3161,"Cascadia (unsegmented, 1-2-3, middle)",INTERFACE,729,8.1,1.000721591214509e-06,5.0,80.0,,,
2478,EVT_00005967,d138a073de8777d10f2569ce,3199,10,3171,0,3171,"Cascadia (unsegmented, 1-2-3-4, middle)",INTERFACE,902,8.5,4.3103446984820834e-07,5.0,105.0,,,
2479,EVT_00005969,f4d93f67ef19c03d0a363f7e,8231,0,8211,730,8211,"PointSourceFinite: -123.300, 45.800",SLAB,6,7.15,3.161545654422749e-07,42.0,8.0,-123.3,45.8,42.0
2480,EVT_00005971,50578d05651b59bba7a7d28d,8231,0,8211,611,8211,"PointSourceFinite: -123.200, 45.100",SLAB,5,7.05,6.173267746989143e-07,50.0,8.0,-123.2,45.1,50.0
2481,EVT_00005974,b5ed661af5c60a384158c1b1,8231,0,8211,102,8211,"PointSourceFinite: -122.500, 42.500",SLAB,1,6.65,1.3223143208903684e-07,50.0,8.0,-122.5,42.5,50.0
2482,EVT_00005975,97bbeb47b028949bee0ba632,8231,0,8211,445,8211,"PointSourceFinite: -123.100, 44.200",SLAB,6,7.15,2.2180822915093453e-07,50.0,8.0,-123.1,44.2,50.0
2483,EVT_00005977,eee82892fe36927cc81a01f5,8231,0,8211,627,8211,"PointSourceFinite: -123.400, 45.200",SLAB,4,6.95,7.130979843290119e-07,42.0,8.0,-123.4,45.2,42.0
2484,EVT_00005979,9d187725f7e18ad14fb243a8,8231,1,8212,675,8212,"PointSourceFinite: -123.700, 45.500",SLAB,0,7.25,4.1192137990582966e-08,42.0,8.0,-123.7,45.5,42.0
2485,EVT_00005980,af87e017d15f2f64b4784ea0,8231,0,8211,71,8211,"PointSourceFinite: -123.500, 42.400",SLAB,6,7.15,3.605857875120413e-07,42.0,8.0,-123.5,42.4,42.0
2486,EVT_00005981,beb548bdc9b698cb6148cf77,8231,0,8211,188,8211,"PointSourceFinite: -122.300, 42.900",SLAB,0,6.55,1.1454667166395352e-07,60.0,8.0,-122.3,42.9,60.0
2487,EVT_00005988,d9b5874af3573a03bda37ac4,3199,0,3172,0,3172,"Cascadia (unsegmented, 1-2-3-4, top)",INTERFACE,114,8.0,3.41530044415247e-07,5.0,85.0,,,
2488,EVT_00005991,20fcd2319fed994ec9b8c634,8231,0,8211,110,8211,"PointSourceFinite: -123.800, 42.600",SLAB,1,6.65,6.621371367984745e-07,42.0,8.0,-123.8,42.6,42.0
2489,EVT_00005992,49f35df7c674e46a90c1da86,3199,1,3160,0,3160,"Cascadia (unsegmented, 1-2-3, bottom)",INTERFACE,524,8.6,1.275510165877351e-06,5.01172617264167,145.0,,,
2490,EVT_00005993,24f9fa8738f2aa5c4dcd2309,8231,0,8211,110,8211,"PointSourceFinite: -123.800, 42.600",SLAB,3,6.85,5.507416818906241e-07,42.0,8.0,-123.8,42.6,42.0
2491,EVT_00005995,3fafc1d506bbabccee133dd0,8231,0,8211,192,8211,"PointSourceFinite: -124.000, 43.000",SLAB,1,6.65,3.876719335767569e-07,42.0,8.0,-124.0,43.0,42.0
2492,EVT_00005996,7e566cf993a029c10f4ebfc4,8231,0,8211,8,8211,"PointSourceFinite: -123.500, 42.100",SLAB,4,6.95,4.2704756656105203e-07,42.0,8.0,-123.5,42.1,42.0
2493,EVT_00005999,cc7bb59d4a440c616c39de4f,8231,0,8211,683,8211,"PointSourceFinite: -122.900, 45.500",SLAB,1,6.65,5.723782484832693e-07,50.0,8.0,-122.9,45.5,50.0
2494,EVT_00006000,12b7090b2865f2dc99911d3b,3199,0,3172,0,3172,"Cascadia (unsegmented, 1-2-3-4, top)",INTERFACE,1819,8.3,3.7574862492269787e-07,5.0,85.0,,,
2495,EVT_00006003,b3ff70857511a4b6bf46dba6,8231,1,8212,573,8212,"PointSourceFinite: -123.400, 44.900",SLAB,1,7.35,4.172113577017144e-08,42.0,8.0,-123.4,44.9,42.0
2496,EVT_00006005,c2aa5a48288a6b11773ad5a3,8231,0,8211,322,8211,"PointSourceFinite: -123.500, 43.600",SLAB,0,6.55,1.436458625707855e-07,42.0,8.0,-123.5,43.6,42.0
2497,EVT_00006006,bc047f15d4281c8b3187b24f,3199,10,3171,0,3171,"Cascadia (unsegmented, 1-2-3-4, middle)",INTERFACE,1235,8.7,5.341880181879504e-07,5.0,105.0,,,
2498,EVT_00006008,73968c1f88ef2458f9d54458,8231,0,8211,454,8211,"PointSourceFinite: -124.100, 44.300",SLAB,0,6.55,3.627916357148322e-07,42.0,8.0,-124.1,44.3,42.0
2499,EVT_00006009,53e4f2d111bf82fac665707d,3199,1,3160,0,3160,"Cascadia (unsegmented, 1-2-3, bottom)",INTERFACE,900,8.3,7.379159742457803e-07,5.0064180930146325,145.0,,,
2500,EVT_00006012,55ca6ced4740bd891d71ec71,3199,15,3170,0,3170,"Cascadia (unsegmented, 1-2-3-4, bottom)",INTERFACE,627,8.3,3.72023798380894e-07,5.0,155.0,,,
2501,EVT_00006014,1ead65abe50086e4576719c6,8231,0,8211,116,8211,"PointSourceFinite: -123.200, 42.600",SLAB,3,6.85,2.851691670570162e-07,50.0,8.0,-123.2,42.6,50.0
2502,EVT_00006015,d304129a49369b21e48de179,8231,0,8211,61,8211,"PointSourceFinite: -122.400, 42.300",SLAB,2,6.75,1.1160230485357489e-07,60.0,8.0,-122.4,42.3,60.0
2503,EVT_00006016,2248ec4ef085d6d9e0526629,8231,1,8212,660,8212,"PointSourceFinite: -123.500, 45.400",SLAB,7,7.95,1.2825999775456499e-09,42.0,8.0,-123.5,45.4,42.0
2504,EVT_00006017,26312e79ce63a9b8598a3baf,3199,1,3160,0,3160,"Cascadia (unsegmented, 1-2-3, bottom)",INTERFACE,819,8.2,8.473124973075812e-07,5.0,145.0,,,
2505,EVT_00006022,f696779c1f711c216199b664,8231,0,8211,557,8211,"PointSourceFinite: -123.200, 44.800",SLAB,0,6.55,9.108940848014798e-07,50.0,8.0,-123.2,44.8,50.0
2506,EVT_00006024,eb430b5243385219a38f0fd5,3199,9,3161,0,3161,"Cascadia (unsegmented, 1-2-3, middle)",INTERFACE,372,8.3,7.530120256384362e-07,5.0,80.0,,,
2507,EVT_00006025,d4317ec43a2c7d7eb2d7b9a4,3199,1,3160,0,3160,"Cascadia (unsegmented, 1-2-3, bottom)",INTERFACE,26,8.0,6.06796098330002e-07,5.0,145.0,,,
2508,EVT_00006041,7b9d676afbedf435020346c5,8231,0,8211,769,8211,"PointSourceFinite: -122.600, 46.000",SLAB,2,6.75,1.8485391460719898e-07,50.0,8.0,-122.6,46.0,50.0
2509,EVT_00006042,1d8fd1581b6a89e58efa8a71,3199,10,3171,0,3171,"Cascadia (unsegmented, 1-2-3-4, middle)",INTERFACE,119,8.0,3.360214953117753e-07,5.0,105.0,,,
2510,EVT_00006043,60eb63099f6c4b214994a8ae,8231,0,8211,683,8211,"PointSourceFinite: -122.900, 45.500",SLAB,4,6.95,4.341933037338901e-07,50.0,8.0,-122.9,45.5,50.0
2511,EVT_00006044,9eaad052af0121366b78cc06,8231,1,8212,84,8212,"PointSourceFinite: -124.300, 42.500",SLAB,1,7.35,3.490861300372784e-08,42.0,8.0,-124.3,42.5,42.0
2512,EVT_00006045,b1d9c3c98bc7be2a4a3b1c7c,3199,0,3172,0,3172,"Cascadia (unsegmented, 1-2-3-4, top)",INTERFACE,2333,8.6,2.3795525162693186e-07,5.0,85.0,,,
2513,EVT_00006049,9c7c42d2bd014eeb092992d3,3199,0,3172,0,3172,"Cascadia (unsegmented, 1-2-3-4, top)",INTERFACE,758,8.4,4.084967197907856e-07,5.0,85.0,,,
2514,EVT_00006052,a54ed4da30225291d53de9a9,3199,9,3161,0,3161,"Cascadia (unsegmented, 1-2-3, middle)",INTERFACE,834,8.2,8.473124973075812e-07,5.0,80.0,,,
2515,EVT_00006054,4ab27689c682b33e92e85d63,8231,1,8212,531,8212,"PointSourceFinite: -124.000, 44.700",SLAB,0,7.25,3.46504548861563e-08,42.0,8.0,-124.0,44.7,42.0
2516,EVT_00006061,23d81bad9ee244b1ef801f62,8231,0,8211,427,8211,"PointSourceFinite: -123.000, 44.100",SLAB,1,6.65,2.717675503566968e-07,50.0,8.0,-123.0,44.1,50.0
2517,EVT_00006063,7380610aa546b60875941894,3199,12,3162,0,3162,"Cascadia (unsegmented, 1-2-3, top)",INTERFACE,424,8.4,8.680555295554194e-07,5.0,70.0,,,
2518,EVT_00006065,069f1d01bbd4af1654a1bb08,8231,0,8211,690,8211,"PointSourceFinite: -123.900, 45.600",SLAB,2,6.75,5.567566204514391e-07,42.0,8.0,-123.9,45.6,42.0
2519,EVT_00006068,62a1495b12dfb274ec447cb2,8231,0,8211,85,8211,"PointSourceFinite: -124.200, 42.500",SLAB,3,6.85,6.555258929302927e-07,42.0,8.0,-124.2,42.5,42.0
2520,EVT_00006069,a1d2e9aaf6511c29dec9ccfd,8231,0,8211,120,8211,"PointSourceFinite: -122.800, 42.600",SLAB,1,6.65,1.8583609915032165e-07,50.0,8.0,-122.8,42.6,50.0
2521,EVT_00006072,ce332ec77fb1ccf25d916ce2,8231,0,8211,512,8211,"PointSourceFinite: -124.000, 44.600",SLAB,6,7.15,3.630225974553292e-07,42.0,8.0,-124.0,44.6,42.0
2522,EVT_00006073,0d5c1f1ed26507aad51f0902,8231,0,8211,565,8211,"PointSourceFinite: -122.400, 44.800",SLAB,0,6.55,4.1620727525570004e-07,60.0,8.0,-122.4,44.8,60.0
2523,EVT_00006074,ee9ceacbd8676cd2a0dca0fe,8231,0,8211,115,8211,"PointSourceFinite: -123.300, 42.600",SLAB,1,6.65,3.9642868082901734e-07,42.0,8.0,-123.3,42.6,42.0
2524,EVT_00006075,9d409e928ca18effbdfaf7de,3199,1,3160,0,3160,"Cascadia (unsegmented, 1-2-3, bottom)",INTERFACE,948,8.3,7.379159742457803e-07,5.0,145.0,,,
2525,EVT_00006077,2f857b6a16457dbc035dc7ae,3199,12,3162,0,3162,"Cascadia (unsegmented, 1-2-3, top)",INTERFACE,728,8.1,1.011145774456327e-06,5.0,70.0,,,
2526,EVT_00006078,c186635a53d5613fb39e4d6d,8231,0,8211,552,8211,"PointSourceFinite: -123.700, 44.800",SLAB,5,7.05,5.824204588781796e-07,42.0,8.0,-123.7,44.8,42.0
2527,EVT_00006079,8d882bc8cbc80b132e5234d1,8231,0,8211,765,8211,"PointSourceFinite: -123.000, 46.000",SLAB,4,6.95,2.180649933762184e-07,50.0,8.0,-123.0,46.0,50.0
2528,EVT_00006081,a91eb0f14f1ac877e5904725,3199,12,3162,0,3162,"Cascadia (unsegmented, 1-2-3, top)",INTERFACE,185,8.1,6.510416471665647e-07,5.0,70.0,,,
2529,EVT_00006091,c352dedebeb86620bd077eea,8231,0,8211,359,8211,"PointSourceFinite: -123.800, 43.800",SLAB,3,6.85,1.258497295616527e-07,42.0,8.0,-123.8,43.8,42.0
2530,EVT_00006094,b11c2cda8b3ad5d7766791bb,8231,0,8211,532,8211,"PointSourceFinite: -123.900, 44.700",SLAB,5,7.05,4.794077464227293e-07,42.0,8.0,-123.9,44.7,42.0
2531,EVT_00006097,6ecfaee81e7e2609f8093947,3199,9,3161,0,3161,"Cascadia (unsegmented, 1-2-3, middle)",INTERFACE,557,8.6,1.275510165877351e-06,5.0,80.0,,,
2532,EVT_00006098,92865b22681bb5cd37ba15e1,8231,0,8211,253,8211,"PointSourceFinite: -124.200, 43.300",SLAB,2,6.75,1.8128766831596374e-07,42.0,8.0,-124.2,43.3,42.0
2533,EVT_00006099,deaaf110859b3f045012dda5,8231,0,8211,668,8211,"PointSourceFinite: -122.700, 45.400",SLAB,5,7.05,3.438275991343296e-07,50.0,8.0,-122.7,45.4,50.0
2534,EVT_00006102,672072eae18972085819d195,8231,0,8211,504,8211,"PointSourceFinite: -122.900, 44.500",SLAB,0,6.55,5.687689213308464e-07,50.0,8.0,-122.9,44.5,50.0
2535,EVT_00006108,6e3b713f0ebda67fcd8252d4,8231,0,8211,178,8211,"PointSourceFinite: -123.300, 42.900",SLAB,2,6.75,2.562514872857104e-07,42.0,8.0,-123.3,42.9,42.0
2536,EVT_00006109,cd8aee2bf65926fdbde6127e,3199,9,3161,0,3161,"Cascadia (unsegmented, 1-2-3, middle)",INTERFACE,519,8.6,1.275510165877351e-06,5.049500935517561,80.0,,,
2537,EVT_00006115,cdd7e64bc64291966f2dba16,8231,0,8211,645,8211,"PointSourceFinite: -123.300, 45.300",SLAB,2,6.75,8.030379329070836e-07,42.0,8.0,-123.3,45.3,42.0
2538,EVT_00006117,e2e1ca135491eea5f794f6e8,3199,1,3160,0,3160,"Cascadia (unsegmented, 1-2-3, bottom)",INTERFACE,201,8.2,6.868131662416505e-07,5.3540667149249686,145.0,,,
2539,EVT_00006119,08e6c4c00b680d90e256af26,3199,12,3162,0,3162,"Cascadia (unsegmented, 1-2-3, top)",INTERFACE,453,8.5,1.024590133245741e-06,5.045621487699459,70.0,,,
2540,EVT_00006120,8d1ac7eb14d0759c85bec53b,8231,0,8211,679,8211,"PointSourceFinite: -123.300, 45.500",SLAB,2,6.75,6.925954929677788e-07,42.0,8.0,-123.3,45.5,42.0
2541,EVT_00006130,f707c9eee4eb5c195b1afaf9,3199,15,3170,0,3170,"Cascadia (unsegmented, 1-2-3-4, bottom)",INTERFACE,1801,8.2,4.380990753124425e-07,5.0,155.0,,,
2542,EVT_00006132,264f897dd08b2284d3623f9e,8231,0,8211,536,8211,"PointSourceFinite: -123.500, 44.700",SLAB,0,6.55,8.964891629554527e-07,42.0,8.0,-123.5,44.7,42.0
2543,EVT_00006133,eb0bd2a68765ca122115e083,3199,1,3160,0,3160,"Cascadia (unsegmented, 1-2-3, bottom)",INTERFACE,707,8.1,1.000721591214509e-06,5.069745445128428,145.0,,,
2544,EVT_00006136,0a89ab29bd3c5c3d25a63df4,3199,9,3161,0,3161,"Cascadia (unsegmented, 1-2-3, middle)",INTERFACE,739,8.1,1.000721591214509e-06,5.0,80.0,,,
2545,EVT_00006137,3eeac446c6c16926ff9f0f4a,8231,0,8211,576,8211,"PointSourceFinite: -123.100, 44.900",SLAB,1,6.65,8.22356452076985e-07,50.0,8.0,-123.1,44.9,50.0
2546,EVT_00006138,6fd567dfffce576858664f3f,3199,1,3160,0,3160,"Cascadia (unsegmented, 1-2-3, bottom)",INTERFACE,13,8.0,6.06796098330002e-07,5.062508832907604,145.0,,,
2547,EVT_00006141,9c9dfbeb4b32e46735408b5a,3199,1,3160,0,3160,"Cascadia (unsegmented, 1-2-3, bottom)",INTERFACE,556,8.6,1.275510165877351e-06,5.0,145.0,,,
2548,EVT_00006144,f653b69f2a2709be25f35c94,8231,0,8211,442,8211,"PointSourceFinite: -123.400, 44.200",SLAB,2,6.75,3.42560481889886e-07,42.0,8.0,-123.4,44.2,42.0
2549,EVT_00006146,22110d0811b98308f146cbea,3199,1,3160,0,3160,"Cascadia (unsegmented, 1-2-3, bottom)",INTERFACE,340,8.3,7.530120256384362e-07,5.0,145.0,,,
2550,EVT_00006147,06c5da4ac7cd85db4917c645,3199,9,3161,0,3161,"Cascadia (unsegmented, 1-2-3, middle)",INTERFACE,992,8.4,6.66441670347842e-07,5.0,80.0,,,
2551,EVT_00006149,a3b76b8224fc74bff2e76294,3199,15,3170,0,3170,"Cascadia (unsegmented, 1-2-3-4, bottom)",INTERFACE,1870,8.3,3.6456563013333184e-07,5.0,155.0,,,
2552,EVT_00006151,29d589679ec0e2b326968606,8231,0,8211,42,8211,"PointSourceFinite: -124.300, 42.300",SLAB,4,6.95,6.341486328943464e-07,42.0,8.0,-124.3,42.3,42.0
2553,EVT_00006152,0971f991ca23bdb99985d1e0,8231,0,8211,131,8211,"PointSourceFinite: -123.800, 42.700",SLAB,1,6.65,5.95497692403792e-07,42.0,8.0,-123.8,42.7,42.0
2554,EVT_00006154,0cba7e1ff8423df6afea3188,8231,0,8211,533,8211,"PointSourceFinite: -123.800, 44.700",SLAB,5,7.05,5.120837434839913e-07,42.0,8.0,-123.8,44.7,42.0
2555,EVT_00006155,7d6af4369cde7d59647f41fd,8231,0,8211,5,8211,"PointSourceFinite: -123.800, 42.100",SLAB,3,6.85,6.18352787210268e-07,42.0,8.0,-123.8,42.1,42.0
2556,EVT_00006162,b227401c99ecc87f56df2da0,8231,0,8211,502,8211,"PointSourceFinite: -123.100, 44.500",SLAB,2,6.75,5.408402703765166e-07,50.0,8.0,-123.1,44.5,50.0
2557,EVT_00006163,e5bdfbc57328a936c04b32c0,3199,9,3161,0,3161,"Cascadia (unsegmented, 1-2-3, middle)",INTERFACE,444,8.4,8.56164357917674e-07,5.0,80.0,,,
2558,EVT_00006164,c1823d8eb44661aa89ab7016,8231,0,8211,481,8211,"PointSourceFinite: -123.300, 44.400",SLAB,1,6.65,5.480841542486588e-07,42.0,8.0,-123.3,44.4,42.0
2559,EVT_00006168,48fe14bb298909106d538860,8231,0,8211,661,8211,"PointSourceFinite: -123.400, 45.400",SLAB,6,7.15,5.369838910984009e-07,42.0,8.0,-123.4,45.4,42.0
2560,EVT_00006169,b130d0bcc62acd453dfef2cf,3199,1,3160,0,3160,"Cascadia (unsegmented, 1-2-3, bottom)",INTERFACE,940,8.3,7.379159742457803e-07,5.0,145.0,,,
2561,EVT_00006183,27d5a4161239670dc08183fc,3199,15,3170,0,3170,"Cascadia (unsegmented, 1-2-3-4, bottom)",INTERFACE,1825,8.3,3.6456563013333184e-07,5.155469359573403,155.0,,,
2562,EVT_00006185,45433a29cea67a40654e9c93,3199,12,3162,0,3162,"Cascadia (unsegmented, 1-2-3, top)",INTERFACE,742,8.1,1.011145774456327e-06,5.0,70.0,,,
2563,EVT_00006187,ec9233049e055c7ac4080bf0,8231,0,8211,352,8211,"PointSourceFinite: -122.500, 43.700",SLAB,0,6.55,1.2353696194790694e-07,50.0,8.0,-122.5,43.7,50.0
2564,EVT_00006192,13618d62912df2e9bd91deee,8231,0,8211,681,8211,"PointSourceFinite: -123.100, 45.500",SLAB,0,6.55,7.465354625094418e-07,50.0,8.0,-123.1,45.5,50.0
2565,EVT_00006195,853ae9f7160bf19af98a2a38,8231,0,8211,499,8211,"PointSourceFinite: -123.400, 44.500",SLAB,2,6.75,5.918380471671544e-07,42.0,8.0,-123.4,44.5,42.0
2566,EVT_00006197,737f5161b20b1154a0dab9aa,8231,0,8211,723,8211,"PointSourceFinite: -122.300, 45.700",SLAB,6,7.15,1.3859336447983853e-07,60.0,8.0,-122.3,45.7,60.0
2567,EVT_00006204,7ed860815dc688beb0708dad,8231,0,8211,636,8211,"PointSourceFinite: -122.500, 45.200",SLAB,0,6.55,4.675933943533086e-07,50.0,8.0,-122.5,45.2,50.0
2568,EVT_00006208,e641be7091261a8bf49182c0,8231,0,8211,316,8211,"PointSourceFinite: -124.100, 43.600",SLAB,5,7.05,8.968704678187714e-08,42.0,8.0,-124.1,43.6,42.0
2569,EVT_00006213,f39a2a92b74ec120fc65421c,8231,0,8211,31,8211,"PointSourceFinite: -123.300, 42.200",SLAB,5,7.05,3.0560718265151137e-07,42.0,8.0,-123.3,42.2,42.0
2570,EVT_00006222,3ee7f268bb07092e7ec58fef,3199,15,3170,0,3170,"Cascadia (unsegmented, 1-2-3-4, bottom)",INTERFACE,1791,8.2,4.380990753124425e-07,5.0,155.0,,,
2571,EVT_00006224,1644b2df9c141025e7759408,3199,15,3170,0,3170,"Cascadia (unsegmented, 1-2-3-4, bottom)",INTERFACE,610,8.3,3.72023798380894e-07,5.0,155.0,,,
2572,EVT_00006225,c65f69191c71ef59970cad07,8231,0,8211,589,8211,"PointSourceFinite: -123.600, 45.000",SLAB,0,6.55,1.0353564340936029e-06,42.0,8.0,-123.6,45.0,42.0
2573,EVT_00006227,80485588b1b33cfd1d889394,8231,0,8211,150,8211,"PointSourceFinite: -124.000, 42.800",SLAB,3,6.85,4.6582948535658533e-07,42.0,8.0,-124.0,42.8,42.0
2574,EVT_00006235,bf6c2a492cd8ed0cb85f9bad,8231,0,8211,22,8211,"PointSourceFinite: -124.200, 42.200",SLAB,4,6.95,6.448145837992669e-07,42.0,8.0,-124.2,42.2,42.0
2575,EVT_00006237,1eba2fd1a95d2d18eace8e21,8231,0,8211,624,8211,"PointSourceFinite: -123.700, 45.200",SLAB,0,6.55,9.98608100577773e-07,42.0,8.0,-123.7,45.2,42.0
2576,EVT_00006239,f24b3e745dba95df8cedca7d,3199,1,3160,0,3160,"Cascadia (unsegmented, 1-2-3, bottom)",INTERFACE,836,8.2,8.473124973075812e-07,5.0,145.0,,,
2577,EVT_00006241,106197463a9a98b6789ee0c9,3199,9,3161,0,3161,"Cascadia (unsegmented, 1-2-3, middle)",INTERFACE,400,8.4,8.56164357917674e-07,5.0,80.0,,,
2578,EVT_00006242,6992997289d96a02d8cf6aef,8231,0,8211,582,8211,"PointSourceFinite: -122.500, 44.900",SLAB,0,6.55,4.861663366731298e-07,50.0,8.0,-122.5,44.9,50.0
2579,EVT_00006243,b5b07a0e2235bc1427ceacc1,8231,0,8211,162,8211,"PointSourceFinite: -122.800, 42.800",SLAB,5,7.05,1.135053104716282e-07,50.0,8.0,-122.8,42.8,50.0
2580,EVT_00006245,03786710707445c24e2e2d6f,8231,0,8211,24,8211,"PointSourceFinite: -124.000, 42.200",SLAB,4,6.95,6.329425495620172e-07,42.0,8.0,-124.0,42.2,42.0
2581,EVT_00006251,ff905eed9696e6f8a9a2bc2e,3199,15,3170,0,3170,"Cascadia (unsegmented, 1-2-3-4, bottom)",INTERFACE,2516,8.7,2.0489815269661282e-07,5.0,155.0,,,
2582,EVT_00006254,65e75b958a44ecec6e769cbe,8231,0,8211,702,8211,"PointSourceFinite: -122.700, 45.600",SLAB,0,6.55,4.506944105468512e-07,50.0,8.0,-122.7,45.6,50.0
2583,EVT_00006259,8535b1a1f0d823e7ce7dcf10,8231,0,8211,658,8211,"PointSourceFinite: -123.700, 45.400",SLAB,4,6.95,6.274668660383432e-07,42.0,8.0,-123.7,45.4,42.0
2584,EVT_00006263,6c6d34de58271b2b86a0e654,8231,0,8211,338,8211,"PointSourceFinite: -123.900, 43.700",SLAB,1,6.65,1.342599584388764e-07,42.0,8.0,-123.9,43.7,42.0
2585,EVT_00006272,f019f11338f5b57a845b9d33,3199,9,3161,0,3161,"Cascadia (unsegmented, 1-2-3, middle)",INTERFACE,68,8.0,6.06796098330002e-07,5.0,80.0,,,
2586,EVT_00006274,2e97a12d2324f0ae002c7584,8231,0,8211,90,8211,"PointSourceFinite: -123.700, 42.500",SLAB,1,6.65,6.658123952594919e-07,42.0,8.0,-123.7,42.5,42.0
2587,EVT_00006279,bf87da65f468dc484f3fe19e,8231,0,8211,458,8211,"PointSourceFinite: -123.700, 44.300",SLAB,4,6.95,3.296289678169156e-07,42.0,8.0,-123.7,44.3,42.0
2588,EVT_00006281,7a02542e72454debbc3fe7f2,8231,0,8211,589,8211,"PointSourceFinite: -123.600, 45.000",SLAB,2,6.75,8.611719720571092e-07,42.0,8.0,-123.6,45.0,42.0
2589,EVT_00006282,36868dbd3cab9c60f746a6ee,8231,0,8211,628,8211,"PointSourceFinite: -123.300, 45.200",SLAB,6,7.15,5.776597632114325e-07,42.0,8.0,-123.3,45.2,42.0
2590,EVT_00006286,5ef85f7eadc2672c3e70fdf9,8231,0,8211,524,8211,"PointSourceFinite: -122.800, 44.600",SLAB,1,6.65,5.318710683553074e-07,50.0,8.0,-122.8,44.6,50.0
2591,EVT_00006287,67b37ccf2b2f983c95f7078c,8231,0,8211,247,8211,"PointSourceFinite: -122.700, 43.200",SLAB,1,6.65,1.1221238037211762e-07,50.0,8.0,-122.7,43.2,50.0
2592,EVT_00006293,cab1c560d3a8cbf08e45edfe,3199,0,3172,0,3172,"Cascadia (unsegmented, 1-2-3-4, top)",INTERFACE,1721,8.2,4.5090898979526244e-07,5.0,85.0,,,
2593,EVT_00006295,9d8fa6838629a6af9fcce864,8231,0,8211,79,8211,"PointSourceFinite: -122.700, 42.400",SLAB,6,7.15,1.077043951338632e-07,50.0,8.0,-122.7,42.4,50.0
2594,EVT_00006298,0799c7e4255870744cb517d6,8231,0,8211,537,8211,"PointSourceFinite: -123.400, 44.700",SLAB,0,6.55,8.954907496719151e-07,42.0,8.0,-123.4,44.7,42.0
2595,EVT_00006304,86ff1c6c2c8b2f3ac9096edb,8231,0,8211,129,8211,"PointSourceFinite: -124.000, 42.700",SLAB,1,6.65,6.444786782318597e-07,42.0,8.0,-124.0,42.7,42.0
2596,EVT_00006314,5bbfa27d2ad31efb5286b02a,3199,9,3161,0,3161,"Cascadia (unsegmented, 1-2-3, middle)",INTERFACE,1111,8.6,6.264536216300861e-07,5.049500935517561,80.0,,,
2597,EVT_00006316,1f652868418b6d3305bac2e4,8231,0,8211,0,8211,"PointSourceFinite: -124.300, 42.100",SLAB,6,7.15,5.172361504986824e-07,42.0,8.0,-124.3,42.1,42.0
2598,EVT_00006321,70b11352a8ee07190becb6da,3199,15,3170,0,3170,"Cascadia (unsegmented, 1-2-3-4, bottom)",INTERFACE,1656,8.2,4.380990753124425e-07,5.044913138179203,155.0,,,
2599,EVT_00006323,79462c65c43f9ec7a0cd47f2,8231,0,8211,396,8211,"PointSourceFinite: -124.100, 44.000",SLAB,3,6.85,1.5354419687740933e-07,42.0,8.0,-124.1,44.0,42.0
2600,EVT_00006327,00237ad0c0024761194124e9,3199,0,3172,0,3172,"Cascadia (unsegmented, 1-2-3-4, top)",INTERFACE,1056,8.6,4.84496109519304e-07,5.0,85.0,,,
2601,EVT_00006331,4cbe91beff4b761080b03cd9,8231,0,8211,516,8211,"PointSourceFinite: -123.600, 44.600",SLAB,2,6.75,6.611357981142114e-07,42.0,8.0,-123.6,44.6,42.0
2602,EVT_00006335,e3ee3998fc2818c21ad2b4ab,8231,0,8211,113,8211,"PointSourceFinite: -123.500, 42.600",SLAB,4,6.95,3.8763261956562346e-07,42.0,8.0,-123.5,42.6,42.0
2603,EVT_00006337,62b206ee38fd06ffb06c2f67,3199,12,3162,0,3162,"Cascadia (unsegmented, 1-2-3, top)",INTERFACE,605,8.0,1.1980772804624588e-06,5.0,70.0,,,
2604,EVT_00006338,7404b3d88c4e1d4799c478c3,8231,1,8212,23,8212,"PointSourceFinite: -124.100, 42.200",SLAB,2,7.45,3.18646377279064e-08,42.0,8.0,-124.1,42.2,42.0
2605,EVT_00006339,a76292e51f79a5d92aa8792d,3199,9,3161,0,3161,"Cascadia (unsegmented, 1-2-3, middle)",INTERFACE,77,8.0,6.06796098330002e-07,5.0,80.0,,,
2606,EVT_00006340,a9523bfedb0c7c752a31a61e,8231,0,8211,545,8211,"PointSourceFinite: -122.600, 44.700",SLAB,2,6.75,4.2431705229479137e-07,50.0,8.0,-122.6,44.7,50.0
2607,EVT_00006341,bdbc304e0f14dbe174917bec,3199,9,3161,0,3161,"Cascadia (unsegmented, 1-2-3, middle)",INTERFACE,590,8.7,1.8382352390585351e-06,5.0,80.0,,,
2608,EVT_00006342,905e31e87ff227993f2b3f04,8231,0,8211,418,8211,"PointSourceFinite: -123.900, 44.100",SLAB,3,6.85,2.1332934809167923e-07,42.0,8.0,-123.9,44.1,42.0
2609,EVT_00006350,4fd6dccdfceea2700e2d1db2,3199,1,3160,0,3160,"Cascadia (unsegmented, 1-2-3, bottom)",INTERFACE,186,8.1,6.443298776081463e-07,5.0,145.0,,,
2610,EVT_00006358,099e06e100b85ae0884beb7d,8231,0,8211,368,8211,"PointSourceFinite: -122.900, 43.800",SLAB,5,7.05,1.0010028597094773e-07,50.0,8.0,-122.9,43.8,50.0
2611,EVT_00006360,94e6c547eba1e9b4a91653d3,3199,10,3171,0,3171,"Cascadia (unsegmented, 1-2-3-4, middle)",INTERFACE,1743,8.2,4.431346968677581e-07,5.0,105.0,,,
2612,EVT_00006363,7e310882de8416162f73cc88,8231,0,8211,628,8211,"PointSourceFinite: -123.300, 45.200",SLAB,1,6.65,9.155290262724984e-07,42.0,8.0,-123.3,45.2,42.0
2613,EVT_00006367,6c52c64b57f8171fa7705dfd,8231,0,8211,385,8211,"PointSourceFinite: -123.200, 43.900",SLAB,4,6.95,1.431671696531963e-07,50.0,8.0,-123.2,43.9,50.0
2614,EVT_00006368,4ab6bb34bb8891e3246cc349,3199,0,3172,0,3172,"Cascadia (unsegmented, 1-2-3-4, top)",INTERFACE,618,8.3,3.8343557133736324e-07,5.0,85.0,,,
2615,EVT_00006374,56e77d660197c14ca373632e,3199,1,3160,0,3160,"Cascadia (unsegmented, 1-2-3, bottom)",INTERFACE,952,8.3,7.379159742457803e-07,5.0,145.0,,,
2616,EVT_00006378,ab0162315948b118eaddda95,8231,0,8211,471,8211,"PointSourceFinite: -122.400, 44.300",SLAB,5,7.05,1.679218847271993e-07,60.0,8.0,-122.4,44.3,60.0
2617,EVT_00006381,a1cca4298f4c4b361920a7c0,3199,10,3171,0,3171,"Cascadia (unsegmented, 1-2-3-4, middle)",INTERFACE,1806,8.3,3.6895798712289013e-07,5.0930264513271775,105.0,,,
2618,EVT_00006386,36036b03b02ce8278ff3a22b,8231,0,8211,707,8211,"PointSourceFinite: -123.900, 45.700",SLAB,4,6.95,4.041432482145565e-07,42.0,8.0,-123.9,45.7,42.0
2619,EVT_00006389,36863c58c5dbd9c2f22ea5cf,8231,0,8211,683,8211,"PointSourceFinite: -122.900, 45.500",SLAB,3,6.85,4.760834904555858e-07,50.0,8.0,-122.9,45.5,50.0
2620,EVT_00006394,22fe914adb96bbb165327ea2,8231,0,8211,537,8211,"PointSourceFinite: -123.400, 44.700",SLAB,2,6.75,7.448367629346698e-07,42.0,8.0,-123.4,44.7,42.0
2621,EVT_00006395,155cbb13204fd12b2d740b07,8231,0,8211,697,8211,"PointSourceFinite: -123.200, 45.600",SLAB,2,6.75,5.915656581233375e-07,50.0,8.0,-123.2,45.6,50.0
2622,EVT_00006398,8e380b522193f2f0a151e9d5,8231,0,8211,103,8211,"PointSourceFinite: -122.400, 42.500",SLAB,3,6.85,1.0055400448058574e-07,60.0,8.0,-122.4,42.5,60.0
2623,EVT_00006405,5330dfbcaa66c7d54bb15d82,8231,0,8211,560,8211,"PointSourceFinite: -122.900, 44.800",SLAB,0,6.55,7.40844131775277e-07,50.0,8.0,-122.9,44.8,50.0
2624,EVT_00006406,a38aef2420bd2f5762d2ca90,8231,0,8211,484,8211,"PointSourceFinite: -123.000, 44.400",SLAB,0,6.55,5.292411596000206e-07,50.0,8.0,-123.0,44.4,50.0
2625,EVT_00006407,f64bf72db08693cb5f5205af,8231,0,8211,584,8211,"PointSourceFinite: -122.300, 44.900",SLAB,5,7.05,2.340996211980667e-07,60.0,8.0,-122.3,44.9,60.0
2626,EVT_00006409,81e30615a48b48885c5a116e,3199,15,3170,0,3170,"Cascadia (unsegmented, 1-2-3-4, bottom)",INTERFACE,1438,8.0,6.50020652165802e-07,5.0,155.0,,,
2627,EVT_00006413,3a1c40b1df1bc285a6a60451,3199,9,3161,0,3161,"Cascadia (unsegmented, 1-2-3, middle)",INTERFACE,682,8.0,1.1864454622055416e-06,5.0,80.0,,,
2628,EVT_00006416,de6f874e78fac9906a869870,3199,9,3161,0,3161,"Cascadia (unsegmented, 1-2-3, middle)",INTERFACE,780,8.1,1.000721591214509e-06,5.0,80.0,,,
2629,EVT_00006417,a3d4deeef01bcba002e1109a,8231,0,8211,92,8211,"PointSourceFinite: -123.500, 42.500",SLAB,1,6.65,5.478355901389428e-07,42.0,8.0,-123.5,42.5,42.0
2630,EVT_00006424,b426c6d924b6e46ef80ee441,3199,15,3170,0,3170,"Cascadia (unsegmented, 1-2-3-4, bottom)",INTERFACE,1331,8.0,6.50020652165802e-07,5.0,155.0,,,
2631,EVT_00006431,bb013f03dadbae838f1f2ec1,8231,0,8211,533,8211,"PointSourceFinite: -123.800, 44.700",SLAB,4,6.95,5.614886593295762e-07,42.0,8.0,-123.8,44.7,42.0
2632,EVT_00006432,b462751a4b2d45f23ec5dd90,8231,0,8211,814,8211,"PointSourceFinite: -122.900, 46.300",SLAB,6,7.15,9.458863948356709e-08,50.0,8.0,-122.9,46.3,50.0
2633,EVT_00006435,c51020de9e0f1faf46b1a5fa,3199,10,3171,0,3171,"Cascadia (unsegmented, 1-2-3-4, middle)",INTERFACE,635,8.3,3.765060128192181e-07,5.0,105.0,,,
2634,EVT_00006438,89b15673b0c440255ed38baf,8231,0,8211,493,8211,"PointSourceFinite: -124.000, 44.500",SLAB,3,6.85,4.196604336849781e-07,42.0,8.0,-124.0,44.5,42.0
2635,EVT_00006440,3639fa088bdc5dce226c1535,3199,0,3172,0,3172,"Cascadia (unsegmented, 1-2-3-4, top)",INTERFACE,63,8.0,3.41530044415247e-07,5.0,85.0,,,
2636,EVT_00006441,3a56d06ca312cb5eca9b3f58,3199,10,3171,0,3171,"Cascadia (unsegmented, 1-2-3-4, middle)",INTERFACE,488,8.2,3.591953915401736e-07,5.0,105.0,,,
2637,EVT_00006443,b6db1e38a683a6e3afc6f563,3199,10,3171,0,3171,"Cascadia (unsegmented, 1-2-3-4, middle)",INTERFACE,1608,8.1,5.392777463767077e-07,5.0,105.0,,,
2638,EVT_00006444,19f26c62d1dc074fea746cb7,8231,0,8211,664,8211,"PointSourceFinite: -123.100, 45.400",SLAB,0,6.55,8.137986253602445e-07,50.0,8.0,-123.1,45.4,50.0
2639,EVT_00006448,c0628776d1490ebed26bc4a0,8231,0,8211,625,8211,"PointSourceFinite: -123.600, 45.200",SLAB,6,7.15,5.915890658151476e-07,42.0,8.0,-123.6,45.2,42.0
2640,EVT_00006449,c110051ae1c67f9fad7cd9ef,8231,0,8211,52,8211,"PointSourceFinite: -123.300, 42.300",SLAB,6,7.15,2.807830100957278e-07,42.0,8.0,-123.3,42.3,42.0
2641,EVT_00006450,69b5a630c8180e021883ba7a,8231,0,8211,233,8211,"PointSourceFinite: -124.100, 43.200",SLAB,2,6.75,2.2807770755406385e-07,42.0,8.0,-124.1,43.2,42.0
2642,EVT_00006451,4f8ce318a3c9765df8d8aa43,3199,12,3162,0,3162,"Cascadia (unsegmented, 1-2-3, top)",INTERFACE,749,8.1,1.011145774456327e-06,5.0,70.0,,,
2643,EVT_00006452,4b6bbb75c80d7036b3a1ac11,8231,0,8211,262,8211,"PointSourceFinite: -123.300, 43.300",SLAB,1,6.65,1.4910139899532456e-07,42.0,8.0,-123.3,43.3,42.0
2644,EVT_00006453,f1e18f9e254fb4b4693b847a,3199,0,3172,0,3172,"Cascadia (unsegmented, 1-2-3-4, top)",INTERFACE,1151,8.7,5.482455976139492e-07,5.0,85.0,,,
2645,EVT_00006458,cc14250a9d5f8da6369172a2,8231,0,8211,23,8211,"PointSourceFinite: -124.100, 42.200",SLAB,4,6.95,6.444292243304539e-07,42.0,8.0,-124.1,42.2,42.0
2646,EVT_00006460,e4d3f032dcc2f2b7911ad6b1,3199,9,3161,0,3161,"Cascadia (unsegmented, 1-2-3, middle)",INTERFACE,767,8.1,1.000721591214509e-06,5.0,80.0,,,
2647,EVT_00006468,3d3977f69fdfe77010c52537,8231,0,8211,669,8211,"PointSourceFinite: -122.600, 45.400",SLAB,4,6.95,3.315153398927301e-07,50.0,8.0,-122.6,45.4,50.0
2648,EVT_00006476,8c1b5fa02456d92b3304d03f,3199,10,3171,0,3171,"Cascadia (unsegmented, 1-2-3-4, middle)",INTERFACE,657,8.3,3.765060128192181e-07,5.0,105.0,,,
2649,EVT_00006477,ec4423228aaf3874cea524aa,3199,15,3170,0,3170,"Cascadia (unsegmented, 1-2-3-4, bottom)",INTERFACE,134,8.0,3.324467985531395e-07,5.0,155.0,,,
2650,EVT_00006479,40a2113db42ffdd984caa09e,8231,0,8211,661,8211,"PointSourceFinite: -123.400, 45.400",SLAB,0,6.55,9.331710509758656e-07,42.0,8.0,-123.4,45.4,42.0
2651,EVT_00006480,8f800b2c0a855638e5ab9419,8231,0,8211,63,8211,"PointSourceFinite: -124.300, 42.400",SLAB,3,6.85,6.781226688869428e-07,42.0,8.0,-124.3,42.4,42.0
2652,EVT_00006481,fb53136a97bc1ac91ce8a0e5,8231,0,8211,46,8211,"PointSourceFinite: -123.900, 42.300",SLAB,2,6.75,7.357068377880909e-07,42.0,8.0,-123.9,42.3,42.0
2653,EVT_00006482,2b951aa22d902eea50eb2a6f,3199,9,3161,0,3161,"Cascadia (unsegmented, 1-2-3, middle)",INTERFACE,310,8.3,7.530120256384362e-07,5.0004290040731645,80.0,,,
2654,EVT_00006483,2fd7bfd00c6b673f6aa2b004,8231,1,8212,234,8212,"PointSourceFinite: -124.000, 43.200",SLAB,2,7.45,9.321529562087132e-09,42.0,8.0,-124.0,43.2,42.0
2655,EVT_00006486,7bf5e236be0a0ec405e2de6a,8231,0,8211,11,8211,"PointSourceFinite: -123.200, 42.100",SLAB,2,6.75,3.366397193137749e-07,50.0,8.0,-123.2,42.1,50.0
2656,EVT_00006488,f4348362be6de31273d95953,3199,12,3162,0,3162,"Cascadia (unsegmented, 1-2-3, top)",INTERFACE,534,8.6,1.3020832943331291e-06,5.0,70.0,,,
2657,EVT_00006494,74db2faac6ec944f8279cef6,8231,0,8211,154,8211,"PointSourceFinite: -123.600, 42.800",SLAB,1,6.65,4.496031299837877e-07,42.0,8.0,-123.6,42.8,42.0
2658,EVT_00006495,6a3e5af1dc6401838e3a47a2,3199,0,3172,0,3172,"Cascadia (unsegmented, 1-2-3-4, top)",INTERFACE,1292,8.0,6.677807792741574e-07,5.0,85.0,,,
2659,EVT_00006496,cc26e10b718e31db600364e2,8231,0,8211,607,8211,"PointSourceFinite: -123.600, 45.100",SLAB,1,6.65,9.512677978885424e-07,42.0,8.0,-123.6,45.1,42.0
2660,EVT_00006500,0c61116cb40f9e81cc335604,8231,0,8211,395,8211,"PointSourceFinite: -124.200, 44.000",SLAB,1,6.65,1.7289866025894676e-07,42.0,8.0,-124.2,44.0,42.0
2661,EVT_00006505,bab384c6cea3b2009490c76f,3199,9,3161,0,3161,"Cascadia (unsegmented, 1-2-3, middle)",INTERFACE,0,8.0,6.06796098330002e-07,5.535699156715867,80.0,,,
2662,EVT_00006506,4efdc5d41466d1a4cd0d44ce,8231,0,8211,66,8211,"PointSourceFinite: -124.000, 42.400",SLAB,1,6.65,8.169709450873372e-07,42.0,8.0,-124.0,42.4,42.0
2663,EVT_00006509,a15163dfc043b1e0832774c4,3199,12,3162,0,3162,"Cascadia (unsegmented, 1-2-3, top)",INTERFACE,576,8.7,1.893939337211824e-06,5.0,70.0,,,
2664,EVT_00006511,a8e5da473acf8d3320fca5a8,8231,0,8211,450,8211,"PointSourceFinite: -122.600, 44.200",SLAB,6,7.15,1.5800273016284956e-07,50.0,8.0,-122.6,44.2,50.0
2665,EVT_00006515,78dc3c54228efd77bc9bce4f,8231,0,8211,646,8211,"PointSourceFinite: -123.200, 45.300",SLAB,0,6.55,9.226565401314602e-07,50.0,8.0,-123.2,45.3,50.0
2666,EVT_00006516,bdbdd6cc3b392b31a2e9eeb2,8231,0,8211,505,8211,"PointSourceFinite: -122.800, 44.500",SLAB,5,7.05,3.294225361131244e-07,50.0,8.0,-122.8,44.5,50.0
2667,EVT_00006522,ad94b197393b520ee321bae2,8231,0,8211,137,8211,"PointSourceFinite: -123.200, 42.700",SLAB,1,6.65,3.1504561080996685e-07,50.0,8.0,-123.2,42.7,50.0
2668,EVT_00006526,45aa41672accf7418a44c126,8231,0,8211,633,8211,"PointSourceFinite: -122.800, 45.200",SLAB,3,6.85,5.191113940021694e-07,50.0,8.0,-122.8,45.2,50.0
2669,EVT_00006533,7cd2f908a3421435b18db166,8231,0,8211,87,8211,"PointSourceFinite: -124.000, 42.500",SLAB,3,6.85,6.467535678978843e-07,42.0,8.0,-124.0,42.5,42.0
2670,EVT_00006535,426f16f5d8e03ece723ce0ec,3199,10,3171,0,3171,"Cascadia (unsegmented, 1-2-3-4, middle)",INTERFACE,1684,8.2,4.431346968677581e-07,5.0,105.0,,,
2671,EVT_00006539,06e12d346965e2610808fb4f,8231,0,8211,101,8211,"PointSourceFinite: -122.600, 42.500",SLAB,4,6.95,1.1186492648160753e-07,50.0,8.0,-122.6,42.5,50.0
2672,EVT_00006540,a4f4fdc34b6629ef4afff001,8231,0,8211,750,8211,"PointSourceFinite: -122.900, 45.900",SLAB,1,6.65,3.224078792046703e-07,50.0,8.0,-122.9,45.9,50.0
2673,EVT_00006543,c12ea2bbb0e6e896782e07de,3199,15,3170,0,3170,"Cascadia (unsegmented, 1-2-3-4, bottom)",INTERFACE,512,8.2,3.551136257272171e-07,5.0,155.0,,,
2674,EVT_00006551,474ad5be7b85147ee5228596,8231,0,8211,347,8211,"PointSourceFinite: -123.000, 43.700",SLAB,0,6.55,1.4231596223029265e-07,50.0,8.0,-123.0,43.7,50.0
2675,EVT_00006553,6c0d06b3e4accd83bc9ab08a,8231,0,8211,83,8211,"PointSourceFinite: -122.300, 42.400",SLAB,6,7.15,7.15805118829374e-08,60.0,8.0,-122.3,42.4,60.0
2676,EVT_00006554,fd868270982d0e0674cebe3a,3199,0,3172,0,3172,"Cascadia (unsegmented, 1-2-3-4, top)",INTERFACE,1695,8.2,4.5090898979526244e-07,5.0,85.0,,,
2677,EVT_00006556,599a4eaed16ec78f0a1dad04,3199,9,3161,0,3161,"Cascadia (unsegmented, 1-2-3, middle)",INTERFACE,544,8.6,1.275510165877351e-06,5.0,80.0,,,
2678,EVT_00006557,eceda151989776c6a83feb8b,3199,1,3160,0,3160,"Cascadia (unsegmented, 1-2-3, bottom)",INTERFACE,42,8.0,6.06796098330002e-07,5.0,145.0,,,
2679,EVT_00006562,ffd0df76f7953b507c03e035,8231,0,8211,808,8211,"PointSourceFinite: -123.500, 46.300",SLAB,0,6.55,1.952271737250491e-07,42.0,8.0,-123.5,46.3,42.0
2680,EVT_00006563,bb5289f3bd840eb6919da6a8,3199,12,3162,0,3162,"Cascadia (unsegmented, 1-2-3, top)",INTERFACE,591,8.0,1.1980772804624588e-06,5.219728104504148,70.0,,,
2681,EVT_00006565,ac1ba0b11c129d8a5e001e00,8231,0,8211,553,8211,"PointSourceFinite: -123.600, 44.800",SLAB,5,7.05,6.015471294247006e-07,42.0,8.0,-123.6,44.8,42.0
2682,EVT_00006567,4c8d3117e01e888cd32e2dae,3199,1,3160,0,3160,"Cascadia (unsegmented, 1-2-3, bottom)",INTERFACE,576,8.7,1.8382352390585351e-06,5.0013345443706285,145.0,,,
2683,EVT_00006568,5efd87c72b5528c66ca69b9d,8231,0,8211,70,8211,"PointSourceFinite: -123.600, 42.400",SLAB,5,7.05,4.40540405841669e-07,42.0,8.0,-123.6,42.4,42.0
2684,EVT_00006573,a1c3997ad19727ee8adc5f70,8231,0,8211,83,8211,"PointSourceFinite: -122.300, 42.400",SLAB,1,6.65,1.1344746599614937e-07,60.0,8.0,-122.3,42.4,60.0
2685,EVT_00006576,fd8287f970cac0fa11edb472,8231,0,8211,779,8211,"PointSourceFinite: -123.200, 46.100",SLAB,1,6.65,2.6028650772153304e-07,50.0,8.0,-123.2,46.1,50.0
2686,EVT_00006583,2448b2b897b7441c27292a93,3199,15,3170,0,3170,"Cascadia (unsegmented, 1-2-3-4, bottom)",INTERFACE,24,8.0,3.324467985531395e-07,5.0,155.0,,,
2687,EVT_00006585,95e2f8b9619623ecdf9e21f9,8231,0,8211,756,8211,"PointSourceFinite: -122.300, 45.900",SLAB,0,6.55,1.8956487964032986e-07,60.0,8.0,-122.3,45.9,60.0
2688,EVT_00006588,1de0ce1ce7cbbf9c3aaf7528,8231,0,8211,55,8211,"PointSourceFinite: -123.000, 42.300",SLAB,1,6.65,2.7517087915549885e-07,50.0,8.0,-123.0,42.3,50.0
2689,EVT_00006589,98285b94eb2320fca66e8a70,8231,0,8211,699,8211,"PointSourceFinite: -123.000, 45.600",SLAB,0,6.55,6.175698523013677e-07,50.0,8.0,-123.0,45.6,50.0
2690,EVT_00006591,25016a7301f216002026815a,8231,0,8211,124,8211,"PointSourceFinite: -122.400, 42.600",SLAB,3,6.85,9.88867436087788e-08,60.0,8.0,-122.4,42.6,60.0
2691,EVT_00006592,8370e2a6c92d98a5d3bdecc7,8231,1,8212,588,8212,"PointSourceFinite: -123.700, 45.000",SLAB,2,7.45,3.4355717769898526e-08,42.0,8.0,-123.7,45.0,42.0
2692,EVT_00006593,053c7e8580460cde73ff74e8,8231,0,8211,679,8211,"PointSourceFinite: -123.300, 45.500",SLAB,0,6.55,8.32682928771475e-07,42.0,8.0,-123.3,45.5,42.0
2693,EVT_00006595,9ede3db17a402f47a47f7d58,3199,15,3170,0,3170,"Cascadia (unsegmented, 1-2-3-4, bottom)",INTERFACE,2088,8.4,3.079129236417244e-07,5.0,155.0,,,
2694,EVT_00006596,9f238f450a73da888d93ae2d,3199,10,3171,0,3171,"Cascadia (unsegmented, 1-2-3-4, middle)",INTERFACE,269,8.1,3.4722221182216775e-07,5.0,105.0,,,
2695,EVT_00006599,6619d39175ebb7bae95a4b52,8231,0,8211,636,8211,"PointSourceFinite: -122.500, 45.200",SLAB,1,6.65,4.264502440614401e-07,50.0,8.0,-122.5,45.2,50.0
2696,EVT_00006601,69f2e1647f7d46a8c152ace1,8231,0,8211,1,8211,"PointSourceFinite: -124.200, 42.100",SLAB,6,7.15,5.250319650697455e-07,42.0,8.0,-124.2,42.1,42.0
2697,EVT_00006603,adc52c816bc4d742be29cc1f,8231,0,8211,221,8211,"PointSourceFinite: -123.200, 43.100",SLAB,0,6.55,2.0224793682853645e-07,50.0,8.0,-123.2,43.1,50.0
2698,EVT_00006604,26138120dda5065141ddb51f,8231,0,8211,782,8211,"PointSourceFinite: -122.900, 46.100",SLAB,3,6.85,1.816382397870865e-07,50.0,8.0,-122.9,46.1,50.0
2699,EVT_00006613,cf1a004db93a564cc8002024,3199,9,3161,0,3161,"Cascadia (unsegmented, 1-2-3, middle)",INTERFACE,266,8.2,6.868131662416505e-07,5.0,80.0,,,
2700,EVT_00006614,46fc8918dea1fb47b92f10d2,3199,12,3162,0,3162,"Cascadia (unsegmented, 1-2-3, top)",INTERFACE,485,8.5,1.024590133245741e-06,5.0,70.0,,,
2701,EVT_00006615,9943d7eeec0f9b115e4c1d63,8231,0,8211,268,8211,"PointSourceFinite: -122.700, 43.300",SLAB,4,6.95,8.148099328323969e-08,50.0,8.0,-122.7,43.3,50.0
2702,EVT_00006617,104b3f38661a5d84439ff047,8231,0,8211,539,8211,"PointSourceFinite: -123.200, 44.700",SLAB,2,6.75,7.061201675281824e-07,50.0,8.0,-123.2,44.7,50.0
2703,EVT_00006618,4541c3cd5dbebf7e5a4bfa68,8231,1,8212,130,8212,"PointSourceFinite: -123.900, 42.700",SLAB,1,7.35,2.8186951082989013e-08,42.0,8.0,-123.9,42.7,42.0
2704,EVT_00006620,7b56059eedc3d2d72b8e16e6,8231,0,8211,610,8211,"PointSourceFinite: -123.300, 45.100",SLAB,6,7.15,5.877986898049284e-07,42.0,8.0,-123.3,45.1,42.0
2705,EVT_00006624,6e03d1b13573a916a556f928,8231,0,8211,514,8211,"PointSourceFinite: -123.800, 44.600",SLAB,4,6.95,5.052384175566131e-07,42.0,8.0,-123.8,44.6,42.0
2706,EVT_00006625,0c376d43470acfe2ab9d84fb,8231,0,8211,462,8211,"PointSourceFinite: -123.300, 44.300",SLAB,2,6.75,4.169088541179471e-07,42.0,8.0,-123.3,44.3,42.0
2707,EVT_00006628,1d035933656f71b92bd44722,8231,0,8211,164,8211,"PointSourceFinite: -122.600, 42.800",SLAB,2,6.75,1.2019629782469602e-07,50.0,8.0,-122.6,42.8,50.0
2708,EVT_00006629,41d3e09b46ddf2702217c504,8231,0,8211,106,8211,"PointSourceFinite: -124.200, 42.600",SLAB,6,7.15,4.589049340921805e-07,42.0,8.0,-124.2,42.6,42.0
2709,EVT_00006630,7d061d30d9a6da775279975f,8231,1,8212,52,8212,"PointSourceFinite: -123.300, 42.300",SLAB,0,7.25,2.412706997260069e-08,42.0,8.0,-123.3,42.3,42.0
2710,EVT_00006632,707ba08ddf176c0dd793dbab,8231,0,8211,708,8211,"PointSourceFinite: -123.800, 45.700",SLAB,0,6.55,6.208311305562159e-07,42.0,8.0,-123.8,45.7,42.0
2711,EVT_00006638,1eaf43a6be9175c2c807f357,8231,0,8211,323,8211,"PointSourceFinite: -123.400, 43.600",SLAB,4,6.95,9.803422923355057e-08,42.0,8.0,-123.4,43.6,42.0
2712,EVT_00006640,c7f554f0ecf96e97cc054d2d,3199,0,3172,0,3172,"Cascadia (unsegmented, 1-2-3-4, top)",INTERFACE,649,8.3,3.8343557133736324e-07,5.0,85.0,,,
2713,EVT_00006641,ce334cdb926be8c357b9b62e,3199,1,3160,0,3160,"Cascadia (unsegmented, 1-2-3, bottom)",INTERFACE,175,8.1,6.443298776081463e-07,5.0,145.0,,,
2714,EVT_00006654,bf9629d7396c10d6cbe6e64b,8231,0,8211,666,8211,"PointSourceFinite: -122.900, 45.400",SLAB,3,6.85,5.187473079258762e-07,50.0,8.0,-122.9,45.4,50.0
2715,EVT_00006655,7e1cc07308e54af5b8fd7a4a,3199,10,3171,0,3171,"Cascadia (unsegmented, 1-2-3-4, middle)",INTERFACE,1988,8.4,3.118605252268748e-07,5.0,105.0,,,
2716,EVT_00006660,4be20afd3bf470cffffd7527,8231,0,8211,28,8211,"PointSourceFinite: -123.600, 42.200",SLAB,0,6.55,7.074585557417385e-07,42.0,8.0,-123.6,42.2,42.0
2717,EVT_00006662,114ce997c01a19bdd2429738,8231,0,8211,782,8211,"PointSourceFinite: -122.900, 46.100",SLAB,2,6.75,1.99162369512368e-07,50.0,8.0,-122.9,46.1,50.0
2718,EVT_00006666,6e3076c615cd8e33cb1de43b,3199,1,3160,0,3160,"Cascadia (unsegmented, 1-2-3, bottom)",INTERFACE,718,8.1,1.000721591214509e-06,5.0,145.0,,,
2719,EVT_00006669,afef08fdbd7b661b876926d3,3199,12,3162,0,3162,"Cascadia (unsegmented, 1-2-3, top)",INTERFACE,105,8.1,6.510416471665647e-07,5.322752704188041,70.0,,,
2720,EVT_00006671,a9cf673a7c895fe5b9eefee9,3199,1,3160,0,3160,"Cascadia (unsegmented, 1-2-3, bottom)",INTERFACE,216,8.2,6.868131662416505e-07,5.014107631728563,145.0,,,
2721,EVT_00006674,91a531abb9b28b09010ad503,8231,0,8211,160,8211,"PointSourceFinite: -123.000, 42.800",SLAB,3,6.85,1.7796080021467722e-07,50.0,8.0,-123.0,42.8,50.0
2722,EVT_00006677,6f7fd748b6a14d22420b4159,8231,0,8211,744,8211,"PointSourceFinite: -123.500, 45.900",SLAB,5,7.05,2.968614111563358e-07,42.0,8.0,-123.5,45.9,42.0
2723,EVT_00006678,587d94af1d05814c1b3932b5,8231,0,8211,720,8211,"PointSourceFinite: -122.600, 45.700",SLAB,5,7.05,2.220997939841545e-07,50.0,8.0,-122.6,45.7,50.0
2724,EVT_00006679,c3db06a9934b55fd1e815fda,8231,0,8211,64,8211,"PointSourceFinite: -124.200, 42.400",SLAB,3,6.85,6.899448409079774e-07,42.0,8.0,-124.2,42.4,42.0
2725,EVT_00006683,c2c4048d8830d17aaf104da0,3199,1,3160,0,3160,"Cascadia (unsegmented, 1-2-3, bottom)",INTERFACE,600,8.0,1.1864454622055416e-06,5.189566266538745,145.0,,,
2726,EVT_00006684,a0ff142fdeca7cda5319218a,8231,0,8211,753,8211,"PointSourceFinite: -122.600, 45.900",SLAB,2,6.75,2.1781851827079146e-07,50.0,8.0,-122.6,45.9,50.0
2727,EVT_00006688,7c1df64006b335dc7d3c72dc,3199,10,3171,0,3171,"Cascadia (unsegmented, 1-2-3-4, middle)",INTERFACE,1578,8.1,5.392777463767077e-07,5.0,105.0,,,
2728,EVT_00006695,585157aacaaf2560467928df,3199,12,3162,0,3162,"Cascadia (unsegmented, 1-2-3, top)",INTERFACE,124,8.1,6.510416471665647e-07,5.0,70.0,,,
2729,EVT_00006696,32277088e09fb266f733d591,8231,0,8211,24,8211,"PointSourceFinite: -124.000, 42.200",SLAB,5,7.05,5.77250465890125e-07,42.0,8.0,-124.0,42.2,42.0
2730,EVT_00006699,b6de7fed4917833d77e6e36c,3199,1,3160,0,3160,"Cascadia (unsegmented, 1-2-3, bottom)",INTERFACE,551,8.6,1.275510165877351e-06,5.0,145.0,,,
2731,EVT_00006703,8087dba540d149116f6b6b37,8231,0,8211,40,8211,"PointSourceFinite: -122.400, 42.200",SLAB,3,6.85,1.0139875274461685e-07,60.0,8.0,-122.4,42.2,60.0
2732,EVT_00006705,8e6ebb5696e4c62322c46c8a,8231,0,8211,206,8211,"PointSourceFinite: -122.600, 43.000",SLAB,5,7.05,8.177049413412068e-08,50.0,8.0,-122.6,43.0,50.0
2733,EVT_00006706,fb05bdfb906e3f630edfa557,3199,9,3161,0,3161,"Cascadia (unsegmented, 1-2-3, middle)",INTERFACE,255,8.2,6.868131662416505e-07,5.0,80.0,,,
2734,EVT_00006710,4f63d27bb9f146ec7638edb7,8231,0,8211,598,8211,"PointSourceFinite: -122.700, 45.000",SLAB,4,6.95,4.3605366437818533e-07,50.0,8.0,-122.7,45.0,50.0
2735,EVT_00006712,822b34339ac5a90e1cd0ae03,8231,0,8211,602,8211,"PointSourceFinite: -122.300, 45.000",SLAB,0,6.55,3.707632361014488e-07,60.0,8.0,-122.3,45.0,60.0
2736,EVT_00006713,c022b23e480bdadfab24ca67,8231,0,8211,215,8211,"PointSourceFinite: -123.800, 43.100",SLAB,1,6.65,2.9411346089689945e-07,42.0,8.0,-123.8,43.1,42.0
2737,EVT_00006714,0d7a6a350fd59112f4c3c185,8231,0,8211,613,8211,"PointSourceFinite: -123.000, 45.100",SLAB,6,7.15,4.911829640481751e-07,50.0,8.0,-123.0,45.1,50.0
2738,EVT_00006716,edb08db7466c39d5f8888982,8231,0,8211,142,8211,"PointSourceFinite: -122.700, 42.700",SLAB,4,6.95,1.1734819833594145e-07,50.0,8.0,-122.7,42.7,50.0
2739,EVT_00006718,95a1a77d34e02462bcdea811,3199,9,3161,0,3161,"Cascadia (unsegmented, 1-2-3, middle)",INTERFACE,841,8.2,8.473124973075812e-07,5.0,80.0,,,
2740,EVT_00006719,e617ddd7b2e2525f16575070,8231,0,8211,401,8211,"PointSourceFinite: -123.600, 44.000",SLAB,0,6.55,2.558768237794476e-07,42.0,8.0,-123.6,44.0,42.0
2741,EVT_00006721,1254d4de277018e686ed53f7,3199,1,3160,0,3160,"Cascadia (unsegmented, 1-2-3, bottom)",INTERFACE,494,8.5,1.0080644859353255e-06,5.0,145.0,,,
2742,EVT_00006725,e61e1fa04a8c72283627d0af,8231,0,8211,85,8211,"PointSourceFinite: -124.200, 42.500",SLAB,4,6.95,5.978467198308884e-07,42.0,8.0,-124.2,42.5,42.0
2743,EVT_00006726,89a43e2e7af40058addbb84e,8231,0,8211,602,8211,"PointSourceFinite: -122.300, 45.000",SLAB,4,6.95,2.5650548961311205e-07,60.0,8.0,-122.3,45.0,60.0
2744,EVT_00006727,f7c79ce60ac9d75bf36ec4f4,3199,10,3171,0,3171,"Cascadia (unsegmented, 1-2-3-4, middle)",INTERFACE,516,8.2,3.591953915401736e-07,5.0,105.0,,,
2745,EVT_00006730,988e55c7f23d4a40b464e7ea,8231,0,8211,390,8211,"PointSourceFinite: -122.700, 43.900",SLAB,0,6.55,1.7196405447069237e-07,50.0,8.0,-122.7,43.9,50.0
2746,EVT_00006731,2cf109feb5cbb0819df8563c,3199,9,3161,0,3161,"Cascadia (unsegmented, 1-2-3, middle)",INTERFACE,10,8.0,6.06796098330002e-07,5.130502466364481,80.0,,,
2747,EVT_00006732,06bf05a9849cdde435b7b377,8231,0,8211,547,8211,"PointSourceFinite: -122.400, 44.700",SLAB,2,6.75,3.314526502373096e-07,60.0,8.0,-122.4,44.7,60.0
2748,EVT_00006734,844bb63f88044d39fe358b37,8231,0,8211,469,8211,"PointSourceFinite: -122.600, 44.300",SLAB,5,7.05,2.0466675891603202e-07,50.0,8.0,-122.6,44.3,50.0
2749,EVT_00006739,d9b5318a33d451b15c1e2cc0,3199,12,3162,0,3162,"Cascadia (unsegmented, 1-2-3, top)",INTERFACE,514,8.6,1.3020832943331291e-06,5.0388044837903445,70.0,,,
2750,EVT_00006751,79a44b4cc76e0201a319c2de,3199,10,3171,0,3171,"Cascadia (unsegmented, 1-2-3-4, middle)",INTERFACE,608,8.3,3.765060128192181e-07,5.0,105.0,,,
2751,EVT_00006756,064c6842bda9894c70baf4b4,3199,1,3160,0,3160,"Cascadia (unsegmented, 1-2-3, bottom)",INTERFACE,725,8.1,1.000721591214509e-06,5.0,145.0,,,
2752,EVT_00006757,159629be035f8b475357394a,8231,0,8211,776,8211,"PointSourceFinite: -123.500, 46.100",SLAB,5,7.05,1.920833146723016e-07,42.0,8.0,-123.5,46.1,42.0
2753,EVT_00006758,4ad2e8d67ecf7ee70091d63b,8231,0,8211,24,8211,"PointSourceFinite: -124.000, 42.200",SLAB,6,7.15,5.264586819150428e-07,42.0,8.0,-124.0,42.2,42.0
2754,EVT_00006761,bc0a760652325a7ea844839f,8231,0,8211,42,8211,"PointSourceFinite: -124.300, 42.300",SLAB,0,6.55,9.166236545496476e-07,42.0,8.0,-124.3,42.3,42.0
2755,EVT_00006765,c7b99cc7c67eea82755edad3,8231,0,8211,618,8211,"PointSourceFinite: -122.500, 45.100",SLAB,6,7.15,2.7739983270731334e-07,50.0,8.0,-122.5,45.1,50.0
2756,EVT_00006770,adb4def584534c542e95bf51,8231,0,8211,419,8211,"PointSourceFinite: -123.800, 44.100",SLAB,5,7.05,1.8748911204074882e-07,42.0,8.0,-123.8,44.1,42.0
2757,EVT_00006771,f27f97e84be6b4e31e791659,8231,0,8211,294,8211,"PointSourceFinite: -124.300, 43.500",SLAB,0,6.55,1.5080473165888905e-07,42.0,8.0,-124.3,43.5,42.0
2758,EVT_00006778,c451429c7ab5b0294846938b,8231,1,8212,547,8212,"PointSourceFinite: -122.400, 44.700",SLAB,1,7.35,1.6389105622482626e-08,60.0,8.0,-122.4,44.7,60.0
2759,EVT_00006779,5599d22ff0f537728f3a348f,3199,9,3161,0,3161,"Cascadia (unsegmented, 1-2-3, middle)",INTERFACE,1168,8.7,7.171435344381447e-07,5.0013345443706285,80.0,,,
2760,EVT_00006783,a9c630703936cdd180ee533f,3199,12,3162,0,3162,"Cascadia (unsegmented, 1-2-3, top)",INTERFACE,890,8.3,7.469149495414605e-07,5.002092553901629,70.0,,,
2761,EVT_00006784,b1c0cee6d103f8e9cb758630,8231,0,8211,193,8211,"PointSourceFinite: -123.900, 43.000",SLAB,5,7.05,2.6160309727601826e-07,42.0,8.0,-123.9,43.0,42.0
2762,EVT_00006786,397ba025dbd1018e136ed495,8231,0,8211,648,8211,"PointSourceFinite: -123.000, 45.300",SLAB,5,7.05,5.052467297516026e-07,50.0,8.0,-123.0,45.3,50.0
2763,EVT_00006787,64effdb8b14bd47f8851e782,8231,0,8211,74,8211,"PointSourceFinite: -123.200, 42.400",SLAB,0,6.55,4.1343377681236733e-07,50.0,8.0,-123.2,42.4,50.0
2764,EVT_00006788,2003872de62c1023f1f2c201,3199,12,3162,0,3162,"Cascadia (unsegmented, 1-2-3, top)",INTERFACE,982,8.4,6.756978046582286e-07,5.0,70.0,,,
2765,EVT_00006789,f5446d2dcd94a5be57b93552,8231,0,8211,567,8211,"PointSourceFinite: -124.000, 44.900",SLAB,6,7.15,4.611359774990386e-07,42.0,8.0,-124.0,44.9,42.0
2766,EVT_00006795,9b0716d83da31069f8bf8d7d,8231,0,8211,586,8211,"PointSourceFinite: -123.900, 45.000",SLAB,6,7.15,5.160657564892411e-07,42.0,8.0,-123.9,45.0,42.0
2767,EVT_00006797,d6119f8ca09f318b1d59be4c,8231,0,8211,696,8211,"PointSourceFinite: -123.300, 45.600",SLAB,2,6.75,6.191973764594824e-07,42.0,8.0,-123.3,45.6,42.0
2768,EVT_00006798,ba2d802427b9bb7b9cf682cd,3199,12,3162,0,3162,"Cascadia (unsegmented, 1-2-3, top)",INTERFACE,15,8.0,6.127450796861784e-07,5.0291588905546405,70.0,,,
2769,EVT_00006800,dba7b455da2b31d67dfa78b8,3199,10,3171,0,3171,"Cascadia (unsegmented, 1-2-3-4, middle)",INTERFACE,1169,8.7,5.341880181879504e-07,5.0,105.0,,,
2770,EVT_00006810,93f70a15c8e38ea145802cbb,8231,0,8211,403,8211,"PointSourceFinite: -123.400, 44.000",SLAB,3,6.85,1.9896364798324585e-07,42.0,8.0,-123.4,44.0,42.0
2771,EVT_00006812,67e22d9db77b977a706d1726,3199,9,3161,0,3161,"Cascadia (unsegmented, 1-2-3, middle)",INTERFACE,128,8.1,6.443298776081463e-07,5.0,80.0,,,
2772,EVT_00006813,49767ad8fe958dcebaa6d232,8231,0,8211,816,8211,"PointSourceFinite: -122.700, 46.300",SLAB,3,6.85,1.1217339072060545e-07,50.0,8.0,-122.7,46.3,50.0
2773,EVT_00006823,9a13eae0f2a886afa3262cd6,8231,0,8211,241,8211,"PointSourceFinite: -123.300, 43.200",SLAB,6,7.15,1.0889798306761125e-07,42.0,8.0,-123.3,43.2,42.0
2774,EVT_00006824,42fd3a7c34c88217eff68426,3199,9,3161,0,3161,"Cascadia (unsegmented, 1-2-3, middle)",INTERFACE,916,8.3,7.379159742457803e-07,5.0,80.0,,,
2775,EVT_00006826,3209250385b0b2845a90768b,8231,0,8211,501,8211,"PointSourceFinite: -123.200, 44.500",SLAB,5,7.05,4.294463492163495e-07,50.0,8.0,-123.2,44.5,50.0
2776,EVT_00006830,9ff604d7943597d5d2b25c56,8231,0,8211,478,8211,"PointSourceFinite: -123.600, 44.400",SLAB,4,6.95,4.110599827844236e-07,42.0,8.0,-123.6,44.4,42.0
2777,EVT_00006837,43242998b2daadaf344e4eac,3199,0,3172,0,3172,"Cascadia (unsegmented, 1-2-3-4, top)",INTERFACE,2010,8.4,3.1797543748622524e-07,5.0,85.0,,,
2778,EVT_00006839,a26fee1d5526168f5a09f752,8231,0,8211,742,8211,"PointSourceFinite: -123.700, 45.900",SLAB,3,6.85,3.45338074818775e-07,42.0,8.0,-123.7,45.9,42.0
2779,EVT_00006845,38619995d8573d83d78caa45,8231,0,8211,523,8211,"PointSourceFinite: -122.900, 44.600",SLAB,5,7.05,4.0245872573855524e-07,50.0,8.0,-122.9,44.6,50.0
2780,EVT_00006850,fb89b99375edc04b4a6fcacf,3199,1,3160,0,3160,"Cascadia (unsegmented, 1-2-3, bottom)",INTERFACE,574,8.7,1.8382352390585351e-06,5.006223955174367,145.0,,,
2781,EVT_00006851,531fb6b2d5e7cef7c6be415e,3199,9,3161,0,3161,"Cascadia (unsegmented, 1-2-3, middle)",INTERFACE,514,8.6,1.275510165877351e-06,5.113324288602968,80.0,,,
2782,EVT_00006853,951db18d5ae1fd6299fef4c4,8231,0,8211,673,8211,"PointSourceFinite: -123.900, 45.500",SLAB,3,6.85,5.66689692695005e-07,42.0,8.0,-123.9,45.5,42.0
2783,EVT_00006856,d9cf358aced716a2ffa68ba9,8231,0,8211,641,8211,"PointSourceFinite: -123.700, 45.300",SLAB,1,6.65,8.782530626407689e-07,42.0,8.0,-123.7,45.3,42.0
2784,EVT_00006861,7f95b8b3cc3a5ebee54646d8,8231,0,8211,770,8211,"PointSourceFinite: -122.500, 46.000",SLAB,0,6.55,2.0169074343049173e-07,50.0,8.0,-122.5,46.0,50.0
2785,EVT_00006865,f3230605773d5a25012fa7be,8231,0,8211,213,8211,"PointSourceFinite: -124.000, 43.100",SLAB,1,6.65,3.11882184525478e-07,42.0,8.0,-124.0,43.1,42.0
2786,EVT_00006868,7b37bfbfc647f90280a53532,3199,1,3160,0,3160,"Cascadia (unsegmented, 1-2-3, bottom)",INTERFACE,1012,8.4,6.66441670347842e-07,5.0,145.0,,,
2787,EVT_00006870,5ef3324e02635ae27cf217f2,8231,0,8211,85,8211,"PointSourceFinite: -124.200, 42.500",SLAB,6,7.15,4.972672422279017e-07,42.0,8.0,-124.2,42.5,42.0
2788,EVT_00006878,92168c19acfe19b1f464e880,8231,0,8211,630,8211,"PointSourceFinite: -123.100, 45.200",SLAB,6,7.15,5.195271015525759e-07,50.0,8.0,-123.1,45.2,50.0
2789,EVT_00006882,32e280138ef622bea606f364,3199,15,3170,0,3170,"Cascadia (unsegmented, 1-2-3-4, bottom)",INTERFACE,1125,8.6,4.664178964775388e-07,5.0,155.0,,,
2790,EVT_00006883,1b109b619b7836ef180310e3,8231,0,8211,257,8211,"PointSourceFinite: -123.800, 43.300",SLAB,5,7.05,1.325270833717598e-07,42.0,8.0,-123.8,43.3,42.0
2791,EVT_00006884,4c4a4594bbad1dc88e7492b2,8231,0,8211,77,8211,"PointSourceFinite: -122.900, 42.400",SLAB,3,6.85,1.924618375415721e-07,50.0,8.0,-122.9,42.4,50.0
2792,EVT_00006885,6cc9cfabd52e545ef46236e3,3199,1,3160,0,3160,"Cascadia (unsegmented, 1-2-3, bottom)",INTERFACE,449,8.5,1.0080644859353255e-06,5.192953800881996,145.0,,,
2793,EVT_00006887,75bbbe3b12521c264fcf10af,8231,0,8211,357,8211,"PointSourceFinite: -124.000, 43.800",SLAB,3,6.85,1.1834795162970061e-07,42.0,8.0,-124.0,43.8,42.0
2794,EVT_00006888,ef568ed97233fe32eb50b540,3199,9,3161,0,3161,"Cascadia (unsegmented, 1-2-3, middle)",INTERFACE,939,8.3,7.379159742457803e-07,5.0,80.0,,,
2795,EVT_00006889,8e79994a3d6f05c3eb1581e8,3199,12,3162,0,3162,"Cascadia (unsegmented, 1-2-3, top)",INTERFACE,712,8.1,1.011145774456327e-06,5.0,70.0,,,
2796,EVT_00006892,a686974b5035c176aa7a67e4,8231,0,8211,781,8211,"PointSourceFinite: -123.000, 46.100",SLAB,2,6.75,2.1327746738717705e-07,50.0,8.0,-123.0,46.1,50.0
2797,EVT_00006901,dd5a6e49fa576ddd8045ff22,8231,0,8211,470,8211,"PointSourceFinite: -122.500, 44.300",SLAB,2,6.75,2.4476632069207465e-07,50.0,8.0,-122.5,44.3,50.0
2798,EVT_00006902,85584958080bb88e643db28f,8231,0,8211,615,8211,"PointSourceFinite: -122.800, 45.100",SLAB,0,6.55,7.018569408501593e-07,50.0,8.0,-122.8,45.1,50.0
2799,EVT_00006903,e0352e52933de4e0875e8ac5,8231,0,8211,737,8211,"PointSourceFinite: -122.600, 45.800",SLAB,2,6.75,2.54393229873352e-07,50.0,8.0,-122.6,45.8,50.0
2800,EVT_00006904,913f8641a06134da5e789941,8231,0,8211,547,8211,"PointSourceFinite: -122.400, 44.700",SLAB,3,6.85,3.022884097496694e-07,60.0,8.0,-122.4,44.7,60.0
2801,EVT_00006907,e70a0aef6f6d6f99f8c06f8d,8231,0,8211,663,8211,"PointSourceFinite: -123.200, 45.400",SLAB,2,6.75,7.21063360621852e-07,50.0,8.0,-123.2,45.4,50.0
2802,EVT_00006911,4e647d1d7543e13cf83d83fd,3199,9,3161,0,3161,"Cascadia (unsegmented, 1-2-3, middle)",INTERFACE,1126,8.6,6.264536216300861e-07,5.0,80.0,,,
2803,EVT_00006914,eff6d80a64971959be27378f,8231,0,8211,220,8211,"PointSourceFinite: -123.300, 43.100",SLAB,1,6.65,2.033744909913312e-07,42.0,8.0,-123.3,43.1,42.0
2804,EVT_00006917,d0d8b8fd3413c6700caf5fbc,3199,10,3171,0,3171,"Cascadia (unsegmented, 1-2-3-4, middle)",INTERFACE,2363,8.6,2.3254717772631977e-07,5.0,105.0,,,
2805,EVT_00006918,3dd4db5901a4a877c4acd1e2,8231,0,8211,781,8211,"PointSourceFinite: -123.000, 46.100",SLAB,0,6.55,2.5641591374487814e-07,50.0,8.0,-123.0,46.1,50.0
2806,EVT_00006920,b06c2a3bec60499749d22e86,8231,0,8211,355,8211,"PointSourceFinite: -124.200, 43.800",SLAB,3,6.85,1.0989843872443772e-07,42.0,8.0,-124.2,43.8,42.0
2807,EVT_00006921,2a37ad7eb96b280e2be6b0b9,3199,1,3160,0,3160,"Cascadia (unsegmented, 1-2-3, bottom)",INTERFACE,474,8.5,1.0080644859353255e-06,5.0,145.0,,,
2808,EVT_00006924,1774bbfdef2c877f330dbcf4,8231,0,8211,678,8211,"PointSourceFinite: -123.400, 45.500",SLAB,2,6.75,7.122330181008402e-07,42.0,8.0,-123.4,45.5,42.0
2809,EVT_00006929,40c32e2939ff33ccba3e6676,8231,0,8211,171,8211,"PointSourceFinite: -124.000, 42.900",SLAB,6,7.15,2.979561052083449e-07,42.0,8.0,-124.0,42.9,42.0
2810,EVT_00006931,6af64a46b9cb3a28b30dab56,8231,0,8211,618,8211,"PointSourceFinite: -122.500, 45.100",SLAB,2,6.75,4.0096475059341777e-07,50.0,8.0,-122.5,45.1,50.0
2811,EVT_00006933,565d8fc68c57bbff24e2440a,3199,9,3161,0,3161,"Cascadia (unsegmented, 1-2-3, middle)",INTERFACE,150,8.1,6.443298776081463e-07,5.0,80.0,,,
2812,EVT_00006940,fd0c780fcbad37ed8c3aeffe,8231,0,8211,112,8211,"PointSourceFinite: -123.600, 42.600",SLAB,3,6.85,4.715936871686996e-07,42.0,8.0,-123.6,42.6,42.0
2813,EVT_00006943,c0c99b1f84ac94c88af89120,8231,0,8211,81,8211,"PointSourceFinite: -122.500, 42.400",SLAB,3,6.85,1.1134684919184381e-07,50.0,8.0,-122.5,42.4,50.0
2814,EVT_00006944,4f253c21e0300a22945eea8a,8231,0,8211,313,8211,"PointSourceFinite: -122.400, 43.500",SLAB,1,6.65,9.974550318683745e-08,60.0,8.0,-122.4,43.5,60.0
2815,EVT_00006945,4eb327a0481fd02a216afb51,3199,0,3172,0,3172,"Cascadia (unsegmented, 1-2-3-4, top)",INTERFACE,181,8.0,3.41530044415247e-07,5.0,85.0,,,
2816,EVT_00006948,1111e265b925b921b4609df9,3199,9,3161,0,3161,"Cascadia (unsegmented, 1-2-3, middle)",INTERFACE,242,8.2,6.868131662416505e-07,5.0,80.0,,,
2817,EVT_00006951,7f4addce8703a11a7cfc2f58,3199,1,3160,0,3160,"Cascadia (unsegmented, 1-2-3, bottom)",INTERFACE,763,8.1,1.000721591214509e-06,5.0,145.0,,,
2818,EVT_00006952,8c0170f3a9050bcafcfcf8fb,8231,0,8211,690,8211,"PointSourceFinite: -123.900, 45.600",SLAB,3,6.85,5.077680727348765e-07,42.0,8.0,-123.9,45.6,42.0
2819,EVT_00006954,0696e008688c04ab4547f96f,8231,0,8211,808,8211,"PointSourceFinite: -123.500, 46.300",SLAB,4,6.95,1.3506420514796056e-07,42.0,8.0,-123.5,46.3,42.0
2820,EVT_00006958,dbd81bace5b9deb36d5870b8,8231,0,8211,354,8211,"PointSourceFinite: -122.300, 43.700",SLAB,4,6.95,8.105826871459126e-08,60.0,8.0,-122.3,43.7,60.0
2821,EVT_00006962,7f86911fc4652c73696dde34,8231,0,8211,668,8211,"PointSourceFinite: -122.700, 45.400",SLAB,4,6.95,3.7699946568305173e-07,50.0,8.0,-122.7,45.4,50.0
2822,EVT_00006965,c8844d674f21fd0bda7958d3,8231,0,8211,170,8211,"PointSourceFinite: -124.100, 42.900",SLAB,2,6.75,4.354115804206138e-07,42.0,8.0,-124.1,42.9,42.0
2823,EVT_00006968,60a8cb62d6096dd80b41a337,8231,0,8211,763,8211,"PointSourceFinite: -123.200, 46.000",SLAB,6,7.15,2.0419971537342209e-07,50.0,8.0,-123.2,46.0,50.0
2824,EVT_00006970,45f93761f469d9614a28658a,8231,0,8211,693,8211,"PointSourceFinite: -123.600, 45.600",SLAB,2,6.75,6.370303941607304e-07,42.0,8.0,-123.6,45.6,42.0
2825,EVT_00006971,049ed54a5bb9fbb9874401bc,8231,0,8211,215,8211,"PointSourceFinite: -123.800, 43.100",SLAB,4,6.95,2.2310787595061058e-07,42.0,8.0,-123.8,43.1,42.0
2826,EVT_00006973,631241ff4436b3c04be32f66,8231,0,8211,660,8211,"PointSourceFinite: -123.500, 45.400",SLAB,3,6.85,7.144263592316556e-07,42.0,8.0,-123.5,45.4,42.0
2827,EVT_00006975,d12e833321b8b11b44f8f0c0,8231,0,8211,628,8211,"PointSourceFinite: -123.300, 45.200",SLAB,3,6.85,7.615038754463695e-07,42.0,8.0,-123.3,45.2,42.0
2828,EVT_00006976,407a457afba15dfe8959eb95,8231,0,8211,158,8211,"PointSourceFinite: -123.200, 42.800",SLAB,5,7.05,1.9554523025065185e-07,50.0,8.0,-123.2,42.8,50.0
2829,EVT_00006981,b83aaba593af991fd771c4e4,8231,0,8211,57,8211,"PointSourceFinite: -122.800, 42.300",SLAB,3,6.85,1.6546936533354144e-07,50.0,8.0,-122.8,42.3,50.0
2830,EVT_00006982,a21c46b85382e9797c8159ea,8231,0,8211,649,8211,"PointSourceFinite: -122.900, 45.300",SLAB,0,6.55,7.289132068244918e-07,50.0,8.0,-122.9,45.3,50.0
2831,EVT_00006983,4118ddb0ce772128f63d57d9,3199,10,3171,0,3171,"Cascadia (unsegmented, 1-2-3-4, middle)",INTERFACE,738,8.4,4.006410136409629e-07,5.0,105.0,,,
2832,EVT_00006986,73d09fb1dcd6b5ab45fb5b92,8231,0,8211,78,8211,"PointSourceFinite: -122.800, 42.400",SLAB,1,6.65,1.976308125616903e-07,50.0,8.0,-122.8,42.4,50.0
2833,EVT_00006990,9d133d0aa64a9d947ef9d33e,8231,0,8211,571,8211,"PointSourceFinite: -123.600, 44.900",SLAB,0,6.55,1.005161267530364e-06,42.0,8.0,-123.6,44.9,42.0
2834,EVT_00006992,b0bcf80671f0b0da3ced4908,8231,0,8211,699,8211,"PointSourceFinite: -123.000, 45.600",SLAB,6,7.15,3.5537435710961614e-07,50.0,8.0,-123.0,45.6,50.0
2835,EVT_00006994,d7c425dba08813aa9e3d6e63,3199,12,3162,0,3162,"Cascadia (unsegmented, 1-2-3, top)",INTERFACE,1067,8.5,6.335124720565497e-07,5.0,70.0,,,
2836,EVT_00006998,67590d1475bcdec6c8dc9bc0,8231,0,8211,591,8211,"PointSourceFinite: -123.400, 45.000",SLAB,5,7.05,6.575851598380945e-07,42.0,8.0,-123.4,45.0,42.0
2837,EVT_00006999,bbf5dce3357bb0a0ddb7fe08,3199,1,3160,0,3160,"Cascadia (unsegmented, 1-2-3, bottom)",INTERFACE,671,8.0,1.1864454622055416e-06,5.0,145.0,,,
2838,EVT_00007001,4bb951ae663b38eab2b4f886,8231,0,8211,224,8211,"PointSourceFinite: -122.900, 43.100",SLAB,2,6.75,1.264922651779617e-07,50.0,8.0,-122.9,43.1,50.0
2839,EVT_00007003,97b6140063db45f1eb00926a,8231,0,8211,515,8211,"PointSourceFinite: -123.700, 44.600",SLAB,3,6.85,5.826690692692797e-07,42.0,8.0,-123.7,44.6,42.0
2840,EVT_00007017,b15d5774a341829824205eb4,3199,12,3162,0,3162,"Cascadia (unsegmented, 1-2-3, top)",INTERFACE,856,8.2,8.567270806109988e-07,5.0,70.0,,,
2841,EVT_00007018,bbb7ee75d1b678cfc2598f6d,8231,0,8211,709,8211,"PointSourceFinite: -123.700, 45.700",SLAB,2,6.75,5.397288260339779e-07,42.0,8.0,-123.7,45.7,42.0
2842,EVT_00007020,2ca7d773ab888e817b183b1e,8231,0,8211,754,8211,"PointSourceFinite: -122.500, 45.900",SLAB,1,6.65,2.142129151596151e-07,50.0,8.0,-122.5,45.9,50.0
2843,EVT_00007022,ed9afa78594b76b15d38c603,3199,9,3161,0,3161,"Cascadia (unsegmented, 1-2-3, middle)",INTERFACE,1005,8.4,6.66441670347842e-07,5.0,80.0,,,
2844,EVT_00007031,0084177acd70d1b61432179e,8231,0,8211,536,8211,"PointSourceFinite: -123.500, 44.700",SLAB,2,6.75,7.456672069325042e-07,42.0,8.0,-123.5,44.7,42.0
2845,EVT_00007033,577737e7ee646fbcaa22f483,3199,15,3170,0,3170,"Cascadia (unsegmented, 1-2-3-4, bottom)",INTERFACE,1263,8.7,5.252100683024388e-07,5.0,155.0,,,
2846,EVT_00007038,bc956996129a707da264a625,8231,0,8211,282,8211,"PointSourceFinite: -123.400, 43.400",SLAB,2,6.75,1.272961074543596e-07,42.0,8.0,-123.4,43.4,42.0
2847,EVT_00007043,63cdb4cb0d1f96499b048c5f,8231,0,8211,43,8211,"PointSourceFinite: -124.200, 42.300",SLAB,6,7.15,5.362668991146475e-07,42.0,8.0,-124.2,42.3,42.0
2848,EVT_00007053,932e983adda591e0cec1a252,8231,0,8211,674,8211,"PointSourceFinite: -123.800, 45.500",SLAB,3,6.85,6.036353357969124e-07,42.0,8.0,-123.8,45.5,42.0
2849,EVT_00007054,479bac6c33719084b754b553,3199,1,3160,0,3160,"Cascadia (unsegmented, 1-2-3, bottom)",INTERFACE,966,8.4,6.66441670347842e-07,5.280604320184502,145.0,,,
2850,EVT_00007057,1aba2a71c2406da3173d7280,3199,10,3171,0,3171,"Cascadia (unsegmented, 1-2-3-4, middle)",INTERFACE,603,8.3,3.765060128192181e-07,5.0,105.0,,,
2851,EVT_00007059,1818b4adc2dc95ba07dc0ae3,8231,0,8211,113,8211,"PointSourceFinite: -123.500, 42.600",SLAB,2,6.75,4.6603691220133124e-07,42.0,8.0,-123.5,42.6,42.0
2852,EVT_00007062,3a95fb4bf0f5f228c6ae309a,8231,0,8211,22,8211,"PointSourceFinite: -124.200, 42.200",SLAB,6,7.15,5.363334098828775e-07,42.0,8.0,-124.2,42.2,42.0
2853,EVT_00007063,e6911b88fd95cd150b4e6ebd,3199,1,3160,0,3160,"Cascadia (unsegmented, 1-2-3, bottom)",INTERFACE,560,8.7,1.8382352390585351e-06,5.139986090835957,145.0,,,
2854,EVT_00007070,47f095af2b8ee4bc7e50ea1b,3199,0,3172,0,3172,"Cascadia (unsegmented, 1-2-3-4, top)",INTERFACE,365,8.2,3.6549706507596613e-07,5.231014851601679,85.0,,,
2855,EVT_00007071,888213829b296ed62e12e9c1,8231,0,8211,639,8211,"PointSourceFinite: -123.900, 45.300",SLAB,0,6.55,8.618745536000095e-07,42.0,8.0,-123.9,45.3,42.0
2856,EVT_00007076,ab5060eb087f38b194e83451,8231,0,8211,659,8211,"PointSourceFinite: -123.600, 45.400",SLAB,3,6.85,7.076438883672457e-07,42.0,8.0,-123.6,45.4,42.0
2857,EVT_00007078,c31548b89f0dbfcf38b34b4e,3199,9,3161,0,3161,"Cascadia (unsegmented, 1-2-3, middle)",INTERFACE,315,8.3,7.530120256384362e-07,5.0,80.0,,,
2858,EVT_00007080,f4aac357cd671ed955cc0fa4,3199,9,3161,0,3161,"Cascadia (unsegmented, 1-2-3, middle)",INTERFACE,124,8.1,6.443298776081463e-07,5.0,80.0,,,
2859,EVT_00007083,bdc3412edf55b6e8533537a4,8231,0,8211,751,8211,"PointSourceFinite: -122.800, 45.900",SLAB,3,6.85,2.4435911521666025e-07,50.0,8.0,-122.8,45.9,50.0
2860,EVT_00007084,3ef73a1287b704e9d27dfffe,3199,12,3162,0,3162,"Cascadia (unsegmented, 1-2-3, top)",INTERFACE,716,8.1,1.011145774456327e-06,5.0,70.0,,,
2861,EVT_00007086,82c05fb915ecca2ec151c7d7,3199,10,3171,0,3171,"Cascadia (unsegmented, 1-2-3-4, middle)",INTERFACE,1637,8.2,4.431346968677581e-07,5.030943522058212,105.0,,,
2862,EVT_00007092,19ff9754c3923839e06b40c2,8231,0,8211,375,8211,"PointSourceFinite: -124.200, 43.900",SLAB,0,6.55,1.6219417550388452e-07,42.0,8.0,-124.2,43.9,42.0
2863,EVT_00007094,052ade0e2531dcec66f538c9,8231,0,8211,222,8211,"PointSourceFinite: -123.100, 43.100",SLAB,4,6.95,1.2677574343403788e-07,50.0,8.0,-123.1,43.1,50.0
2864,EVT_00007096,f4d3fbc504b22957252ec4c7,3199,10,3171,0,3171,"Cascadia (unsegmented, 1-2-3-4, middle)",INTERFACE,1182,8.7,5.341880181879504e-07,5.0,105.0,,,
2865,EVT_00007104,6121efc1bbdfc8a3f12ca33f,3199,9,3161,0,3161,"Cascadia (unsegmented, 1-2-3, middle)",INTERFACE,1004,8.4,6.66441670347842e-07,5.0,80.0,,,
2866,EVT_00007106,af9d9cf1ccff4b4f6f8dc59e,8231,0,8211,2,8211,"PointSourceFinite: -124.100, 42.100",SLAB,6,7.15,5.242918437173392e-07,42.0,8.0,-124.1,42.1,42.0
2867,EVT_00007114,77890a23b77689afbc922a9e,8231,0,8211,153,8211,"PointSourceFinite: -123.700, 42.800",SLAB,0,6.55,5.343783611857104e-07,42.0,8.0,-123.7,42.8,42.0
2868,EVT_00007116,2163face0947a259f37ed93f,8231,0,8211,745,8211,"PointSourceFinite: -123.400, 45.900",SLAB,2,6.75,3.879269211273832e-07,42.0,8.0,-123.4,45.9,42.0
2869,EVT_00007117,cf161cf1d09797b117a80a38,8231,0,8211,330,8211,"PointSourceFinite: -122.700, 43.600",SLAB,1,6.65,1.1022779342170324e-07,50.0,8.0,-122.7,43.6,50.0
2870,EVT_00007121,b1f4f5922bfc919e45010691,8231,0,8211,242,8211,"PointSourceFinite: -123.200, 43.200",SLAB,4,6.95,1.2072656882701392e-07,50.0,8.0,-123.2,43.2,50.0
2871,EVT_00007123,18d0619ab027c1ad36259c07,3199,10,3171,0,3171,"Cascadia (unsegmented, 1-2-3-4, middle)",INTERFACE,1663,8.2,4.431346968677581e-07,5.0,105.0,,,
2872,EVT_00007124,20140ccd3e0ea6eb807d392b,3199,15,3170,0,3170,"Cascadia (unsegmented, 1-2-3-4, bottom)",INTERFACE,2311,8.6,2.2907632432741962e-07,5.0003646628326575,155.0,,,
2873,EVT_00007125,6383339643189e63dfc0800f,3199,9,3161,0,3161,"Cascadia (unsegmented, 1-2-3, middle)",INTERFACE,892,8.3,7.379159742457803e-07,5.098788859357517,80.0,,,
2874,EVT_00007126,84e8ec891301496b55be297d,3199,9,3161,0,3161,"Cascadia (unsegmented, 1-2-3, middle)",INTERFACE,867,8.2,8.473124973075812e-07,5.0,80.0,,,
2875,EVT_00007128,84b2e96263e9ec023e749e66,8231,0,8211,313,8211,"PointSourceFinite: -122.400, 43.500",SLAB,5,7.05,6.900702831454759e-08,60.0,8.0,-122.4,43.5,60.0
2876,EVT_00007129,e1e43b24f3e8f3555a3601b5,8231,0,8211,803,8211,"PointSourceFinite: -122.400, 46.200",SLAB,0,6.55,1.4101265931966041e-07,60.0,8.0,-122.4,46.2,60.0
2877,EVT_00007134,e9e1302d0f127d5a3c436774,3199,15,3170,0,3170,"Cascadia (unsegmented, 1-2-3-4, bottom)",INTERFACE,1349,8.0,6.50020652165802e-07,5.0,155.0,,,
2878,EVT_00007136,77a0e377d94f5303d04f95d0,3199,10,3171,0,3171,"Cascadia (unsegmented, 1-2-3-4, middle)",INTERFACE,1786,8.2,4.431346968677581e-07,5.0,105.0,,,
2879,EVT_00007143,95f924c4a67be56629f9893c,3199,10,3171,0,3171,"Cascadia (unsegmented, 1-2-3-4, middle)",INTERFACE,837,8.4,4.006410136409629e-07,5.0,105.0,,,
2880,EVT_00007144,5bbd7966ecac1cb621e55357,8231,1,8212,800,8212,"PointSourceFinite: -122.700, 46.200",SLAB,2,7.45,5.9037772005018765e-09,50.0,8.0,-122.7,46.2,50.0
2881,EVT_00007150,1bc50b5d6e640403e4a20f37,8231,0,8211,742,8211,"PointSourceFinite: -123.700, 45.900",SLAB,2,6.75,3.786556693368509e-07,42.0,8.0,-123.7,45.9,42.0
2882,EVT_00007154,e6dd481dc45fd8bd834e8e17,3199,9,3161,0,3161,"Cascadia (unsegmented, 1-2-3, middle)",INTERFACE,277,8.2,6.868131662416505e-07,5.0,80.0,,,
2883,EVT_00007163,4adf73fcc25f17c572afa0b2,8231,0,8211,374,8211,"PointSourceFinite: -122.300, 43.800",SLAB,0,6.55,1.266222734274068e-07,60.0,8.0,-122.3,43.8,60.0
2884,EVT_00007167,6d8d84b1fb0441830344ff96,3199,15,3170,0,3170,"Cascadia (unsegmented, 1-2-3-4, bottom)",INTERFACE,763,8.4,3.9556960840500123e-07,5.0,155.0,,,
2885,EVT_00007168,688b6646f9f8137a1191a32c,8231,0,8211,758,8211,"PointSourceFinite: -123.700, 46.000",SLAB,6,7.15,2.1251950052237733e-07,42.0,8.0,-123.7,46.0,42.0
2886,EVT_00007169,9ed459aa01e4e576e0103be5,8231,0,8211,89,8211,"PointSourceFinite: -123.800, 42.500",SLAB,4,6.95,5.418463474614584e-07,42.0,8.0,-123.8,42.5,42.0
2887,EVT_00007170,24aea1ea72d2d0fd535d2dec,8231,0,8211,529,8211,"PointSourceFinite: -122.300, 44.600",SLAB,4,6.95,2.277998902587336e-07,60.0,8.0,-122.3,44.6,60.0
2888,EVT_00007171,abf316f0370fc538de954431,3199,1,3160,0,3160,"Cascadia (unsegmented, 1-2-3, bottom)",INTERFACE,867,8.2,8.473124973075812e-07,5.0,145.0,,,
2889,EVT_00007174,c94efe62768bcf61002dbeeb,8231,0,8211,343,8211,"PointSourceFinite: -123.400, 43.700",SLAB,0,6.55,1.5207712283011964e-07,42.0,8.0,-123.4,43.7,42.0
2890,EVT_00007179,367e32cf160c7064cf7394de,3199,12,3162,0,3162,"Cascadia (unsegmented, 1-2-3, top)",INTERFACE,600,8.0,1.1980772804624588e-06,5.017791920554384,70.0,,,
2891,EVT_00007181,524a6a73b4ccb204556037b2,8231,0,8211,463,8211,"PointSourceFinite: -123.200, 44.300",SLAB,5,7.05,3.0843014439506825e-07,50.0,8.0,-123.2,44.3,50.0
2892,EVT_00007183,81821f063c0407638cedaa76,8231,0,8211,84,8211,"PointSourceFinite: -124.300, 42.500",SLAB,4,6.95,5.872172913707362e-07,42.0,8.0,-124.3,42.5,42.0
2893,EVT_00007188,0e40f58623127c098b74955a,8231,0,8211,682,8211,"PointSourceFinite: -123.000, 45.500",SLAB,6,7.15,3.9680102992469574e-07,50.0,8.0,-123.0,45.5,50.0
2894,EVT_00007191,24a8bab704a2790ecfaf6f12,3199,9,3161,0,3161,"Cascadia (unsegmented, 1-2-3, middle)",INTERFACE,973,8.4,6.66441670347842e-07,5.116924018087184,80.0,,,
2895,EVT_00007192,50101d646c766295e2ef5be5,3199,10,3171,0,3171,"Cascadia (unsegmented, 1-2-3-4, middle)",INTERFACE,1662,8.2,4.431346968677581e-07,5.0,105.0,,,
2896,EVT_00007194,a8ba76ed27aff16e7f30f608,8231,0,8211,194,8211,"PointSourceFinite: -123.800, 43.000",SLAB,3,6.85,3.020266393010676e-07,42.0,8.0,-123.8,43.0,42.0
2897,EVT_00007195,49911ea91a98d26a12e12985,8231,0,8211,88,8211,"PointSourceFinite: -123.900, 42.500",SLAB,1,6.65,7.521597609007964e-07,42.0,8.0,-123.9,42.5,42.0
2898,EVT_00007198,5e401a43cd943f1044187ab3,8231,0,8211,615,8211,"PointSourceFinite: -122.800, 45.100",SLAB,4,6.95,4.855663688345601e-07,50.0,8.0,-122.8,45.1,50.0
2899,EVT_00007199,829380c3694e886b85ad1795,3199,15,3170,0,3170,"Cascadia (unsegmented, 1-2-3-4, bottom)",INTERFACE,560,8.3,3.72023798380894e-07,5.038133796567248,155.0,,,
2900,EVT_00007202,178f847d556b91a34ba00cb7,8231,0,8211,51,8211,"PointSourceFinite: -123.400, 42.300",SLAB,4,6.95,3.886676660937791e-07,42.0,8.0,-123.4,42.3,42.0
2901,EVT_00007203,e5cb6d2492350a295dfb1114,3199,1,3160,0,3160,"Cascadia (unsegmented, 1-2-3, bottom)",INTERFACE,202,8.2,6.868131662416505e-07,5.317301805894837,145.0,,,
2902,EVT_00007204,1d76ea05d152c5d8b2cf4255,8231,0,8211,450,8211,"PointSourceFinite: -122.600, 44.200",SLAB,4,6.95,1.8996106304724602e-07,50.0,8.0,-122.6,44.2,50.0
2903,EVT_00007206,e94ce1602c69d8fc6bc18f12,8231,0,8211,693,8211,"PointSourceFinite: -123.600, 45.600",SLAB,3,6.85,5.809786244737537e-07,42.0,8.0,-123.6,45.6,42.0
2904,EVT_00007207,63650806cac04e66e2c0d40f,8231,0,8211,489,8211,"PointSourceFinite: -122.500, 44.400",SLAB,6,7.15,1.9505430029704254e-07,50.0,8.0,-122.5,44.4,50.0
2905,EVT_00007219,d83524ed19f8799649ad4f5f,8231,0,8211,732,8211,"PointSourceFinite: -123.100, 45.800",SLAB,6,7.15,2.852043899583931e-07,50.0,8.0,-123.1,45.8,50.0
2906,EVT_00007228,ca52530b90f850376fd66987,3199,1,3160,0,3160,"Cascadia (unsegmented, 1-2-3, bottom)",INTERFACE,313,8.3,7.530120256384362e-07,5.0,145.0,,,
2907,EVT_00007233,4e45eb55a257a71424015955,3199,15,3170,0,3170,"Cascadia (unsegmented, 1-2-3-4, bottom)",INTERFACE,2224,8.5,2.628861278602009e-07,5.0,155.0,,,
2908,EVT_00007234,553a13a62e99b1629d0bf46f,8231,0,8211,372,8211,"PointSourceFinite: -122.500, 43.800",SLAB,0,6.55,1.3642225640255945e-07,50.0,8.0,-122.5,43.8,50.0
2909,EVT_00007236,7b68cdc1ce88bed50a2fc81b,8231,0,8211,342,8211,"PointSourceFinite: -123.500, 43.700",SLAB,0,6.55,1.5269912382449237e-07,42.0,8.0,-123.5,43.7,42.0
2910,EVT_00007239,fe41221e1afed1ef3ae76eea,8231,0,8211,135,8211,"PointSourceFinite: -123.400, 42.700",SLAB,0,6.55,4.522261506988215e-07,42.0,8.0,-123.4,42.7,42.0
2911,EVT_00007244,33c5fc64f1553dd306b3fe5d,8231,0,8211,536,8211,"PointSourceFinite: -123.500, 44.700",SLAB,3,6.85,6.8005657527469e-07,42.0,8.0,-123.5,44.7,42.0
2912,EVT_00007249,1f76662a5d2908c682dc9bf8,8231,0,8211,677,8211,"PointSourceFinite: -123.500, 45.500",SLAB,6,7.15,4.974278935843317e-07,42.0,8.0,-123.5,45.5,42.0
2913,EVT_00007265,86437c0f1f7a041f4661060d,3199,1,3160,0,3160,"Cascadia (unsegmented, 1-2-3, bottom)",INTERFACE,315,8.3,7.530120256384362e-07,5.0,145.0,,,
2914,EVT_00007266,d983c782d24fc839f2defb38,8231,0,8211,9,8211,"PointSourceFinite: -123.400, 42.100",SLAB,4,6.95,3.7604815245874193e-07,42.0,8.0,-123.4,42.1,42.0
2915,EVT_00007270,ccde1e8a27ba55d03e64f87d,8231,0,8211,192,8211,"PointSourceFinite: -124.000, 43.000",SLAB,6,7.15,2.446044537390923e-07,42.0,8.0,-124.0,43.0,42.0
2916,EVT_00007278,2ec003f701cc87d246d7c5b9,3199,9,3161,0,3161,"Cascadia (unsegmented, 1-2-3, middle)",INTERFACE,7,8.0,6.06796098330002e-07,5.223218579984625,80.0,,,
2917,EVT_00007279,373748fe5c71fe5fc9d7a085,8231,0,8211,612,8211,"PointSourceFinite: -123.100, 45.100",SLAB,1,6.65,8.401967661447831e-07,50.0,8.0,-123.1,45.1,50.0
2918,EVT_00007282,3ef283465f8f334f4df4520f,3199,12,3162,0,3162,"Cascadia (unsegmented, 1-2-3, top)",INTERFACE,1081,8.5,6.335124720565497e-07,5.0,70.0,,,
2919,EVT_00007285,f11c7bfdc57a244346ac8339,3199,12,3162,0,3162,"Cascadia (unsegmented, 1-2-3, top)",INTERFACE,915,8.3,7.469149495414605e-07,5.0,70.0,,,
2920,EVT_00007286,95c17afef0605b0efe6b4b91,8231,0,8211,434,8211,"PointSourceFinite: -122.300, 44.100",SLAB,5,7.05,1.1489593841613001e-07,60.0,8.0,-122.3,44.1,60.0
2921,EVT_00007288,a00c1b5b654a50c70646adda,8231,0,8211,17,8211,"PointSourceFinite: -122.600, 42.100",SLAB,5,7.05,1.0188849476310844e-07,50.0,8.0,-122.6,42.1,50.0
2922,EVT_00007290,45f85012eb4cf105a44a52b7,8231,0,8211,88,8211,"PointSourceFinite: -123.900, 42.500",SLAB,6,7.15,4.745807253628233e-07,42.0,8.0,-123.9,42.5,42.0
2923,EVT_00007291,985184f7e365ac4af34fdb92,3199,12,3162,0,3162,"Cascadia (unsegmented, 1-2-3, top)",INTERFACE,316,8.3,7.621950991218317e-07,5.0,70.0,,,
2924,EVT_00007295,fd5627b1a73f5a20514ed7f5,3199,10,3171,0,3171,"Cascadia (unsegmented, 1-2-3-4, middle)",INTERFACE,1628,8.2,4.431346968677581e-07,5.207043969688818,105.0,,,
2925,EVT_00007297,c9b97bec6ee6cb2922bf875f,8231,0,8211,597,8211,"PointSourceFinite: -122.800, 45.000",SLAB,5,7.05,4.456375925663241e-07,50.0,8.0,-122.8,45.0,50.0
2926,EVT_00007300,25e376ad249ac50bb9edd0de,8231,0,8211,149,8211,"PointSourceFinite: -124.100, 42.800",SLAB,0,6.55,6.215804613771911e-07,42.0,8.0,-124.1,42.8,42.0
2927,EVT_00007301,4d018fd4e2f6bff1b572eab9,8231,0,8211,274,8211,"PointSourceFinite: -124.200, 43.400",SLAB,1,6.65,1.6286207531920386e-07,42.0,8.0,-124.2,43.4,42.0
2928,EVT_00007303,7278231591d11035eef04368,8231,0,8211,105,8211,"PointSourceFinite: -124.300, 42.600",SLAB,4,6.95,5.416126880804645e-07,42.0,8.0,-124.3,42.6,42.0
2929,EVT_00007308,493a8f536b775e85e2157641,8231,0,8211,611,8211,"PointSourceFinite: -123.200, 45.100",SLAB,3,6.85,7.421900257575815e-07,50.0,8.0,-123.2,45.1,50.0
2930,EVT_00007312,b783fda071a6a3c87d1b93dd,3199,0,3172,0,3172,"Cascadia (unsegmented, 1-2-3-4, top)",INTERFACE,454,8.2,3.6549706507596613e-07,5.0,85.0,,,
2931,EVT_00007314,dbed6fc8ff00ee364124b9dd,8231,0,8211,148,8211,"PointSourceFinite: -124.200, 42.800",SLAB,4,6.95,4.283097086307021e-07,42.0,8.0,-124.2,42.8,42.0
2932,EVT_00007316,f28ceb4c3efe9f28ffc61b4a,8231,0,8211,711,8211,"PointSourceFinite: -123.500, 45.700",SLAB,5,7.05,4.2419396380687974e-07,42.0,8.0,-123.5,45.7,42.0
2933,EVT_00007323,8375a6b7551f530811fe2880,8231,1,8212,416,8212,"PointSourceFinite: -124.100, 44.100",SLAB,2,7.45,8.396043851197807e-09,42.0,8.0,-124.1,44.1,42.0
2934,EVT_00007325,a0b1b83e5daf80470fd535b8,8231,0,8211,678,8211,"PointSourceFinite: -123.400, 45.500",SLAB,3,6.85,6.4956423265514e-07,42.0,8.0,-123.4,45.5,42.0
2935,EVT_00007326,7f3c30671ea275f6cfb6da49,8231,0,8211,703,8211,"PointSourceFinite: -122.600, 45.600",SLAB,3,6.85,3.0180282386549365e-07,50.0,8.0,-122.6,45.6,50.0
2936,EVT_00007327,c6d996cf606320f5e8cecb6c,8231,0,8211,108,8211,"PointSourceFinite: -124.000, 42.600",SLAB,5,7.05,4.973236892568184e-07,42.0,8.0,-124.0,42.6,42.0
2937,EVT_00007329,82f785fcf3a84c7597ae5dfd,8231,0,8211,514,8211,"PointSourceFinite: -123.800, 44.600",SLAB,2,6.75,6.074301804306978e-07,42.0,8.0,-123.8,44.6,42.0
2938,EVT_00007335,6f5d51db444eb296a7ed255d,8231,0,8211,800,8211,"PointSourceFinite: -122.700, 46.200",SLAB,4,6.95,1.1939776608874737e-07,50.0,8.0,-122.7,46.2,50.0
2939,EVT_00007337,c0ac806871098aa471a5c6c8,8231,0,8211,334,8211,"PointSourceFinite: -122.300, 43.600",SLAB,5,7.05,7.013460722938305e-08,60.0,8.0,-122.3,43.6,60.0
2940,EVT_00007338,ad4b69b13b9c7fc22e537eda,8231,0,8211,629,8211,"PointSourceFinite: -123.200, 45.200",SLAB,2,6.75,7.987024761656136e-07,50.0,8.0,-123.2,45.2,50.0
2941,EVT_00007339,55f09d0f22baeb1353b19882,8231,1,8212,43,8212,"PointSourceFinite: -124.200, 42.300",SLAB,2,7.45,3.1879738425623674e-08,42.0,8.0,-124.2,42.3,42.0
2942,EVT_00007342,c29c58bf08fd53b648962bfa,3199,12,3162,0,3162,"Cascadia (unsegmented, 1-2-3, top)",INTERFACE,737,8.1,1.011145774456327e-06,5.0,70.0,,,
2943,EVT_00007347,c90637d775c7524e82c37eca,3199,9,3161,0,3161,"Cascadia (unsegmented, 1-2-3, middle)",INTERFACE,677,8.0,1.1864454622055416e-06,5.0,80.0,,,
2944,EVT_00007352,6d112e3d633e0040d67ab3e4,8231,0,8211,607,8211,"PointSourceFinite: -123.600, 45.100",SLAB,2,6.75,8.675665428045774e-07,42.0,8.0,-123.6,45.1,42.0
2945,EVT_00007353,7a59f10e1c8b547414608cc3,8231,0,8211,580,8211,"PointSourceFinite: -122.700, 44.900",SLAB,0,6.55,6.235360039123842e-07,50.0,8.0,-122.7,44.9,50.0
2946,EVT_00007357,153a0c431735f3032209e751,8231,0,8211,556,8211,"PointSourceFinite: -123.300, 44.800",SLAB,1,6.65,8.62373139767346e-07,42.0,8.0,-123.3,44.8,42.0
2947,EVT_00007365,4a906ef357f9fbdeae68d338,8231,0,8211,383,8211,"PointSourceFinite: -123.400, 43.900",SLAB,2,6.75,1.7537212317509517e-07,42.0,8.0,-123.4,43.9,42.0
2948,EVT_00007369,51d67605a5058663c135d0f5,8231,0,8211,464,8211,"PointSourceFinite: -123.100, 44.300",SLAB,5,7.05,2.965227406877496e-07,50.0,8.0,-123.1,44.3,50.0
2949,EVT_00007374,01fff0a5785878015b0bbe39,8231,0,8211,550,8211,"PointSourceFinite: -123.900, 44.800",SLAB,3,6.85,6.241062176765953e-07,42.0,8.0,-123.9,44.8,42.0
2950,EVT_00007378,8a1b01456907a7197ada214b,8231,0,8211,673,8211,"PointSourceFinite: -123.900, 45.500",SLAB,2,6.75,6.213628920191551e-07,42.0,8.0,-123.9,45.5,42.0
2951,EVT_00007380,5489c2dfa5e5644cdae919a2,8231,0,8211,190,8211,"PointSourceFinite: -124.200, 43.000",SLAB,0,6.55,4.2700776135824e-07,42.0,8.0,-124.2,43.0,42.0
2952,EVT_00007381,125d629414a49c65c615cf3e,3199,12,3162,0,3162,"Cascadia (unsegmented, 1-2-3, top)",INTERFACE,1131,8.6,6.395047387473794e-07,5.0,70.0,,,
2953,EVT_00007382,83635ec2a17a7f26745ef036,8231,0,8211,65,8211,"PointSourceFinite: -124.100, 42.400",SLAB,5,7.05,5.74460509652644e-07,42.0,8.0,-124.1,42.4,42.0
2954,EVT_00007390,8fea793450db354eb1ed90ff,3199,12,3162,0,3162,"Cascadia (unsegmented, 1-2-3, top)",INTERFACE,1150,8.7,7.38875156693846e-07,5.009433758708854,70.0,,,
2955,EVT_00007392,41da9db94da2e3ebcfa8f4ae,3199,1,3160,0,3160,"Cascadia (unsegmented, 1-2-3, bottom)",INTERFACE,381,8.4,8.56164357917674e-07,5.116924018087184,145.0,,,
2956,EVT_00007393,323638920d888807d748c057,8231,0,8211,746,8211,"PointSourceFinite: -123.300, 45.900",SLAB,0,6.55,4.5467479381361443e-07,42.0,8.0,-123.3,45.9,42.0
2957,EVT_00007400,bcf9b8de01f7a15a853fb8a0,8231,0,8211,51,8211,"PointSourceFinite: -123.400, 42.300",SLAB,3,6.85,4.2616562141768884e-07,42.0,8.0,-123.4,42.3,42.0
2958,EVT_00007406,31df53db1066343e47902919,8231,0,8211,593,8211,"PointSourceFinite: -123.200, 45.000",SLAB,2,6.75,8.121014737217514e-07,50.0,8.0,-123.2,45.0,50.0
2959,EVT_00007407,5935edf94053f59aaaf19723,3199,10,3171,0,3171,"Cascadia (unsegmented, 1-2-3-4, middle)",INTERFACE,1597,8.1,5.392777463767077e-07,5.0,105.0,,,
2960,EVT_00007408,59e1bbe9230dd7987c98f070,8231,0,8211,30,8211,"PointSourceFinite: -123.400, 42.200",SLAB,4,6.95,3.860720223750865e-07,42.0,8.0,-123.4,42.2,42.0
2961,EVT_00007412,b6cb8bf0319551421721706b,8231,0,8211,460,8211,"PointSourceFinite: -123.500, 44.300",SLAB,6,7.15,2.8987006686077e-07,42.0,8.0,-123.5,44.3,42.0
2962,EVT_00007414,637f4294243f3544da6460b2,3199,1,3160,0,3160,"Cascadia (unsegmented, 1-2-3, bottom)",INTERFACE,521,8.6,1.275510165877351e-06,5.0312651995403295,145.0,,,
2963,EVT_00007416,29ea5aa57aefcd0e7152013e,3199,9,3161,0,3161,"Cascadia (unsegmented, 1-2-3, middle)",INTERFACE,1175,8.7,7.171435344381447e-07,5.0,80.0,,,
2964,EVT_00007419,50c1754a0b089edbfeac66ce,8231,0,8211,303,8211,"PointSourceFinite: -123.400, 43.500",SLAB,6,7.15,8.185257252417614e-08,42.0,8.0,-123.4,43.5,42.0
2965,EVT_00007424,d226424bf518aa078fe20c90,8231,0,8211,65,8211,"PointSourceFinite: -124.100, 42.400",SLAB,6,7.15,5.239142115851317e-07,42.0,8.0,-124.1,42.4,42.0
2966,EVT_00007429,4d47b7567bfaa40bb3ac487d,3199,9,3161,0,3161,"Cascadia (unsegmented, 1-2-3, middle)",INTERFACE,467,8.5,1.0080644859353255e-06,5.0,80.0,,,
2967,EVT_00007431,d9f18934cfe154d1794184dd,3199,1,3160,0,3160,"Cascadia (unsegmented, 1-2-3, bottom)",INTERFACE,1013,8.4,6.66441670347842e-07,5.0,145.0,,,
2968,EVT_00007434,364d9f89b2984f68390256ec,8231,0,8211,447,8211,"PointSourceFinite: -122.900, 44.200",SLAB,3,6.85,2.624742818898768e-07,50.0,8.0,-122.9,44.2,50.0
2969,EVT_00007436,fddf99bf2859902f80b57fba,8231,0,8211,469,8211,"PointSourceFinite: -122.600, 44.300",SLAB,4,6.95,2.2441263862672282e-07,50.0,8.0,-122.6,44.3,50.0
2970,EVT_00007439,c943d20f698a5216592f3294,8231,0,8211,15,8211,"PointSourceFinite: -122.800, 42.100",SLAB,0,6.55,2.120910404621484e-07,50.0,8.0,-122.8,42.1,50.0
2971,EVT_00007440,fc699b2511218d2c305dcb16,8231,0,8211,577,8211,"PointSourceFinite: -123.000, 44.900",SLAB,3,6.85,6.365548540862799e-07,50.0,8.0,-123.0,44.9,50.0
2972,EVT_00007447,e95d7a104efb165a1402fe87,3199,15,3170,0,3170,"Cascadia (unsegmented, 1-2-3-4, bottom)",INTERFACE,1374,8.0,6.50020652165802e-07,5.0,155.0,,,
2973,EVT_00007448,9614cc093569789bd48d5706,8231,0,8211,352,8211,"PointSourceFinite: -122.500, 43.700",SLAB,4,6.95,8.546669632879614e-08,50.0,8.0,-122.5,43.7,50.0
2974,EVT_00007449,bdd1c12050f91fc66883ed2e,8231,0,8211,489,8211,"PointSourceFinite: -122.500, 44.400",SLAB,1,6.65,3.0914023270104864e-07,50.0,8.0,-122.5,44.4,50.0
2975,EVT_00007455,1802f68bde65688822625df9,8231,0,8211,447,8211,"PointSourceFinite: -122.900, 44.200",SLAB,6,7.15,1.9910710426354905e-07,50.0,8.0,-122.9,44.2,50.0
2976,EVT_00007456,c9188d30543706f7caee2974,8231,0,8211,565,8211,"PointSourceFinite: -122.400, 44.800",SLAB,1,6.65,3.795855464519872e-07,60.0,8.0,-122.4,44.8,60.0
2977,EVT_00007458,e0026dfbd36450e1d68c1a3f,8231,0,8211,763,8211,"PointSourceFinite: -123.200, 46.000",SLAB,2,6.75,2.951583897757431e-07,50.0,8.0,-123.2,46.0,50.0
2978,EVT_00007459,2ed89fda9dab93c92bd7cb0a,3199,12,3162,0,3162,"Cascadia (unsegmented, 1-2-3, top)",INTERFACE,902,8.3,7.469149495414605e-07,5.0,70.0,,,
2979,EVT_00007461,0aa4e9e66b0f7b3cbfb10112,3199,10,3171,0,3171,"Cascadia (unsegmented, 1-2-3-4, middle)",INTERFACE,752,8.4,4.006410136409629e-07,5.0,105.0,,,
2980,EVT_00007462,80c34d759616521e2a647192,8231,0,8211,760,8211,"PointSourceFinite: -123.500, 46.000",SLAB,1,6.65,3.4742118110614426e-07,42.0,8.0,-123.5,46.0,42.0
2981,EVT_00007465,9738967d6cb226363067e986,3199,10,3171,0,3171,"Cascadia (unsegmented, 1-2-3-4, middle)",INTERFACE,2140,8.5,2.665121434168933e-07,5.0,105.0,,,
2982,EVT_00007466,43c23d0c22508d7bcdf1fe2d,8231,0,8211,784,8211,"PointSourceFinite: -122.700, 46.100",SLAB,2,6.75,1.7032201910535337e-07,50.0,8.0,-122.7,46.1,50.0
2983,EVT_00007467,21a03ae8fc8f8d1ee773ce67,8231,0,8211,663,8211,"PointSourceFinite: -123.200, 45.400",SLAB,6,7.15,4.988539648730869e-07,50.0,8.0,-123.2,45.4,50.0
2984,EVT_00007473,a220029896ab4d1ddf811deb,3199,1,3160,0,3160,"Cascadia (unsegmented, 1-2-3, bottom)",INTERFACE,1163,8.7,7.171435344381447e-07,5.020223445940696,145.0,,,
2985,EVT_00007482,58340d15788544bacecce90f,3199,10,3171,0,3171,"Cascadia (unsegmented, 1-2-3-4, middle)",INTERFACE,154,8.0,3.360214953117753e-07,5.0,105.0,,,
2986,EVT_00007489,aa99c34d1e603814a127020b,8231,0,8211,535,8211,"PointSourceFinite: -123.600, 44.700",SLAB,5,7.05,5.565674198956752e-07,42.0,8.0,-123.6,44.7,42.0
2987,EVT_00007491,775a043572b185d06fed9f79,8231,0,8211,453,8211,"PointSourceFinite: -122.300, 44.200",SLAB,4,6.95,1.4512432697244257e-07,60.0,8.0,-122.3,44.2,60.0
2988,EVT_00007493,4244fda5a4c04e2a892f7fdc,3199,15,3170,0,3170,"Cascadia (unsegmented, 1-2-3-4, bottom)",INTERFACE,1426,8.0,6.50020652165802e-07,5.0,155.0,,,
2989,EVT_00007495,d01cac8ce37fcb733d2862a1,8231,0,8211,74,8211,"PointSourceFinite: -123.200, 42.400",SLAB,6,7.15,2.379063066219727e-07,50.0,8.0,-123.2,42.4,50.0
2990,EVT_00007501,933f0b3b8297fd6f926a5d37,8231,0,8211,658,8211,"PointSourceFinite: -123.700, 45.400",SLAB,2,6.75,7.543810969387487e-07,42.0,8.0,-123.7,45.4,42.0
2991,EVT_00007503,26c5303d5bdc812649a02ee1,8231,0,8211,122,8211,"PointSourceFinite: -122.600, 42.600",SLAB,1,6.65,1.4352664944692805e-07,50.0,8.0,-122.6,42.6,50.0
2992,EVT_00007507,557cbc7f48f5ba81f5cf526c,3199,15,3170,0,3170,"Cascadia (unsegmented, 1-2-3-4, bottom)",INTERFACE,1453,8.0,6.50020652165802e-07,5.0,155.0,,,
2993,EVT_00007511,db38663a3f95c1da3b78e1de,3199,1,3160,0,3160,"Cascadia (unsegmented, 1-2-3, bottom)",INTERFACE,570,8.7,1.8382352390585351e-06,5.0266673760785165,145.0,,,
2994,EVT_00007520,fc6c30ffdcf081a4460f5881,8231,0,8211,85,8211,"PointSourceFinite: -124.200, 42.500",SLAB,5,7.05,5.452426887591458e-07,42.0,8.0,-124.2,42.5,42.0
2995,EVT_00007522,9f57513a6e54493970fc01e8,3199,1,3160,0,3160,"Cascadia (unsegmented, 1-2-3, bottom)",INTERFACE,853,8.2,8.473124973075812e-07,5.0,145.0,,,
2996,EVT_00007523,becc8d9e737aab33b7e98691,3199,1,3160,0,3160,"Cascadia (unsegmented, 1-2-3, bottom)",INTERFACE,265,8.2,6.868131662416505e-07,5.0,145.0,,,
2997,EVT_00007524,9d0207f8b843a038cbf03a7a,8231,0,8211,591,8211,"PointSourceFinite: -123.400, 45.000",SLAB,1,6.65,9.504997426823e-07,42.0,8.0,-123.4,45.0,42.0
2998,EVT_00007530,37b1a0e4d644c77eb1e1f966,8231,0,8211,649,8211,"PointSourceFinite: -122.900, 45.300",SLAB,1,6.65,6.647767455736125e-07,50.0,8.0,-122.9,45.3,50.0
2999,EVT_00007532,3152d66750c5d75fe9160ad8,8231,0,8211,639,8211,"PointSourceFinite: -123.900, 45.300",SLAB,6,7.15,4.959570391160793e-07,42.0,8.0,-123.9,45.3,42.0
3000,EVT_00007534,edc2e841afead9cde70b60ea,8231,0,8211,401,8211,"PointSourceFinite: -123.600, 44.000",SLAB,6,7.15,1.4724174344167594e-07,42.0,8.0,-123.6,44.0,42.0
3001,EVT_00007537,8bd0d5c5dc12958d8b81f0ea,8231,0,8211,658,8211,"PointSourceFinite: -123.700, 45.400",SLAB,6,7.15,5.219042067380266e-07,42.0,8.0,-123.7,45.4,42.0
3002,EVT_00007541,71acb2a590816b6249c8c614,3199,1,3160,0,3160,"Cascadia (unsegmented, 1-2-3, bottom)",INTERFACE,668,8.0,1.1864454622055416e-06,5.0,145.0,,,
3003,EVT_00007546,613ccc841008218f887f729d,3199,10,3171,0,3171,"Cascadia (unsegmented, 1-2-3-4, middle)",INTERFACE,525,8.2,3.591953915401736e-07,5.0,105.0,,,
3004,EVT_00007549,aef75766a86b987bb6c4d2a8,3199,12,3162,0,3162,"Cascadia (unsegmented, 1-2-3, top)",INTERFACE,963,8.4,6.756978046582286e-07,5.081442022811236,70.0,,,
3005,EVT_00007550,b2b1ead398ab5c03cf2715e6,3199,15,3170,0,3170,"Cascadia (unsegmented, 1-2-3-4, bottom)",INTERFACE,917,8.5,4.2517005529245033e-07,5.0,155.0,,,
3006,EVT_00007551,54688b157bcab9bfe27f19e9,3199,12,3162,0,3162,"Cascadia (unsegmented, 1-2-3, top)",INTERFACE,741,8.1,1.011145774456327e-06,5.0,70.0,,,
3007,EVT_00007553,aa6d5d9f480802bc0946344e,8231,0,8211,567,8211,"PointSourceFinite: -124.000, 44.900",SLAB,2,6.75,6.665442815989097e-07,42.0,8.0,-124.0,44.9,42.0
3008,EVT_00007556,ff8bcf4c9bc0afce8b0e7223,8231,0,8211,804,8211,"PointSourceFinite: -122.300, 46.200",SLAB,4,6.95,9.18150445310293e-08,60.0,8.0,-122.3,46.2,60.0
3009,EVT_00007562,659e5f51b4e94f909b7037e4,8231,0,8211,694,8211,"PointSourceFinite: -123.500, 45.600",SLAB,3,6.85,5.862073469444641e-07,42.0,8.0,-123.5,45.6,42.0
3010,EVT_00007563,593a1777e022afcb496cf315,8231,0,8211,516,8211,"PointSourceFinite: -123.600, 44.600",SLAB,6,7.15,4.573942211186208e-07,42.0,8.0,-123.6,44.6,42.0
3011,EVT_00007566,39d92ffd50e36d73a6d283ef,8231,0,8211,517,8211,"PointSourceFinite: -123.500, 44.600",SLAB,1,6.65,7.377218489609468e-07,42.0,8.0,-123.5,44.6,42.0
3012,EVT_00007573,7e2b31b1b280a1c0c48b9360,3199,9,3161,0,3161,"Cascadia (unsegmented, 1-2-3, middle)",INTERFACE,433,8.4,8.56164357917674e-07,5.0,80.0,,,
3013,EVT_00007574,6d051a03e4afbdb3dfeddc9a,8231,0,8211,525,8211,"PointSourceFinite: -122.700, 44.600",SLAB,6,7.15,3.035277561608349e-07,50.0,8.0,-122.7,44.6,50.0
3014,EVT_00007576,b7a2a0e0dc724ea040537ee8,8231,0,8211,638,8211,"PointSourceFinite: -122.300, 45.200",SLAB,4,6.95,2.4381984973017544e-07,60.0,8.0,-122.3,45.2,60.0
3015,EVT_00007578,c5a6fa87a98473956ea5839d,8231,0,8211,231,8211,"PointSourceFinite: -124.300, 43.200",SLAB,5,7.05,1.6914512702735097e-07,42.0,8.0,-124.3,43.2,42.0
3016,EVT_00007580,5793f41d993c4c9aa1dd8485,8231,0,8211,204,8211,"PointSourceFinite: -122.800, 43.000",SLAB,6,7.15,8.772282104374173e-08,50.0,8.0,-122.8,43.0,50.0
3017,EVT_00007582,dad5d9e65115252c6cb733b0,8231,0,8211,45,8211,"PointSourceFinite: -124.000, 42.300",SLAB,5,7.05,5.781388640953116e-07,42.0,8.0,-124.0,42.3,42.0
3018,EVT_00007586,6ab7e88639448def5842fe9d,8231,0,8211,288,8211,"PointSourceFinite: -122.800, 43.400",SLAB,2,6.75,9.883007670007248e-08,50.0,8.0,-122.8,43.4,50.0
3019,EVT_00007591,b606ea0b7b486afd244c9805,8231,0,8211,141,8211,"PointSourceFinite: -122.800, 42.700",SLAB,3,6.85,1.4627281876125342e-07,50.0,8.0,-122.8,42.7,50.0
3020,EVT_00007592,1c5c3eab6d3aa007606a3b96,8231,0,8211,664,8211,"PointSourceFinite: -123.100, 45.400",SLAB,4,6.95,5.630110931154736e-07,50.0,8.0,-123.1,45.4,50.0
3021,EVT_00007595,ec958c51b3b3d58bd97d2828,3199,12,3162,0,3162,"Cascadia (unsegmented, 1-2-3, top)",INTERFACE,1045,8.5,6.335124720565497e-07,5.000132261422984,70.0,,,
3022,EVT_00007599,2c3a310e068f261bf1797e42,8231,0,8211,389,8211,"PointSourceFinite: -122.800, 43.900",SLAB,6,7.15,1.0384296548181185e-07,50.0,8.0,-122.8,43.9,50.0
3023,EVT_00007601,c311db13f2df25014dd072a8,3199,10,3171,0,3171,"Cascadia (unsegmented, 1-2-3-4, middle)",INTERFACE,1424,8.0,6.57010121543929e-07,5.0,105.0,,,
3024,EVT_00007607,9928fd71a1237d35f711bc41,8231,0,8211,621,8211,"PointSourceFinite: -124.000, 45.200",SLAB,2,6.75,6.851293351372929e-07,42.0,8.0,-124.0,45.2,42.0
3025,EVT_00007609,852503279b7ef6571fdc3c5a,8231,0,8211,756,8211,"PointSourceFinite: -122.300, 45.900",SLAB,6,7.15,1.0908320246155708e-07,60.0,8.0,-122.3,45.9,60.0
3026,EVT_00007613,eb43566cf3d7a95ac9d49cf5,8231,0,8211,777,8211,"PointSourceFinite: -123.400, 46.100",SLAB,2,6.75,2.513341225533721e-07,42.0,8.0,-123.4,46.1,42.0
3027,EVT_00007614,815a5a8afeaca5551df047f8,8231,0,8211,620,8211,"PointSourceFinite: -122.300, 45.100",SLAB,1,6.65,3.322169679111968e-07,60.0,8.0,-122.3,45.1,60.0
3028,EVT_00007615,c8ea3d2080649e650dd059ce,8231,0,8211,654,8211,"PointSourceFinite: -122.400, 45.300",SLAB,4,6.95,2.681520249184745e-07,60.0,8.0,-122.4,45.3,60.0
3029,EVT_00007623,ba47aa0c26a19a4f1907cea4,8231,0,8211,496,8211,"PointSourceFinite: -123.700, 44.500",SLAB,5,7.05,4.2453123882208353e-07,42.0,8.0,-123.7,44.5,42.0
3030,EVT_00007627,0275e14942db21e92d6132ae,8231,0,8211,731,8211,"PointSourceFinite: -123.200, 45.800",SLAB,4,6.95,3.6391791096778923e-07,50.0,8.0,-123.2,45.8,50.0
3031,EVT_00007633,9b576ca920b26cff6b5a43b2,8231,0,8211,413,8211,"PointSourceFinite: -122.400, 44.000",SLAB,4,6.95,1.170789567358423e-07,60.0,8.0,-122.4,44.0,60.0
3032,EVT_00007634,24c4661205373ea80a00fb04,8231,0,8211,500,8211,"PointSourceFinite: -123.300, 44.500",SLAB,1,6.65,6.398034922232746e-07,42.0,8.0,-123.3,44.5,42.0
3033,EVT_00007636,9d64027e25484cd0545a6f46,8231,0,8211,698,8211,"PointSourceFinite: -123.100, 45.600",SLAB,6,7.15,3.844105127818565e-07,50.0,8.0,-123.1,45.6,50.0
3034,EVT_00007638,60f3652bad56d7c98c7a2f66,3199,1,3160,0,3160,"Cascadia (unsegmented, 1-2-3, bottom)",INTERFACE,779,8.1,1.000721591214509e-06,5.0,145.0,,,
3035,EVT_00007640,ad79ca1d203c56c2487eef29,8231,0,8211,287,8211,"PointSourceFinite: -122.900, 43.400",SLAB,5,7.05,7.766227331076844e-08,50.0,8.0,-122.9,43.4,50.0
3036,EVT_00007642,3b40e40a9c685dc0876774b3,8231,0,8211,254,8211,"PointSourceFinite: -124.100, 43.300",SLAB,2,6.75,1.8241013139118496e-07,42.0,8.0,-124.1,43.3,42.0
3037,EVT_00007645,04a38576a166b692452c2bdf,3199,9,3161,0,3161,"Cascadia (unsegmented, 1-2-3, middle)",INTERFACE,652,8.0,1.1864454622055416e-06,5.0,80.0,,,
3038,EVT_00007646,4a1c8116e956cb06b3403c97,8231,0,8211,140,8211,"PointSourceFinite: -122.900, 42.700",SLAB,4,6.95,1.534330900210233e-07,50.0,8.0,-122.9,42.7,50.0
3039,EVT_00007647,1033ac2dae8ae674499b6a25,8231,0,8211,192,8211,"PointSourceFinite: -124.000, 43.000",SLAB,3,6.85,3.224514694224675e-07,42.0,8.0,-124.0,43.0,42.0
3040,EVT_00007655,129dc5841907ad6b641bde8b,8231,0,8211,5,8211,"PointSourceFinite: -123.800, 42.100",SLAB,6,7.15,4.690685578345018e-07,42.0,8.0,-123.8,42.1,42.0
3041,EVT_00007659,4227141f3852c99bb40506f3,8231,0,8211,494,8211,"PointSourceFinite: -123.900, 44.500",SLAB,4,6.95,4.1437095195742265e-07,42.0,8.0,-123.9,44.5,42.0
3042,EVT_00007661,89e9494deb128c1d5c37adbb,3199,9,3161,0,3161,"Cascadia (unsegmented, 1-2-3, middle)",INTERFACE,700,8.1,1.000721591214509e-06,5.252800336114314,80.0,,,
3043,EVT_00007663,e47e95b596194405130ad7d8,3199,1,3160,0,3160,"Cascadia (unsegmented, 1-2-3, bottom)",INTERFACE,339,8.3,7.530120256384362e-07,5.0,145.0,,,
3044,EVT_00007666,676fbd46964c94839b7b0a69,3199,10,3171,0,3171,"Cascadia (unsegmented, 1-2-3-4, middle)",INTERFACE,1049,8.6,4.7348483430295604e-07,5.0,105.0,,,
3045,EVT_00007673,bdae3ef44a5420be13607a40,8231,0,8211,9,8211,"PointSourceFinite: -123.400, 42.100",SLAB,5,7.05,3.4295999116213626e-07,42.0,8.0,-123.4,42.1,42.0
3046,EVT_00007674,99abed278316645d407716ed,3199,12,3162,0,3162,"Cascadia (unsegmented, 1-2-3, top)",INTERFACE,532,8.6,1.3020832943331291e-06,5.0,70.0,,,
3047,EVT_00007676,8dc483609b8856190822a971,8231,0,8211,227,8211,"PointSourceFinite: -122.600, 43.100",SLAB,1,6.65,1.1211232915232381e-07,50.0,8.0,-122.6,43.1,50.0
3048,EVT_00007677,5f3947dd0cff7257c022e45b,8231,0,8211,339,8211,"PointSourceFinite: -123.800, 43.700",SLAB,1,6.65,1.3648187836517777e-07,42.0,8.0,-123.8,43.7,42.0
3049,EVT_00007683,932793ad49df740a19a25af3,8231,0,8211,700,8211,"PointSourceFinite: -122.900, 45.600",SLAB,6,7.15,3.238234635973121e-07,50.0,8.0,-122.9,45.6,50.0
3050,EVT_00007687,ac273928641562d913341656,3199,10,3171,0,3171,"Cascadia (unsegmented, 1-2-3-4, middle)",INTERFACE,998,8.5,4.3103446984820834e-07,5.0,105.0,,,
3051,EVT_00007691,4e8fa1356660bf2c156d9629,8231,0,8211,54,8211,"PointSourceFinite: -123.100, 42.300",SLAB,3,6.85,2.702014459773531e-07,50.0,8.0,-123.1,42.3,50.0
3052,EVT_00007692,f069f6ee8074a545802537d9,8231,0,8211,539,8211,"PointSourceFinite: -123.200, 44.700",SLAB,1,6.65,7.742453675516252e-07,50.0,8.0,-123.2,44.7,50.0
3053,EVT_00007694,1423fc8ee7a1765e57d06366,8231,0,8211,133,8211,"PointSourceFinite: -123.600, 42.700",SLAB,2,6.75,4.672809652454428e-07,42.0,8.0,-123.6,42.7,42.0
3054,EVT_00007696,c6f4f62a82114aa84dd046f2,8231,0,8211,48,8211,"PointSourceFinite: -123.700, 42.300",SLAB,6,7.15,4.483682708913322e-07,42.0,8.0,-123.7,42.3,42.0
3055,EVT_00007697,6b17d432e3729df94cad778a,8231,0,8211,714,8211,"PointSourceFinite: -123.200, 45.700",SLAB,3,6.85,4.700080623995484e-07,50.0,8.0,-123.2,45.7,50.0
3056,EVT_00007701,63d510c6a2e7717940ce5538,8231,0,8211,115,8211,"PointSourceFinite: -123.300, 42.600",SLAB,6,7.15,2.5012958773166284e-07,42.0,8.0,-123.3,42.6,42.0
3057,EVT_00007703,12f38572d7908b632728c6e2,3199,9,3161,0,3161,"Cascadia (unsegmented, 1-2-3, middle)",INTERFACE,854,8.2,8.473124973075812e-07,5.0,80.0,,,
3058,EVT_00007707,0b81679913c40aed264ec71d,3199,10,3171,0,3171,"Cascadia (unsegmented, 1-2-3-4, middle)",INTERFACE,1231,8.7,5.341880181879504e-07,5.0,105.0,,,
3059,EVT_00007708,ce2833d373a9c923d7b8ed1f,8231,0,8211,487,8211,"PointSourceFinite: -122.700, 44.400",SLAB,0,6.55,4.15630645027736e-07,50.0,8.0,-122.7,44.4,50.0
3060,EVT_00007709,a10f4a41453d19b7550426cc,8231,0,8211,720,8211,"PointSourceFinite: -122.600, 45.700",SLAB,1,6.65,3.2103187529917414e-07,50.0,8.0,-122.6,45.7,50.0
3061,EVT_00007710,d81a72539d257791f76fe585,8231,0,8211,394,8211,"PointSourceFinite: -122.300, 43.900",SLAB,2,6.75,1.1669799549726457e-07,60.0,8.0,-122.3,43.9,60.0
3062,EVT_00007712,c09212de0fa59811f73b59be,8231,0,8211,211,8211,"PointSourceFinite: -124.200, 43.100",SLAB,5,7.05,2.1634767447228705e-07,42.0,8.0,-124.2,43.1,42.0
3063,EVT_00007714,b1bb687c09d6d5fb36104790,8231,0,8211,442,8211,"PointSourceFinite: -123.400, 44.200",SLAB,0,6.55,4.1184828408161225e-07,42.0,8.0,-123.4,44.2,42.0
3064,EVT_00007715,5d8f7379ecfa51fb8a54a6ed,8231,0,8211,712,8211,"PointSourceFinite: -123.400, 45.700",SLAB,0,6.55,6.659992910905649e-07,42.0,8.0,-123.4,45.7,42.0
3065,EVT_00007716,96319b93c5c4afa5f056f7fc,3199,1,3160,0,3160,"Cascadia (unsegmented, 1-2-3, bottom)",INTERFACE,366,8.3,7.530120256384362e-07,5.0,145.0,,,
3066,EVT_00007721,81eaa6cd856e3b34a4b87999,3199,10,3171,0,3171,"Cascadia (unsegmented, 1-2-3-4, middle)",INTERFACE,2368,8.6,2.3254717772631977e-07,5.0,105.0,,,
3067,EVT_00007728,85505a7c839d8d348862e585,8231,0,8211,152,8211,"PointSourceFinite: -123.800, 42.800",SLAB,0,6.55,5.695174508313261e-07,42.0,8.0,-123.8,42.8,42.0
3068,EVT_00007730,ccb4dca3a5e3816af18bd2cd,8231,0,8211,432,8211,"PointSourceFinite: -122.500, 44.100",SLAB,0,6.55,2.129333629238893e-07,50.0,8.0,-122.5,44.1,50.0
3069,EVT_00007733,1bc0f07ce5d0715904eab86f,8231,0,8211,114,8211,"PointSourceFinite: -123.400, 42.600",SLAB,2,6.75,4.133635308884305e-07,42.0,8.0,-123.4,42.6,42.0
3070,EVT_00007734,47933c54b55ce3dc47419cac,8231,0,8211,281,8211,"PointSourceFinite: -123.500, 43.400",SLAB,1,6.65,1.4555692097815678e-07,42.0,8.0,-123.5,43.4,42.0
3071,EVT_00007736,e5ab6c22eecc987479e33f68,8231,0,8211,240,8211,"PointSourceFinite: -123.400, 43.200",SLAB,5,7.05,1.2913670196959613e-07,42.0,8.0,-123.4,43.2,42.0
3072,EVT_00007737,bfd2c35ad17398ee43118273,8231,0,8211,703,8211,"PointSourceFinite: -122.600, 45.600",SLAB,0,6.55,3.978536062760395e-07,50.0,8.0,-122.6,45.6,50.0
3073,EVT_00007739,0613d89018ac2b9df6e40bf5,8231,0,8211,260,8211,"PointSourceFinite: -123.500, 43.300",SLAB,5,7.05,1.1626142190860906e-07,42.0,8.0,-123.5,43.3,42.0
3074,EVT_00007740,33ddebe1fa34f151c8497282,8231,0,8211,567,8211,"PointSourceFinite: -124.000, 44.900",SLAB,5,7.05,5.056255447848701e-07,42.0,8.0,-124.0,44.9,42.0
3075,EVT_00007746,9f4a97a17196b05cbe9c498b,8231,0,8211,111,8211,"PointSourceFinite: -123.700, 42.600",SLAB,3,6.85,5.142601306104216e-07,42.0,8.0,-123.7,42.6,42.0
3076,EVT_00007747,8b740b2cb1018c9b0d0ec4ee,8231,0,8211,785,8211,"PointSourceFinite: -122.600, 46.100",SLAB,2,6.75,1.5672835282844026e-07,50.0,8.0,-122.6,46.1,50.0
3077,EVT_00007748,8491a69088dabe80d23997ab,8231,0,8211,317,8211,"PointSourceFinite: -124.000, 43.600",SLAB,4,6.95,9.958834906761133e-08,42.0,8.0,-124.0,43.6,42.0
3078,EVT_00007749,e72beaaa85206f227f5cd706,3199,1,3160,0,3160,"Cascadia (unsegmented, 1-2-3, bottom)",INTERFACE,597,8.0,1.1864454622055416e-06,5.298764033589644,145.0,,,
3079,EVT_00007756,a39f938cc8ec2fccf1481517,3199,1,3160,0,3160,"Cascadia (unsegmented, 1-2-3, bottom)",INTERFACE,343,8.3,7.530120256384362e-07,5.0,145.0,,,
3080,EVT_00007759,3f188f0aa9fe73b05a3ab02f,3199,1,3160,0,3160,"Cascadia (unsegmented, 1-2-3, bottom)",INTERFACE,269,8.2,6.868131662416505e-07,5.0,145.0,,,
3081,EVT_00007765,4fa846ab6f9cfdaa55827d65,8231,0,8211,107,8211,"PointSourceFinite: -124.100, 42.600",SLAB,0,6.55,7.99561243603246e-07,42.0,8.0,-124.1,42.6,42.0
3082,EVT_00007769,d29ecc70cd22506e838fe4cd,8231,0,8211,169,8211,"PointSourceFinite: -124.200, 42.900",SLAB,3,6.85,3.952806231252357e-07,42.0,8.0,-124.2,42.9,42.0
3083,EVT_00007770,e844b8cf365c8da340ace519,8231,0,8211,298,8211,"PointSourceFinite: -123.900, 43.500",SLAB,2,6.75,1.2915340775928146e-07,42.0,8.0,-123.9,43.5,42.0
3084,EVT_00007772,17278d66cb2e3ee918d95cd8,8231,0,8211,0,8211,"PointSourceFinite: -124.300, 42.100",SLAB,0,6.55,8.988534109957474e-07,42.0,8.0,-124.3,42.1,42.0
3085,EVT_00007773,fcc0954659fd21fe48a6eaa3,3199,15,3170,0,3170,"Cascadia (unsegmented, 1-2-3-4, bottom)",INTERFACE,422,8.2,3.551136257272171e-07,5.0,155.0,,,
3086,EVT_00007789,b8216009fa2bce0120cf9096,8231,0,8211,587,8211,"PointSourceFinite: -123.800, 45.000",SLAB,6,7.15,5.507697325941552e-07,42.0,8.0,-123.8,45.0,42.0
3087,EVT_00007790,dafa6e28046d915473f70788,8231,0,8211,110,8211,"PointSourceFinite: -123.800, 42.600",SLAB,4,6.95,5.022823835693535e-07,42.0,8.0,-123.8,42.6,42.0
3088,EVT_00007793,ef1c94f62ea83bfae880cc38,8231,0,8211,769,8211,"PointSourceFinite: -122.600, 46.000",SLAB,1,6.65,2.02688286838508e-07,50.0,8.0,-122.6,46.0,50.0
3089,EVT_00007800,a5da91135303e3f005ac3622,8231,0,8211,656,8211,"PointSourceFinite: -123.900, 45.400",SLAB,2,6.75,6.757317664935146e-07,42.0,8.0,-123.9,45.4,42.0
3090,EVT_00007804,a28bc6d602db7e905a26d772,3199,12,3162,0,3162,"Cascadia (unsegmented, 1-2-3, top)",INTERFACE,1050,8.5,6.335124720565497e-07,5.0,70.0,,,
3091,EVT_00007811,77d4fe2f652fd57f580fbe5b,8231,0,8211,609,8211,"PointSourceFinite: -123.400, 45.100",SLAB,1,6.65,9.554417046599817e-07,42.0,8.0,-123.4,45.1,42.0
3092,EVT_00007814,1a2f91a3aa90fecb2926e250,8231,0,8211,554,8211,"PointSourceFinite: -123.500, 44.800",SLAB,6,7.15,5.568171218286648e-07,42.0,8.0,-123.5,44.8,42.0
3093,EVT_00007816,27a8be01285cb11c1fc3a72d,8231,0,8211,341,8211,"PointSourceFinite: -123.600, 43.700",SLAB,1,6.65,1.3906259530738364e-07,42.0,8.0,-123.6,43.7,42.0
3094,EVT_00007825,db2c1f62440ebb27cb5dd55c,3199,9,3161,0,3161,"Cascadia (unsegmented, 1-2-3, middle)",INTERFACE,659,8.0,1.1864454622055416e-06,5.0,80.0,,,
3095,EVT_00007826,6c398af8c364291706593895,8231,0,8211,676,8211,"PointSourceFinite: -123.600, 45.500",SLAB,2,6.75,7.124078568352382e-07,42.0,8.0,-123.6,45.5,42.0
3096,EVT_00007828,437d9db8328c03f567fc7433,3199,0,3172,0,3172,"Cascadia (unsegmented, 1-2-3-4, top)",INTERFACE,1714,8.2,4.5090898979526244e-07,5.0,85.0,,,
3097,EVT_00007833,678e2520cbc3330f55ed0512,3199,1,3160,0,3160,"Cascadia (unsegmented, 1-2-3, bottom)",INTERFACE,436,8.4,8.56164357917674e-07,5.0,145.0,,,
3098,EVT_00007840,50960664ed72c553b13e9cb0,8231,0,8211,648,8211,"PointSourceFinite: -123.000, 45.300",SLAB,0,6.55,8.007621024965549e-07,50.0,8.0,-123.0,45.3,50.0
3099,EVT_00007841,7cbee6dafc9480702d7d7795,3199,10,3171,0,3171,"Cascadia (unsegmented, 1-2-3-4, middle)",INTERFACE,467,8.2,3.591953915401736e-07,5.0,105.0,,,
3100,EVT_00007845,55b40c8def475b9f4750df34,8231,0,8211,220,8211,"PointSourceFinite: -123.300, 43.100",SLAB,3,6.85,1.691595335730358e-07,42.0,8.0,-123.3,43.1,42.0
3101,EVT_00007846,4c54987f74394634ee007134,8231,0,8211,170,8211,"PointSourceFinite: -124.100, 42.900",SLAB,4,6.95,3.621595781124236e-07,42.0,8.0,-124.1,42.9,42.0
3102,EVT_00007848,68fe21a18ecc1d7652c54935,8231,0,8211,200,8211,"PointSourceFinite: -123.200, 43.000",SLAB,3,6.85,1.7863538552984153e-07,50.0,8.0,-123.2,43.0,50.0
3103,EVT_00007849,907efc2a451dab768dfaf553,8231,0,8211,526,8211,"PointSourceFinite: -122.600, 44.600",SLAB,2,6.75,3.932628617337192e-07,50.0,8.0,-122.6,44.6,50.0
3104,EVT_00007854,7751fd59979b379c311c0d6b,3199,9,3161,0,3161,"Cascadia (unsegmented, 1-2-3, middle)",INTERFACE,863,8.2,8.473124973075812e-07,5.0,80.0,,,
3105,EVT_00007863,e57330a90355ba728e17ba60,8231,0,8211,604,8211,"PointSourceFinite: -123.900, 45.100",SLAB,5,7.05,5.709599036124824e-07,42.0,8.0,-123.9,45.1,42.0
3106,EVT_00007864,580341096e62a373efaabd85,8231,0,8211,697,8211,"PointSourceFinite: -123.200, 45.600",SLAB,5,7.05,4.487484424097445e-07,50.0,8.0,-123.2,45.6,50.0
3107,EVT_00007872,531be069e5ac5f84fec4b463,8231,0,8211,764,8211,"PointSourceFinite: -123.100, 46.000",SLAB,2,6.75,2.799441939777136e-07,50.0,8.0,-123.1,46.0,50.0
3108,EVT_00007873,21d1f9c5fbd69e083b355725,8231,0,8211,0,8211,"PointSourceFinite: -124.300, 42.100",SLAB,2,6.75,7.476337027983218e-07,42.0,8.0,-124.3,42.1,42.0
3109,EVT_00007877,c6e391467b082e5e230c887c,8231,0,8211,242,8211,"PointSourceFinite: -123.200, 43.200",SLAB,3,6.85,1.3237405041400028e-07,50.0,8.0,-123.2,43.2,50.0
3110,EVT_00007878,f8369e251a9c228a03122b98,8231,0,8211,130,8211,"PointSourceFinite: -123.900, 42.700",SLAB,4,6.95,4.7414845915489963e-07,42.0,8.0,-123.9,42.7,42.0
3111,EVT_00007879,055f682951146c965bb9475b,8231,0,8211,609,8211,"PointSourceFinite: -123.400, 45.100",SLAB,5,7.05,6.610041621913586e-07,42.0,8.0,-123.4,45.1,42.0
3112,EVT_00007881,d5bbae94fb592a21f6424094,3199,1,3160,0,3160,"Cascadia (unsegmented, 1-2-3, bottom)",INTERFACE,1041,8.5,6.232945289588634e-07,5.192953800881996,145.0,,,
3113,EVT_00007882,34489f23455112666940d191,3199,10,3171,0,3171,"Cascadia (unsegmented, 1-2-3-4, middle)",INTERFACE,475,8.2,3.591953915401736e-07,5.0,105.0,,,
3114,EVT_00007886,303d375c759dd9e7c2d6a10b,8231,0,8211,433,8211,"PointSourceFinite: -122.400, 44.100",SLAB,0,6.55,1.9684445644246865e-07,60.0,8.0,-122.4,44.1,60.0
3115,EVT_00007887,9914e6f713031c4b785e8331,3199,0,3172,0,3172,"Cascadia (unsegmented, 1-2-3-4, top)",INTERFACE,1500,8.1,5.484180471627536e-07,5.0,85.0,,,
3116,EVT_00007888,fe1b9d5bb0ce8b7ebd3b9f25,8231,1,8212,248,8212,"PointSourceFinite: -122.600, 43.200",SLAB,7,7.95,1.6003916226109707e-10,50.0,8.0,-122.6,43.2,50.0
3117,EVT_00007893,49af23ce49a17f882945b362,3199,12,3162,0,3162,"Cascadia (unsegmented, 1-2-3, top)",INTERFACE,671,8.0,1.1980772804624588e-06,5.0,70.0,,,
3118,EVT_00007894,09f3438e4fa6941f0ff5063f,3199,10,3171,0,3171,"Cascadia (unsegmented, 1-2-3-4, middle)",INTERFACE,966,8.5,4.3103446984820834e-07,5.0,105.0,,,
3119,EVT_00007897,2a8f3b1db92e7dbee61acf79,8231,0,8211,564,8211,"PointSourceFinite: -122.500, 44.800",SLAB,5,7.05,2.991107404401436e-07,50.0,8.0,-122.5,44.8,50.0
3120,EVT_00007905,31c879ef765b82d5973c295d,3199,9,3161,0,3161,"Cascadia (unsegmented, 1-2-3, middle)",INTERFACE,933,8.3,7.379159742457803e-07,5.0,80.0,,,
3121,EVT_00007908,cf3f5914037a7be16ca88ad7,3199,0,3172,0,3172,"Cascadia (unsegmented, 1-2-3-4, top)",INTERFACE,1938,8.4,3.1797543748622524e-07,5.049041752320901,85.0,,,
3122,EVT_00007910,8a785c52e72a5cfb494ca0f2,8231,0,8211,308,8211,"PointSourceFinite: -122.900, 43.500",SLAB,5,7.05,7.711971496871717e-08,50.0,8.0,-122.9,43.5,50.0
3123,EVT_00007911,b9de5b0afb0e921673f54982,8231,0,8211,66,8211,"PointSourceFinite: -124.000, 42.400",SLAB,3,6.85,6.795268341671565e-07,42.0,8.0,-124.0,42.4,42.0
3124,EVT_00007913,896ca4088b46e3458816c177,3199,10,3171,0,3171,"Cascadia (unsegmented, 1-2-3-4, middle)",INTERFACE,1480,8.1,5.392777463767077e-07,5.0,105.0,,,
3125,EVT_00007916,66500b8d381fad282d37594f,3199,1,3160,0,3160,"Cascadia (unsegmented, 1-2-3, bottom)",INTERFACE,1044,8.5,6.232945289588634e-07,5.13323260957376,145.0,,,
3126,EVT_00007919,cdcbd0c3d37f62d281cf7560,3199,0,3172,0,3172,"Cascadia (unsegmented, 1-2-3-4, top)",INTERFACE,1024,8.6,4.84496109519304e-07,5.0,85.0,,,
3127,EVT_00007920,8c151414091f4bfc42f065b2,8231,0,8211,99,8211,"PointSourceFinite: -122.800, 42.500",SLAB,1,6.65,1.932373666487261e-07,50.0,8.0,-122.8,42.5,50.0
3128,EVT_00007921,467b65e2bca6913a6f4eea90,8231,0,8211,632,8211,"PointSourceFinite: -122.900, 45.200",SLAB,2,6.75,6.33049067170562e-07,50.0,8.0,-122.9,45.2,50.0
3129,EVT_00007922,6211f5020d21807255d698d7,8231,0,8211,500,8211,"PointSourceFinite: -123.300, 44.500",SLAB,6,7.15,4.036887124423512e-07,42.0,8.0,-123.3,44.5,42.0
3130,EVT_00007925,71778d9d559141a81c21f16c,3199,12,3162,0,3162,"Cascadia (unsegmented, 1-2-3, top)",INTERFACE,660,8.0,1.1980772804624588e-06,5.0,70.0,,,
3131,EVT_00007926,036a897c6e939ea2976308b6,8231,0,8211,526,8211,"PointSourceFinite: -122.600, 44.600",SLAB,1,6.65,4.312041532438952e-07,50.0,8.0,-122.6,44.6,50.0
3132,EVT_00007931,207e86bbd96a81ac104dca15,8231,0,8211,599,8211,"PointSourceFinite: -122.600, 45.000",SLAB,5,7.05,3.514679490874995e-07,50.0,8.0,-122.6,45.0,50.0
3133,EVT_00007932,22469073c24308fb2325e04e,8231,0,8211,723,8211,"PointSourceFinite: -122.300, 45.700",SLAB,0,6.55,2.4084766365222774e-07,60.0,8.0,-122.3,45.7,60.0
3134,EVT_00007933,eb933096438c0e931e1d9a9e,8231,0,8211,443,8211,"PointSourceFinite: -123.300, 44.200",SLAB,1,6.65,3.7254661895080073e-07,42.0,8.0,-123.3,44.2,42.0
3135,EVT_00007934,2dcacf6f3a7f37944abbc888,8231,0,8211,423,8211,"PointSourceFinite: -123.400, 44.100",SLAB,1,6.65,3.005708658960785e-07,42.0,8.0,-123.4,44.1,42.0
3136,EVT_00007935,b5404ecf8708503df17eaa1b,3199,9,3161,0,3161,"Cascadia (unsegmented, 1-2-3, middle)",INTERFACE,732,8.1,1.000721591214509e-06,5.0,80.0,,,
3137,EVT_00007936,d8dd928ba2c43f5e97d2c667,8231,0,8211,520,8211,"PointSourceFinite: -123.200, 44.600",SLAB,3,6.85,5.846371619147556e-07,50.0,8.0,-123.2,44.6,50.0
3138,EVT_00007937,71d0d5519d0ea6efc3a63553,8231,0,8211,503,8211,"PointSourceFinite: -123.000, 44.500",SLAB,4,6.95,4.235538742885584e-07,50.0,8.0,-123.0,44.5,50.0
3139,EVT_00007938,e2eb19b73c0e02b15e68cf24,8231,0,8211,642,8211,"PointSourceFinite: -123.600, 45.300",SLAB,1,6.65,9.037060508616876e-07,42.0,8.0,-123.6,45.3,42.0
3140,EVT_00007942,46395e05404e8f32cd7ff5fa,3199,9,3161,0,3161,"Cascadia (unsegmented, 1-2-3, middle)",INTERFACE,134,8.1,6.443298776081463e-07,5.0,80.0,,,
3141,EVT_00007945,b457a07f9c0ac31f3673e66f,8231,0,8211,569,8211,"PointSourceFinite: -123.800, 44.900",SLAB,4,6.95,6.419008599666002e-07,42.0,8.0,-123.8,44.9,42.0
3142,EVT_00007947,c1aae08b46b526c5d5f69c54,3199,0,3172,0,3172,"Cascadia (unsegmented, 1-2-3-4, top)",INTERFACE,786,8.4,4.084967197907856e-07,5.0,85.0,,,
3143,EVT_00007948,968e68a14224a0b530c076b5,3199,12,3162,0,3162,"Cascadia (unsegmented, 1-2-3, top)",INTERFACE,881,8.3,7.469149495414605e-07,5.096808442209582,70.0,,,
3144,EVT_00007950,e4dd1f7455e40d842da37da3,8231,0,8211,621,8211,"PointSourceFinite: -124.000, 45.200",SLAB,6,7.15,4.739936931330786e-07,42.0,8.0,-124.0,45.2,42.0
3145,EVT_00007954,aa3f34814ee10b1904af97d7,8231,0,8211,566,8211,"PointSourceFinite: -122.300, 44.800",SLAB,0,6.55,3.6428943193065033e-07,60.0,8.0,-122.3,44.8,60.0
3146,EVT_00007959,79cd49b885ef2960546474af,8231,0,8211,798,8211,"PointSourceFinite: -122.900, 46.200",SLAB,0,6.55,1.9696421859831965e-07,50.0,8.0,-122.9,46.2,50.0
3147,EVT_00007960,5615358bd4e2c0453be6ac68,3199,1,3160,0,3160,"Cascadia (unsegmented, 1-2-3, bottom)",INTERFACE,291,8.3,7.530120256384362e-07,5.333548531540068,145.0,,,
3148,EVT_00007969,6e8c5863fce64f923ae8ea80,8231,0,8211,201,8211,"PointSourceFinite: -123.100, 43.000",SLAB,1,6.65,1.9152486429287665e-07,50.0,8.0,-123.1,43.0,50.0
3149,EVT_00007971,275aa53dca6ac1950071449d,8231,1,8212,607,8212,"PointSourceFinite: -123.600, 45.100",SLAB,1,7.35,4.2897951470221214e-08,42.0,8.0,-123.6,45.1,42.0
3150,EVT_00007972,d2fce8cd875c67e3ed7396ec,8231,0,8211,784,8211,"PointSourceFinite: -122.700, 46.100",SLAB,4,6.95,1.416676849128898e-07,50.0,8.0,-122.7,46.1,50.0
3151,EVT_00007973,f20c5a500bb893c4bb9aafcb,8231,1,8212,465,8212,"PointSourceFinite: -123.000, 44.300",SLAB,0,7.25,2.20425249371776e-08,50.0,8.0,-123.0,44.3,50.0
3152,EVT_00007974,0954a21f697ecb8397fb6f7a,8231,0,8211,726,8211,"PointSourceFinite: -123.700, 45.800",SLAB,6,7.15,3.165924003330841e-07,42.0,8.0,-123.7,45.8,42.0
3153,EVT_00007976,4b78a89a3c6d87818efbd7a4,8231,0,8211,482,8211,"PointSourceFinite: -123.200, 44.400",SLAB,1,6.65,5.331074577496901e-07,50.0,8.0,-123.2,44.4,50.0
3154,EVT_00007978,4c964e7434e6cbaf46173dbe,8231,0,8211,164,8211,"PointSourceFinite: -122.600, 42.800",SLAB,0,6.55,1.4450773404731433e-07,50.0,8.0,-122.6,42.8,50.0
3155,EVT_00007979,85dbb38db518510636e927b8,3199,9,3161,0,3161,"Cascadia (unsegmented, 1-2-3, middle)",INTERFACE,496,8.5,1.0080644859353255e-06,5.0,80.0,,,
3156,EVT_00007981,4ba9e3ce6d9fbebec387b1e3,8231,0,8211,309,8211,"PointSourceFinite: -122.800, 43.500",SLAB,1,6.65,1.0845835781169893e-07,50.0,8.0,-122.8,43.5,50.0
3157,EVT_00007982,46c43d4100a40e9c39eccd45,8231,0,8211,553,8211,"PointSourceFinite: -123.600, 44.800",SLAB,1,6.65,8.695001448485103e-07,42.0,8.0,-123.6,44.8,42.0
3158,EVT_00007984,05dc6205f71773dd9c2b1fc5,8231,0,8211,546,8211,"PointSourceFinite: -122.500, 44.700",SLAB,1,6.65,4.122719168909972e-07,50.0,8.0,-122.5,44.7,50.0
3159,EVT_00007985,d479da7fd35a2e9bc30a9eee,8231,0,8211,377,8211,"PointSourceFinite: -124.000, 43.900",SLAB,4,6.95,1.2417730343101965e-07,42.0,8.0,-124.0,43.9,42.0
3160,EVT_00007988,fe82c9a2eb6001a14adb2bc2,8231,0,8211,131,8211,"PointSourceFinite: -123.800, 42.700",SLAB,6,7.15,3.757336426431793e-07,42.0,8.0,-123.8,42.7,42.0
3161,EVT_00007989,83d8404d4ba032cc67e21b1c,8231,0,8211,43,8211,"PointSourceFinite: -124.200, 42.300",SLAB,1,6.65,8.499257577490363e-07,42.0,8.0,-124.2,42.3,42.0
3162,EVT_00007997,be46efed110cf2ba7626d97d,8231,0,8211,172,8211,"PointSourceFinite: -123.900, 42.900",SLAB,4,6.95,3.4862684813231493e-07,42.0,8.0,-123.9,42.9,42.0
3163,EVT_00007999,bf6c4584b16bfc095023e379,3199,12,3162,0,3162,"Cascadia (unsegmented, 1-2-3, top)",INTERFACE,969,8.4,6.756978046582286e-07,5.0152737045762406,70.0,,,
3164,EVT_00008000,fda618904c2d276da91ee08d,3199,10,3171,0,3171,"Cascadia (unsegmented, 1-2-3-4, middle)",INTERFACE,82,8.0,3.360214953117753e-07,5.0,105.0,,,
3165,EVT_00008005,4d99173eb7ee6101d174291f,3199,10,3171,0,3171,"Cascadia (unsegmented, 1-2-3-4, middle)",INTERFACE,771,8.4,4.006410136409629e-07,5.0,105.0,,,
3166,EVT_00008008,2e1655f791af100b6b9a8fff,3199,15,3170,0,3170,"Cascadia (unsegmented, 1-2-3-4, bottom)",INTERFACE,664,8.3,3.72023798380894e-07,5.0,155.0,,,
3167,EVT_00008009,8f53095c0a00db3d28603758,3199,12,3162,0,3162,"Cascadia (unsegmented, 1-2-3, top)",INTERFACE,971,8.4,6.756978046582286e-07,5.004815143404016,70.0,,,
3168,EVT_00008010,52ab2d6ef2e4e3f8045a7d9d,3199,10,3171,0,3171,"Cascadia (unsegmented, 1-2-3-4, middle)",INTERFACE,2170,8.5,2.665121434168933e-07,5.0,105.0,,,
3169,EVT_00008022,1ae00ad2a2ce73d565bdd020,8231,0,8211,74,8211,"PointSourceFinite: -123.200, 42.400",SLAB,4,6.95,2.860262912227829e-07,50.0,8.0,-123.2,42.4,50.0
3170,EVT_00008027,14a9c74c6945512ea898680d,8231,0,8211,270,8211,"PointSourceFinite: -122.500, 43.300",SLAB,5,7.05,6.984641172529549e-08,50.0,8.0,-122.5,43.3,50.0
3171,EVT_00008028,f9c99802364ee022453ec422,8231,0,8211,216,8211,"PointSourceFinite: -123.700, 43.100",SLAB,0,6.55,3.066074146331865e-07,42.0,8.0,-123.7,43.1,42.0
3172,EVT_00008030,829b05378de30dda6ab616c1,8231,0,8211,108,8211,"PointSourceFinite: -124.000, 42.600",SLAB,2,6.75,6.556003046065338e-07,42.0,8.0,-124.0,42.6,42.0
3173,EVT_00008037,5afcd9fe971968da02f215a8,3199,0,3172,0,3172,"Cascadia (unsegmented, 1-2-3-4, top)",INTERFACE,1545,8.1,5.484180471627536e-07,5.0,85.0,,,
3174,EVT_00008043,94aa1a1740976523304793f6,3199,15,3170,0,3170,"Cascadia (unsegmented, 1-2-3-4, bottom)",INTERFACE,862,8.4,3.9556960840500123e-07,5.0,155.0,,,
3175,EVT_00008045,956894eb0547421a97917d54,8231,0,8211,121,8211,"PointSourceFinite: -122.700, 42.600",SLAB,2,6.75,1.478043044239756e-07,50.0,8.0,-122.7,42.6,50.0
3176,EVT_00008048,7b4aec216ab3fb4f9a9b706b,8231,0,8211,452,8211,"PointSourceFinite: -122.400, 44.200",SLAB,2,6.75,1.9101421531396425e-07,60.0,8.0,-122.4,44.2,60.0
3177,EVT_00008050,26be190d0f05a72a53cecba4,8231,0,8211,575,8211,"PointSourceFinite: -123.200, 44.900",SLAB,1,6.65,8.698624526899591e-07,50.0,8.0,-123.2,44.9,50.0
3178,EVT_00008052,92753e0e64dfc43e19c4bda9,3199,0,3172,0,3172,"Cascadia (unsegmented, 1-2-3-4, top)",INTERFACE,1674,8.2,4.5090898979526244e-07,5.0,85.0,,,
3179,EVT_00008053,0d4db6bc5c075b717e40c93e,8231,0,8211,154,8211,"PointSourceFinite: -123.600, 42.800",SLAB,0,6.55,4.929800289449535e-07,42.0,8.0,-123.6,42.8,42.0
3180,EVT_00008054,a8dfc0d7a4f063d0b8210e89,3199,0,3172,0,3172,"Cascadia (unsegmented, 1-2-3-4, top)",INTERFACE,2251,8.6,2.3795525162693186e-07,5.0,85.0,,,
3181,EVT_00008069,33bfe8b8fb177e6447c36a93,8231,0,8211,537,8211,"PointSourceFinite: -123.400, 44.700",SLAB,6,7.15,5.153011408772103e-07,42.0,8.0,-123.4,44.7,42.0
3182,EVT_00008071,2605b41f41fc245c2e850083,8231,0,8211,157,8211,"PointSourceFinite: -123.300, 42.800",SLAB,2,6.75,2.9439955554317165e-07,42.0,8.0,-123.3,42.8,42.0
3183,EVT_00008073,92d2d384e98932aa75ee67b5,8231,0,8211,47,8211,"PointSourceFinite: -123.800, 42.300",SLAB,0,6.55,8.380481861699475e-07,42.0,8.0,-123.8,42.3,42.0
3184,EVT_00008078,cc8f3fc5f94a4b15d1a2eb89,8231,1,8212,73,8212,"PointSourceFinite: -123.300, 42.400",SLAB,2,7.45,1.645758290614197e-08,42.0,8.0,-123.3,42.4,42.0
3185,EVT_00008082,fce1340d22799d8af196c35d,8231,0,8211,271,8211,"PointSourceFinite: -122.400, 43.300",SLAB,1,6.65,9.877049051528265e-08,60.0,8.0,-122.4,43.3,60.0
3186,EVT_00008083,af6561a25c90c45f7f3f3eda,8231,0,8211,365,8211,"PointSourceFinite: -123.200, 43.800",SLAB,6,7.15,9.860738388695324e-08,50.0,8.0,-123.2,43.8,50.0
3187,EVT_00008092,664a0d2e83db754abe71c6d4,3199,9,3161,0,3161,"Cascadia (unsegmented, 1-2-3, middle)",INTERFACE,236,8.2,6.868131662416505e-07,5.0,80.0,,,
3188,EVT_00008094,9aa8ae94b418f9e658dc0439,8231,0,8211,818,8211,"PointSourceFinite: -122.500, 46.300",SLAB,0,6.55,1.329148092864673e-07,50.0,8.0,-122.5,46.3,50.0
3189,EVT_00008100,9e8be4418ef6b1e63f7dcd53,8231,0,8211,787,8211,"PointSourceFinite: -122.400, 46.100",SLAB,2,6.75,1.3301007350544634e-07,60.0,8.0,-122.4,46.1,60.0
3190,EVT_00008106,a64c0dcf46b90097aee74388,3199,12,3162,0,3162,"Cascadia (unsegmented, 1-2-3, top)",INTERFACE,727,8.1,1.011145774456327e-06,5.0,70.0,,,
3191,EVT_00008107,dbb89a490dfd085cc88a330d,3199,0,3172,0,3172,"Cascadia (unsegmented, 1-2-3-4, top)",INTERFACE,1937,8.4,3.1797543748622524e-07,5.061434027593725,85.0,,,
3192,EVT_00008109,f76fad14d42a473dd64b31d9,3199,15,3170,0,3170,"Cascadia (unsegmented, 1-2-3-4, bottom)",INTERFACE,724,8.4,3.9556960840500123e-07,5.080328242136573,155.0,,,
3193,EVT_00008115,1510c48bc1513d3228898642,8231,0,8211,495,8211,"PointSourceFinite: -123.800, 44.500",SLAB,6,7.15,3.680317657711162e-07,42.0,8.0,-123.8,44.5,42.0
3194,EVT_00008117,a3ba6aee6276a25dbf19fde0,3199,0,3172,0,3172,"Cascadia (unsegmented, 1-2-3-4, top)",INTERFACE,1422,8.1,5.484180471627536e-07,5.201791922538584,85.0,,,
3195,EVT_00008124,384f22e7ab4d5a9dcee99167,8231,0,8211,556,8211,"PointSourceFinite: -123.300, 44.800",SLAB,0,6.55,9.45573344694434e-07,42.0,8.0,-123.3,44.8,42.0
3196,EVT_00008127,25d21d8dba5f545c3b42b631,8231,0,8211,66,8211,"PointSourceFinite: -124.000, 42.400",SLAB,6,7.15,5.154738180297797e-07,42.0,8.0,-124.0,42.4,42.0
3197,EVT_00008131,d361a76028b9be2a4f61fab0,8231,0,8211,168,8211,"PointSourceFinite: -124.300, 42.900",SLAB,6,7.15,2.9416034341212664e-07,42.0,8.0,-124.3,42.9,42.0
3198,EVT_00008133,9a0334a9ea5c2f7b3dc8f180,3199,9,3161,0,3161,"Cascadia (unsegmented, 1-2-3, middle)",INTERFACE,232,8.2,6.868131662416505e-07,5.0,80.0,,,
3199,EVT_00008134,a9db16d9f98632efa1488fe8,3199,1,3160,0,3160,"Cascadia (unsegmented, 1-2-3, bottom)",INTERFACE,701,8.1,1.000721591214509e-06,5.219676630181089,145.0,,,
3200,EVT_00008142,c466f6e2b672b43c15922767,8231,0,8211,267,8211,"PointSourceFinite: -122.800, 43.300",SLAB,0,6.55,1.2272418898072717e-07,50.0,8.0,-122.8,43.3,50.0
3201,EVT_00008145,3438fa48284219a031dddb0f,8231,0,8211,132,8211,"PointSourceFinite: -123.700, 42.700",SLAB,5,7.05,3.8552542477282853e-07,42.0,8.0,-123.7,42.7,42.0
3202,EVT_00008147,c05a76333b13ec46954fc722,8231,0,8211,597,8211,"PointSourceFinite: -122.800, 45.000",SLAB,0,6.55,7.062879867631267e-07,50.0,8.0,-122.8,45.0,50.0
3203,EVT_00008153,a35b3c3ef35da9a1922f9a2c,8231,0,8211,731,8211,"PointSourceFinite: -123.200, 45.800",SLAB,0,6.55,5.260214217996184e-07,50.0,8.0,-123.2,45.8,50.0
3204,EVT_00008156,9aeba3924c3b672ea7f51f22,8231,1,8212,243,8212,"PointSourceFinite: -123.100, 43.200",SLAB,4,7.65,3.8093194998563725e-10,50.0,8.0,-123.1,43.2,50.0
3205,EVT_00008157,761c569ff9d282f80b341a1d,3199,0,3172,0,3172,"Cascadia (unsegmented, 1-2-3-4, top)",INTERFACE,1071,8.6,4.84496109519304e-07,5.0,85.0,,,
3206,EVT_00008158,5ab2dc66dcde79d4f5cb10fe,8231,0,8211,378,8211,"PointSourceFinite: -123.900, 43.900",SLAB,3,6.85,1.4245313420663932e-07,42.0,8.0,-123.9,43.9,42.0
3207,EVT_00008162,47846afc99f77367c6e86b55,8231,0,8211,140,8211,"PointSourceFinite: -122.900, 42.700",SLAB,6,7.15,1.2762008556782197e-07,50.0,8.0,-122.9,42.7,50.0
3208,EVT_00008165,57893de3486615d44fe79fc6,3199,9,3161,0,3161,"Cascadia (unsegmented, 1-2-3, middle)",INTERFACE,189,8.1,6.443298776081463e-07,5.0,80.0,,,
3209,EVT_00008166,d38307e60ed20e77d7bd9396,8231,0,8211,162,8211,"PointSourceFinite: -122.800, 42.800",SLAB,0,6.55,1.7989379387466877e-07,50.0,8.0,-122.8,42.8,50.0
3210,EVT_00008169,75bbd1f2aaed0b4fc644bc86,8231,0,8211,203,8211,"PointSourceFinite: -122.900, 43.000",SLAB,5,7.05,1.0621223628290085e-07,50.0,8.0,-122.9,43.0,50.0
3211,EVT_00008173,5ef8e15c606e227f216b5b96,8231,0,8211,645,8211,"PointSourceFinite: -123.300, 45.300",SLAB,0,6.55,9.654639463828712e-07,42.0,8.0,-123.3,45.3,42.0
3212,EVT_00008176,dfb3abe26b3e5f385b5bf7ce,8231,0,8211,170,8211,"PointSourceFinite: -124.100, 42.900",SLAB,6,7.15,3.0123121643174177e-07,42.0,8.0,-124.1,42.9,42.0
3213,EVT_00008178,8fc90a53efc55820a82fd3fe,3199,12,3162,0,3162,"Cascadia (unsegmented, 1-2-3, top)",INTERFACE,515,8.6,1.3020832943331291e-06,5.030293763393248,70.0,,,
3214,EVT_00008180,5a24a5e58e8729db07a77abd,8231,0,8211,642,8211,"PointSourceFinite: -123.600, 45.300",SLAB,5,7.05,6.25211834592959e-07,42.0,8.0,-123.6,45.3,42.0
3215,EVT_00008185,97c241a0ca61057133637bb3,3199,10,3171,0,3171,"Cascadia (unsegmented, 1-2-3-4, middle)",INTERFACE,2252,8.5,2.665121434168933e-07,5.0,105.0,,,
3216,EVT_00008186,d42719a50c1d66146870261b,3199,10,3171,0,3171,"Cascadia (unsegmented, 1-2-3-4, middle)",INTERFACE,278,8.1,3.4722221182216775e-07,5.0,105.0,,,
3217,EVT_00008195,a7ef49696c976ed45e3c1240,8231,0,8211,535,8211,"PointSourceFinite: -123.600, 44.700",SLAB,3,6.85,6.691412144073462e-07,42.0,8.0,-123.6,44.7,42.0
3218,EVT_00008198,bf81e4e442aade6978346dd5,8231,0,8211,215,8211,"PointSourceFinite: -123.800, 43.100",SLAB,0,6.55,3.224889970656616e-07,42.0,8.0,-123.8,43.1,42.0
3219,EVT_00008212,2714086cbc6845b7f768568c,3199,0,3172,0,3172,"Cascadia (unsegmented, 1-2-3-4, top)",INTERFACE,1186,8.7,5.482455976139492e-07,5.0,85.0,,,
3220,EVT_00008215,f63d76714801311695183780,8231,0,8211,116,8211,"PointSourceFinite: -123.200, 42.600",SLAB,4,6.95,2.6007737140609494e-07,50.0,8.0,-123.2,42.6,50.0
3221,EVT_00008222,071d2cebe49ba921f407fc67,8231,0,8211,149,8211,"PointSourceFinite: -124.100, 42.800",SLAB,1,6.65,5.668881183078458e-07,42.0,8.0,-124.1,42.8,42.0
3222,EVT_00008223,6c6f9c95acddd01f01ea8ed2,8231,0,8211,648,8211,"PointSourceFinite: -123.000, 45.300",SLAB,6,7.15,4.607904940825874e-07,50.0,8.0,-123.0,45.3,50.0
3223,EVT_00008224,e669e65e3af0c4c866af97ba,3199,1,3160,0,3160,"Cascadia (unsegmented, 1-2-3, bottom)",INTERFACE,1128,8.6,6.264536216300861e-07,5.0,145.0,,,
3224,EVT_00008225,57a063c3d01858bbf2f16092,8231,0,8211,53,8211,"PointSourceFinite: -123.200, 42.300",SLAB,2,6.75,3.482538314735579e-07,50.0,8.0,-123.2,42.3,50.0
3225,EVT_00008226,47a96c9bf1636165a474080d,8231,0,8211,96,8211,"PointSourceFinite: -123.100, 42.500",SLAB,0,6.55,3.409807495929657e-07,50.0,8.0,-123.1,42.5,50.0
3226,EVT_00008229,cbdcf4c977450f26a1f45665,8231,0,8211,126,8211,"PointSourceFinite: -124.300, 42.700",SLAB,0,6.55,7.003222197859454e-07,42.0,8.0,-124.3,42.7,42.0
3227,EVT_00008231,8edcab142f0bf671fdcfba54,8231,0,8211,472,8211,"PointSourceFinite: -122.300, 44.300",SLAB,0,6.55,2.404639208831765e-07,60.0,8.0,-122.3,44.3,60.0
3228,EVT_00008232,01910d7c70e5bc6fe697a7c4,8231,0,8211,429,8211,"PointSourceFinite: -122.800, 44.100",SLAB,4,6.95,1.8368591274296496e-07,50.0,8.0,-122.8,44.1,50.0
3229,EVT_00008240,80c64e7c0f350b0520513961,8231,0,8211,73,8211,"PointSourceFinite: -123.300, 42.400",SLAB,5,7.05,3.0355143713250445e-07,42.0,8.0,-123.3,42.4,42.0
3230,EVT_00008243,b07079abd261eef79de96352,8231,1,8212,667,8212,"PointSourceFinite: -122.800, 45.400",SLAB,0,7.25,3.0357911144976486e-08,50.0,8.0,-122.8,45.4,50.0
3231,EVT_00008244,360aa981eac867334951d692,3199,1,3160,0,3160,"Cascadia (unsegmented, 1-2-3, bottom)",INTERFACE,620,8.0,1.1864454622055416e-06,5.0,145.0,,,
3232,EVT_00008246,103a0a9a5d5785d286f993bd,3199,9,3161,0,3161,"Cascadia (unsegmented, 1-2-3, middle)",INTERFACE,504,8.5,1.0080644859353255e-06,5.0,80.0,,,
3233,EVT_00008247,659ba699158863d31d01b873,8231,0,8211,684,8211,"PointSourceFinite: -122.800, 45.500",SLAB,3,6.85,4.276650754205554e-07,50.0,8.0,-122.8,45.5,50.0
3234,EVT_00008249,bb5229b72ddae19f3af31e6d,8231,0,8211,114,8211,"PointSourceFinite: -123.400, 42.600",SLAB,4,6.95,3.4382080928807626e-07,42.0,8.0,-123.4,42.6,42.0
3235,EVT_00008252,03f6e0f78030b07c4b276576,8231,0,8211,195,8211,"PointSourceFinite: -123.700, 43.000",SLAB,5,7.05,2.375354498877621e-07,42.0,8.0,-123.7,43.0,42.0
3236,EVT_00008253,4d78b2204f4e5f2253a5c3e1,8231,0,8211,168,8211,"PointSourceFinite: -124.300, 42.900",SLAB,1,6.65,4.662127257659033e-07,42.0,8.0,-124.3,42.9,42.0
3237,EVT_00008255,442784c05d13f08e9d4913e4,3199,0,3172,0,3172,"Cascadia (unsegmented, 1-2-3-4, top)",INTERFACE,763,8.4,4.084967197907856e-07,5.0,85.0,,,
3238,EVT_00008256,3692ef55898d987322715e83,8231,0,8211,44,8211,"PointSourceFinite: -124.100, 42.300",SLAB,3,6.85,7.070897111366532e-07,42.0,8.0,-124.1,42.3,42.0
3239,EVT_00008258,79bedc4fa138f63df0a88818,8231,0,8211,430,8211,"PointSourceFinite: -122.700, 44.100",SLAB,2,6.75,2.060995215326306e-07,50.0,8.0,-122.7,44.1,50.0
3240,EVT_00008259,610ba124eacf6a22cf4116c6,8231,0,8211,792,8211,"PointSourceFinite: -123.500, 46.200",SLAB,0,6.55,2.426040203494192e-07,42.0,8.0,-123.5,46.2,42.0
3241,EVT_00008265,3b4b15f4e8e90a7c4f069648,8231,0,8211,725,8211,"PointSourceFinite: -123.800, 45.800",SLAB,3,6.85,3.998391393312887e-07,42.0,8.0,-123.8,45.8,42.0
3242,EVT_00008270,a017b0580f45ff252839f00b,3199,1,3160,0,3160,"Cascadia (unsegmented, 1-2-3, bottom)",INTERFACE,764,8.1,1.000721591214509e-06,5.0,145.0,,,
3243,EVT_00008274,17d0204a4fa0a795ec6fb043,8231,0,8211,515,8211,"PointSourceFinite: -123.700, 44.600",SLAB,5,7.05,4.846430223602994e-07,42.0,8.0,-123.7,44.6,42.0
3244,EVT_00008275,d88a3d155c1d6490d57e668b,3199,10,3171,0,3171,"Cascadia (unsegmented, 1-2-3-4, middle)",INTERFACE,2493,8.7,2.084006852213412e-07,5.0,105.0,,,
3245,EVT_00008278,c8a687454d6ba7629f3fb0d7,8231,0,8211,33,8211,"PointSourceFinite: -123.100, 42.200",SLAB,6,7.15,2.032750570725569e-07,50.0,8.0,-123.1,42.2,50.0
3246,EVT_00008283,679f10fbe61a948d3a03f35f,8231,0,8211,461,8211,"PointSourceFinite: -123.400, 44.300",SLAB,2,6.75,4.211467338896204e-07,42.0,8.0,-123.4,44.3,42.0
3247,EVT_00008286,78822547e154ec5a23b8011e,3199,10,3171,0,3171,"Cascadia (unsegmented, 1-2-3-4, middle)",INTERFACE,1686,8.2,4.431346968677581e-07,5.0,105.0,,,
3248,EVT_00008291,a3f856fc26c021f92b6cb942,8231,0,8211,756,8211,"PointSourceFinite: -122.300, 45.900",SLAB,5,7.05,1.196073530645699e-07,60.0,8.0,-122.3,45.9,60.0
3249,EVT_00008294,00e6a9db731273ed102876ad,3199,0,3172,0,3172,"Cascadia (unsegmented, 1-2-3-4, top)",INTERFACE,1810,8.3,3.7574862492269787e-07,5.0,85.0,,,
3250,EVT_00008296,567c912a10107938e063b8c3,8231,0,8211,446,8211,"PointSourceFinite: -123.000, 44.200",SLAB,1,6.65,3.34960761384328e-07,50.0,8.0,-123.0,44.2,50.0
3251,EVT_00008297,33f13a03b722acadf50d85ee,3199,10,3171,0,3171,"Cascadia (unsegmented, 1-2-3-4, middle)",INTERFACE,1551,8.1,5.392777463767077e-07,5.0,105.0,,,
3252,EVT_00008298,87377a43860f3d7dd8b9237a,8231,0,8211,332,8211,"PointSourceFinite: -122.500, 43.600",SLAB,1,6.65,1.0533053088894201e-07,50.0,8.0,-122.5,43.6,50.0
3253,EVT_00008305,2b6b12b56b3bceab35d92e93,8231,0,8211,672,8211,"PointSourceFinite: -122.300, 45.400",SLAB,4,6.95,2.1857113857933165e-07,60.0,8.0,-122.3,45.4,60.0
3254,EVT_00008307,096d5a2e00c60f6e7cc910f4,8231,0,8211,14,8211,"PointSourceFinite: -122.900, 42.100",SLAB,2,6.75,2.063018177864805e-07,50.0,8.0,-122.9,42.1,50.0
3255,EVT_00008314,c584e7683e065f8f6e33eb88,3199,1,3160,0,3160,"Cascadia (unsegmented, 1-2-3, bottom)",INTERFACE,1132,8.6,6.264536216300861e-07,5.0,145.0,,,
3256,EVT_00008315,d4d603bffe7461dcf555536d,3199,10,3171,0,3171,"Cascadia (unsegmented, 1-2-3-4, middle)",INTERFACE,1984,8.4,3.118605252268748e-07,5.0,105.0,,,
3257,EVT_00008322,d51ddda452e4fd2e22affffe,3199,9,3161,0,3161,"Cascadia (unsegmented, 1-2-3, middle)",INTERFACE,671,8.0,1.1864454622055416e-06,5.0,80.0,,,
3258,EVT_00008324,79ef002a374ff6fe5672fe4d,8231,0,8211,439,8211,"PointSourceFinite: -123.700, 44.200",SLAB,1,6.65,3.5333603055124625e-07,42.0,8.0,-123.7,44.2,42.0
3259,EVT_00008327,13422e2e37fbeff6833db299,3199,12,3162,0,3162,"Cascadia (unsegmented, 1-2-3, top)",INTERFACE,42,8.0,6.127450796861784e-07,5.0,70.0,,,
3260,EVT_00008330,be864c853fe9f1390e71e595,3199,1,3160,0,3160,"Cascadia (unsegmented, 1-2-3, bottom)",INTERFACE,160,8.1,6.443298776081463e-07,5.0,145.0,,,
3261,EVT_00008332,130e9bff9eb2f635e6b59e9a,8231,0,8211,374,8211,"PointSourceFinite: -122.300, 43.800",SLAB,1,6.65,1.1548088586968281e-07,60.0,8.0,-122.3,43.8,60.0
3262,EVT_00008334,f6cb72bc755679519429b917,3199,15,3170,0,3170,"Cascadia (unsegmented, 1-2-3-4, bottom)",INTERFACE,1021,8.6,4.664178964775388e-07,5.175308985373364,155.0,,,
3263,EVT_00008341,1d700a1aa64cde30dee68406,8231,0,8211,211,8211,"PointSourceFinite: -124.200, 43.100",SLAB,0,6.55,3.4288795647592094e-07,42.0,8.0,-124.2,43.1,42.0
3264,EVT_00008342,d2f91a13033316d7acb02ba2,8231,0,8211,268,8211,"PointSourceFinite: -122.700, 43.300",SLAB,3,6.85,8.934213253516163e-08,50.0,8.0,-122.7,43.3,50.0
3265,EVT_00008345,ef252361fffcbef383e58d32,8231,0,8211,622,8211,"PointSourceFinite: -123.900, 45.200",SLAB,5,7.05,5.635196495398946e-07,42.0,8.0,-123.9,45.2,42.0
3266,EVT_00008346,e804a2b51199f3f50ce765c2,8231,0,8211,741,8211,"PointSourceFinite: -123.800, 45.900",SLAB,4,6.95,3.02307828568212e-07,42.0,8.0,-123.8,45.9,42.0
3267,EVT_00008349,ffb8017782fbc1b2dbb17587,8231,0,8211,259,8211,"PointSourceFinite: -123.600, 43.300",SLAB,1,6.65,1.7700262530524257e-07,42.0,8.0,-123.6,43.3,42.0
3268,EVT_00008353,b208e7b146764387e40c0b6e,8231,0,8211,651,8211,"PointSourceFinite: -122.700, 45.300",SLAB,1,6.65,5.300205914326668e-07,50.0,8.0,-122.7,45.3,50.0
3269,EVT_00008357,0ac5231cc4b32586fbeaefb9,8231,0,8211,178,8211,"PointSourceFinite: -123.300, 42.900",SLAB,1,6.65,2.8097416853804405e-07,42.0,8.0,-123.3,42.9,42.0
3270,EVT_00008359,842490561b0000b55fd14052,3199,9,3161,0,3161,"Cascadia (unsegmented, 1-2-3, middle)",INTERFACE,387,8.4,8.56164357917674e-07,5.032742721999221,80.0,,,
3271,EVT_00008361,4b51b1deac72c76acad2ef0b,3199,10,3171,0,3171,"Cascadia (unsegmented, 1-2-3-4, middle)",INTERFACE,678,8.3,3.765060128192181e-07,5.0,105.0,,,
3272,EVT_00008364,ddb07c03f8ee5f0ee87e609e,3199,1,3160,0,3160,"Cascadia (unsegmented, 1-2-3, bottom)",INTERFACE,183,8.1,6.443298776081463e-07,5.0,145.0,,,
3273,EVT_00008365,ff052b72566dd0ba7a08922b,8231,0,8211,508,8211,"PointSourceFinite: -122.500, 44.500",SLAB,0,6.55,3.8223872253587924e-07,50.0,8.0,-122.5,44.5,50.0
3274,EVT_00008370,cf5693c161b0df6961c80f50,3199,12,3162,0,3162,"Cascadia (unsegmented, 1-2-3, top)",INTERFACE,627,8.0,1.1980772804624588e-06,5.0,70.0,,,
3275,EVT_00008371,4214df1dfd7ce04c7312cad0,8231,0,8211,740,8211,"PointSourceFinite: -122.300, 45.800",SLAB,0,6.55,2.144904023665189e-07,60.0,8.0,-122.3,45.8,60.0
3276,EVT_00008372,0ff413d134efab320bcd83a1,8231,0,8211,385,8211,"PointSourceFinite: -123.200, 43.900",SLAB,2,6.75,1.7212479627887534e-07,50.0,8.0,-123.2,43.9,50.0
3277,EVT_00008373,2a651c1617074d8a6c49a8b8,3199,0,3172,0,3172,"Cascadia (unsegmented, 1-2-3-4, top)",INTERFACE,1047,8.6,4.84496109519304e-07,5.0,85.0,,,
3278,EVT_00008374,3cea62da954f89551dddab95,8231,0,8211,180,8211,"PointSourceFinite: -123.100, 42.900",SLAB,3,6.85,1.81745384284468e-07,50.0,8.0,-123.1,42.9,50.0
3279,EVT_00008379,e6965b8f7b5b9f74bf5e8990,3199,0,3172,0,3172,"Cascadia (unsegmented, 1-2-3-4, top)",INTERFACE,505,8.2,3.6549706507596613e-07,5.0,85.0,,,
3280,EVT_00008381,fa8d8b8cc88265c603c3003b,8231,0,8211,753,8211,"PointSourceFinite: -122.600, 45.900",SLAB,1,6.65,2.3883325600013884e-07,50.0,8.0,-122.6,45.9,50.0
3281,EVT_00008382,1d3ceba25b2bf63c8d3694ee,8231,0,8211,426,8211,"PointSourceFinite: -123.100, 44.100",SLAB,2,6.75,2.587880352739624e-07,50.0,8.0,-123.1,44.1,50.0
3282,EVT_00008383,f5eb8f72edb1b64a41f97329,3199,12,3162,0,3162,"Cascadia (unsegmented, 1-2-3, top)",INTERFACE,928,8.3,7.469149495414605e-07,5.0,70.0,,,
3283,EVT_00008386,67bd07453c1ac495e0e44f0a,8231,0,8211,64,8211,"PointSourceFinite: -124.200, 42.400",SLAB,4,6.95,6.292371734657639e-07,42.0,8.0,-124.2,42.4,42.0
3284,EVT_00008391,63714382e87119b1849faeb8,8231,0,8211,772,8211,"PointSourceFinite: -122.300, 46.000",SLAB,6,7.15,9.620662919872061e-08,60.0,8.0,-122.3,46.0,60.0
3285,EVT_00008393,e6667ad6aa4fd2c21a7b12e4,8231,0,8211,453,8211,"PointSourceFinite: -122.300, 44.200",SLAB,2,6.75,1.744778169167563e-07,60.0,8.0,-122.3,44.2,60.0
3286,EVT_00008396,e7aa862523d846c5d647b677,8231,0,8211,583,8211,"PointSourceFinite: -122.400, 44.900",SLAB,0,6.55,4.2536428507649403e-07,60.0,8.0,-122.4,44.9,60.0
3287,EVT_00008399,7db28a9d755db43ce00bc130,8231,0,8211,261,8211,"PointSourceFinite: -123.400, 43.300",SLAB,4,6.95,1.2030727696902074e-07,42.0,8.0,-123.4,43.3,42.0
3288,EVT_00008400,dae3a6537c721132cc3a3a45,8231,0,8211,691,8211,"PointSourceFinite: -123.800, 45.600",SLAB,0,6.55,7.12351578946293e-07,42.0,8.0,-123.8,45.6,42.0
3289,EVT_00008403,dddb0252721a57b45077db2f,3199,10,3171,0,3171,"Cascadia (unsegmented, 1-2-3-4, middle)",INTERFACE,1749,8.2,4.431346968677581e-07,5.0,105.0,,,
3290,EVT_00008408,5fe0385dc95f93695de639a2,8231,0,8211,436,8211,"PointSourceFinite: -124.000, 44.200",SLAB,4,6.95,2.243273974138024e-07,42.0,8.0,-124.0,44.2,42.0
3291,EVT_00008410,c7ebf19a47af60d2521da7e5,8231,0,8211,640,8211,"PointSourceFinite: -123.800, 45.300",SLAB,2,6.75,7.644003588499053e-07,42.0,8.0,-123.8,45.3,42.0
3292,EVT_00008412,8c31ed964bca5e8c9f194ee6,8231,0,8211,431,8211,"PointSourceFinite: -122.600, 44.100",SLAB,2,6.75,1.913584514003768e-07,50.0,8.0,-122.6,44.1,50.0
3293,EVT_00008413,86fb33010c1cbf485930df26,8231,0,8211,69,8211,"PointSourceFinite: -123.700, 42.400",SLAB,5,7.05,4.821565671213888e-07,42.0,8.0,-123.7,42.4,42.0
3294,EVT_00008415,77eda6b58b1bd0db4fb11a6e,8231,1,8212,132,8212,"PointSourceFinite: -123.700, 42.700",SLAB,0,7.25,3.021250828882035e-08,42.0,8.0,-123.7,42.7,42.0
3295,EVT_00008416,7f63d8a0f7a8dabf9863c823,8231,1,8212,809,8212,"PointSourceFinite: -123.400, 46.300",SLAB,2,7.45,6.6420084483623505e-09,42.0,8.0,-123.4,46.3,42.0
3296,EVT_00008425,7876051f760073a9e6aaba90,8231,0,8211,483,8211,"PointSourceFinite: -123.100, 44.400",SLAB,2,6.75,4.65894892387646e-07,50.0,8.0,-123.1,44.4,50.0
3297,EVT_00008426,5c7a9a1909746d83b96501b5,3199,1,3160,0,3160,"Cascadia (unsegmented, 1-2-3, bottom)",INTERFACE,1092,8.5,6.232945289588634e-07,5.0,145.0,,,
3298,EVT_00008432,de88c570b78ea25cfb358327,3199,1,3160,0,3160,"Cascadia (unsegmented, 1-2-3, bottom)",INTERFACE,501,8.5,1.0080644859353255e-06,5.0,145.0,,,
3299,EVT_00008436,df29cd8b6df39d5a7b5e1db6,3199,10,3171,0,3171,"Cascadia (unsegmented, 1-2-3-4, middle)",INTERFACE,1712,8.2,4.431346968677581e-07,5.0,105.0,,,
3300,EVT_00008437,c99b3fc88bcfe3aaa6641757,8231,0,8211,725,8211,"PointSourceFinite: -123.800, 45.800",SLAB,6,7.15,3.0330900471568484e-07,42.0,8.0,-123.8,45.8,42.0
3301,EVT_00008442,029b46d9d1918b43fc81c93e,8231,0,8211,259,8211,"PointSourceFinite: -123.600, 43.300",SLAB,5,7.05,1.2245589812012666e-07,42.0,8.0,-123.6,43.3,42.0
3302,EVT_00008443,f884773235cb998cefe00848,3199,10,3171,0,3171,"Cascadia (unsegmented, 1-2-3-4, middle)",INTERFACE,254,8.1,3.4722221182216775e-07,5.0,105.0,,,
3303,EVT_00008450,e08facb0f056515bd103c5ff,8231,0,8211,26,8211,"PointSourceFinite: -123.800, 42.200",SLAB,5,7.05,5.270302828652791e-07,42.0,8.0,-123.8,42.2,42.0
3304,EVT_00008451,fc053d86fe651aaff8854f96,8231,0,8211,59,8211,"PointSourceFinite: -122.600, 42.300",SLAB,6,7.15,9.488768709577556e-08,50.0,8.0,-122.6,42.3,50.0
3305,EVT_00008458,881a4cca20d64a75b32d8e55,8231,0,8211,168,8211,"PointSourceFinite: -124.300, 42.900",SLAB,4,6.95,3.536585189592445e-07,42.0,8.0,-124.3,42.9,42.0
3306,EVT_00008459,b214e088f3dacf8959d09089,3199,10,3171,0,3171,"Cascadia (unsegmented, 1-2-3-4, middle)",INTERFACE,762,8.4,4.006410136409629e-07,5.0,105.0,,,
3307,EVT_00008466,dcc1e023824ba6ee5a89a9d8,3199,15,3170,0,3170,"Cascadia (unsegmented, 1-2-3-4, bottom)",INTERFACE,1493,8.1,5.33351617295645e-07,5.0,155.0,,,
3308,EVT_00008467,941853d0acfd3ed646259311,3199,0,3172,0,3172,"Cascadia (unsegmented, 1-2-3-4, top)",INTERFACE,1294,8.0,6.677807792741574e-07,5.0,85.0,,,
3309,EVT_00008469,3df1eafb2999a2820f289073,8231,0,8211,115,8211,"PointSourceFinite: -123.300, 42.600",SLAB,0,6.55,4.346754048548234e-07,42.0,8.0,-123.3,42.6,42.0
3310,EVT_00008473,69a09932a999dd9c8c5c85ee,8231,0,8211,383,8211,"PointSourceFinite: -123.400, 43.900",SLAB,0,6.55,2.108436665167612e-07,42.0,8.0,-123.4,43.9,42.0
3311,EVT_00008474,1e952c38bcd0127e8572d80c,8231,0,8211,718,8211,"PointSourceFinite: -122.800, 45.700",SLAB,3,6.85,3.3721297880098055e-07,50.0,8.0,-122.8,45.7,50.0
3312,EVT_00008475,dcf9207205ca2c767e3d1862,8231,0,8211,590,8211,"PointSourceFinite: -123.500, 45.000",SLAB,5,7.05,6.614091874794515e-07,42.0,8.0,-123.5,45.0,42.0
3313,EVT_00008477,182a0e09fd42cd2eb6ca6c92,8231,0,8211,526,8211,"PointSourceFinite: -122.600, 44.600",SLAB,5,7.05,2.983203880030017e-07,50.0,8.0,-122.6,44.6,50.0
3314,EVT_00008478,091e0ca134c1ea6ddf6d9f05,8231,0,8211,609,8211,"PointSourceFinite: -123.400, 45.100",SLAB,2,6.75,8.713731910225911e-07,42.0,8.0,-123.4,45.1,42.0
3315,EVT_00008480,63b6b9bb0b4fa8964693046a,3199,9,3161,0,3161,"Cascadia (unsegmented, 1-2-3, middle)",INTERFACE,766,8.1,1.000721591214509e-06,5.0,80.0,,,
3316,EVT_00008481,00ad4a20428f499d508f3811,8231,0,8211,327,8211,"PointSourceFinite: -123.000, 43.600",SLAB,1,6.65,1.1877827309609629e-07,50.0,8.0,-123.0,43.6,50.0
3317,EVT_00008484,d3c3a6f6d2f781241d3abc25,8231,0,8211,734,8211,"PointSourceFinite: -122.900, 45.800",SLAB,2,6.75,3.506728605320708e-07,50.0,8.0,-122.9,45.8,50.0
3318,EVT_00008485,adc7b4b9d1afbe4361d01cf7,8231,0,8211,507,8211,"PointSourceFinite: -122.600, 44.500",SLAB,1,6.65,3.896034722748049e-07,50.0,8.0,-122.6,44.5,50.0
3319,EVT_00008486,728651f9d5f69957eecedeed,8231,0,8211,31,8211,"PointSourceFinite: -123.300, 42.200",SLAB,2,6.75,4.028687278815938e-07,42.0,8.0,-123.3,42.2,42.0
3320,EVT_00008487,543f8531b0577fb11c1413f4,8231,0,8211,295,8211,"PointSourceFinite: -124.200, 43.500",SLAB,4,6.95,1.0593527584379161e-07,42.0,8.0,-124.2,43.5,42.0
3321,EVT_00008488,e6ac2501330d71255e8acc7e,8231,0,8211,589,8211,"PointSourceFinite: -123.600, 45.000",SLAB,5,7.05,6.532657462461818e-07,42.0,8.0,-123.6,45.0,42.0
3322,EVT_00008490,7d7da51c1fa63aafc1f5e01a,8231,0,8211,690,8211,"PointSourceFinite: -123.900, 45.600",SLAB,6,7.15,3.851814732924648e-07,42.0,8.0,-123.9,45.6,42.0
3323,EVT_00008499,c6606b1c9a2c5ea078647cf4,8231,0,8211,614,8211,"PointSourceFinite: -122.900, 45.100",SLAB,5,7.05,4.916458725815433e-07,50.0,8.0,-122.9,45.1,50.0
3324,EVT_00008500,2ed14f26056f1ea1bb2e7421,8231,0,8211,307,8211,"PointSourceFinite: -123.000, 43.500",SLAB,2,6.75,1.0469855028414748e-07,50.0,8.0,-123.0,43.5,50.0
3325,EVT_00008503,7f52eb3c3553d6faad7c774c,8231,0,8211,316,8211,"PointSourceFinite: -124.100, 43.600",SLAB,2,6.75,1.1823055378143333e-07,42.0,8.0,-124.1,43.6,42.0
3326,EVT_00008505,d32ff1f49af31c9acd5450ea,3199,10,3171,0,3171,"Cascadia (unsegmented, 1-2-3-4, middle)",INTERFACE,1294,8.0,6.57010121543929e-07,5.0,105.0,,,
3327,EVT_00008511,2a2a2a9cec193c713a2ca242,8231,0,8211,689,8211,"PointSourceFinite: -122.300, 45.500",SLAB,0,6.55,2.927371754898692e-07,60.0,8.0,-122.3,45.5,60.0
3328,EVT_00008515,fe1f5d390c47c21cb4b318c3,8231,0,8211,239,8211,"PointSourceFinite: -123.500, 43.200",SLAB,5,7.05,1.3889088470558858e-07,42.0,8.0,-123.5,43.2,42.0
3329,EVT_00008518,da5ebd75e9f79ddb2ed96f9a,8231,0,8211,81,8211,"PointSourceFinite: -122.500, 42.400",SLAB,5,7.05,9.261427518420837e-08,50.0,8.0,-122.5,42.4,50.0
3330,EVT_00008525,48e4a775be3f6af524bfcef0,3199,10,3171,0,3171,"Cascadia (unsegmented, 1-2-3-4, middle)",INTERFACE,1443,8.1,5.392777463767077e-07,5.429371204994437,105.0,,,
3331,EVT_00008528,3d6fa91a87d286df7e1c920f,8231,1,8212,337,8212,"PointSourceFinite: -124.000, 43.700",SLAB,0,7.25,7.133142262901849e-09,42.0,8.0,-124.0,43.7,42.0
3332,EVT_00008532,59aed7a13e59946203049650,8231,0,8211,50,8211,"PointSourceFinite: -123.500, 42.300",SLAB,5,7.05,4.0212895381327273e-07,42.0,8.0,-123.5,42.3,42.0
3333,EVT_00008539,eaa8d7a7259a6dfa546d7194,3199,10,3171,0,3171,"Cascadia (unsegmented, 1-2-3-4, middle)",INTERFACE,1128,8.6,4.7348483430295604e-07,5.0,105.0,,,
3334,EVT_00008548,829c6089648b1be641f3d384,8231,0,8211,111,8211,"PointSourceFinite: -123.700, 42.600",SLAB,5,7.05,4.2774294556427634e-07,42.0,8.0,-123.7,42.6,42.0
3335,EVT_00008551,6b046a49b16113b38d055dbf,3199,0,3172,0,3172,"Cascadia (unsegmented, 1-2-3-4, top)",INTERFACE,1427,8.1,5.484180471627536e-07,5.079221292210686,85.0,,,
3336,EVT_00008555,05f8d35d9bb44cf853b40ff0,8231,0,8211,102,8211,"PointSourceFinite: -122.500, 42.500",SLAB,3,6.85,1.0998531461268401e-07,50.0,8.0,-122.5,42.5,50.0
3337,EVT_00008556,1c56965ae888cd8247911ae3,8231,0,8211,153,8211,"PointSourceFinite: -123.700, 42.800",SLAB,3,6.85,4.053674413763253e-07,42.0,8.0,-123.7,42.8,42.0
3338,EVT_00008559,188dc003bdecb2046d9e47c0,3199,12,3162,0,3162,"Cascadia (unsegmented, 1-2-3, top)",INTERFACE,729,8.1,1.011145774456327e-06,5.0,70.0,,,
3339,EVT_00008562,34d6c8b8d7c6c1ed8c129654,8231,0,8211,399,8211,"PointSourceFinite: -123.800, 44.000",SLAB,1,6.65,2.179006529830259e-07,42.0,8.0,-123.8,44.0,42.0
3340,EVT_00008563,1e10189c603620dd628a9803,3199,12,3162,0,3162,"Cascadia (unsegmented, 1-2-3, top)",INTERFACE,474,8.5,1.024590133245741e-06,5.0,70.0,,,
3341,EVT_00008571,a692acc4da30ad314f93db00,3199,0,3172,0,3172,"Cascadia (unsegmented, 1-2-3-4, top)",INTERFACE,1475,8.1,5.484180471627536e-07,5.0,85.0,,,
3342,EVT_00008572,cda55ea88242467adb67f3f8,3199,15,3170,0,3170,"Cascadia (unsegmented, 1-2-3-4, bottom)",INTERFACE,700,8.3,3.72023798380894e-07,5.0,155.0,,,
3343,EVT_00008576,5e82b55b93b0bbbc6eb461df,8231,0,8211,516,8211,"PointSourceFinite: -123.600, 44.600",SLAB,0,6.55,7.948600565251144e-07,42.0,8.0,-123.6,44.6,42.0
3344,EVT_00008577,2904098e22645eee529c18a0,3199,9,3161,0,3161,"Cascadia (unsegmented, 1-2-3, middle)",INTERFACE,994,8.4,6.66441670347842e-07,5.0,80.0,,,
3345,EVT_00008578,4a71451d5aedca94fb5958e9,8231,0,8211,477,8211,"PointSourceFinite: -123.700, 44.400",SLAB,2,6.75,4.770166407555904e-07,42.0,8.0,-123.7,44.4,42.0
3346,EVT_00008583,ae5626f6ed291606b8177e4a,8231,0,8211,702,8211,"PointSourceFinite: -122.700, 45.600",SLAB,2,6.75,3.748712825313444e-07,50.0,8.0,-122.7,45.6,50.0
3347,EVT_00008586,7fd3980ac794bc209be2f482,8231,0,8211,277,8211,"PointSourceFinite: -123.900, 43.400",SLAB,0,6.55,1.782625297172587e-07,42.0,8.0,-123.9,43.4,42.0
3348,EVT_00008589,382f12c9e8cd50d5fc3ef4b4,3199,12,3162,0,3162,"Cascadia (unsegmented, 1-2-3, top)",INTERFACE,1028,8.5,6.335124720565497e-07,5.191213028807287,70.0,,,
3349,EVT_00008591,36b809f53f77376d697f4ea3,3199,0,3172,0,3172,"Cascadia (unsegmented, 1-2-3-4, top)",INTERFACE,1274,8.0,6.677807792741574e-07,5.0,85.0,,,
3350,EVT_00008597,6ba37516d3a6f9f09ca42d91,3199,9,3161,0,3161,"Cascadia (unsegmented, 1-2-3, middle)",INTERFACE,886,8.3,7.379159742457803e-07,5.239902065143324,80.0,,,
3351,EVT_00008598,fb93e621a88b3ff43f4714a9,8231,0,8211,639,8211,"PointSourceFinite: -123.900, 45.300",SLAB,1,6.65,7.860389350482447e-07,42.0,8.0,-123.9,45.3,42.0
3352,EVT_00008604,1d042c1114685d423dc08ac8,8231,0,8211,256,8211,"PointSourceFinite: -123.900, 43.300",SLAB,5,7.05,1.358646134938817e-07,42.0,8.0,-123.9,43.3,42.0
3353,EVT_00008608,43ef2243c98539eda5e3fe25,8231,0,8211,726,8211,"PointSourceFinite: -123.700, 45.800",SLAB,1,6.65,5.017651400728287e-07,42.0,8.0,-123.7,45.8,42.0
3354,EVT_00008610,9c238d6306669b8f83fe53aa,8231,0,8211,59,8211,"PointSourceFinite: -122.600, 42.300",SLAB,1,6.65,1.5038684932647497e-07,50.0,8.0,-122.6,42.3,50.0
3355,EVT_00008616,208ca293ee950dc905a67260,8231,0,8211,159,8211,"PointSourceFinite: -123.100, 42.800",SLAB,3,6.85,2.0468956167299082e-07,50.0,8.0,-123.1,42.8,50.0
3356,EVT_00008617,2250d79800df95c1ab927bbe,8231,0,8211,42,8211,"PointSourceFinite: -124.300, 42.300",SLAB,3,6.85,6.9533014908266e-07,42.0,8.0,-124.3,42.3,42.0
3357,EVT_00008618,f07031986ff6bf5d6b45c227,8231,0,8211,519,8211,"PointSourceFinite: -123.300, 44.600",SLAB,6,7.15,4.582381479628722e-07,42.0,8.0,-123.3,44.6,42.0
3358,EVT_00008621,2226c24c04aa50038161e58a,3199,1,3160,0,3160,"Cascadia (unsegmented, 1-2-3, bottom)",INTERFACE,761,8.1,1.000721591214509e-06,5.0,145.0,,,
3359,EVT_00008627,eec1fa87b66f7d84844e6ad7,8231,0,8211,68,8211,"PointSourceFinite: -123.800, 42.400",SLAB,1,6.65,7.487343820128573e-07,42.0,8.0,-123.8,42.4,42.0
3360,EVT_00008636,7b1071bd0a57955b7592b9b0,3199,1,3160,0,3160,"Cascadia (unsegmented, 1-2-3, bottom)",INTERFACE,1175,8.7,7.171435344381447e-07,5.0,145.0,,,
3361,EVT_00008642,69b642a4a42edf37c40bf500,8231,0,8211,98,8211,"PointSourceFinite: -122.900, 42.500",SLAB,4,6.95,1.710178000854943e-07,50.0,8.0,-122.9,42.5,50.0
3362,EVT_00008643,ef2ca37076aa17f39ce7c96c,8231,0,8211,601,8211,"PointSourceFinite: -122.400, 45.000",SLAB,4,6.95,2.948899581578718e-07,60.0,8.0,-122.4,45.0,60.0
3363,EVT_00008645,114cfba79cabb6ca46c7dc74,8231,0,8211,304,8211,"PointSourceFinite: -123.300, 43.500",SLAB,3,6.85,1.0478849283197726e-07,42.0,8.0,-123.3,43.5,42.0
3364,EVT_00008646,126c09ca030575de66edcc61,3199,9,3161,0,3161,"Cascadia (unsegmented, 1-2-3, middle)",INTERFACE,54,8.0,6.06796098330002e-07,5.0,80.0,,,
3365,EVT_00008649,758b821a2c0edb4df6edefa5,3199,1,3160,0,3160,"Cascadia (unsegmented, 1-2-3, bottom)",INTERFACE,464,8.5,1.0080644859353255e-06,5.004596742294264,145.0,,,
3366,EVT_00008654,ce1cbf3acca42cc86495dd42,8231,0,8211,778,8211,"PointSourceFinite: -123.300, 46.100",SLAB,2,6.75,2.459313417227288e-07,42.0,8.0,-123.3,46.1,42.0
3367,EVT_00008656,80a63c9cb6584b92d7e40d89,3199,10,3171,0,3171,"Cascadia (unsegmented, 1-2-3-4, middle)",INTERFACE,758,8.4,4.006410136409629e-07,5.0,105.0,,,
3368,EVT_00008661,ffe72f0447821e10155e3155,3199,9,3161,0,3161,"Cascadia (unsegmented, 1-2-3, middle)",INTERFACE,1180,8.7,7.171435344381447e-07,5.0,80.0,,,
3369,EVT_00008663,dbf3ab642821a04a1623e4d7,3199,9,3161,0,3161,"Cascadia (unsegmented, 1-2-3, middle)",INTERFACE,673,8.0,1.1864454622055416e-06,5.0,80.0,,,
3370,EVT_00008665,fa0a31b551bf9d34ed02d2ae,8231,0,8211,771,8211,"PointSourceFinite: -122.400, 46.000",SLAB,4,6.95,1.2680189013386966e-07,60.0,8.0,-122.4,46.0,60.0
3371,EVT_00008667,bb7cab425ef4d92e55ebdca0,3199,12,3162,0,3162,"Cascadia (unsegmented, 1-2-3, top)",INTERFACE,1109,8.6,6.395047387473794e-07,5.0,70.0,,,
3372,EVT_00008670,5c889102d1792e3d7f03c1b5,8231,0,8211,435,8211,"PointSourceFinite: -124.100, 44.200",SLAB,3,6.85,2.2714922058609761e-07,42.0,8.0,-124.1,44.2,42.0
3373,EVT_00008674,213923b0eeb3fc3944843feb,8231,0,8211,56,8211,"PointSourceFinite: -122.900, 42.300",SLAB,1,6.65,2.332569951305057e-07,50.0,8.0,-122.9,42.3,50.0
3374,EVT_00008677,51557a5b604bcf49c75ea51f,8231,0,8211,476,8211,"PointSourceFinite: -123.800, 44.400",SLAB,3,6.85,4.136275804065281e-07,42.0,8.0,-123.8,44.4,42.0
3375,EVT_00008682,bfd3949f5905699c02c66ccb,3199,10,3171,0,3171,"Cascadia (unsegmented, 1-2-3-4, middle)",INTERFACE,382,8.2,3.591953915401736e-07,5.020983114137108,105.0,,,
3376,EVT_00008690,64e5d65621b00c09a277d39e,8231,0,8211,674,8211,"PointSourceFinite: -123.800, 45.500",SLAB,5,7.05,5.020820032732669e-07,42.0,8.0,-123.8,45.5,42.0
3377,EVT_00008693,b00a26453bd954b0d27706b4,8231,0,8211,416,8211,"PointSourceFinite: -124.100, 44.100",SLAB,0,6.55,2.454375120555451e-07,42.0,8.0,-124.1,44.1,42.0
3378,EVT_00008696,b28a5e6bb1a1f2b819df974b,3199,10,3171,0,3171,"Cascadia (unsegmented, 1-2-3-4, middle)",INTERFACE,2194,8.5,2.665121434168933e-07,5.0,105.0,,,
3379,EVT_00008702,4a151eb5924070ee96371fd1,8231,0,8211,264,8211,"PointSourceFinite: -123.100, 43.300",SLAB,1,6.65,1.3151986872591118e-07,50.0,8.0,-123.1,43.3,50.0
3380,EVT_00008703,00a39526ae1feb09e2a89339,8231,1,8212,220,8212,"PointSourceFinite: -123.300, 43.100",SLAB,0,7.25,1.1026310987363968e-08,42.0,8.0,-123.3,43.1,42.0
3381,EVT_00008707,62b38407942f2c8f35db5f2f,3199,10,3171,0,3171,"Cascadia (unsegmented, 1-2-3-4, middle)",INTERFACE,2237,8.5,2.665121434168933e-07,5.0,105.0,,,
3382,EVT_00008711,5fdb9861af27f36784e40b09,8231,0,8211,6,8211,"PointSourceFinite: -123.700, 42.100",SLAB,2,6.75,6.294010215190216e-07,42.0,8.0,-123.7,42.1,42.0
3383,EVT_00008712,4e91179e4d65457b29e58129,8231,0,8211,68,8211,"PointSourceFinite: -123.800, 42.400",SLAB,5,7.05,5.179976344683448e-07,42.0,8.0,-123.8,42.4,42.0
3384,EVT_00008715,e42ece55969897d205cab140,8231,0,8211,626,8211,"PointSourceFinite: -123.500, 45.200",SLAB,4,6.95,7.188246016626215e-07,42.0,8.0,-123.5,45.2,42.0
3385,EVT_00008720,b34270bf03e993097ba65d92,3199,15,3170,0,3170,"Cascadia (unsegmented, 1-2-3-4, bottom)",INTERFACE,1078,8.6,4.664178964775388e-07,5.0,155.0,,,
3386,EVT_00008724,752785dbb4a28275d351b4e2,8231,0,8211,761,8211,"PointSourceFinite: -123.400, 46.000",SLAB,0,6.55,3.778304982306002e-07,42.0,8.0,-123.4,46.0,42.0
3387,EVT_00008725,fbaecf2061cd996be90d0d20,8231,0,8211,63,8211,"PointSourceFinite: -124.300, 42.400",SLAB,2,6.75,7.435467207449573e-07,42.0,8.0,-124.3,42.4,42.0
3388,EVT_00008726,25a7963dd32b8bc809c98ffe,8231,0,8211,805,8211,"PointSourceFinite: -123.800, 46.300",SLAB,4,6.95,1.2890236312298581e-07,42.0,8.0,-123.8,46.3,42.0
3389,EVT_00008729,76660020fb6687e7e3ca8805,8231,0,8211,520,8211,"PointSourceFinite: -123.200, 44.600",SLAB,0,6.55,7.707018783046199e-07,50.0,8.0,-123.2,44.6,50.0
3390,EVT_00008736,93dd4676888d9d7f69e1c904,8231,0,8211,71,8211,"PointSourceFinite: -123.500, 42.400",SLAB,0,6.55,6.26626280373672e-07,42.0,8.0,-123.5,42.4,42.0
3391,EVT_00008739,7fea68a5eb9487b35187263d,3199,10,3171,0,3171,"Cascadia (unsegmented, 1-2-3-4, middle)",INTERFACE,1494,8.1,5.392777463767077e-07,5.0,105.0,,,
3392,EVT_00008740,c7788b065420430ee0e780d8,8231,0,8211,87,8211,"PointSourceFinite: -124.000, 42.500",SLAB,6,7.15,4.906127531774495e-07,42.0,8.0,-124.0,42.5,42.0
3393,EVT_00008742,eceaf25094d6c85033456076,3199,9,3161,0,3161,"Cascadia (unsegmented, 1-2-3, middle)",INTERFACE,802,8.2,8.473124973075812e-07,5.095701808667286,80.0,,,
3394,EVT_00008745,abb9fec60024b4f9a13f27e5,8231,0,8211,547,8211,"PointSourceFinite: -122.400, 44.700",SLAB,4,6.95,2.756903063033592e-07,60.0,8.0,-122.4,44.7,60.0
3395,EVT_00008748,b230b1b5299e04aaee827db3,3199,9,3161,0,3161,"Cascadia (unsegmented, 1-2-3, middle)",INTERFACE,311,8.3,7.530120256384362e-07,5.0,80.0,,,
3396,EVT_00008753,e0f5211d712135f86680e863,8231,0,8211,647,8211,"PointSourceFinite: -123.100, 45.300",SLAB,4,6.95,5.99537728981149e-07,50.0,8.0,-123.1,45.3,50.0
3397,EVT_00008754,e83f10ea4fba3ff2ad0e3447,3199,15,3170,0,3170,"Cascadia (unsegmented, 1-2-3-4, bottom)",INTERFACE,1012,8.5,4.2517005529245033e-07,5.0,155.0,,,
3398,EVT_00008758,6255292019b116be480e9ad6,3199,12,3162,0,3162,"Cascadia (unsegmented, 1-2-3, top)",INTERFACE,964,8.4,6.756978046582286e-07,5.06678973699046,70.0,,,
3399,EVT_00008762,da11669f8191b375f290c2f8,3199,10,3171,0,3171,"Cascadia (unsegmented, 1-2-3-4, middle)",INTERFACE,1685,8.2,4.431346968677581e-07,5.0,105.0,,,
3400,EVT_00008763,77f227578159ab346b6b62e9,3199,15,3170,0,3170,"Cascadia (unsegmented, 1-2-3-4, bottom)",INTERFACE,160,8.0,3.324467985531395e-07,5.0,155.0,,,
3401,EVT_00008764,d62c7cd6b20c66801ec4520a,8231,0,8211,198,8211,"PointSourceFinite: -123.400, 43.000",SLAB,2,6.75,2.434804801773483e-07,42.0,8.0,-123.4,43.0,42.0
3402,EVT_00008765,81d42ac9badb3aeb33a56eaa,3199,1,3160,0,3160,"Cascadia (unsegmented, 1-2-3, bottom)",INTERFACE,349,8.3,7.530120256384362e-07,5.0,145.0,,,
3403,EVT_00008766,aae3e552ea91e4826a9fc9a9,8231,0,8211,736,8211,"PointSourceFinite: -122.700, 45.800",SLAB,4,6.95,2.372388245053616e-07,50.0,8.0,-122.7,45.8,50.0
3404,EVT_00008768,33089c5cad4519a5a69826b2,8231,0,8211,568,8211,"PointSourceFinite: -123.900, 44.900",SLAB,0,6.55,8.690915023975656e-07,42.0,8.0,-123.9,44.9,42.0
3405,EVT_00008770,9047d37d8df6eb7f1cfa190d,8231,0,8211,613,8211,"PointSourceFinite: -123.000, 45.100",SLAB,4,6.95,5.905318085650842e-07,50.0,8.0,-123.0,45.1,50.0
3406,EVT_00008779,2387c1b86c2b5fb7d143b45a,8231,0,8211,583,8211,"PointSourceFinite: -122.400, 44.900",SLAB,4,6.95,2.9428018633871005e-07,60.0,8.0,-122.4,44.9,60.0
3407,EVT_00008791,0d93329e435d2a04cd59671d,3199,15,3170,0,3170,"Cascadia (unsegmented, 1-2-3-4, bottom)",INTERFACE,2405,8.6,2.2907632432741962e-07,5.0,155.0,,,
3408,EVT_00008796,e71cdea1824795a9e0edda48,3199,15,3170,0,3170,"Cascadia (unsegmented, 1-2-3-4, bottom)",INTERFACE,485,8.2,3.551136257272171e-07,5.0,155.0,,,
3409,EVT_00008799,0cd2ffd7e4460439270d4e1e,8231,0,8211,173,8211,"PointSourceFinite: -123.800, 42.900",SLAB,2,6.75,4.012048006032593e-07,42.0,8.0,-123.8,42.9,42.0
3410,EVT_00008801,6b5779016eeea3196873f47a,3199,10,3171,0,3171,"Cascadia (unsegmented, 1-2-3-4, middle)",INTERFACE,1695,8.2,4.431346968677581e-07,5.0,105.0,,,
3411,EVT_00008807,9c33a2a671d3742c61bebbf8,8231,0,8211,218,8211,"PointSourceFinite: -123.500, 43.100",SLAB,2,6.75,2.2182158946220685e-07,42.0,8.0,-123.5,43.1,42.0
3412,EVT_00008808,bd99d2549143741ae8db0925,3199,9,3161,0,3161,"Cascadia (unsegmented, 1-2-3, middle)",INTERFACE,753,8.1,1.000721591214509e-06,5.0,80.0,,,
3413,EVT_00008811,c0fda17d819b732bc285eddc,8231,0,8211,172,8211,"PointSourceFinite: -123.900, 42.900",SLAB,0,6.55,5.039191114402488e-07,42.0,8.0,-123.9,42.9,42.0
3414,EVT_00008812,ce7aa6d7c1c7a4beccdd72ff,3199,9,3161,0,3161,"Cascadia (unsegmented, 1-2-3, middle)",INTERFACE,289,8.2,6.868131662416505e-07,5.0,80.0,,,
3415,EVT_00008815,6ea39c1003e382309d6b702a,8231,0,8211,341,8211,"PointSourceFinite: -123.600, 43.700",SLAB,3,6.85,1.1566722869219397e-07,42.0,8.0,-123.6,43.7,42.0
3416,EVT_00008816,9b0ee2cb90044eb597f682bd,8231,1,8212,482,8212,"PointSourceFinite: -123.200, 44.400",SLAB,0,7.25,2.8903372247808783e-08,50.0,8.0,-123.2,44.4,50.0
3417,EVT_00008819,b060e2890d019126aad15139,3199,0,3172,0,3172,"Cascadia (unsegmented, 1-2-3-4, top)",INTERFACE,985,8.5,4.401408318872549e-07,5.0,85.0,,,
3418,EVT_00008826,f4696a6661ddacbe2a61399d,3199,15,3170,0,3170,"Cascadia (unsegmented, 1-2-3-4, bottom)",INTERFACE,291,8.1,3.4340658312082525e-07,5.0,155.0,,,
3419,EVT_00008828,9423d48a9ca0a9980079fddb,3199,12,3162,0,3162,"Cascadia (unsegmented, 1-2-3, top)",INTERFACE,863,8.2,8.567270806109988e-07,5.0,70.0,,,
3420,EVT_00008829,4511297d1f3cebe4789e1c3a,3199,0,3172,0,3172,"Cascadia (unsegmented, 1-2-3-4, top)",INTERFACE,1474,8.1,5.484180471627536e-07,5.0,85.0,,,
3421,EVT_00008833,5d1336f64a05d7366a082a95,8231,0,8211,155,8211,"PointSourceFinite: -123.500, 42.800",SLAB,3,6.85,3.395002485483332e-07,42.0,8.0,-123.5,42.8,42.0
3422,EVT_00008841,78da132ef7108ba161b9f103,3199,9,3161,0,3161,"Cascadia (unsegmented, 1-2-3, middle)",INTERFACE,792,8.2,8.473124973075812e-07,5.392846048258304,80.0,,,
3423,EVT_00008847,df262428a62241eeac39e2f2,3199,0,3172,0,3172,"Cascadia (unsegmented, 1-2-3-4, top)",INTERFACE,160,8.0,3.41530044415247e-07,5.0,85.0,,,
3424,EVT_00008850,3802924018f7168d52efcefc,3199,15,3170,0,3170,"Cascadia (unsegmented, 1-2-3-4, bottom)",INTERFACE,1144,8.6,4.664178964775388e-07,5.0,155.0,,,
3425,EVT_00008851,d61ce46698124e150179e062,3199,10,3171,0,3171,"Cascadia (unsegmented, 1-2-3-4, middle)",INTERFACE,734,8.4,4.006410136409629e-07,5.0,105.0,,,
3426,EVT_00008854,2f4fc81c651d93e1c108d5db,8231,0,8211,132,8211,"PointSourceFinite: -123.700, 42.700",SLAB,4,6.95,4.227202223222463e-07,42.0,8.0,-123.7,42.7,42.0
3427,EVT_00008858,c02363af6f915852e5d5f750,8231,1,8212,341,8212,"PointSourceFinite: -123.600, 43.700",SLAB,2,7.45,5.216078137141017e-09,42.0,8.0,-123.6,43.7,42.0
3428,EVT_00008865,a04806e004c9e44a6b8a2997,8231,0,8211,297,8211,"PointSourceFinite: -124.000, 43.500",SLAB,1,6.65,1.4177005860580601e-07,42.0,8.0,-124.0,43.5,42.0
3429,EVT_00008866,3278a6ddbba1aa118085bfba,8231,0,8211,444,8211,"PointSourceFinite: -123.200, 44.200",SLAB,0,6.55,3.994886847190049e-07,50.0,8.0,-123.2,44.2,50.0
3430,EVT_00008880,6ff7b0e7ea63f5b4d1f321ce,3199,1,3160,0,3160,"Cascadia (unsegmented, 1-2-3, bottom)",INTERFACE,658,8.0,1.1864454622055416e-06,5.0,145.0,,,
3431,EVT_00008882,8a685496dd03aeddc02ebedb,8231,0,8211,557,8211,"PointSourceFinite: -123.200, 44.800",SLAB,3,6.85,6.90983825957134e-07,50.0,8.0,-123.2,44.8,50.0
3432,EVT_00008884,08b5e8b3e884d0e134cb35f1,8231,0,8211,43,8211,"PointSourceFinite: -124.200, 42.300",SLAB,2,6.75,7.75141503714906e-07,42.0,8.0,-124.2,42.3,42.0
3433,EVT_00008885,bdf443655b5b5d1bbfacb1ee,3199,9,3161,0,3161,"Cascadia (unsegmented, 1-2-3, middle)",INTERFACE,431,8.4,8.56164357917674e-07,5.0,80.0,,,
3434,EVT_00008886,e1b395be41ff2dd88b14b744,8231,0,8211,256,8211,"PointSourceFinite: -123.900, 43.300",SLAB,3,6.85,1.6334519272673504e-07,42.0,8.0,-123.9,43.3,42.0
3435,EVT_00008888,4f366cb61ba2d0417ae7069d,8231,0,8211,660,8211,"PointSourceFinite: -123.500, 45.400",SLAB,5,7.05,5.942339627296733e-07,42.0,8.0,-123.5,45.4,42.0
3436,EVT_00008891,bd046ec03679d967a2317a2d,8231,0,8211,144,8211,"PointSourceFinite: -122.500, 42.700",SLAB,1,6.65,1.2556063554709656e-07,50.0,8.0,-122.5,42.7,50.0
3437,EVT_00008897,ca0aa13d06091a245f33886c,3199,12,3162,0,3162,"Cascadia (unsegmented, 1-2-3, top)",INTERFACE,792,8.2,8.567270806109988e-07,5.093505631786644,70.0,,,
3438,EVT_00008900,6d277a05f3c2c972f3410f45,8231,0,8211,52,8211,"PointSourceFinite: -123.300, 42.300",SLAB,0,6.55,4.879449476431002e-07,42.0,8.0,-123.3,42.3,42.0
3439,EVT_00008903,ee6ad6ea56c0673297382480,8231,0,8211,610,8211,"PointSourceFinite: -123.300, 45.100",SLAB,5,7.05,6.445084470926356e-07,42.0,8.0,-123.3,45.1,42.0
3440,EVT_00008904,e94da5bdfefced6ff00493f5,3199,10,3171,0,3171,"Cascadia (unsegmented, 1-2-3-4, middle)",INTERFACE,1376,8.0,6.57010121543929e-07,5.0,105.0,,,
3441,EVT_00008906,d638e88dde0d0e7c054b41b1,3199,12,3162,0,3162,"Cascadia (unsegmented, 1-2-3, top)",INTERFACE,243,8.2,6.944444236443356e-07,5.0,70.0,,,
3442,EVT_00008910,ccc24e9f155be53f756cc5de,8231,0,8211,453,8211,"PointSourceFinite: -122.300, 44.200",SLAB,5,7.05,1.3235495925309885e-07,60.0,8.0,-122.3,44.2,60.0
3443,EVT_00008912,79a4c868cbe49b4b3f696508,8231,0,8211,482,8211,"PointSourceFinite: -123.200, 44.400",SLAB,0,6.55,5.845407036238594e-07,50.0,8.0,-123.2,44.4,50.0
3444,EVT_00008916,2efddbd468c688887919e62a,3199,10,3171,0,3171,"Cascadia (unsegmented, 1-2-3-4, middle)",INTERFACE,1348,8.0,6.57010121543929e-07,5.0,105.0,,,
3445,EVT_00008917,9eca0dd2d8c20db714da6007,8231,0,8211,468,8211,"PointSourceFinite: -122.700, 44.300",SLAB,6,7.15,2.0468272077764922e-07,50.0,8.0,-122.7,44.3,50.0
3446,EVT_00008919,b0ba850b263af8e103355642,8231,0,8211,464,8211,"PointSourceFinite: -123.100, 44.300",SLAB,3,6.85,3.5649874518416306e-07,50.0,8.0,-123.1,44.3,50.0
3447,EVT_00008923,3a735beff8e8bfb1a209e0be,8231,0,8211,194,8211,"PointSourceFinite: -123.800, 43.000",SLAB,0,6.55,3.981486524821777e-07,42.0,8.0,-123.8,43.0,42.0
3448,EVT_00008929,06152f3b9627a06ccc24cfaf,8231,0,8211,398,8211,"PointSourceFinite: -123.900, 44.000",SLAB,3,6.85,1.7268546918248485e-07,42.0,8.0,-123.9,44.0,42.0
3449,EVT_00008937,efc49ac1f531d0626e586308,3199,9,3161,0,3161,"Cascadia (unsegmented, 1-2-3, middle)",INTERFACE,279,8.2,6.868131662416505e-07,5.0,80.0,,,
3450,EVT_00008941,a634dec96c0a7cf4b5a0a6ac,8231,0,8211,536,8211,"PointSourceFinite: -123.500, 44.700",SLAB,4,6.95,6.202189680257752e-07,42.0,8.0,-123.5,44.7,42.0
3451,EVT_00008949,f37865776e2ee84653ef4d17,8231,0,8211,101,8211,"PointSourceFinite: -122.600, 42.500",SLAB,3,6.85,1.2265745280024304e-07,50.0,8.0,-122.6,42.5,50.0
3452,EVT_00008951,4e513a63a9b96bae83911833,3199,15,3170,0,3170,"Cascadia (unsegmented, 1-2-3-4, bottom)",INTERFACE,2185,8.5,2.628861278602009e-07,5.0,155.0,,,
3453,EVT_00008953,941ab6fbd0e6ef2ceea2b00d,8231,0,8211,77,8211,"PointSourceFinite: -122.900, 42.400",SLAB,4,6.95,1.755272820002699e-07,50.0,8.0,-122.9,42.4,50.0
3454,EVT_00008954,75293ce327533bdb4e9eb0d2,3199,15,3170,0,3170,"Cascadia (unsegmented, 1-2-3-4, bottom)",INTERFACE,1473,8.1,5.33351617295645e-07,5.068012497489401,155.0,,,
3455,EVT_00008956,4a78676c01216efb9647f77c,8231,0,8211,803,8211,"PointSourceFinite: -122.400, 46.200",SLAB,4,6.95,9.755692500898184e-08,60.0,8.0,-122.4,46.2,60.0
3456,EVT_00008961,8f0d82d753550931e5141312,8231,0,8211,382,8211,"PointSourceFinite: -123.500, 43.900",SLAB,0,6.55,2.097438605483905e-07,42.0,8.0,-123.5,43.9,42.0
3457,EVT_00008964,56c0b904f12fb7d57fc66f05,8231,0,8211,636,8211,"PointSourceFinite: -122.500, 45.200",SLAB,3,6.85,3.547058631881976e-07,50.0,8.0,-122.5,45.2,50.0
3458,EVT_00008965,729c6e378ff11b45c4882df5,3199,9,3161,0,3161,"Cascadia (unsegmented, 1-2-3, middle)",INTERFACE,547,8.6,1.275510165877351e-06,5.0,80.0,,,
3459,EVT_00008969,753f1aa636559640b11c0761,8231,0,8211,544,8211,"PointSourceFinite: -122.700, 44.700",SLAB,3,6.85,4.3353711226327913e-07,50.0,8.0,-122.7,44.7,50.0
3460,EVT_00008975,c81a487a04463e49901fdec7,3199,10,3171,0,3171,"Cascadia (unsegmented, 1-2-3-4, middle)",INTERFACE,519,8.2,3.591953915401736e-07,5.0,105.0,,,
3461,EVT_00008979,5a5af968b12a04495172bc25,8231,0,8211,179,8211,"PointSourceFinite: -123.200, 42.900",SLAB,1,6.65,2.4830384675200744e-07,50.0,8.0,-123.2,42.9,50.0
3462,EVT_00008985,e96ffc6efe1ec3ed39d1676f,8231,0,8211,82,8211,"PointSourceFinite: -122.400, 42.400",SLAB,2,6.75,1.1131644432264305e-07,60.0,8.0,-122.4,42.4,60.0
3463,EVT_00008988,c59c0eea4a31c26d7ffc7d65,8231,0,8211,135,8211,"PointSourceFinite: -123.400, 42.700",SLAB,2,6.75,3.761453284964965e-07,42.0,8.0,-123.4,42.7,42.0
3464,EVT_00008989,844e2cf25f467347b04ca737,8231,0,8211,53,8211,"PointSourceFinite: -123.200, 42.300",SLAB,4,6.95,2.896649201674004e-07,50.0,8.0,-123.2,42.3,50.0
3465,EVT_00008992,8aee0e8f9ade705c327b0b30,8231,0,8211,504,8211,"PointSourceFinite: -122.900, 44.500",SLAB,2,6.75,4.730813828921433e-07,50.0,8.0,-122.9,44.5,50.0
3466,EVT_00008996,e5a491a43cbc139b1cabdfdf,3199,1,3160,0,3160,"Cascadia (unsegmented, 1-2-3, bottom)",INTERFACE,1042,8.5,6.232945289588634e-07,5.171821749359407,145.0,,,
3467,EVT_00009001,fa43d2677e64038a5532979b,8231,0,8211,129,8211,"PointSourceFinite: -124.000, 42.700",SLAB,4,6.95,4.888870728911375e-07,42.0,8.0,-124.0,42.7,42.0
3468,EVT_00009015,6414d41bc5f35054975c92e0,8231,0,8211,708,8211,"PointSourceFinite: -123.800, 45.700",SLAB,5,7.05,3.91717961506386e-07,42.0,8.0,-123.8,45.7,42.0
3469,EVT_00009023,abc9d80520f0f79eaad6bb47,3199,1,3160,0,3160,"Cascadia (unsegmented, 1-2-3, bottom)",INTERFACE,516,8.6,1.275510165877351e-06,5.084669116545892,145.0,,,
3470,EVT_00009025,b3d1159443e681e2ff4ce5e1,8231,0,8211,415,8211,"PointSourceFinite: -124.200, 44.100",SLAB,0,6.55,2.2718510113887306e-07,42.0,8.0,-124.2,44.1,42.0
3471,EVT_00009035,32a22667608099f2e02f2736,3199,15,3170,0,3170,"Cascadia (unsegmented, 1-2-3-4, bottom)",INTERFACE,181,8.0,3.324467985531395e-07,5.0,155.0,,,
3472,EVT_00009040,4b9de95554f8a587923e111d,3199,1,3160,0,3160,"Cascadia (unsegmented, 1-2-3, bottom)",INTERFACE,235,8.2,6.868131662416505e-07,5.0,145.0,,,
3473,EVT_00009046,a33f2cf354423bbc1b5a37c2,8231,0,8211,466,8211,"PointSourceFinite: -122.900, 44.300",SLAB,1,6.65,3.809683615344285e-07,50.0,8.0,-122.9,44.3,50.0
3474,EVT_00009050,003bbbc2069e969912cc95bc,3199,1,3160,0,3160,"Cascadia (unsegmented, 1-2-3, bottom)",INTERFACE,755,8.1,1.000721591214509e-06,5.0,145.0,,,
3475,EVT_00009053,5b9df783a1efca30954a12b4,3199,10,3171,0,3171,"Cascadia (unsegmented, 1-2-3-4, middle)",INTERFACE,2256,8.5,2.665121434168933e-07,5.0,105.0,,,
3476,EVT_00009057,6a134ff6e2d0f8a3694ce646,8231,0,8211,46,8211,"PointSourceFinite: -123.900, 42.300",SLAB,6,7.15,5.089847758986352e-07,42.0,8.0,-123.9,42.3,42.0
3477,EVT_00009059,7a95f9d4a3f810b398d29223,3199,9,3161,0,3161,"Cascadia (unsegmented, 1-2-3, middle)",INTERFACE,152,8.1,6.443298776081463e-07,5.0,80.0,,,
3478,EVT_00009061,fe2565e897b89fc61fd1ec2a,3199,9,3161,0,3161,"Cascadia (unsegmented, 1-2-3, middle)",INTERFACE,890,8.3,7.379159742457803e-07,5.138985153575333,80.0,,,
3479,EVT_00009066,0d8d573b12aff49b6824d217,8231,0,8211,527,8211,"PointSourceFinite: -122.500, 44.600",SLAB,1,6.65,3.838140011040274e-07,50.0,8.0,-122.5,44.6,50.0
3480,EVT_00009071,95d9a4783e1380f1f6277a11,8231,0,8211,789,8211,"PointSourceFinite: -123.800, 46.200",SLAB,5,7.05,1.4477406358116374e-07,42.0,8.0,-123.8,46.2,42.0
3481,EVT_00009073,2963ba87fee2ee332a0ec2ef,8231,0,8211,177,8211,"PointSourceFinite: -123.400, 42.900",SLAB,0,6.55,3.4585604758817805e-07,42.0,8.0,-123.4,42.9,42.0
3482,EVT_00009077,9a52a7c78834c421e40be023,3199,10,3171,0,3171,"Cascadia (unsegmented, 1-2-3-4, middle)",INTERFACE,1938,8.3,3.6895798712289013e-07,5.0,105.0,,,
3483,EVT_00009078,9ab2458363413936e057e9e8,3199,1,3160,0,3160,"Cascadia (unsegmented, 1-2-3, bottom)",INTERFACE,1019,8.4,6.66441670347842e-07,5.0,145.0,,,
3484,EVT_00009079,00b787f994ac9e1027bd99a6,3199,0,3172,0,3172,"Cascadia (unsegmented, 1-2-3-4, top)",INTERFACE,1812,8.3,3.7574862492269787e-07,5.0,85.0,,,
3485,EVT_00009081,f6ac3125ed4697189a7d3e9e,3199,10,3171,0,3171,"Cascadia (unsegmented, 1-2-3-4, middle)",INTERFACE,1977,8.4,3.118605252268748e-07,5.022102515755866,105.0,,,
3486,EVT_00009086,2f38f71a97ab354873181be9,3199,10,3171,0,3171,"Cascadia (unsegmented, 1-2-3-4, middle)",INTERFACE,1561,8.1,5.392777463767077e-07,5.0,105.0,,,
3487,EVT_00009093,8e9e59c0123b0fdb2d1a7a63,8231,0,8211,297,8211,"PointSourceFinite: -124.000, 43.500",SLAB,6,7.15,8.945085970472068e-08,42.0,8.0,-124.0,43.5,42.0
3488,EVT_00009096,41ddb47572b9163ad191fcce,8231,0,8211,428,8211,"PointSourceFinite: -122.900, 44.100",SLAB,3,6.85,2.143026157742667e-07,50.0,8.0,-122.9,44.1,50.0
3489,EVT_00009103,2822638b886e406e68146382,8231,0,8211,674,8211,"PointSourceFinite: -123.800, 45.500",SLAB,4,6.95,5.505219692650285e-07,42.0,8.0,-123.8,45.5,42.0
3490,EVT_00009104,c128cbf072ab610465eb897c,8231,0,8211,762,8211,"PointSourceFinite: -123.300, 46.000",SLAB,3,6.85,2.7986237056527065e-07,42.0,8.0,-123.3,46.0,42.0
3491,EVT_00009109,8546252eaa2c0801d66235bc,3199,9,3161,0,3161,"Cascadia (unsegmented, 1-2-3, middle)",INTERFACE,826,8.2,8.473124973075812e-07,5.0,80.0,,,
3492,EVT_00009112,d7bd583df3b198b5abe9ae2f,8231,0,8211,684,8211,"PointSourceFinite: -122.800, 45.500",SLAB,2,6.75,4.689254304505698e-07,50.0,8.0,-122.8,45.5,50.0
3493,EVT_00009115,e45b87de2f671bb1f1f72c76,3199,9,3161,0,3161,"Cascadia (unsegmented, 1-2-3, middle)",INTERFACE,705,8.1,1.000721591214509e-06,5.110425163846869,80.0,,,
3494,EVT_00009116,7a9833cb907ae53ddd5bc873,8231,0,8211,635,8211,"PointSourceFinite: -122.600, 45.200",SLAB,5,7.05,3.377152504103252e-07,50.0,8.0,-122.6,45.2,50.0
3495,EVT_00009121,34fb3620313052536598cb52,3199,1,3160,0,3160,"Cascadia (unsegmented, 1-2-3, bottom)",INTERFACE,222,8.2,6.868131662416505e-07,5.0,145.0,,,
3496,EVT_00009122,24cac98328dbe1ffe936acc8,3199,12,3162,0,3162,"Cascadia (unsegmented, 1-2-3, top)",INTERFACE,346,8.3,7.621950991218317e-07,5.0,70.0,,,
3497,EVT_00009123,f8c2a40cb621f17470c65360,3199,12,3162,0,3162,"Cascadia (unsegmented, 1-2-3, top)",INTERFACE,277,8.2,6.944444236443356e-07,5.0,70.0,,,
3498,EVT_00009126,40de2a5f300e8685097780f8,8231,0,8211,712,8211,"PointSourceFinite: -123.400, 45.700",SLAB,4,6.95,4.607589361865088e-07,42.0,8.0,-123.4,45.7,42.0
3499,EVT_00009128,a1e8ca39634f615bed73738e,8231,0,8211,94,8211,"PointSourceFinite: -123.300, 42.500",SLAB,2,6.75,3.852542719285325e-07,42.0,8.0,-123.3,42.5,42.0
3500,EVT_00009129,f19b40774881f92dbaf9dd39,8231,0,8211,193,8211,"PointSourceFinite: -123.900, 43.000",SLAB,0,6.55,4.146129679995041e-07,42.0,8.0,-123.9,43.0,42.0
3501,EVT_00009130,8f2635b9995a718c6756cd06,8231,0,8211,496,8211,"PointSourceFinite: -123.700, 44.500",SLAB,3,6.85,5.103988098198624e-07,42.0,8.0,-123.7,44.5,42.0
3502,EVT_00009133,b34bcbef6d32ab6d4fa47462,8231,0,8211,463,8211,"PointSourceFinite: -123.200, 44.300",SLAB,1,6.65,4.458171972055409e-07,50.0,8.0,-123.2,44.3,50.0
3503,EVT_00009136,65abd7e6889032fb032f3d31,3199,10,3171,0,3171,"Cascadia (unsegmented, 1-2-3-4, middle)",INTERFACE,1543,8.1,5.392777463767077e-07,5.0,105.0,,,
3504,EVT_00009151,63615ca43135d2f42f296e9e,3199,0,3172,0,3172,"Cascadia (unsegmented, 1-2-3-4, top)",INTERFACE,2144,8.5,2.721426816580953e-07,5.0,85.0,,,
3505,EVT_00009152,7108ed93e74523839b052e84,8231,0,8211,604,8211,"PointSourceFinite: -123.900, 45.100",SLAB,1,6.65,8.252881521827437e-07,42.0,8.0,-123.9,45.1,42.0
3506,EVT_00009159,c2fa9379145e543cee61f30b,3199,10,3171,0,3171,"Cascadia (unsegmented, 1-2-3-4, middle)",INTERFACE,1367,8.0,6.57010121543929e-07,5.0,105.0,,,
3507,EVT_00009164,f23d4eeae61e87dd8bff7873,8231,0,8211,5,8211,"PointSourceFinite: -123.800, 42.100",SLAB,0,6.55,8.151477285450719e-07,42.0,8.0,-123.8,42.1,42.0
3508,EVT_00009165,d7819055e9071025402e4c18,3199,15,3170,0,3170,"Cascadia (unsegmented, 1-2-3-4, bottom)",INTERFACE,1760,8.2,4.380990753124425e-07,5.0,155.0,,,
3509,EVT_00009172,3f3bec407afc3ff1889eb8d8,8231,0,8211,221,8211,"PointSourceFinite: -123.200, 43.100",SLAB,3,6.85,1.5342074947404664e-07,50.0,8.0,-123.2,43.1,50.0
3510,EVT_00009173,b9e04c237534e3cc00a39dd5,3199,15,3170,0,3170,"Cascadia (unsegmented, 1-2-3-4, bottom)",INTERFACE,1372,8.0,6.50020652165802e-07,5.0,155.0,,,
3511,EVT_00009180,becb9152064aa478bfadc15a,8231,0,8211,174,8211,"PointSourceFinite: -123.700, 42.900",SLAB,4,6.95,3.1418165899127017e-07,42.0,8.0,-123.7,42.9,42.0
3512,EVT_00009181,cad2bde53f7e852f621c5626,3199,9,3161,0,3161,"Cascadia (unsegmented, 1-2-3, middle)",INTERFACE,382,8.4,8.56164357917674e-07,5.09929661580601,80.0,,,
3513,EVT_00009183,283ff6700a3d082af0e0c56a,8231,1,8212,35,8212,"PointSourceFinite: -122.900, 42.200",SLAB,0,7.25,1.2542257522209401e-08,50.0,8.0,-122.9,42.2,50.0
3514,EVT_00009186,83f377a5a7b35e76527c5c0d,8231,0,8211,809,8211,"PointSourceFinite: -123.400, 46.300",SLAB,2,6.75,1.614974485553659e-07,42.0,8.0,-123.4,46.3,42.0
3515,EVT_00009190,53bd33bb6257bdb718182b90,8231,0,8211,680,8211,"PointSourceFinite: -123.200, 45.500",SLAB,5,7.05,5.017729811330537e-07,50.0,8.0,-123.2,45.5,50.0
3516,EVT_00009191,5378c4fc4f38f9931b7761e7,8231,0,8211,448,8211,"PointSourceFinite: -122.800, 44.200",SLAB,3,6.85,2.448448956172372e-07,50.0,8.0,-122.8,44.2,50.0
3517,EVT_00009194,bd82b99db9ed25b0513e4045,3199,1,3160,0,3160,"Cascadia (unsegmented, 1-2-3, bottom)",INTERFACE,988,8.4,6.66441670347842e-07,5.0,145.0,,,
3518,EVT_00009196,d7a04e44ca033d99b7c5090a,3199,1,3160,0,3160,"Cascadia (unsegmented, 1-2-3, bottom)",INTERFACE,577,8.7,1.8382352390585351e-06,5.000222913881156,145.0,,,
3519,EVT_00009200,0cf647923ab7e2696c32e43b,3199,10,3171,0,3171,"Cascadia (unsegmented, 1-2-3-4, middle)",INTERFACE,2277,8.6,2.3254717772631977e-07,5.0221509612121045,105.0,,,
3520,EVT_00009208,6d980da16b15e30eff0d3cd3,3199,10,3171,0,3171,"Cascadia (unsegmented, 1-2-3-4, middle)",INTERFACE,1944,8.3,3.6895798712289013e-07,5.0,105.0,,,
3521,EVT_00009210,46db0c0419f6c337c09f73c8,3199,10,3171,0,3171,"Cascadia (unsegmented, 1-2-3-4, middle)",INTERFACE,1817,8.3,3.6895798712289013e-07,5.0,105.0,,,
3522,EVT_00009213,425f360baa9f557d7192e65c,8231,0,8211,16,8211,"PointSourceFinite: -122.700, 42.100",SLAB,3,6.85,1.392436573323427e-07,50.0,8.0,-122.7,42.1,50.0
3523,EVT_00009215,f217122a8880c3c420e24306,8231,0,8211,748,8211,"PointSourceFinite: -123.100, 45.900",SLAB,4,6.95,2.851107686638355e-07,50.0,8.0,-123.1,45.9,50.0
3524,EVT_00009219,cb08e9f9e67da02ddd8ee1fb,3199,12,3162,0,3162,"Cascadia (unsegmented, 1-2-3, top)",INTERFACE,491,8.5,1.024590133245741e-06,5.0,70.0,,,
3525,EVT_00009223,67bad801b7c5b2f5ff135fc3,3199,10,3171,0,3171,"Cascadia (unsegmented, 1-2-3-4, middle)",INTERFACE,839,8.4,4.006410136409629e-07,5.0,105.0,,,
3526,EVT_00009226,11af258eb527739922353261,8231,0,8211,580,8211,"PointSourceFinite: -122.700, 44.900",SLAB,5,7.05,3.9342462121634923e-07,50.0,8.0,-122.7,44.9,50.0
3527,EVT_00009229,dda1e15ebf9c9e822c348f16,8231,0,8211,261,8211,"PointSourceFinite: -123.400, 43.300",SLAB,0,6.55,1.7389692284116816e-07,42.0,8.0,-123.4,43.3,42.0
3528,EVT_00009232,8b61460c2bf1f7859127b4dd,3199,10,3171,0,3171,"Cascadia (unsegmented, 1-2-3-4, middle)",INTERFACE,981,8.5,4.3103446984820834e-07,5.0,105.0,,,
3529,EVT_00009244,46dce4cac4035116fe70c3f2,3199,12,3162,0,3162,"Cascadia (unsegmented, 1-2-3, top)",INTERFACE,919,8.3,7.469149495414605e-07,5.0,70.0,,,
3530,EVT_00009246,b89ae5940cd9e6cbdf0b85a1,8231,0,8211,500,8211,"PointSourceFinite: -123.300, 44.500",SLAB,3,6.85,5.321653654562891e-07,42.0,8.0,-123.3,44.5,42.0
3531,EVT_00009247,b7ac4ecf6cd491cb911fa94e,3199,9,3161,0,3161,"Cascadia (unsegmented, 1-2-3, middle)",INTERFACE,940,8.3,7.379159742457803e-07,5.0,80.0,,,
3532,EVT_00009250,883027948bc3961dac3ea20a,3199,9,3161,0,3161,"Cascadia (unsegmented, 1-2-3, middle)",INTERFACE,760,8.1,1.000721591214509e-06,5.0,80.0,,,
3533,EVT_00009252,d9a03af50b440497522c7f5a,8231,0,8211,183,8211,"PointSourceFinite: -122.800, 42.900",SLAB,0,6.55,1.6604766165711317e-07,50.0,8.0,-122.8,42.9,50.0
3534,EVT_00009254,e216be5d1a3d5797b5a78e9a,8231,0,8211,340,8211,"PointSourceFinite: -123.700, 43.700",SLAB,1,6.65,1.3811488288539545e-07,42.0,8.0,-123.7,43.7,42.0
3535,EVT_00009267,16217055eda41b6848eb6fba,8231,0,8211,428,8211,"PointSourceFinite: -122.900, 44.100",SLAB,4,6.95,1.9544630848845602e-07,50.0,8.0,-122.9,44.1,50.0
3536,EVT_00009272,ac78f93577f4fba27917e18c,8231,0,8211,491,8211,"PointSourceFinite: -122.300, 44.400",SLAB,1,6.65,2.482548705895464e-07,60.0,8.0,-122.3,44.4,60.0
3537,EVT_00009274,a504cc77d1cd6f33cf5fa9c6,3199,12,3162,0,3162,"Cascadia (unsegmented, 1-2-3, top)",INTERFACE,538,8.6,1.3020832943331291e-06,5.0,70.0,,,
3538,EVT_00009278,af3650d7664dcddbeefae86e,3199,0,3172,0,3172,"Cascadia (unsegmented, 1-2-3-4, top)",INTERFACE,915,8.5,4.401408318872549e-07,5.0,85.0,,,
3539,EVT_00009286,0c01e4f01d95905c3fc0ebb1,8231,0,8211,573,8211,"PointSourceFinite: -123.400, 44.900",SLAB,6,7.15,5.837439122798521e-07,42.0,8.0,-123.4,44.9,42.0
3540,EVT_00009288,dd6df70b907d6e5a1490cd53,8231,0,8211,26,8211,"PointSourceFinite: -123.800, 42.200",SLAB,3,6.85,6.336297650552802e-07,42.0,8.0,-123.8,42.2,42.0
3541,EVT_00009297,5aadd0a0d3fba7658c21e3c6,8231,0,8211,496,8211,"PointSourceFinite: -123.700, 44.500",SLAB,0,6.55,6.728366703962038e-07,42.0,8.0,-123.7,44.5,42.0
3542,EVT_00009304,d473dab0891b86ff805354db,3199,10,3171,0,3171,"Cascadia (unsegmented, 1-2-3-4, middle)",INTERFACE,1441,8.0,6.57010121543929e-07,5.0,105.0,,,
3543,EVT_00009308,c5819c518dd69383af9c0475,8231,0,8211,716,8211,"PointSourceFinite: -123.000, 45.700",SLAB,6,7.15,3.10478242107727e-07,50.0,8.0,-123.0,45.7,50.0
3544,EVT_00009312,05c3f232b5eefff6a0091b2a,8231,0,8211,84,8211,"PointSourceFinite: -124.300, 42.500",SLAB,2,6.75,7.059904648074071e-07,42.0,8.0,-124.3,42.5,42.0
3545,EVT_00009315,04c11de36c1076c236b19402,3199,1,3160,0,3160,"Cascadia (unsegmented, 1-2-3, bottom)",INTERFACE,1153,8.7,7.171435344381447e-07,5.124654994633295,145.0,,,
3546,EVT_00009317,fb038232a263ef5c61bc853a,8231,0,8211,563,8211,"PointSourceFinite: -122.600, 44.800",SLAB,1,6.65,4.898161725047891e-07,50.0,8.0,-122.6,44.8,50.0
3547,EVT_00009319,9e71dc83268d3541e20aeed9,8231,0,8211,189,8211,"PointSourceFinite: -124.300, 43.000",SLAB,4,6.95,2.899101993183139e-07,42.0,8.0,-124.3,43.0,42.0
3548,EVT_00009320,b30faf0336daba5f91902d33,8231,0,8211,696,8211,"PointSourceFinite: -123.300, 45.600",SLAB,4,6.95,5.15025944900819e-07,42.0,8.0,-123.3,45.6,42.0
3549,EVT_00009322,788daa4c5c43eb783eed7c1a,3199,15,3170,0,3170,"Cascadia (unsegmented, 1-2-3-4, bottom)",INTERFACE,1300,8.0,6.50020652165802e-07,5.0,155.0,,,
3550,EVT_00009323,e7106ca6b8d1340c0179bdf7,3199,12,3162,0,3162,"Cascadia (unsegmented, 1-2-3, top)",INTERFACE,926,8.3,7.469149495414605e-07,5.0,70.0,,,
3551,EVT_00009329,aab2d00949422991a590f235,8231,0,8211,557,8211,"PointSourceFinite: -123.200, 44.800",SLAB,6,7.15,5.241648350789502e-07,50.0,8.0,-123.2,44.8,50.0
3552,EVT_00009330,465f465acc98fde07704185b,3199,1,3160,0,3160,"Cascadia (unsegmented, 1-2-3, bottom)",INTERFACE,610,8.0,1.1864454622055416e-06,5.004124955327401,145.0,,,
3553,EVT_00009331,c0956a3d6ce4f7feeaa13c05,3199,9,3161,0,3161,"Cascadia (unsegmented, 1-2-3, middle)",INTERFACE,653,8.0,1.1864454622055416e-06,5.0,80.0,,,
3554,EVT_00009334,a225bae6c26a289c14f22549,8231,0,8211,107,8211,"PointSourceFinite: -124.100, 42.600",SLAB,4,6.95,5.531612314711857e-07,42.0,8.0,-124.1,42.6,42.0
3555,EVT_00009337,8806a64f3b44e8b2c2577aef,8231,0,8211,802,8211,"PointSourceFinite: -122.500, 46.200",SLAB,4,6.95,1.0411958478828581e-07,50.0,8.0,-122.5,46.2,50.0
3556,EVT_00009338,da65101de47864a597b68fc7,8231,0,8211,627,8211,"PointSourceFinite: -123.400, 45.200",SLAB,3,6.85,7.818963915304162e-07,42.0,8.0,-123.4,45.2,42.0
3557,EVT_00009341,061d3c00a3b1fb14eef8561d,3199,15,3170,0,3170,"Cascadia (unsegmented, 1-2-3-4, bottom)",INTERFACE,1140,8.6,4.664178964775388e-07,5.0,155.0,,,
3558,EVT_00009343,b5fc0a3d69cdd052d5f3fe28,3199,12,3162,0,3162,"Cascadia (unsegmented, 1-2-3, top)",INTERFACE,67,8.0,6.127450796861784e-07,5.0,70.0,,,
3559,EVT_00009345,4151d5dc5f59b6c7e150bee9,8231,1,8212,135,8212,"PointSourceFinite: -123.400, 42.700",SLAB,4,7.65,1.0702603360442604e-09,42.0,8.0,-123.4,42.7,42.0
3560,EVT_00009354,15274d2cc06eddfb7ca6d034,8231,0,8211,472,8211,"PointSourceFinite: -122.300, 44.300",SLAB,6,7.15,1.38372543564862e-07,60.0,8.0,-122.3,44.3,60.0
3561,EVT_00009358,f596fd1355cf365788fdbd68,8231,0,8211,615,8211,"PointSourceFinite: -122.800, 45.100",SLAB,3,6.85,5.324129362075151e-07,50.0,8.0,-122.8,45.1,50.0
3562,EVT_00009361,c6a5e2991c60dc391eb53dcc,8231,0,8211,78,8211,"PointSourceFinite: -122.800, 42.400",SLAB,3,6.85,1.6438214994239653e-07,50.0,8.0,-122.8,42.4,50.0
3563,EVT_00009363,539e5249af5ffe06d2d44e3f,3199,12,3162,0,3162,"Cascadia (unsegmented, 1-2-3, top)",INTERFACE,835,8.2,8.567270806109988e-07,5.0,70.0,,,
3564,EVT_00009370,67f6e655917e0a20b7ab677e,8231,0,8211,645,8211,"PointSourceFinite: -123.300, 45.300",SLAB,5,7.05,6.091665678011036e-07,42.0,8.0,-123.3,45.3,42.0
3565,EVT_00009371,f6e1e97e9f0108c0e69c18ba,3199,1,3160,0,3160,"Cascadia (unsegmented, 1-2-3, bottom)",INTERFACE,1151,8.7,7.171435344381447e-07,5.15620590364337,145.0,,,
3566,EVT_00009372,4d97f57d7329c6e272a8a968,8231,0,8211,621,8211,"PointSourceFinite: -124.000, 45.200",SLAB,1,6.65,7.512293775161186e-07,42.0,8.0,-124.0,45.2,42.0
3567,EVT_00009375,6dc59643ab6ac360091d852e,8231,0,8211,634,8211,"PointSourceFinite: -122.700, 45.200",SLAB,2,6.75,5.058321596900196e-07,50.0,8.0,-122.7,45.2,50.0
3568,EVT_00009376,696de4f3c2551e284bcf2844,3199,15,3170,0,3170,"Cascadia (unsegmented, 1-2-3-4, bottom)",INTERFACE,1113,8.6,4.664178964775388e-07,5.0,155.0,,,
3569,EVT_00009378,1d1176d4d0ebe7224dd13d35,3199,15,3170,0,3170,"Cascadia (unsegmented, 1-2-3-4, bottom)",INTERFACE,580,8.3,3.72023798380894e-07,5.0,155.0,,,
3570,EVT_00009383,124d8dd9fca47b706960af36,8231,0,8211,397,8211,"PointSourceFinite: -124.000, 44.000",SLAB,1,6.65,1.963338709272917e-07,42.0,8.0,-124.0,44.0,42.0
3571,EVT_00009389,05935883369ef5eb13fce8f2,3199,10,3171,0,3171,"Cascadia (unsegmented, 1-2-3-4, middle)",INTERFACE,1629,8.2,4.431346968677581e-07,5.1797922065047866,105.0,,,
3572,EVT_00009390,0595d55e8107be92a60fb757,8231,0,8211,607,8211,"PointSourceFinite: -123.600, 45.100",SLAB,4,6.95,7.216104193256418e-07,42.0,8.0,-123.6,45.1,42.0
3573,EVT_00009391,f0cf5291262f2cc731f388c4,3199,1,3160,0,3160,"Cascadia (unsegmented, 1-2-3, bottom)",INTERFACE,397,8.4,8.56164357917674e-07,5.0,145.0,,,
3574,EVT_00009397,56a6a4bbf5d85903cbb482ab,8231,0,8211,587,8211,"PointSourceFinite: -123.800, 45.000",SLAB,1,6.65,8.729111998021045e-07,42.0,8.0,-123.8,45.0,42.0
3575,EVT_00009403,538920da3e303d24b8131171,3199,15,3170,0,3170,"Cascadia (unsegmented, 1-2-3-4, bottom)",INTERFACE,1636,8.1,5.33351617295645e-07,5.0,155.0,,,
3576,EVT_00009406,4747476917b661b7a54ce5ab,8231,0,8211,11,8211,"PointSourceFinite: -123.200, 42.100",SLAB,1,6.65,3.6911811218331613e-07,50.0,8.0,-123.2,42.1,50.0
3577,EVT_00009414,08146e7669a84fa8a8df44b8,3199,1,3160,0,3160,"Cascadia (unsegmented, 1-2-3, bottom)",INTERFACE,713,8.1,1.000721591214509e-06,5.003490346815493,145.0,,,
3578,EVT_00009416,37a916434325524f9b599d75,8231,0,8211,670,8211,"PointSourceFinite: -122.500, 45.400",SLAB,6,7.15,2.408090977212712e-07,50.0,8.0,-122.5,45.4,50.0
3579,EVT_00009417,5dca5a42dfd003198ae1f263,8231,0,8211,720,8211,"PointSourceFinite: -122.600, 45.700",SLAB,4,6.95,2.4352758147151875e-07,50.0,8.0,-122.6,45.7,50.0
3580,EVT_00009425,330d6c93403600f32e878cd2,8231,0,8211,629,8211,"PointSourceFinite: -123.200, 45.200",SLAB,5,7.05,6.058777875395154e-07,50.0,8.0,-123.2,45.2,50.0
3581,EVT_00009429,a88733206675d87dff8acb8a,3199,1,3160,0,3160,"Cascadia (unsegmented, 1-2-3, bottom)",INTERFACE,90,8.0,6.06796098330002e-07,5.0,145.0,,,
3582,EVT_00009430,8472414a0392d5533399c0b1,8231,0,8211,581,8211,"PointSourceFinite: -122.600, 44.900",SLAB,5,7.05,3.487127780647524e-07,50.0,8.0,-122.6,44.9,50.0
3583,EVT_00009431,04395d0e0c8cee7e9836f057,8231,0,8211,556,8211,"PointSourceFinite: -123.300, 44.800",SLAB,4,6.95,6.541769251350164e-07,42.0,8.0,-123.3,44.8,42.0
3584,EVT_00009433,387f8b7101148e917da0f05f,8231,0,8211,578,8211,"PointSourceFinite: -122.900, 44.900",SLAB,1,6.65,7.019445781172815e-07,50.0,8.0,-122.9,44.9,50.0
3585,EVT_00009440,33b4e76391cad1d42980b4be,8231,0,8211,393,8211,"PointSourceFinite: -122.400, 43.900",SLAB,3,6.85,1.118391556177244e-07,60.0,8.0,-122.4,43.9,60.0
3586,EVT_00009445,e31f7e67bd8188d9f25e8417,3199,12,3162,0,3162,"Cascadia (unsegmented, 1-2-3, top)",INTERFACE,157,8.1,6.510416471665647e-07,5.0,70.0,,,
3587,EVT_00009447,87ac323ae401ac1e359544d7,8231,0,8211,290,8211,"PointSourceFinite: -122.600, 43.400",SLAB,4,6.95,7.766943821307895e-08,50.0,8.0,-122.6,43.4,50.0
3588,EVT_00009449,10d6ee6bbc2575942e7a8e38,8231,0,8211,633,8211,"PointSourceFinite: -122.800, 45.200",SLAB,1,6.65,6.241091666134756e-07,50.0,8.0,-122.8,45.2,50.0
3589,EVT_00009454,57374df4742eee578c8de7e9,3199,0,3172,0,3172,"Cascadia (unsegmented, 1-2-3-4, top)",INTERFACE,1970,8.4,3.1797543748622524e-07,5.0,85.0,,,
3590,EVT_00009457,ff00e4e4ac6cb05d2e5e679c,3199,10,3171,0,3171,"Cascadia (unsegmented, 1-2-3-4, middle)",INTERFACE,1310,8.0,6.57010121543929e-07,5.0,105.0,,,
3591,EVT_00009459,3fe77079018fccaf3afc8ff9,8231,0,8211,95,8211,"PointSourceFinite: -123.200, 42.500",SLAB,3,6.85,3.027143520419428e-07,50.0,8.0,-123.2,42.5,50.0
3592,EVT_00009463,a3d7b7e1c3b215c8bb97efca,8231,0,8211,548,8211,"PointSourceFinite: -122.300, 44.700",SLAB,1,6.65,3.194246421677748e-07,60.0,8.0,-122.3,44.7,60.0
3593,EVT_00009466,814398b88d17856a3669f2e7,8231,0,8211,73,8211,"PointSourceFinite: -123.300, 42.400",SLAB,4,6.95,3.3283753222372e-07,42.0,8.0,-123.3,42.4,42.0
3594,EVT_00009468,4019118284344e951e166443,3199,10,3171,0,3171,"Cascadia (unsegmented, 1-2-3-4, middle)",INTERFACE,25,8.0,3.360214953117753e-07,5.0,105.0,,,
3595,EVT_00009470,0812bacd14a38954a5a5251f,3199,15,3170,0,3170,"Cascadia (unsegmented, 1-2-3-4, bottom)",INTERFACE,1330,8.0,6.50020652165802e-07,5.0,155.0,,,
3596,EVT_00009471,74bd382e39699d73df48b99a,3199,9,3161,0,3161,"Cascadia (unsegmented, 1-2-3, middle)",INTERFACE,336,8.3,7.530120256384362e-07,5.0,80.0,,,
3597,EVT_00009472,3db96ff2fcf72b589b58569a,3199,9,3161,0,3161,"Cascadia (unsegmented, 1-2-3, middle)",INTERFACE,329,8.3,7.530120256384362e-07,5.0,80.0,,,
3598,EVT_00009474,549b883a40ee9953e8c8f86b,8231,0,8211,777,8211,"PointSourceFinite: -123.400, 46.100",SLAB,1,6.65,2.7558238532655164e-07,42.0,8.0,-123.4,46.1,42.0
3599,EVT_00009476,aa2922cc774f05f347640059,8231,0,8211,618,8211,"PointSourceFinite: -122.500, 45.100",SLAB,0,6.55,4.820656591737076e-07,50.0,8.0,-122.5,45.1,50.0
3600,EVT_00009477,339fdc7c590d640bf914e0f4,8231,1,8212,776,8212,"PointSourceFinite: -123.500, 46.100",SLAB,6,7.85,4.984520651862211e-10,42.0,8.0,-123.5,46.1,42.0
3601,EVT_00009479,35195cb99f24c32cd9a1771f,3199,0,3172,0,3172,"Cascadia (unsegmented, 1-2-3-4, top)",INTERFACE,2,8.0,3.41530044415247e-07,5.449753310287672,85.0,,,
3602,EVT_00009482,d1035fec8888796c4d992bc6,8231,0,8211,92,8211,"PointSourceFinite: -123.500, 42.500",SLAB,4,6.95,4.155757934822809e-07,42.0,8.0,-123.5,42.5,42.0
3603,EVT_00009483,3885123ceaed30649e490622,8231,0,8211,409,8211,"PointSourceFinite: -122.800, 44.000",SLAB,1,6.65,1.9861575551997602e-07,50.0,8.0,-122.8,44.0,50.0
3604,EVT_00009487,24cbe871b439b90f4b1ee701,8231,0,8211,611,8211,"PointSourceFinite: -123.200, 45.100",SLAB,6,7.15,5.630087099500335e-07,50.0,8.0,-123.2,45.1,50.0
3605,EVT_00009490,dc1e740f9e60a0844dbc501b,8231,0,8211,42,8211,"PointSourceFinite: -124.300, 42.300",SLAB,1,6.65,8.359707085593059e-07,42.0,8.0,-124.3,42.3,42.0
3606,EVT_00009495,c603e2ca31e8a86c4503b534,8231,0,8211,27,8211,"PointSourceFinite: -123.700, 42.200",SLAB,1,6.65,7.076435454089938e-07,42.0,8.0,-123.7,42.2,42.0
3607,EVT_00009497,bfd1fcebb8d4d6fd57449762,3199,1,3160,0,3160,"Cascadia (unsegmented, 1-2-3, bottom)",INTERFACE,745,8.1,1.000721591214509e-06,5.0,145.0,,,
3608,EVT_00009498,730297583553e3e7262961c2,3199,12,3162,0,3162,"Cascadia (unsegmented, 1-2-3, top)",INTERFACE,238,8.2,6.944444236443356e-07,5.0,70.0,,,
3609,EVT_00009507,8eba42d346b595bb5ba3a0bb,8231,0,8211,768,8211,"PointSourceFinite: -122.700, 46.000",SLAB,5,7.05,1.5431971502200294e-07,50.0,8.0,-122.7,46.0,50.0
3610,EVT_00009509,bb1914728dda8b792e907e60,8231,0,8211,488,8211,"PointSourceFinite: -122.600, 44.400",SLAB,3,6.85,2.855830493323355e-07,50.0,8.0,-122.6,44.4,50.0
3611,EVT_00009512,0cf0f37ceefa56ed98f644ca,8231,0,8211,403,8211,"PointSourceFinite: -123.400, 44.000",SLAB,1,6.65,2.392069177519952e-07,42.0,8.0,-123.4,44.0,42.0
3612,EVT_00009514,f9d8e4b3668ba6b3ff56479e,3199,9,3161,0,3161,"Cascadia (unsegmented, 1-2-3, middle)",INTERFACE,456,8.5,1.0080644859353255e-06,5.0707541830533565,80.0,,,
3613,EVT_00009516,7820d9a652413ca8c65642d3,8231,0,8211,620,8211,"PointSourceFinite: -122.300, 45.100",SLAB,2,6.75,3.0298547575296585e-07,60.0,8.0,-122.3,45.1,60.0
3614,EVT_00009518,69741a771f800ae3d3961eb8,8231,0,8211,445,8211,"PointSourceFinite: -123.100, 44.200",SLAB,0,6.55,3.8545852444192563e-07,50.0,8.0,-123.1,44.2,50.0
3615,EVT_00009520,00b3e6411bf4649e953ec107,3199,9,3161,0,3161,"Cascadia (unsegmented, 1-2-3, middle)",INTERFACE,629,8.0,1.1864454622055416e-06,5.0,80.0,,,
3616,EVT_00009523,baf653c20d17882677095710,3199,9,3161,0,3161,"Cascadia (unsegmented, 1-2-3, middle)",INTERFACE,862,8.2,8.473124973075812e-07,5.0,80.0,,,
3617,EVT_00009524,05222d934526aed141b54216,8231,0,8211,623,8211,"PointSourceFinite: -123.800, 45.200",SLAB,4,6.95,6.590568071735882e-07,42.0,8.0,-123.8,45.2,42.0
3618,EVT_00009525,7bc278c5dc1ec24be580d09d,3199,0,3172,0,3172,"Cascadia (unsegmented, 1-2-3-4, top)",INTERFACE,1598,8.2,4.5090898979526244e-07,5.201976494599967,85.0,,,
3619,EVT_00009529,6b774429b55db45adbcefdd6,3199,15,3170,0,3170,"Cascadia (unsegmented, 1-2-3-4, bottom)",INTERFACE,16,8.0,3.324467985531395e-07,5.030766681828352,155.0,,,
3620,EVT_00009539,8ef8ad562ef48b1bf25af81e,3199,15,3170,0,3170,"Cascadia (unsegmented, 1-2-3-4, bottom)",INTERFACE,1984,8.3,3.6456563013333184e-07,5.0,155.0,,,
3621,EVT_00009540,e0908118e5619b9bc26dbfe4,8231,0,8211,513,8211,"PointSourceFinite: -123.900, 44.600",SLAB,1,6.65,6.235185527980345e-07,42.0,8.0,-123.9,44.6,42.0
3622,EVT_00009542,f36b6a06f9c9bedbaabbf272,3199,9,3161,0,3161,"Cascadia (unsegmented, 1-2-3, middle)",INTERFACE,472,8.5,1.0080644859353255e-06,5.0,80.0,,,
3623,EVT_00009543,420e3714a195de3512abebec,3199,9,3161,0,3161,"Cascadia (unsegmented, 1-2-3, middle)",INTERFACE,860,8.2,8.473124973075812e-07,5.0,80.0,,,
3624,EVT_00009548,c3163dd03929c7c42ba90907,8231,0,8211,454,8211,"PointSourceFinite: -124.100, 44.300",SLAB,2,6.75,3.017569390466753e-07,42.0,8.0,-124.1,44.3,42.0
3625,EVT_00009552,14fd5b35b7f067e63fd5e0f5,8231,0,8211,58,8211,"PointSourceFinite: -122.700, 42.300",SLAB,2,6.75,1.5650433103560553e-07,50.0,8.0,-122.7,42.3,50.0
3626,EVT_00009553,fe8c5e5f355f6e5b0a751189,8231,0,8211,713,8211,"PointSourceFinite: -123.300, 45.700",SLAB,2,6.75,5.389904403084655e-07,42.0,8.0,-123.3,45.7,42.0
3627,EVT_00009558,847a2db824d84b1f89274ba3,8231,0,8211,681,8211,"PointSourceFinite: -123.100, 45.500",SLAB,5,7.05,4.710320329852501e-07,50.0,8.0,-123.1,45.5,50.0
3628,EVT_00009560,dae8e8546dd5c6db53f4be27,8231,0,8211,769,8211,"PointSourceFinite: -122.600, 46.000",SLAB,6,7.15,1.2788766322086464e-07,50.0,8.0,-122.6,46.0,50.0
3629,EVT_00009567,287d0702f3ff2a0aa70dd2bd,8231,0,8211,185,8211,"PointSourceFinite: -122.600, 42.900",SLAB,3,6.85,1.0392017161142345e-07,50.0,8.0,-122.6,42.9,50.0
3630,EVT_00009569,973df8f33cc98d1911f5dc3a,8231,0,8211,382,8211,"PointSourceFinite: -123.500, 43.900",SLAB,1,6.65,1.9128867430848648e-07,42.0,8.0,-123.5,43.9,42.0
3631,EVT_00009574,7447ea3772cb440533f23f60,3199,0,3172,0,3172,"Cascadia (unsegmented, 1-2-3-4, top)",INTERFACE,1858,8.3,3.7574862492269787e-07,5.0,85.0,,,
3632,EVT_00009577,0b6a429daaaeabcd17c28d5e,8231,1,8212,627,8212,"PointSourceFinite: -123.400, 45.200",SLAB,0,7.25,5.096628366612105e-08,42.0,8.0,-123.4,45.2,42.0
3633,EVT_00009580,085024da025d1d7e5c833ce8,3199,12,3162,0,3162,"Cascadia (unsegmented, 1-2-3, top)",INTERFACE,818,8.2,8.567270806109988e-07,5.0,70.0,,,
3634,EVT_00009582,9ec7b0a711422e5accf0db34,8231,0,8211,117,8211,"PointSourceFinite: -123.100, 42.600",SLAB,1,6.65,2.9423676366236894e-07,50.0,8.0,-123.1,42.6,50.0
3635,EVT_00009583,cc879aad454f9eb3e7cd66b6,8231,0,8211,290,8211,"PointSourceFinite: -122.600, 43.400",SLAB,5,7.05,7.08353695370121e-08,50.0,8.0,-122.6,43.4,50.0
3636,EVT_00009584,b62dbc4e61dc3677b51b711f,8231,0,8211,551,8211,"PointSourceFinite: -123.800, 44.800",SLAB,3,6.85,6.664941622591051e-07,42.0,8.0,-123.8,44.8,42.0
3637,EVT_00009585,a76fb08b12d9126a32516083,3199,9,3161,0,3161,"Cascadia (unsegmented, 1-2-3, middle)",INTERFACE,1045,8.5,6.232945289588634e-07,5.115775521311655,80.0,,,
3638,EVT_00009593,90fdb58cc5e28cf0a833af1b,8231,0,8211,341,8211,"PointSourceFinite: -123.600, 43.700",SLAB,0,6.55,1.524791036536297e-07,42.0,8.0,-123.6,43.7,42.0
3639,EVT_00009595,1ab07d79888fc25d2c1c3435,8231,0,8211,535,8211,"PointSourceFinite: -123.600, 44.700",SLAB,2,6.75,7.336987517384271e-07,42.0,8.0,-123.6,44.7,42.0
3640,EVT_00009598,cad3d6075a00b9dff80fa422,8231,0,8211,521,8211,"PointSourceFinite: -123.100, 44.600",SLAB,5,7.05,4.6324689968772484e-07,50.0,8.0,-123.1,44.6,50.0
3641,EVT_00009600,6d703ef9f5bc6bead84ff44e,3199,12,3162,0,3162,"Cascadia (unsegmented, 1-2-3, top)",INTERFACE,513,8.6,1.3020832943331291e-06,5.048364981958609,70.0,,,
3642,EVT_00009601,63fac8c577e1f27c6b475d49,8231,0,8211,481,8211,"PointSourceFinite: -123.300, 44.400",SLAB,6,7.15,3.458177225164063e-07,42.0,8.0,-123.3,44.4,42.0
3643,EVT_00009603,3f903d4fa8e220fc2d508d72,8231,0,8211,569,8211,"PointSourceFinite: -123.800, 44.900",SLAB,3,6.85,7.038302970389372e-07,42.0,8.0,-123.8,44.9,42.0
3644,EVT_00009609,f2ea464cdec16b8b86c43811,3199,15,3170,0,3170,"Cascadia (unsegmented, 1-2-3-4, bottom)",INTERFACE,1605,8.1,5.33351617295645e-07,5.0,155.0,,,
3645,EVT_00009611,3531b6c3f9fe230c673457f6,3199,12,3162,0,3162,"Cascadia (unsegmented, 1-2-3, top)",INTERFACE,348,8.3,7.621950991218317e-07,5.0,70.0,,,
3646,EVT_00009612,1fb3b44e71a1fd0cfe1d80fc,8231,0,8211,268,8211,"PointSourceFinite: -122.700, 43.300",SLAB,6,7.15,6.777293824645884e-08,50.0,8.0,-122.7,43.3,50.0
3647,EVT_00009615,4e9af0fdfbccb45b0d7b63b4,3199,9,3161,0,3161,"Cascadia (unsegmented, 1-2-3, middle)",INTERFACE,772,8.1,1.000721591214509e-06,5.0,80.0,,,
3648,EVT_00009618,52d673601c322a73e46de1f3,3199,1,3160,0,3160,"Cascadia (unsegmented, 1-2-3, bottom)",INTERFACE,706,8.1,1.000721591214509e-06,5.088923136616431,145.0,,,
3649,EVT_00009621,b358184167fde5254fe2b204,8231,0,8211,508,8211,"PointSourceFinite: -122.500, 44.500",SLAB,2,6.75,3.179323213179104e-07,50.0,8.0,-122.5,44.5,50.0
3650,EVT_00009622,07499ca248806107f3cd71d5,3199,9,3161,0,3161,"Cascadia (unsegmented, 1-2-3, middle)",INTERFACE,635,8.0,1.1864454622055416e-06,5.0,80.0,,,
3651,EVT_00009623,9a411904f2679f9730fa44c5,8231,0,8211,517,8211,"PointSourceFinite: -123.500, 44.600",SLAB,0,6.55,8.08895922204114e-07,42.0,8.0,-123.5,44.6,42.0
3652,EVT_00009646,363fa1de07bbe89c7213910a,8231,0,8211,173,8211,"PointSourceFinite: -123.800, 42.900",SLAB,4,6.95,3.33707617934262e-07,42.0,8.0,-123.8,42.9,42.0
3653,EVT_00009649,00ad81c24eeeefc4ac660ce9,8231,0,8211,559,8211,"PointSourceFinite: -123.000, 44.800",SLAB,1,6.65,7.345603227901962e-07,50.0,8.0,-123.0,44.8,50.0
3654,EVT_00009650,bab1a3a16bbed9d1d246900b,8231,0,8211,534,8211,"PointSourceFinite: -123.700, 44.700",SLAB,0,6.55,8.532049389568954e-07,42.0,8.0,-123.7,44.7,42.0
3655,EVT_00009651,0b1deca7fc3db9a6069a2661,3199,15,3170,0,3170,"Cascadia (unsegmented, 1-2-3-4, bottom)",INTERFACE,1451,8.0,6.50020652165802e-07,5.0,155.0,,,
3656,EVT_00009657,1f0288f49bd00b0931b6a5e2,3199,12,3162,0,3162,"Cascadia (unsegmented, 1-2-3, top)",INTERFACE,918,8.3,7.469149495414605e-07,5.0,70.0,,,
3657,EVT_00009666,8467487db26ccce512d60cff,8231,0,8211,383,8211,"PointSourceFinite: -123.400, 43.900",SLAB,1,6.65,1.9229170927282882e-07,42.0,8.0,-123.4,43.9,42.0
3658,EVT_00009668,ade0232d5e249ae5ff510563,8231,1,8212,112,8212,"PointSourceFinite: -123.600, 42.600",SLAB,2,7.45,2.12667801335538e-08,42.0,8.0,-123.6,42.6,42.0
3659,EVT_00009669,0dcc0f8216d2c4058be68cd6,8231,0,8211,318,8211,"PointSourceFinite: -123.900, 43.600",SLAB,6,7.15,8.354927033729654e-08,42.0,8.0,-123.9,43.6,42.0
3660,EVT_00009674,ad70c0380d446bcd1eca3ed9,8231,0,8211,111,8211,"PointSourceFinite: -123.700, 42.600",SLAB,0,6.55,6.779268825480864e-07,42.0,8.0,-123.7,42.6,42.0
3661,EVT_00009677,f96236e9eda6ce9e07e2802d,8231,0,8211,627,8211,"PointSourceFinite: -123.400, 45.200",SLAB,5,7.05,6.503530912309095e-07,42.0,8.0,-123.4,45.2,42.0
3662,EVT_00009678,a94f91b6d19e8505663a9dc0,8231,0,8211,25,8211,"PointSourceFinite: -123.900, 42.200",SLAB,1,6.65,8.047425438694402e-07,42.0,8.0,-123.9,42.2,42.0
3663,EVT_00009683,2663fbd7cfc716762024d125,3199,9,3161,0,3161,"Cascadia (unsegmented, 1-2-3, middle)",INTERFACE,257,8.2,6.868131662416505e-07,5.0,80.0,,,
3664,EVT_00009690,c850629d85bf3e214825e5f4,3199,9,3161,0,3161,"Cascadia (unsegmented, 1-2-3, middle)",INTERFACE,1038,8.4,6.66441670347842e-07,5.0,80.0,,,
3665,EVT_00009696,7a4482663166950bcf7d3602,3199,9,3161,0,3161,"Cascadia (unsegmented, 1-2-3, middle)",INTERFACE,606,8.0,1.1864454622055416e-06,5.045338172905599,80.0,,,
3666,EVT_00009698,eef04ce53e2d533946ae8048,3199,0,3172,0,3172,"Cascadia (unsegmented, 1-2-3-4, top)",INTERFACE,1262,8.0,6.677807792741574e-07,5.0,85.0,,,
3667,EVT_00009700,24b06c0ff750d9a44d237de5,8231,0,8211,152,8211,"PointSourceFinite: -123.800, 42.800",SLAB,2,6.75,4.737039826122439e-07,42.0,8.0,-123.8,42.8,42.0
3668,EVT_00009702,5748f5468912690815e4faf8,3199,1,3160,0,3160,"Cascadia (unsegmented, 1-2-3, bottom)",INTERFACE,409,8.4,8.56164357917674e-07,5.0,145.0,,,
3669,EVT_00009707,d4062724f83ccf2c4b29b622,8231,0,8211,631,8211,"PointSourceFinite: -123.000, 45.200",SLAB,5,7.05,5.26953654273051e-07,50.0,8.0,-123.0,45.2,50.0
3670,EVT_00009710,734d27dc2be7578f0b8a908a,3199,15,3170,0,3170,"Cascadia (unsegmented, 1-2-3-4, bottom)",INTERFACE,2491,8.7,2.0489815269661282e-07,5.0,155.0,,,
3671,EVT_00009712,0691541a37b97e739570178a,3199,12,3162,0,3162,"Cascadia (unsegmented, 1-2-3, top)",INTERFACE,939,8.3,7.469149495414605e-07,5.0,70.0,,,
3672,EVT_00009718,f12b30bbecc02fe320be84b5,3199,12,3162,0,3162,"Cascadia (unsegmented, 1-2-3, top)",INTERFACE,199,8.2,6.944444236443356e-07,5.351188965910279,70.0,,,
3673,EVT_00009722,c653e03887872f5fafdb9fb8,8231,0,8211,596,8211,"PointSourceFinite: -122.900, 45.000",SLAB,4,6.95,5.412352451342893e-07,50.0,8.0,-122.9,45.0,50.0
3674,EVT_00009723,6fea9eb650895f253604175d,3199,15,3170,0,3170,"Cascadia (unsegmented, 1-2-3-4, bottom)",INTERFACE,1810,8.2,4.380990753124425e-07,5.0,155.0,,,
3675,EVT_00009729,a37e764291e6cab2be691bc5,8231,0,8211,40,8211,"PointSourceFinite: -122.400, 42.200",SLAB,6,7.15,7.691881996799524e-08,60.0,8.0,-122.4,42.2,60.0
3676,EVT_00009735,3bec10d75d9de76fbca15185,8231,0,8211,360,8211,"PointSourceFinite: -123.700, 43.800",SLAB,2,6.75,1.4120551520967505e-07,42.0,8.0,-123.7,43.8,42.0
3677,EVT_00009736,7927e1462a259d53dd8dc8db,8231,1,8212,24,8212,"PointSourceFinite: -124.000, 42.200",SLAB,0,7.25,4.5237443148418723e-08,42.0,8.0,-124.0,42.2,42.0
3678,EVT_00009740,b1db7368c343ab753839f405,3199,15,3170,0,3170,"Cascadia (unsegmented, 1-2-3-4, bottom)",INTERFACE,1555,8.1,5.33351617295645e-07,5.0,155.0,,,
3679,EVT_00009742,ceefb651b5b74732b916d140,8231,0,8211,137,8211,"PointSourceFinite: -123.200, 42.700",SLAB,3,6.85,2.620435253166424e-07,50.0,8.0,-123.2,42.7,50.0
3680,EVT_00009746,cb53ac3ad5c04a2d92f79f05,8231,0,8211,680,8211,"PointSourceFinite: -123.200, 45.500",SLAB,1,6.65,7.252826228154619e-07,50.0,8.0,-123.2,45.5,50.0
3681,EVT_00009747,0d03ecf94c73b13b3c2ea0e1,3199,12,3162,0,3162,"Cascadia (unsegmented, 1-2-3, top)",INTERFACE,848,8.2,8.567270806109988e-07,5.0,70.0,,,
3682,EVT_00009750,38409656afb94730b16651f8,3199,9,3161,0,3161,"Cascadia (unsegmented, 1-2-3, middle)",INTERFACE,646,8.0,1.1864454622055416e-06,5.0,80.0,,,
3683,EVT_00009751,3bbba0474d3cd18ba8d315d6,3199,1,3160,0,3160,"Cascadia (unsegmented, 1-2-3, bottom)",INTERFACE,392,8.4,8.56164357917674e-07,5.0021606908857805,145.0,,,
3684,EVT_00009752,fe5f29dfa786a38460cff4ee,3199,10,3171,0,3171,"Cascadia (unsegmented, 1-2-3-4, middle)",INTERFACE,2260,8.5,2.665121434168933e-07,5.0,105.0,,,
3685,EVT_00009756,bb8b5de98628c8109456098a,3199,9,3161,0,3161,"Cascadia (unsegmented, 1-2-3, middle)",INTERFACE,21,8.0,6.06796098330002e-07,5.0,80.0,,,
3686,EVT_00009760,3ae6443ef52ebcd5de218a9b,8231,0,8211,221,8211,"PointSourceFinite: -123.200, 43.100",SLAB,2,6.75,1.6822250663423817e-07,50.0,8.0,-123.2,43.1,50.0
3687,EVT_00009761,a4c7441f9b6501af6a0e2a38,8231,0,8211,458,8211,"PointSourceFinite: -123.700, 44.300",SLAB,3,6.85,3.614309760284317e-07,42.0,8.0,-123.7,44.3,42.0
3688,EVT_00009764,cccba596b909851587fa31af,8231,0,8211,646,8211,"PointSourceFinite: -123.200, 45.300",SLAB,3,6.85,6.999065607977397e-07,50.0,8.0,-123.2,45.3,50.0
3689,EVT_00009768,57e65a24df2457df6d65005f,3199,12,3162,0,3162,"Cascadia (unsegmented, 1-2-3, top)",INTERFACE,293,8.3,7.621950991218317e-07,5.183708115549615,70.0,,,
3690,EVT_00009769,7b7d78235e2fbcdbbab20ec8,3199,15,3170,0,3170,"Cascadia (unsegmented, 1-2-3-4, bottom)",INTERFACE,1717,8.2,4.380990753124425e-07,5.0,155.0,,,
3691,EVT_00009776,b6a544cc7e66ad7834d76400,8231,0,8211,746,8211,"PointSourceFinite: -123.300, 45.900",SLAB,5,7.05,2.8688040050671746e-07,42.0,8.0,-123.3,45.9,42.0
3692,EVT_00009778,cb4b22b256c3a97e5c92afab,8231,0,8211,110,8211,"PointSourceFinite: -123.800, 42.600",SLAB,6,7.15,4.177802895160837e-07,42.0,8.0,-123.8,42.6,42.0
3693,EVT_00009779,12d2790be0a5c1872c307282,8231,0,8211,32,8211,"PointSourceFinite: -123.200, 42.200",SLAB,6,7.15,2.3902804411267104e-07,50.0,8.0,-123.2,42.2,50.0
3694,EVT_00009783,19d3579b87f508cc74a1f728,8231,0,8211,547,8211,"PointSourceFinite: -122.400, 44.700",SLAB,5,7.05,2.514325476540144e-07,60.0,8.0,-122.4,44.7,60.0
3695,EVT_00009784,b9db804fc0fff334f9b2aa81,8231,0,8211,765,8211,"PointSourceFinite: -123.000, 46.000",SLAB,3,6.85,2.391035105791316e-07,50.0,8.0,-123.0,46.0,50.0
3696,EVT_00009785,1246178ac5c2b827e60e27ff,3199,1,3160,0,3160,"Cascadia (unsegmented, 1-2-3, bottom)",INTERFACE,708,8.1,1.000721591214509e-06,5.052892089383357,145.0,,,
3697,EVT_00009786,351f58bffedcc6648df936f2,8231,0,8211,222,8211,"PointSourceFinite: -123.100, 43.100",SLAB,1,6.65,1.6712297806741877e-07,50.0,8.0,-123.1,43.1,50.0
3698,EVT_00009788,24f7cc4b9bd54d585662ca58,8231,0,8211,784,8211,"PointSourceFinite: -122.700, 46.100",SLAB,6,7.15,1.1783404784653021e-07,50.0,8.0,-122.7,46.1,50.0
3699,EVT_00009798,de1f5b2b2ca4a794bf7ce1fe,8231,0,8211,177,8211,"PointSourceFinite: -123.400, 42.900",SLAB,6,7.15,1.990193823518178e-07,42.0,8.0,-123.4,42.9,42.0
3700,EVT_00009801,18064342dfa1e8aceb06024d,8231,0,8211,77,8211,"PointSourceFinite: -122.900, 42.400",SLAB,2,6.75,2.1103020845398575e-07,50.0,8.0,-122.9,42.4,50.0
3701,EVT_00009805,314d0bde632da8f30e848540,8231,0,8211,336,8211,"PointSourceFinite: -124.100, 43.700",SLAB,0,6.55,1.4093696979101578e-07,42.0,8.0,-124.1,43.7,42.0
3702,EVT_00009809,63af4e3865ccb577d6b2d431,8231,0,8211,312,8211,"PointSourceFinite: -122.500, 43.500",SLAB,0,6.55,1.1123382683263249e-07,50.0,8.0,-122.5,43.5,50.0
3703,EVT_00009815,cc49b338ecfa3f6feb0af40c,8231,0,8211,578,8211,"PointSourceFinite: -122.900, 44.900",SLAB,6,7.15,4.428970869811492e-07,50.0,8.0,-122.9,44.9,50.0
3704,EVT_00009818,a6119291b8b8caeb1b5863c1,8231,0,8211,32,8211,"PointSourceFinite: -123.200, 42.200",SLAB,0,6.55,4.153831331533421e-07,50.0,8.0,-123.2,42.2,50.0
3705,EVT_00009823,83f0197b2ee03c5958f81abb,8231,0,8211,85,8211,"PointSourceFinite: -124.200, 42.500",SLAB,0,6.55,8.641514256535644e-07,42.0,8.0,-124.2,42.5,42.0
3706,EVT_00009834,30b4bdf5a76793cfc40b8ca3,3199,1,3160,0,3160,"Cascadia (unsegmented, 1-2-3, bottom)",INTERFACE,1035,8.4,6.66441670347842e-07,5.0,145.0,,,
3707,EVT_00009839,4b97b9851497afa9f7845fec,8231,0,8211,102,8211,"PointSourceFinite: -122.500, 42.500",SLAB,0,6.55,1.4498888213041718e-07,50.0,8.0,-122.5,42.5,50.0
3708,EVT_00009844,07a844cd856a4bfb50f6b81d,3199,9,3161,0,3161,"Cascadia (unsegmented, 1-2-3, middle)",INTERFACE,988,8.4,6.66441670347842e-07,5.0,80.0,,,
3709,EVT_00009846,1c259d2311f773bafc37b49c,8231,0,8211,550,8211,"PointSourceFinite: -123.900, 44.800",SLAB,1,6.65,7.503407089361639e-07,42.0,8.0,-123.9,44.8,42.0
3710,EVT_00009849,890dc6295ba34b466c663b78,3199,15,3170,0,3170,"Cascadia (unsegmented, 1-2-3-4, bottom)",INTERFACE,1124,8.6,4.664178964775388e-07,5.0,155.0,,,
3711,EVT_00009854,a94adbc964278225c10357b6,3199,10,3171,0,3171,"Cascadia (unsegmented, 1-2-3-4, middle)",INTERFACE,187,8.1,3.4722221182216775e-07,5.429371204994437,105.0,,,
3712,EVT_00009857,752df094b42223e9f476d52e,8231,0,8211,307,8211,"PointSourceFinite: -123.000, 43.500",SLAB,0,6.55,1.2587534336263334e-07,50.0,8.0,-123.0,43.5,50.0
3713,EVT_00009866,5c0b64107d69ef43250632b8,8231,0,8211,275,8211,"PointSourceFinite: -124.100, 43.400",SLAB,1,6.65,1.6406724145995944e-07,42.0,8.0,-124.1,43.4,42.0
3714,EVT_00009867,95c681cd3f40745972fa95aa,8231,0,8211,707,8211,"PointSourceFinite: -123.900, 45.700",SLAB,0,6.55,5.841647240477629e-07,42.0,8.0,-123.9,45.7,42.0
3715,EVT_00009870,b8d5c0f0f43bfdb21a0ed628,8231,0,8211,134,8211,"PointSourceFinite: -123.500, 42.700",SLAB,2,6.75,4.2247719320670986e-07,42.0,8.0,-123.5,42.7,42.0
3716,EVT_00009875,2a1d3d07df5ba9d26888aa56,3199,9,3161,0,3161,"Cascadia (unsegmented, 1-2-3, middle)",INTERFACE,837,8.2,8.473124973075812e-07,5.0,80.0,,,
3717,EVT_00009879,7fadfe2ba1716e4978ddb84a,8231,0,8211,105,8211,"PointSourceFinite: -124.300, 42.600",SLAB,3,6.85,5.938665032347293e-07,42.0,8.0,-124.3,42.6,42.0
3718,EVT_00009880,8d147f8b47ba4aee232d6582,8231,0,8211,192,8211,"PointSourceFinite: -124.000, 43.000",SLAB,0,6.55,4.250738224235831e-07,42.0,8.0,-124.0,43.0,42.0
3719,EVT_00009881,26d49f6d3e9301a45cd1e5d8,8231,0,8211,670,8211,"PointSourceFinite: -122.500, 45.400",SLAB,5,7.05,2.6404192508428737e-07,50.0,8.0,-122.5,45.4,50.0
3720,EVT_00009885,ad20b4e6ee67e14904ba7700,8231,0,8211,400,8211,"PointSourceFinite: -123.700, 44.000",SLAB,5,7.05,1.568042247157634e-07,42.0,8.0,-123.7,44.0,42.0
3721,EVT_00009888,9394b231d01670d2b4504159,3199,12,3162,0,3162,"Cascadia (unsegmented, 1-2-3, top)",INTERFACE,615,8.0,1.1980772804624588e-06,5.0,70.0,,,
3722,EVT_00009890,472836220fafe22fc95e0b32,8231,0,8211,604,8211,"PointSourceFinite: -123.900, 45.100",SLAB,6,7.15,5.207216209321893e-07,42.0,8.0,-123.9,45.1,42.0
3723,EVT_00009891,b72aa255e246828f231e9d61,3199,12,3162,0,3162,"Cascadia (unsegmented, 1-2-3, top)",INTERFACE,1079,8.5,6.335124720565497e-07,5.0,70.0,,,
3724,EVT_00009896,d9d1a1a5052fe6f2376c0c88,8231,0,8211,718,8211,"PointSourceFinite: -122.800, 45.700",SLAB,6,7.15,2.558022037272153e-07,50.0,8.0,-122.8,45.7,50.0
3725,EVT_00009900,1a81d169a47fa5ce7cdf8bd1,8231,0,8211,386,8211,"PointSourceFinite: -123.100, 43.900",SLAB,6,7.15,1.1635456320954345e-07,50.0,8.0,-123.1,43.9,50.0
3726,EVT_00009903,02208fdc7d9e2a127e60e823,8231,0,8211,748,8211,"PointSourceFinite: -123.100, 45.900",SLAB,0,6.55,4.121104440946497e-07,50.0,8.0,-123.1,45.9,50.0
3727,EVT_00009908,4136b5454499443649a71949,8231,0,8211,523,8211,"PointSourceFinite: -122.900, 44.600",SLAB,3,6.85,4.838618123569087e-07,50.0,8.0,-122.9,44.6,50.0
3728,EVT_00009910,3ec96127fb3f1b0cdde35f06,8231,0,8211,662,8211,"PointSourceFinite: -123.300, 45.400",SLAB,3,6.85,6.884937242311217e-07,42.0,8.0,-123.3,45.4,42.0
3729,EVT_00009911,57a12e6be54ab2aa9b35db69,3199,10,3171,0,3171,"Cascadia (unsegmented, 1-2-3-4, middle)",INTERFACE,506,8.2,3.591953915401736e-07,5.0,105.0,,,
3730,EVT_00009920,ea06e3a3e152b7999b22222c,3199,1,3160,0,3160,"Cascadia (unsegmented, 1-2-3, bottom)",INTERFACE,790,8.1,1.000721591214509e-06,5.0,145.0,,,
3731,EVT_00009923,211ad43cc66d27cdcac0fbc5,8231,0,8211,724,8211,"PointSourceFinite: -123.900, 45.800",SLAB,2,6.75,4.133290590245121e-07,42.0,8.0,-123.9,45.8,42.0
3732,EVT_00009925,c2a6d95210f186bd9c64ea29,8231,0,8211,715,8211,"PointSourceFinite: -123.100, 45.700",SLAB,2,6.75,4.846415877751703e-07,50.0,8.0,-123.1,45.7,50.0
3733,EVT_00009926,6687e30b7d2b65db65b4f2a6,3199,10,3171,0,3171,"Cascadia (unsegmented, 1-2-3-4, middle)",INTERFACE,937,8.5,4.3103446984820834e-07,5.0,105.0,,,
3734,EVT_00009931,a64b13ca910e5dc8342a5096,3199,15,3170,0,3170,"Cascadia (unsegmented, 1-2-3-4, bottom)",INTERFACE,161,8.0,3.324467985531395e-07,5.0,155.0,,,
3735,EVT_00009933,14e23b2e3d2b2d04b716abe3,3199,10,3171,0,3171,"Cascadia (unsegmented, 1-2-3-4, middle)",INTERFACE,1396,8.0,6.57010121543929e-07,5.0,105.0,,,
3736,EVT_00009937,848982c74678fa4d356beb2b,8231,0,8211,84,8211,"PointSourceFinite: -124.300, 42.500",SLAB,1,6.65,7.741031513463144e-07,42.0,8.0,-124.3,42.5,42.0
3737,EVT_00009940,876debd3e247308154ab9645,8231,0,8211,104,8211,"PointSourceFinite: -122.300, 42.500",SLAB,5,7.05,7.791175206189643e-08,60.0,8.0,-122.3,42.5,60.0
3738,EVT_00009941,f8305e3af6145e961ef67e6b,3199,9,3161,0,3161,"Cascadia (unsegmented, 1-2-3, middle)",INTERFACE,327,8.3,7.530120256384362e-07,5.0,80.0,,,
3739,EVT_00009943,358366ed7e55d51bed80fb6f,8231,0,8211,730,8211,"PointSourceFinite: -123.300, 45.800",SLAB,0,6.55,5.494136658384842e-07,42.0,8.0,-123.3,45.8,42.0
3740,EVT_00009944,f96170749e0095b65ef22292,8231,0,8211,549,8211,"PointSourceFinite: -124.000, 44.800",SLAB,5,7.05,4.786760434755513e-07,42.0,8.0,-124.0,44.8,42.0
3741,EVT_00009948,9cc556b7b532b6b358ee4926,8231,0,8211,580,8211,"PointSourceFinite: -122.700, 44.900",SLAB,4,6.95,4.3138151898961844e-07,50.0,8.0,-122.7,44.9,50.0
3742,EVT_00009949,b31dc4ea8278dd6d386bc57b,3199,1,3160,0,3160,"Cascadia (unsegmented, 1-2-3, bottom)",INTERFACE,976,8.4,6.66441670347842e-07,5.068358434762347,145.0,,,
3743,EVT_00009955,36ddcbb81ef17e6a55780da1,8231,0,8211,356,8211,"PointSourceFinite: -124.100, 43.800",SLAB,3,6.85,1.1415300116856269e-07,42.0,8.0,-124.1,43.8,42.0
3744,EVT_00009957,92e9b7863244e6329581e5c6,3199,1,3160,0,3160,"Cascadia (unsegmented, 1-2-3, bottom)",INTERFACE,469,8.5,1.0080644859353255e-06,5.0,145.0,,,
3745,EVT_00009959,898b1ba0d622d9afb05e9e8c,8231,0,8211,570,8211,"PointSourceFinite: -123.700, 44.900",SLAB,4,6.95,6.73948318454853e-07,42.0,8.0,-123.7,44.9,42.0
3746,EVT_00009968,69b52838a93f79cc9b6a64b0,3199,12,3162,0,3162,"Cascadia (unsegmented, 1-2-3, top)",INTERFACE,535,8.6,1.3020832943331291e-06,5.0,70.0,,,
3747,EVT_00009971,aca83ae186e1d88c35ed0100,8231,0,8211,480,8211,"PointSourceFinite: -123.400, 44.400",SLAB,3,6.85,4.614379128529367e-07,42.0,8.0,-123.4,44.4,42.0
3748,EVT_00009973,07a0ce947c00f725ace40610,8231,0,8211,578,8211,"PointSourceFinite: -122.900, 44.900",SLAB,3,6.85,5.838520693999032e-07,50.0,8.0,-122.9,44.9,50.0
3749,EVT_00009975,df0639bc2013176b5b448b33,3199,15,3170,0,3170,"Cascadia (unsegmented, 1-2-3-4, bottom)",INTERFACE,876,8.5,4.2517005529245033e-07,5.164730781213527,155.0,,,
3750,EVT_00009986,67c59b0b516080d236bf92cb,8231,0,8211,538,8211,"PointSourceFinite: -123.300, 44.700",SLAB,1,6.65,8.018950334186201e-07,42.0,8.0,-123.3,44.7,42.0
3751,EVT_00009991,0612e3856e7bbf578c380021,8231,0,8211,44,8211,"PointSourceFinite: -124.100, 42.300",SLAB,4,6.95,6.448734809536669e-07,42.0,8.0,-124.1,42.3,42.0
3752,EVT_00009992,62dc6f0bbbd87a1e23c568ed,8231,0,8211,693,8211,"PointSourceFinite: -123.600, 45.600",SLAB,5,7.05,4.832369716223317e-07,42.0,8.0,-123.6,45.6,42.0
3753,EVT_00010000,acdb9c611dde297638aad8a2,8231,0,8211,523,8211,"PointSourceFinite: -122.900, 44.600",SLAB,6,7.15,3.6704672026692963e-07,50.0,8.0,-122.9,44.6,50.0
3754,EVT_00010002,a93f579d9fbd34ac526f8062,3199,0,3172,0,3172,"Cascadia (unsegmented, 1-2-3-4, top)",INTERFACE,761,8.4,4.084967197907856e-07,5.0,85.0,,,
3755,EVT_00010010,5ed574bda7f508fc2255dfd8,8231,0,8211,734,8211,"PointSourceFinite: -122.900, 45.800",SLAB,1,6.65,3.845051455525756e-07,50.0,8.0,-122.9,45.8,50.0
3756,EVT_00010011,005a737a527cd219f1b5f5fb,8231,0,8211,465,8211,"PointSourceFinite: -123.000, 44.300",SLAB,3,6.85,3.381641640089812e-07,50.0,8.0,-123.0,44.3,50.0
3757,EVT_00010012,441c8386d7464d968480704e,3199,1,3160,0,3160,"Cascadia (unsegmented, 1-2-3, bottom)",INTERFACE,582,8.7,1.8382352390585351e-06,5.0,145.0,,,
3758,EVT_00010014,bf105235239a175eed93ac57,3199,12,3162,0,3162,"Cascadia (unsegmented, 1-2-3, top)",INTERFACE,869,8.2,8.567270806109988e-07,5.0,70.0,,,
3759,EVT_00010018,87c8c399006f8852e1459d0b,8231,1,8212,725,8212,"PointSourceFinite: -123.800, 45.800",SLAB,1,7.35,2.1677992523529728e-08,42.0,8.0,-123.8,45.8,42.0
3760,EVT_00010022,97f7de5ab882b5522a8245a9,8231,0,8211,10,8211,"PointSourceFinite: -123.300, 42.100",SLAB,3,6.85,3.578826807585236e-07,42.0,8.0,-123.3,42.1,42.0
3761,EVT_00010023,28f054835716bd50c4753fcd,8231,0,8211,109,8211,"PointSourceFinite: -123.900, 42.600",SLAB,4,6.95,5.281322027147293e-07,42.0,8.0,-123.9,42.6,42.0
3762,EVT_00010028,cb838711fa4351c599555452,8231,0,8211,608,8211,"PointSourceFinite: -123.500, 45.100",SLAB,6,7.15,6.070902617080661e-07,42.0,8.0,-123.5,45.1,42.0
3763,EVT_00010030,cdd0262cb8378002c34bba19,8231,0,8211,703,8211,"PointSourceFinite: -122.600, 45.600",SLAB,6,7.15,2.28940854264846e-07,50.0,8.0,-122.6,45.6,50.0
3764,EVT_00010032,b4ab1f439ddc7c70423bfeaa,8231,0,8211,12,8211,"PointSourceFinite: -123.100, 42.100",SLAB,6,7.15,1.9820295621622664e-07,50.0,8.0,-123.1,42.1,50.0
3765,EVT_00010035,ce1951824429cf930176a082,8231,0,8211,451,8211,"PointSourceFinite: -122.500, 44.200",SLAB,4,6.95,1.739153560283741e-07,50.0,8.0,-122.5,44.2,50.0
3766,EVT_00010040,d9ef4c3e5ac1a294b9839cec,3199,9,3161,0,3161,"Cascadia (unsegmented, 1-2-3, middle)",INTERFACE,230,8.2,6.868131662416505e-07,5.0,80.0,,,
3767,EVT_00010042,d57e43fe243fd821dd389665,3199,0,3172,0,3172,"Cascadia (unsegmented, 1-2-3-4, top)",INTERFACE,203,8.1,3.531073340564418e-07,5.0,85.0,,,
3768,EVT_00010050,b603010326044213864bf8ac,8231,0,8211,298,8211,"PointSourceFinite: -123.900, 43.500",SLAB,1,6.65,1.416138955656422e-07,42.0,8.0,-123.9,43.5,42.0
3769,EVT_00010051,21b8741416dd108a08b587f7,8231,0,8211,534,8211,"PointSourceFinite: -123.700, 44.700",SLAB,4,6.95,5.902736013113808e-07,42.0,8.0,-123.7,44.7,42.0
3770,EVT_00010054,fcf4e3cd0e0678755817ff52,3199,9,3161,0,3161,"Cascadia (unsegmented, 1-2-3, middle)",INTERFACE,844,8.2,8.473124973075812e-07,5.0,80.0,,,
3771,EVT_00010055,45e622edd8460fb88fb55bb2,3199,15,3170,0,3170,"Cascadia (unsegmented, 1-2-3-4, bottom)",INTERFACE,1775,8.2,4.380990753124425e-07,5.0,155.0,,,
3772,EVT_00010058,6adac33bdb44570457aef6bb,3199,15,3170,0,3170,"Cascadia (unsegmented, 1-2-3-4, bottom)",INTERFACE,1189,8.7,5.252100683024388e-07,5.0,155.0,,,
3773,EVT_00010063,6e67ceb569a51fc63aeb1994,3199,9,3161,0,3161,"Cascadia (unsegmented, 1-2-3, middle)",INTERFACE,1164,8.7,7.171435344381447e-07,5.014668232410635,80.0,,,
3774,EVT_00010064,493df9d6d63d8bf43015fdc9,3199,12,3162,0,3162,"Cascadia (unsegmented, 1-2-3, top)",INTERFACE,564,8.7,1.893939337211824e-06,5.019475053007608,70.0,,,
3775,EVT_00010067,0c8f5312ae3e64b50b1d8730,3199,0,3172,0,3172,"Cascadia (unsegmented, 1-2-3-4, top)",INTERFACE,2131,8.5,2.721426816580953e-07,5.0,85.0,,,
3776,EVT_00010076,aa055466f8bb5e1a852f15a1,3199,10,3171,0,3171,"Cascadia (unsegmented, 1-2-3-4, middle)",INTERFACE,1742,8.2,4.431346968677581e-07,5.0,105.0,,,
3777,EVT_00010078,fc7966fff6971785df5e8007,8231,0,8211,749,8211,"PointSourceFinite: -123.000, 45.900",SLAB,2,6.75,3.194147980890323e-07,50.0,8.0,-123.0,45.9,50.0
3778,EVT_00010087,1335e7145a7a5a8d6cc1f4c0,8231,0,8211,725,8211,"PointSourceFinite: -123.800, 45.800",SLAB,0,6.55,5.270906397620655e-07,42.0,8.0,-123.8,45.8,42.0
3779,EVT_00010090,caa32507216b457d164a86e1,8231,0,8211,428,8211,"PointSourceFinite: -122.900, 44.100",SLAB,0,6.55,2.825058673346917e-07,50.0,8.0,-122.9,44.1,50.0
3780,EVT_00010092,d4cead80be8a8074ff0b9b64,8231,0,8211,220,8211,"PointSourceFinite: -123.300, 43.100",SLAB,4,6.95,1.5427532819899853e-07,42.0,8.0,-123.3,43.1,42.0
3781,EVT_00010093,2d4b7cadca4232beacfa899c,8231,0,8211,255,8211,"PointSourceFinite: -124.000, 43.300",SLAB,3,6.85,1.6571174492827325e-07,42.0,8.0,-124.0,43.3,42.0
3782,EVT_00010097,170d4cda19fc0a150dcaaa6e,3199,10,3171,0,3171,"Cascadia (unsegmented, 1-2-3-4, middle)",INTERFACE,304,8.1,3.4722221182216775e-07,5.0,105.0,,,
3783,EVT_00010101,aadd9bbc930b47c6057dfd31,8231,0,8211,449,8211,"PointSourceFinite: -122.700, 44.200",SLAB,6,7.15,1.7184693550328325e-07,50.0,8.0,-122.7,44.2,50.0
3784,EVT_00010107,25fa594e67c065d6e2536a4e,8231,0,8211,719,8211,"PointSourceFinite: -122.700, 45.700",SLAB,4,6.95,2.747076152652404e-07,50.0,8.0,-122.7,45.7,50.0
3785,EVT_00010112,c9f9e03dbb4c1b2356e1edf5,3199,0,3172,0,3172,"Cascadia (unsegmented, 1-2-3-4, top)",INTERFACE,1318,8.0,6.677807792741574e-07,5.0,85.0,,,
3786,EVT_00010113,eef665ed4c56fb0121011c1f,8231,0,8211,240,8211,"PointSourceFinite: -123.400, 43.200",SLAB,0,6.55,2.0466787984849265e-07,42.0,8.0,-123.4,43.2,42.0
3787,EVT_00010114,b99482d1587a04efa1dc01f4,8231,0,8211,635,8211,"PointSourceFinite: -122.600, 45.200",SLAB,0,6.55,5.352426013656249e-07,50.0,8.0,-122.6,45.2,50.0
3788,EVT_00010116,67710420fc620a5a2c5a229f,8231,0,8211,690,8211,"PointSourceFinite: -123.900, 45.600",SLAB,5,7.05,4.223430870234962e-07,42.0,8.0,-123.9,45.6,42.0
3789,EVT_00010118,d5d85b043578b2628266b0b3,3199,12,3162,0,3162,"Cascadia (unsegmented, 1-2-3, top)",INTERFACE,1063,8.5,6.335124720565497e-07,5.0,70.0,,,
3790,EVT_00010119,921adc9c1cde17068701d32f,3199,12,3162,0,3162,"Cascadia (unsegmented, 1-2-3, top)",INTERFACE,496,8.5,1.024590133245741e-06,5.0,70.0,,,
3791,EVT_00010123,117499fa38fd54dc9182237b,8231,0,8211,169,8211,"PointSourceFinite: -124.200, 42.900",SLAB,0,6.55,5.210813450556176e-07,42.0,8.0,-124.2,42.9,42.0
3792,EVT_00010124,83a1932837c7f9e0aab461e3,8231,0,8211,425,8211,"PointSourceFinite: -123.200, 44.100",SLAB,3,6.85,2.436278794307352e-07,50.0,8.0,-123.2,44.1,50.0
3793,EVT_00010135,fdc3c99616519ce5cf7784d8,8231,0,8211,761,8211,"PointSourceFinite: -123.400, 46.000",SLAB,3,6.85,2.8661374311983697e-07,42.0,8.0,-123.4,46.0,42.0
3794,EVT_00010138,b9a0983b90242bedbb32b3c7,3199,9,3161,0,3161,"Cascadia (unsegmented, 1-2-3, middle)",INTERFACE,578,8.7,1.8382352390585351e-06,5.0,80.0,,,
3795,EVT_00010140,23bb5c3fcbdbbb9c81512736,8231,0,8211,465,8211,"PointSourceFinite: -123.000, 44.300",SLAB,4,6.95,3.084093830579204e-07,50.0,8.0,-123.0,44.3,50.0
3796,EVT_00010143,4717fbaf79a71fdf021c7827,8231,0,8211,677,8211,"PointSourceFinite: -123.500, 45.500",SLAB,3,6.85,6.557376726634647e-07,42.0,8.0,-123.5,45.5,42.0
3797,EVT_00010147,88a846b3406f618f9081d926,8231,0,8211,770,8211,"PointSourceFinite: -122.500, 46.000",SLAB,1,6.65,1.8394414420636024e-07,50.0,8.0,-122.5,46.0,50.0
3798,EVT_00010150,e778292a4327d93bc0780f21,8231,0,8211,87,8211,"PointSourceFinite: -124.000, 42.500",SLAB,1,6.65,7.775688126455444e-07,42.0,8.0,-124.0,42.5,42.0
3799,EVT_00010155,a1316a510ce0c4a66e1e44ef,8231,0,8211,439,8211,"PointSourceFinite: -123.700, 44.200",SLAB,6,7.15,2.229399635457867e-07,42.0,8.0,-123.7,44.2,42.0
3800,EVT_00010161,7e24ff49bdf814e20db1d66c,8231,1,8212,75,8212,"PointSourceFinite: -123.100, 42.400",SLAB,2,7.45,1.2050311822786532e-08,50.0,8.0,-123.1,42.4,50.0
3801,EVT_00010162,0a8b8014f9ab3906f8519ce1,8231,0,8211,650,8211,"PointSourceFinite: -122.800, 45.300",SLAB,3,6.85,4.966040226469969e-07,50.0,8.0,-122.8,45.3,50.0
3802,EVT_00010166,525201f3aaf4910fadc15596,8231,0,8211,498,8211,"PointSourceFinite: -123.500, 44.500",SLAB,2,6.75,5.905143062643807e-07,42.0,8.0,-123.5,44.5,42.0
3803,EVT_00010171,f943a803a9ee89587aa29e11,8231,1,8212,134,8212,"PointSourceFinite: -123.500, 42.700",SLAB,1,7.35,2.088993205393708e-08,42.0,8.0,-123.5,42.7,42.0
3804,EVT_00010172,5c97cb5fc2e309aa6b696e62,8231,0,8211,701,8211,"PointSourceFinite: -122.800, 45.600",SLAB,4,6.95,3.5027964952767165e-07,50.0,8.0,-122.8,45.6,50.0
3805,EVT_00010173,794681c76574319ecd3d7dbc,3199,9,3161,0,3161,"Cascadia (unsegmented, 1-2-3, middle)",INTERFACE,256,8.2,6.868131662416505e-07,5.0,80.0,,,
3806,EVT_00010174,6d1e73107bae18a8f7620355,8231,1,8212,724,8212,"PointSourceFinite: -123.900, 45.800",SLAB,0,7.25,2.457138843953444e-08,42.0,8.0,-123.9,45.8,42.0
3807,EVT_00010175,78a349fc4b6b13a4f39c7c24,3199,10,3171,0,3171,"Cascadia (unsegmented, 1-2-3-4, middle)",INTERFACE,749,8.4,4.006410136409629e-07,5.0,105.0,,,
3808,EVT_00010181,bd082fc0697e69b548c0695d,8231,0,8211,431,8211,"PointSourceFinite: -122.600, 44.100",SLAB,4,6.95,1.5916502716914454e-07,50.0,8.0,-122.6,44.1,50.0
3809,EVT_00010185,2b522c5cb4a7911edb4dbc2c,3199,15,3170,0,3170,"Cascadia (unsegmented, 1-2-3-4, bottom)",INTERFACE,1450,8.0,6.50020652165802e-07,5.0,155.0,,,
3810,EVT_00010188,44adadee4397192e80fe5d1d,8231,0,8211,519,8211,"PointSourceFinite: -123.300, 44.600",SLAB,5,7.05,5.024481378823241e-07,42.0,8.0,-123.3,44.6,42.0
3811,EVT_00010195,92cd129c0a93d97888bbf02d,3199,0,3172,0,3172,"Cascadia (unsegmented, 1-2-3-4, top)",INTERFACE,2070,8.4,3.1797543748622524e-07,5.0,85.0,,,
3812,EVT_00010196,e6841434c4ae9d064d8552d5,8231,0,8211,55,8211,"PointSourceFinite: -123.000, 42.300",SLAB,4,6.95,2.087384582284268e-07,50.0,8.0,-123.0,42.3,50.0
3813,EVT_00010199,bc137cecd7bdcfb855da53ba,3199,12,3162,0,3162,"Cascadia (unsegmented, 1-2-3, top)",INTERFACE,525,8.6,1.3020832943331291e-06,5.0,70.0,,,
3814,EVT_00010205,dd3a094b00349ba85aedc332,8231,0,8211,154,8211,"PointSourceFinite: -123.600, 42.800",SLAB,2,6.75,4.100429279535584e-07,42.0,8.0,-123.6,42.8,42.0
3815,EVT_00010209,1e24886f4f2635d0f8214e5a,3199,15,3170,0,3170,"Cascadia (unsegmented, 1-2-3-4, bottom)",INTERFACE,18,8.0,3.324467985531395e-07,5.010672080296139,155.0,,,
3816,EVT_00010210,be9d703f8fb2691b2217a0ac,8231,0,8211,558,8211,"PointSourceFinite: -123.100, 44.800",SLAB,0,6.55,8.632038801950268e-07,50.0,8.0,-123.1,44.8,50.0
3817,EVT_00010212,e0b514497979b19317077e26,3199,12,3162,0,3162,"Cascadia (unsegmented, 1-2-3, top)",INTERFACE,862,8.2,8.567270806109988e-07,5.0,70.0,,,
3818,EVT_00010217,d60520c6a3b02462fefa3066,3199,1,3160,0,3160,"Cascadia (unsegmented, 1-2-3, bottom)",INTERFACE,885,8.3,7.379159742457803e-07,5.269407193684295,145.0,,,
3819,EVT_00010218,4a94b57a2cff9b22ae630e32,8231,1,8212,496,8212,"PointSourceFinite: -123.700, 44.500",SLAB,2,7.45,2.3016718764905013e-08,42.0,8.0,-123.7,44.5,42.0
3820,EVT_00010220,b485149538754a54f466907e,8231,0,8211,714,8211,"PointSourceFinite: -123.200, 45.700",SLAB,4,6.95,4.286524474930568e-07,50.0,8.0,-123.2,45.7,50.0
3821,EVT_00010223,849ccdfeb9fa1f2358cc311c,3199,15,3170,0,3170,"Cascadia (unsegmented, 1-2-3-4, bottom)",INTERFACE,1070,8.6,4.664178964775388e-07,5.0,155.0,,,
3822,EVT_00010227,b6d6482b4d1d7ed7af8ff65b,3199,9,3161,0,3161,"Cascadia (unsegmented, 1-2-3, middle)",INTERFACE,887,8.3,7.379159742457803e-07,5.212107296861274,80.0,,,
3823,EVT_00010241,1186e66f96d81babc6d9dafa,8231,0,8211,118,8211,"PointSourceFinite: -123.000, 42.600",SLAB,3,6.85,2.093121126787336e-07,50.0,8.0,-123.0,42.6,50.0
3824,EVT_00010245,d5daf241d047ced6b7741418,3199,15,3170,0,3170,"Cascadia (unsegmented, 1-2-3-4, bottom)",INTERFACE,1585,8.1,5.33351617295645e-07,5.0,155.0,,,
3825,EVT_00010252,76da7b67069d4677e6397e3d,8231,0,8211,757,8211,"PointSourceFinite: -123.800, 46.000",SLAB,6,7.15,2.0451380629748944e-07,42.0,8.0,-123.8,46.0,42.0
3826,EVT_00010253,bd90ee6a890706a579a141ad,8231,0,8211,406,8211,"PointSourceFinite: -123.100, 44.000",SLAB,2,6.75,2.077204109687992e-07,50.0,8.0,-123.1,44.0,50.0
3827,EVT_00010254,c7886e3238f36233468895b0,8231,0,8211,726,8211,"PointSourceFinite: -123.700, 45.800",SLAB,3,6.85,4.1735006511483574e-07,42.0,8.0,-123.7,45.8,42.0
3828,EVT_00010263,632a60f6d708d174f8ce283c,8231,0,8211,631,8211,"PointSourceFinite: -123.000, 45.200",SLAB,6,7.15,4.805874445352292e-07,50.0,8.0,-123.0,45.2,50.0
3829,EVT_00010264,954d5de245e68b9dda0346eb,8231,0,8211,679,8211,"PointSourceFinite: -123.300, 45.500",SLAB,6,7.15,4.791590123539777e-07,42.0,8.0,-123.3,45.5,42.0
3830,EVT_00010272,d6b78d023d217a4f852b4e13,8231,0,8211,299,8211,"PointSourceFinite: -123.800, 43.500",SLAB,2,6.75,1.2824225481044778e-07,42.0,8.0,-123.8,43.5,42.0
3831,EVT_00010273,7815fd0101f9bd552e60247f,3199,10,3171,0,3171,"Cascadia (unsegmented, 1-2-3-4, middle)",INTERFACE,2001,8.4,3.118605252268748e-07,5.0,105.0,,,
3832,EVT_00010278,7084c2813c7a4982baee1a05,3199,12,3162,0,3162,"Cascadia (unsegmented, 1-2-3, top)",INTERFACE,540,8.6,1.3020832943331291e-06,5.0,70.0,,,
3833,EVT_00010283,229e67725936fc113305403d,8231,0,8211,81,8211,"PointSourceFinite: -122.500, 42.400",SLAB,4,6.95,1.0154953339108937e-07,50.0,8.0,-122.5,42.4,50.0
3834,EVT_00010284,616ad4e97dfba525760e81be,3199,12,3162,0,3162,"Cascadia (unsegmented, 1-2-3, top)",INTERFACE,906,8.3,7.469149495414605e-07,5.0,70.0,,,
3835,EVT_00010291,af5822d66c2318e11bc410f4,3199,15,3170,0,3170,"Cascadia (unsegmented, 1-2-3-4, bottom)",INTERFACE,1342,8.0,6.50020652165802e-07,5.0,155.0,,,
3836,EVT_00010299,1eee495edcd657e2f4e9741a,8231,0,8211,531,8211,"PointSourceFinite: -124.000, 44.700",SLAB,6,7.15,4.032507484402368e-07,42.0,8.0,-124.0,44.7,42.0
3837,EVT_00010304,6a4005c339e2ff0668272082,8231,0,8211,8,8211,"PointSourceFinite: -123.500, 42.100",SLAB,6,7.15,3.552026944030396e-07,42.0,8.0,-123.5,42.1,42.0
3838,EVT_00010305,a986b6520524f971e4fe87a3,8231,0,8211,551,8211,"PointSourceFinite: -123.800, 44.800",SLAB,1,6.65,8.013022271642495e-07,42.0,8.0,-123.8,44.8,42.0
3839,EVT_00010308,64585a46798b514f082120b1,8231,0,8211,502,8211,"PointSourceFinite: -123.100, 44.500",SLAB,6,7.15,3.741700493666454e-07,50.0,8.0,-123.1,44.5,50.0
3840,EVT_00010309,1fca9072b86af742dc974a31,8231,0,8211,767,8211,"PointSourceFinite: -122.800, 46.000",SLAB,2,6.75,2.2299957010078805e-07,50.0,8.0,-122.8,46.0,50.0
3841,EVT_00010311,1e474d3192d38283793ae7aa,3199,1,3160,0,3160,"Cascadia (unsegmented, 1-2-3, bottom)",INTERFACE,91,8.0,6.06796098330002e-07,5.0,145.0,,,
3842,EVT_00010316,47d5f79ae89b128e53194b87,8231,0,8211,380,8211,"PointSourceFinite: -123.700, 43.900",SLAB,4,6.95,1.3957739252753344e-07,42.0,8.0,-123.7,43.9,42.0
3843,EVT_00010323,84c39d4699adceee2add89d0,3199,1,3160,0,3160,"Cascadia (unsegmented, 1-2-3, bottom)",INTERFACE,920,8.3,7.379159742457803e-07,5.0,145.0,,,
3844,EVT_00010326,9024be4d1dde9473ec722acc,3199,15,3170,0,3170,"Cascadia (unsegmented, 1-2-3-4, bottom)",INTERFACE,1191,8.7,5.252100683024388e-07,5.0,155.0,,,
3845,EVT_00010328,17ff5c1035e2dd2e0f99a699,8231,0,8211,634,8211,"PointSourceFinite: -122.700, 45.200",SLAB,1,6.65,5.546339340081241e-07,50.0,8.0,-122.7,45.2,50.0
3846,EVT_00010329,5411536be0cbce9cae470c8e,3199,10,3171,0,3171,"Cascadia (unsegmented, 1-2-3-4, middle)",INTERFACE,1005,8.5,4.3103446984820834e-07,5.0,105.0,,,
3847,EVT_00010331,807dff8567af2334bb2238e9,3199,10,3171,0,3171,"Cascadia (unsegmented, 1-2-3-4, middle)",INTERFACE,1329,8.0,6.57010121543929e-07,5.0,105.0,,,
3848,EVT_00010335,d9716b093450bea455283820,3199,1,3160,0,3160,"Cascadia (unsegmented, 1-2-3, bottom)",INTERFACE,1085,8.5,6.232945289588634e-07,5.0,145.0,,,
3849,EVT_00010340,8e93dbb7a2d8e6f45c2d11cc,8231,0,8211,80,8211,"PointSourceFinite: -122.600, 42.400",SLAB,4,6.95,1.1360732206857488e-07,50.0,8.0,-122.6,42.4,50.0
3850,EVT_00010341,2038f35386f3afb0f6361479,8231,0,8211,170,8211,"PointSourceFinite: -124.100, 42.900",SLAB,3,6.85,3.9710008092468724e-07,42.0,8.0,-124.1,42.9,42.0
3851,EVT_00010348,462a2c2c34a7b2e320594535,8231,0,8211,220,8211,"PointSourceFinite: -123.300, 43.100",SLAB,0,6.55,2.2299569502371322e-07,42.0,8.0,-123.3,43.1,42.0
3852,EVT_00010351,0bd67d283b78c7f81a16c1dd,3199,1,3160,0,3160,"Cascadia (unsegmented, 1-2-3, bottom)",INTERFACE,442,8.4,8.56164357917674e-07,5.0,145.0,,,
3853,EVT_00010362,c1809dc3645b5b418e399c70,8231,0,8211,466,8211,"PointSourceFinite: -122.900, 44.300",SLAB,5,7.05,2.6356571144976e-07,50.0,8.0,-122.9,44.3,50.0
3854,EVT_00010363,f99a496c4813bccd21aaeebd,3199,9,3161,0,3161,"Cascadia (unsegmented, 1-2-3, middle)",INTERFACE,687,8.0,1.1864454622055416e-06,5.0,80.0,,,
3855,EVT_00010367,9fb1581d879862a1b12fa96d,3199,12,3162,0,3162,"Cascadia (unsegmented, 1-2-3, top)",INTERFACE,329,8.3,7.621950991218317e-07,5.0,70.0,,,
3856,EVT_00010372,2a934e350bb67b3f170d7905,8231,0,8211,810,8211,"PointSourceFinite: -123.300, 46.300",SLAB,6,7.15,1.0995869148733837e-07,42.0,8.0,-123.3,46.3,42.0
3857,EVT_00010377,0e3fefdab31acc4c46bac827,3199,0,3172,0,3172,"Cascadia (unsegmented, 1-2-3-4, top)",INTERFACE,921,8.5,4.401408318872549e-07,5.0,85.0,,,
3858,EVT_00010378,cae356fd7853563ed33ab83c,8231,0,8211,129,8211,"PointSourceFinite: -124.000, 42.700",SLAB,2,6.75,5.877715402812255e-07,42.0,8.0,-124.0,42.7,42.0
3859,EVT_00010379,bba40376d5ecd2fc2445082e,8231,0,8211,501,8211,"PointSourceFinite: -123.200, 44.500",SLAB,6,7.15,3.91659725407134e-07,50.0,8.0,-123.2,44.5,50.0
3860,EVT_00010381,431e9323258a00b018677423,8231,0,8211,80,8211,"PointSourceFinite: -122.600, 42.400",SLAB,6,7.15,9.449445462863353e-08,50.0,8.0,-122.6,42.4,50.0
3861,EVT_00010382,3a76a07a80f321deab72f7ee,8231,0,8211,675,8211,"PointSourceFinite: -123.700, 45.500",SLAB,0,6.55,8.330682357181316e-07,42.0,8.0,-123.7,45.5,42.0
3862,EVT_00010383,62507e6fcdeb150ef3acb215,3199,1,3160,0,3160,"Cascadia (unsegmented, 1-2-3, bottom)",INTERFACE,804,8.2,8.473124973075812e-07,5.060446052444637,145.0,,,
3863,EVT_00010387,3e2885ee60ab36d21b013c88,8231,0,8211,779,8211,"PointSourceFinite: -123.200, 46.100",SLAB,0,6.55,2.853984804669157e-07,50.0,8.0,-123.2,46.1,50.0
3864,EVT_00010394,19f1ba1d9a83d1087253b7a3,8231,0,8211,22,8211,"PointSourceFinite: -124.200, 42.200",SLAB,1,6.65,8.50031170212829e-07,42.0,8.0,-124.2,42.2,42.0
3865,EVT_00010395,feec5dd0d9440de38f22863d,8231,0,8211,503,8211,"PointSourceFinite: -123.000, 44.500",SLAB,1,6.65,5.583527489225656e-07,50.0,8.0,-123.0,44.5,50.0
3866,EVT_00010403,2e31294bfc8429286cffee39,8231,0,8211,175,8211,"PointSourceFinite: -123.600, 42.900",SLAB,0,6.55,4.207533587388829e-07,42.0,8.0,-123.6,42.9,42.0
3867,EVT_00010405,e581c2bb28ae56b8bc217566,8231,0,8211,75,8211,"PointSourceFinite: -123.100, 42.400",SLAB,5,7.05,2.222616463524869e-07,50.0,8.0,-123.1,42.4,50.0
3868,EVT_00010410,dc24a3ce8c9ffd8ce179fe8a,8231,0,8211,592,8211,"PointSourceFinite: -123.300, 45.000",SLAB,6,7.15,5.856023957844692e-07,42.0,8.0,-123.3,45.0,42.0
3869,EVT_00010411,dff72e2857258ae8325bb2a1,8231,0,8211,543,8211,"PointSourceFinite: -122.800, 44.700",SLAB,0,6.55,6.343458814911224e-07,50.0,8.0,-122.8,44.7,50.0
3870,EVT_00010415,70bc6432004bc952d59f23aa,8231,0,8211,33,8211,"PointSourceFinite: -123.100, 42.200",SLAB,1,6.65,3.2216925415144e-07,50.0,8.0,-123.1,42.2,50.0
3871,EVT_00010416,4e742c2b12caad48be5ac4ca,8231,0,8211,151,8211,"PointSourceFinite: -123.900, 42.800",SLAB,6,7.15,3.432606730561752e-07,42.0,8.0,-123.9,42.8,42.0
3872,EVT_00010421,2526c6f97337517a49c7fc78,3199,12,3162,0,3162,"Cascadia (unsegmented, 1-2-3, top)",INTERFACE,635,8.0,1.1980772804624588e-06,5.0,70.0,,,
3873,EVT_00010423,63a2798384ced6ab536951d5,3199,12,3162,0,3162,"Cascadia (unsegmented, 1-2-3, top)",INTERFACE,1040,8.5,6.335124720565497e-07,5.019306541411728,70.0,,,
3874,EVT_00010427,bb65ebadaeffc3e66223ee2c,8231,0,8211,679,8211,"PointSourceFinite: -123.300, 45.500",SLAB,1,6.65,7.594158567862102e-07,42.0,8.0,-123.3,45.5,42.0
3875,EVT_00010428,f0fdb8e3894028319c575e2d,8231,1,8212,522,8212,"PointSourceFinite: -123.000, 44.600",SLAB,0,7.25,3.4071322234485585e-08,50.0,8.0,-123.0,44.6,50.0
3876,EVT_00010430,dc1bf25c0551d9f60a642db5,8231,0,8211,596,8211,"PointSourceFinite: -122.900, 45.000",SLAB,2,6.75,6.507078859863935e-07,50.0,8.0,-122.9,45.0,50.0
3877,EVT_00010435,bbfbccec6a712d29e1316f6e,8231,1,8212,640,8212,"PointSourceFinite: -123.800, 45.300",SLAB,1,7.35,3.7796765873150175e-08,42.0,8.0,-123.8,45.3,42.0
3878,EVT_00010437,f4cfc3933f8d3cebaf5936e4,8231,0,8211,571,8211,"PointSourceFinite: -123.600, 44.900",SLAB,6,7.15,5.784099368014097e-07,42.0,8.0,-123.6,44.9,42.0
3879,EVT_00010443,4d3de536718597a12708e818,8231,0,8211,414,8211,"PointSourceFinite: -122.300, 44.000",SLAB,4,6.95,1.0983345142017129e-07,60.0,8.0,-122.3,44.0,60.0
3880,EVT_00010447,c61b14b2c16c9286fa5be5f6,3199,0,3172,0,3172,"Cascadia (unsegmented, 1-2-3-4, top)",INTERFACE,119,8.0,3.41530044415247e-07,5.0,85.0,,,
3881,EVT_00010448,0bad5042a8bf656b4c73cf34,3199,0,3172,0,3172,"Cascadia (unsegmented, 1-2-3-4, top)",INTERFACE,2293,8.6,2.3795525162693186e-07,5.0,85.0,,,
3882,EVT_00010450,170e2fbece791a8a9ff863ab,8231,0,8211,791,8211,"PointSourceFinite: -123.600, 46.200",SLAB,2,6.75,2.005345176566875e-07,42.0,8.0,-123.6,46.2,42.0
3883,EVT_00010456,22761d2c2f4cddc897484147,3199,0,3172,0,3172,"Cascadia (unsegmented, 1-2-3-4, top)",INTERFACE,46,8.0,3.41530044415247e-07,5.0,85.0,,,
3884,EVT_00010458,990a88509ec0dd97994bc219,8231,0,8211,793,8211,"PointSourceFinite: -123.400, 46.200",SLAB,3,6.85,1.828343211457744e-07,42.0,8.0,-123.4,46.2,42.0
3885,EVT_00010462,918fc508e55f921876b60832,3199,9,3161,0,3161,"Cascadia (unsegmented, 1-2-3, middle)",INTERFACE,960,8.3,7.379159742457803e-07,5.0,80.0,,,
3886,EVT_00010463,33af434a082dddae40f99c11,3199,1,3160,0,3160,"Cascadia (unsegmented, 1-2-3, bottom)",INTERFACE,286,8.2,6.868131662416505e-07,5.0,145.0,,,
3887,EVT_00010469,4d96f066fdd69dd9e310c782,3199,10,3171,0,3171,"Cascadia (unsegmented, 1-2-3-4, middle)",INTERFACE,910,8.5,4.3103446984820834e-07,5.0,105.0,,,
3888,EVT_00010475,ab0b4208f940ca0139f3a0bb,8231,0,8211,676,8211,"PointSourceFinite: -123.600, 45.500",SLAB,1,6.65,7.811396817809345e-07,42.0,8.0,-123.6,45.5,42.0
3889,EVT_00010491,d932f5088a59f4cac3bae3d1,3199,0,3172,0,3172,"Cascadia (unsegmented, 1-2-3-4, top)",INTERFACE,929,8.5,4.401408318872549e-07,5.0,85.0,,,
3890,EVT_00010494,6e65e855edad0ae0c7d543fd,8231,0,8211,401,8211,"PointSourceFinite: -123.600, 44.000",SLAB,2,6.75,2.128290718845669e-07,42.0,8.0,-123.6,44.0,42.0
3891,EVT_00010508,4103f84c11b3a381c0a539dd,3199,1,3160,0,3160,"Cascadia (unsegmented, 1-2-3, bottom)",INTERFACE,393,8.4,8.56164357917674e-07,5.0003609081885365,145.0,,,
3892,EVT_00010510,8b0375e15cfc1573c6cb72f3,8231,0,8211,153,8211,"PointSourceFinite: -123.700, 42.800",SLAB,1,6.65,4.873588577186153e-07,42.0,8.0,-123.7,42.8,42.0
3893,EVT_00010511,28af3adc0e02e605a49386fe,8231,0,8211,489,8211,"PointSourceFinite: -122.500, 44.400",SLAB,0,6.55,3.3896552470733025e-07,50.0,8.0,-122.5,44.4,50.0
3894,EVT_00010517,2aefe1297387a7b4449732e3,3199,10,3171,0,3171,"Cascadia (unsegmented, 1-2-3-4, middle)",INTERFACE,1721,8.2,4.431346968677581e-07,5.0,105.0,,,
3895,EVT_00010527,4d360362f88e429b9bb3f42c,8231,0,8211,349,8211,"PointSourceFinite: -122.800, 43.700",SLAB,6,7.15,7.757857506434609e-08,50.0,8.0,-122.8,43.7,50.0
3896,EVT_00010533,15bcf54033392286b2f860f4,8231,0,8211,32,8211,"PointSourceFinite: -123.200, 42.200",SLAB,5,7.05,2.620890386362952e-07,50.0,8.0,-123.2,42.2,50.0
3897,EVT_00010534,11b32f9fc0b8727bce090682,3199,10,3171,0,3171,"Cascadia (unsegmented, 1-2-3-4, middle)",INTERFACE,22,8.0,3.360214953117753e-07,5.0,105.0,,,
3898,EVT_00010535,134e0c139457aa219bb79791,3199,0,3172,0,3172,"Cascadia (unsegmented, 1-2-3-4, top)",INTERFACE,1269,8.0,6.677807792741574e-07,5.0,85.0,,,
3899,EVT_00010540,b4eec1a645b790b3fb936bcf,8231,0,8211,673,8211,"PointSourceFinite: -123.900, 45.500",SLAB,5,7.05,4.713519558410112e-07,42.0,8.0,-123.9,45.5,42.0
3900,EVT_00010545,b6cd93e724297ece68a05808,8231,1,8212,637,8212,"PointSourceFinite: -122.400, 45.200",SLAB,0,7.25,2.0097317371662728e-08,60.0,8.0,-122.4,45.2,60.0
3901,EVT_00010546,f9c395228b6258702f073e04,3199,9,3161,0,3161,"Cascadia (unsegmented, 1-2-3, middle)",INTERFACE,61,8.0,6.06796098330002e-07,5.0,80.0,,,
3902,EVT_00010550,0f85dd44b67f0970f16d5fc1,8231,0,8211,288,8211,"PointSourceFinite: -122.800, 43.400",SLAB,4,6.95,8.220327729441847e-08,50.0,8.0,-122.8,43.4,50.0
3903,EVT_00010554,aa7507f6614cf97969e401b9,8231,0,8211,586,8211,"PointSourceFinite: -123.900, 45.000",SLAB,2,6.75,7.459419687496327e-07,42.0,8.0,-123.9,45.0,42.0
3904,EVT_00010558,f89d67b19b18b6a05b463193,3199,10,3171,0,3171,"Cascadia (unsegmented, 1-2-3-4, middle)",INTERFACE,2341,8.6,2.3254717772631977e-07,5.0,105.0,,,
3905,EVT_00010559,eaf0f0d7f9bfa0de2a1a071b,8231,1,8212,731,8212,"PointSourceFinite: -123.200, 45.800",SLAB,0,7.25,2.6009810557827906e-08,50.0,8.0,-123.2,45.8,50.0
3906,EVT_00010560,7396ec10b81573fc155ca504,8231,0,8211,612,8211,"PointSourceFinite: -123.100, 45.100",SLAB,0,6.55,9.21257434547769e-07,50.0,8.0,-123.1,45.1,50.0
3907,EVT_00010561,e542b7acbc9083ccb774492c,8231,1,8212,473,8212,"PointSourceFinite: -124.100, 44.400",SLAB,0,7.25,2.13886138549001e-08,42.0,8.0,-124.1,44.4,42.0
3908,EVT_00010562,434cdbb0b9be60f5c447ab60,3199,9,3161,0,3161,"Cascadia (unsegmented, 1-2-3, middle)",INTERFACE,622,8.0,1.1864454622055416e-06,5.0,80.0,,,
3909,EVT_00010566,4fc149cbf5dbb5cbd0ce2651,8231,0,8211,631,8211,"PointSourceFinite: -123.000, 45.200",SLAB,2,6.75,6.94660205652373e-07,50.0,8.0,-123.0,45.2,50.0
3910,EVT_00010567,c80fbcf240ea48f25dad8a9c,3199,10,3171,0,3171,"Cascadia (unsegmented, 1-2-3-4, middle)",INTERFACE,1917,8.3,3.6895798712289013e-07,5.0,105.0,,,
3911,EVT_00010584,0bbbdad3b6b171fcbb24b405,8231,0,8211,580,8211,"PointSourceFinite: -122.700, 44.900",SLAB,6,7.15,3.588075190188034e-07,50.0,8.0,-122.7,44.9,50.0
3912,EVT_00010587,bc3d38cec36c6f33c3c06ede,8231,0,8211,119,8211,"PointSourceFinite: -122.900, 42.600",SLAB,2,6.75,1.965769957146951e-07,50.0,8.0,-122.9,42.6,50.0
3913,EVT_00010589,a181bd784f08800284890f1b,3199,1,3160,0,3160,"Cascadia (unsegmented, 1-2-3, bottom)",INTERFACE,891,8.3,7.379159742457803e-07,5.118031826335447,145.0,,,
3914,EVT_00010590,ebe29ba9b4237e058a9c5423,8231,0,8211,521,8211,"PointSourceFinite: -123.100, 44.600",SLAB,0,6.55,7.341968577437917e-07,50.0,8.0,-123.1,44.6,50.0
3915,EVT_00010596,b41399af561976f5944e7a48,8231,0,8211,227,8211,"PointSourceFinite: -122.600, 43.100",SLAB,0,6.55,1.22928724434351e-07,50.0,8.0,-122.6,43.1,50.0
3916,EVT_00010597,56c1f335c67e115e9597e846,8231,0,8211,746,8211,"PointSourceFinite: -123.300, 45.900",SLAB,2,6.75,3.781820211277413e-07,42.0,8.0,-123.3,45.9,42.0
3917,EVT_00010602,ce30cc61e25c7a582d8e9414,3199,9,3161,0,3161,"Cascadia (unsegmented, 1-2-3, middle)",INTERFACE,566,8.7,1.8382352390585351e-06,5.061330262703712,80.0,,,
3918,EVT_00010604,0a4ef6ea66aa610fc5dcfad8,3199,10,3171,0,3171,"Cascadia (unsegmented, 1-2-3-4, middle)",INTERFACE,1586,8.1,5.392777463767077e-07,5.0,105.0,,,
3919,EVT_00010605,82ea77436c6df0260bb6ae10,8231,0,8211,510,8211,"PointSourceFinite: -122.300, 44.500",SLAB,3,6.85,2.295480187442531e-07,60.0,8.0,-122.3,44.5,60.0
3920,EVT_00010606,5821e9ea6da15e6b9eff5028,8231,0,8211,767,8211,"PointSourceFinite: -122.800, 46.000",SLAB,0,6.55,2.6810445206715005e-07,50.0,8.0,-122.8,46.0,50.0
3921,EVT_00010615,7b0d8734364fd6a150520250,3199,9,3161,0,3161,"Cascadia (unsegmented, 1-2-3, middle)",INTERFACE,691,8.0,1.1864454622055416e-06,5.0,80.0,,,
3922,EVT_00010616,7d84709e54a53003065a5ffb,3199,12,3162,0,3162,"Cascadia (unsegmented, 1-2-3, top)",INTERFACE,507,8.6,1.3020832943331291e-06,5.127773304146952,70.0,,,
3923,EVT_00010619,84dfed1f937be4cfa1d221be,3199,9,3161,0,3161,"Cascadia (unsegmented, 1-2-3, middle)",INTERFACE,828,8.2,8.473124973075812e-07,5.0,80.0,,,
3924,EVT_00010620,3a38919e0d1e438f35bcf819,3199,1,3160,0,3160,"Cascadia (unsegmented, 1-2-3, bottom)",INTERFACE,916,8.3,7.379159742457803e-07,5.0,145.0,,,
3925,EVT_00010623,2bd9f6af1bb968cb163cfaf0,3199,1,3160,0,3160,"Cascadia (unsegmented, 1-2-3, bottom)",INTERFACE,649,8.0,1.1864454622055416e-06,5.0,145.0,,,
3926,EVT_00010630,ed317cabfbf9794fa355467a,3199,1,3160,0,3160,"Cascadia (unsegmented, 1-2-3, bottom)",INTERFACE,293,8.3,7.530120256384362e-07,5.269407193684295,145.0,,,
