case_name,program,premium_multiple_of_gross_aal,expense_ratio,ceded_price_multiplier,metric,value,baseline_value,absolute_change,percent_change,percentage_status,source_path,period,unit
I0_PHASE1_INDEPENDENT,NO_REINSURANCE,1.25,0.20000000000000001,0,earned_premium_2022_usd,153724.44995916059,153724.44995916059,0,0,defined,data/metadata/phase_2/notebook_11_reinsurance_capital/notebook_11_raroc_assumption_grid.csv,FULL_CATALOG_2000000_YEARS,2022_USD
I0_PHASE1_INDEPENDENT,NO_REINSURANCE,1.5,0.20000000000000001,0,earned_premium_2022_usd,184469.3399509927,184469.3399509927,0,0,defined,data/metadata/phase_2/notebook_11_reinsurance_capital/notebook_11_raroc_assumption_grid.csv,FULL_CATALOG_2000000_YEARS,2022_USD
I0_PHASE1_INDEPENDENT,NO_REINSURANCE,2,0.20000000000000001,0,earned_premium_2022_usd,245959.11993465692,245959.11993465692,0,0,defined,data/metadata/phase_2/notebook_11_reinsurance_capital/notebook_11_raroc_assumption_grid.csv,FULL_CATALOG_2000000_YEARS,2022_USD
I0_PHASE1_INDEPENDENT,NO_REINSURANCE,2.5,0.20000000000000001,0,earned_premium_2022_usd,307448.89991832117,307448.89991832117,0,0,defined,data/metadata/phase_2/notebook_11_reinsurance_capital/notebook_11_raroc_assumption_grid.csv,FULL_CATALOG_2000000_YEARS,2022_USD
I0_PHASE1_INDEPENDENT,NO_REINSURANCE,3,0.20000000000000001,0,earned_premium_2022_usd,368938.67990198539,368938.67990198539,0,0,defined,data/metadata/phase_2/notebook_11_reinsurance_capital/notebook_11_raroc_assumption_grid.csv,FULL_CATALOG_2000000_YEARS,2022_USD
I0_PHASE1_INDEPENDENT,NO_REINSURANCE,1.25,0.29999999999999999,0,earned_premium_2022_usd,153724.44995916059,153724.44995916059,0,0,defined,data/metadata/phase_2/notebook_11_reinsurance_capital/notebook_11_raroc_assumption_grid.csv,FULL_CATALOG_2000000_YEARS,2022_USD
I0_PHASE1_INDEPENDENT,NO_REINSURANCE,1.5,0.29999999999999999,0,earned_premium_2022_usd,184469.3399509927,184469.3399509927,0,0,defined,data/metadata/phase_2/notebook_11_reinsurance_capital/notebook_11_raroc_assumption_grid.csv,FULL_CATALOG_2000000_YEARS,2022_USD
I0_PHASE1_INDEPENDENT,NO_REINSURANCE,2,0.29999999999999999,0,earned_premium_2022_usd,245959.11993465692,245959.11993465692,0,0,defined,data/metadata/phase_2/notebook_11_reinsurance_capital/notebook_11_raroc_assumption_grid.csv,FULL_CATALOG_2000000_YEARS,2022_USD
I0_PHASE1_INDEPENDENT,NO_REINSURANCE,2.5,0.29999999999999999,0,earned_premium_2022_usd,307448.89991832117,307448.89991832117,0,0,defined,data/metadata/phase_2/notebook_11_reinsurance_capital/notebook_11_raroc_assumption_grid.csv,FULL_CATALOG_2000000_YEARS,2022_USD
I0_PHASE1_INDEPENDENT,NO_REINSURANCE,3,0.29999999999999999,0,earned_premium_2022_usd,368938.67990198539,368938.67990198539,0,0,defined,data/metadata/phase_2/notebook_11_reinsurance_capital/notebook_11_raroc_assumption_grid.csv,FULL_CATALOG_2000000_YEARS,2022_USD
I0_PHASE1_INDEPENDENT,NO_REINSURANCE,1.25,0.40000000000000002,0,earned_premium_2022_usd,153724.44995916059,153724.44995916059,0,0,defined,data/metadata/phase_2/notebook_11_reinsurance_capital/notebook_11_raroc_assumption_grid.csv,FULL_CATALOG_2000000_YEARS,2022_USD
I0_PHASE1_INDEPENDENT,NO_REINSURANCE,1.5,0.40000000000000002,0,earned_premium_2022_usd,184469.3399509927,184469.3399509927,0,0,defined,data/metadata/phase_2/notebook_11_reinsurance_capital/notebook_11_raroc_assumption_grid.csv,FULL_CATALOG_2000000_YEARS,2022_USD
I0_PHASE1_INDEPENDENT,NO_REINSURANCE,2,0.40000000000000002,0,earned_premium_2022_usd,245959.11993465692,245959.11993465692,0,0,defined,data/metadata/phase_2/notebook_11_reinsurance_capital/notebook_11_raroc_assumption_grid.csv,FULL_CATALOG_2000000_YEARS,2022_USD
I0_PHASE1_INDEPENDENT,NO_REINSURANCE,2.5,0.40000000000000002,0,earned_premium_2022_usd,307448.89991832117,307448.89991832117,0,0,defined,data/metadata/phase_2/notebook_11_reinsurance_capital/notebook_11_raroc_assumption_grid.csv,FULL_CATALOG_2000000_YEARS,2022_USD
I0_PHASE1_INDEPENDENT,NO_REINSURANCE,3,0.40000000000000002,0,earned_premium_2022_usd,368938.67990198539,368938.67990198539,0,0,defined,data/metadata/phase_2/notebook_11_reinsurance_capital/notebook_11_raroc_assumption_grid.csv,FULL_CATALOG_2000000_YEARS,2022_USD
I0_PHASE1_INDEPENDENT,FROZEN_OCCURRENCE_XOL,1.25,0.20000000000000001,1,earned_premium_2022_usd,153724.44995916059,153724.44995916059,0,0,defined,data/metadata/phase_2/notebook_11_reinsurance_capital/notebook_11_raroc_assumption_grid.csv,FULL_CATALOG_2000000_YEARS,2022_USD
I0_PHASE1_INDEPENDENT,FROZEN_OCCURRENCE_XOL,1.5,0.20000000000000001,1,earned_premium_2022_usd,184469.3399509927,184469.3399509927,0,0,defined,data/metadata/phase_2/notebook_11_reinsurance_capital/notebook_11_raroc_assumption_grid.csv,FULL_CATALOG_2000000_YEARS,2022_USD
I0_PHASE1_INDEPENDENT,FROZEN_OCCURRENCE_XOL,2,0.20000000000000001,1,earned_premium_2022_usd,245959.11993465692,245959.11993465692,0,0,defined,data/metadata/phase_2/notebook_11_reinsurance_capital/notebook_11_raroc_assumption_grid.csv,FULL_CATALOG_2000000_YEARS,2022_USD
I0_PHASE1_INDEPENDENT,FROZEN_OCCURRENCE_XOL,2.5,0.20000000000000001,1,earned_premium_2022_usd,307448.89991832117,307448.89991832117,0,0,defined,data/metadata/phase_2/notebook_11_reinsurance_capital/notebook_11_raroc_assumption_grid.csv,FULL_CATALOG_2000000_YEARS,2022_USD
I0_PHASE1_INDEPENDENT,FROZEN_OCCURRENCE_XOL,3,0.20000000000000001,1,earned_premium_2022_usd,368938.67990198539,368938.67990198539,0,0,defined,data/metadata/phase_2/notebook_11_reinsurance_capital/notebook_11_raroc_assumption_grid.csv,FULL_CATALOG_2000000_YEARS,2022_USD
I0_PHASE1_INDEPENDENT,FROZEN_OCCURRENCE_XOL,1.25,0.29999999999999999,1,earned_premium_2022_usd,153724.44995916059,153724.44995916059,0,0,defined,data/metadata/phase_2/notebook_11_reinsurance_capital/notebook_11_raroc_assumption_grid.csv,FULL_CATALOG_2000000_YEARS,2022_USD
I0_PHASE1_INDEPENDENT,FROZEN_OCCURRENCE_XOL,1.5,0.29999999999999999,1,earned_premium_2022_usd,184469.3399509927,184469.3399509927,0,0,defined,data/metadata/phase_2/notebook_11_reinsurance_capital/notebook_11_raroc_assumption_grid.csv,FULL_CATALOG_2000000_YEARS,2022_USD
I0_PHASE1_INDEPENDENT,FROZEN_OCCURRENCE_XOL,2,0.29999999999999999,1,earned_premium_2022_usd,245959.11993465692,245959.11993465692,0,0,defined,data/metadata/phase_2/notebook_11_reinsurance_capital/notebook_11_raroc_assumption_grid.csv,FULL_CATALOG_2000000_YEARS,2022_USD
I0_PHASE1_INDEPENDENT,FROZEN_OCCURRENCE_XOL,2.5,0.29999999999999999,1,earned_premium_2022_usd,307448.89991832117,307448.89991832117,0,0,defined,data/metadata/phase_2/notebook_11_reinsurance_capital/notebook_11_raroc_assumption_grid.csv,FULL_CATALOG_2000000_YEARS,2022_USD
I0_PHASE1_INDEPENDENT,FROZEN_OCCURRENCE_XOL,3,0.29999999999999999,1,earned_premium_2022_usd,368938.67990198539,368938.67990198539,0,0,defined,data/metadata/phase_2/notebook_11_reinsurance_capital/notebook_11_raroc_assumption_grid.csv,FULL_CATALOG_2000000_YEARS,2022_USD
I0_PHASE1_INDEPENDENT,FROZEN_OCCURRENCE_XOL,1.25,0.40000000000000002,1,earned_premium_2022_usd,153724.44995916059,153724.44995916059,0,0,defined,data/metadata/phase_2/notebook_11_reinsurance_capital/notebook_11_raroc_assumption_grid.csv,FULL_CATALOG_2000000_YEARS,2022_USD
I0_PHASE1_INDEPENDENT,FROZEN_OCCURRENCE_XOL,1.5,0.40000000000000002,1,earned_premium_2022_usd,184469.3399509927,184469.3399509927,0,0,defined,data/metadata/phase_2/notebook_11_reinsurance_capital/notebook_11_raroc_assumption_grid.csv,FULL_CATALOG_2000000_YEARS,2022_USD
I0_PHASE1_INDEPENDENT,FROZEN_OCCURRENCE_XOL,2,0.40000000000000002,1,earned_premium_2022_usd,245959.11993465692,245959.11993465692,0,0,defined,data/metadata/phase_2/notebook_11_reinsurance_capital/notebook_11_raroc_assumption_grid.csv,FULL_CATALOG_2000000_YEARS,2022_USD
I0_PHASE1_INDEPENDENT,FROZEN_OCCURRENCE_XOL,2.5,0.40000000000000002,1,earned_premium_2022_usd,307448.89991832117,307448.89991832117,0,0,defined,data/metadata/phase_2/notebook_11_reinsurance_capital/notebook_11_raroc_assumption_grid.csv,FULL_CATALOG_2000000_YEARS,2022_USD
I0_PHASE1_INDEPENDENT,FROZEN_OCCURRENCE_XOL,3,0.40000000000000002,1,earned_premium_2022_usd,368938.67990198539,368938.67990198539,0,0,defined,data/metadata/phase_2/notebook_11_reinsurance_capital/notebook_11_raroc_assumption_grid.csv,FULL_CATALOG_2000000_YEARS,2022_USD
I0_PHASE1_INDEPENDENT,FROZEN_OCCURRENCE_XOL,1.25,0.20000000000000001,1.25,earned_premium_2022_usd,153724.44995916059,153724.44995916059,0,0,defined,data/metadata/phase_2/notebook_11_reinsurance_capital/notebook_11_raroc_assumption_grid.csv,FULL_CATALOG_2000000_YEARS,2022_USD
I0_PHASE1_INDEPENDENT,FROZEN_OCCURRENCE_XOL,1.5,0.20000000000000001,1.25,earned_premium_2022_usd,184469.3399509927,184469.3399509927,0,0,defined,data/metadata/phase_2/notebook_11_reinsurance_capital/notebook_11_raroc_assumption_grid.csv,FULL_CATALOG_2000000_YEARS,2022_USD
I0_PHASE1_INDEPENDENT,FROZEN_OCCURRENCE_XOL,2,0.20000000000000001,1.25,earned_premium_2022_usd,245959.11993465692,245959.11993465692,0,0,defined,data/metadata/phase_2/notebook_11_reinsurance_capital/notebook_11_raroc_assumption_grid.csv,FULL_CATALOG_2000000_YEARS,2022_USD
I0_PHASE1_INDEPENDENT,FROZEN_OCCURRENCE_XOL,2.5,0.20000000000000001,1.25,earned_premium_2022_usd,307448.89991832117,307448.89991832117,0,0,defined,data/metadata/phase_2/notebook_11_reinsurance_capital/notebook_11_raroc_assumption_grid.csv,FULL_CATALOG_2000000_YEARS,2022_USD
I0_PHASE1_INDEPENDENT,FROZEN_OCCURRENCE_XOL,3,0.20000000000000001,1.25,earned_premium_2022_usd,368938.67990198539,368938.67990198539,0,0,defined,data/metadata/phase_2/notebook_11_reinsurance_capital/notebook_11_raroc_assumption_grid.csv,FULL_CATALOG_2000000_YEARS,2022_USD
I0_PHASE1_INDEPENDENT,FROZEN_OCCURRENCE_XOL,1.25,0.29999999999999999,1.25,earned_premium_2022_usd,153724.44995916059,153724.44995916059,0,0,defined,data/metadata/phase_2/notebook_11_reinsurance_capital/notebook_11_raroc_assumption_grid.csv,FULL_CATALOG_2000000_YEARS,2022_USD
I0_PHASE1_INDEPENDENT,FROZEN_OCCURRENCE_XOL,1.5,0.29999999999999999,1.25,earned_premium_2022_usd,184469.3399509927,184469.3399509927,0,0,defined,data/metadata/phase_2/notebook_11_reinsurance_capital/notebook_11_raroc_assumption_grid.csv,FULL_CATALOG_2000000_YEARS,2022_USD
I0_PHASE1_INDEPENDENT,FROZEN_OCCURRENCE_XOL,2,0.29999999999999999,1.25,earned_premium_2022_usd,245959.11993465692,245959.11993465692,0,0,defined,data/metadata/phase_2/notebook_11_reinsurance_capital/notebook_11_raroc_assumption_grid.csv,FULL_CATALOG_2000000_YEARS,2022_USD
I0_PHASE1_INDEPENDENT,FROZEN_OCCURRENCE_XOL,2.5,0.29999999999999999,1.25,earned_premium_2022_usd,307448.89991832117,307448.89991832117,0,0,defined,data/metadata/phase_2/notebook_11_reinsurance_capital/notebook_11_raroc_assumption_grid.csv,FULL_CATALOG_2000000_YEARS,2022_USD
I0_PHASE1_INDEPENDENT,FROZEN_OCCURRENCE_XOL,3,0.29999999999999999,1.25,earned_premium_2022_usd,368938.67990198539,368938.67990198539,0,0,defined,data/metadata/phase_2/notebook_11_reinsurance_capital/notebook_11_raroc_assumption_grid.csv,FULL_CATALOG_2000000_YEARS,2022_USD
I0_PHASE1_INDEPENDENT,FROZEN_OCCURRENCE_XOL,1.25,0.40000000000000002,1.25,earned_premium_2022_usd,153724.44995916059,153724.44995916059,0,0,defined,data/metadata/phase_2/notebook_11_reinsurance_capital/notebook_11_raroc_assumption_grid.csv,FULL_CATALOG_2000000_YEARS,2022_USD
I0_PHASE1_INDEPENDENT,FROZEN_OCCURRENCE_XOL,1.5,0.40000000000000002,1.25,earned_premium_2022_usd,184469.3399509927,184469.3399509927,0,0,defined,data/metadata/phase_2/notebook_11_reinsurance_capital/notebook_11_raroc_assumption_grid.csv,FULL_CATALOG_2000000_YEARS,2022_USD
I0_PHASE1_INDEPENDENT,FROZEN_OCCURRENCE_XOL,2,0.40000000000000002,1.25,earned_premium_2022_usd,245959.11993465692,245959.11993465692,0,0,defined,data/metadata/phase_2/notebook_11_reinsurance_capital/notebook_11_raroc_assumption_grid.csv,FULL_CATALOG_2000000_YEARS,2022_USD
I0_PHASE1_INDEPENDENT,FROZEN_OCCURRENCE_XOL,2.5,0.40000000000000002,1.25,earned_premium_2022_usd,307448.89991832117,307448.89991832117,0,0,defined,data/metadata/phase_2/notebook_11_reinsurance_capital/notebook_11_raroc_assumption_grid.csv,FULL_CATALOG_2000000_YEARS,2022_USD
I0_PHASE1_INDEPENDENT,FROZEN_OCCURRENCE_XOL,3,0.40000000000000002,1.25,earned_premium_2022_usd,368938.67990198539,368938.67990198539,0,0,defined,data/metadata/phase_2/notebook_11_reinsurance_capital/notebook_11_raroc_assumption_grid.csv,FULL_CATALOG_2000000_YEARS,2022_USD
I0_PHASE1_INDEPENDENT,FROZEN_OCCURRENCE_XOL,1.25,0.20000000000000001,1.5,earned_premium_2022_usd,153724.44995916059,153724.44995916059,0,0,defined,data/metadata/phase_2/notebook_11_reinsurance_capital/notebook_11_raroc_assumption_grid.csv,FULL_CATALOG_2000000_YEARS,2022_USD
I0_PHASE1_INDEPENDENT,FROZEN_OCCURRENCE_XOL,1.5,0.20000000000000001,1.5,earned_premium_2022_usd,184469.3399509927,184469.3399509927,0,0,defined,data/metadata/phase_2/notebook_11_reinsurance_capital/notebook_11_raroc_assumption_grid.csv,FULL_CATALOG_2000000_YEARS,2022_USD
I0_PHASE1_INDEPENDENT,FROZEN_OCCURRENCE_XOL,2,0.20000000000000001,1.5,earned_premium_2022_usd,245959.11993465692,245959.11993465692,0,0,defined,data/metadata/phase_2/notebook_11_reinsurance_capital/notebook_11_raroc_assumption_grid.csv,FULL_CATALOG_2000000_YEARS,2022_USD
I0_PHASE1_INDEPENDENT,FROZEN_OCCURRENCE_XOL,2.5,0.20000000000000001,1.5,earned_premium_2022_usd,307448.89991832117,307448.89991832117,0,0,defined,data/metadata/phase_2/notebook_11_reinsurance_capital/notebook_11_raroc_assumption_grid.csv,FULL_CATALOG_2000000_YEARS,2022_USD
I0_PHASE1_INDEPENDENT,FROZEN_OCCURRENCE_XOL,3,0.20000000000000001,1.5,earned_premium_2022_usd,368938.67990198539,368938.67990198539,0,0,defined,data/metadata/phase_2/notebook_11_reinsurance_capital/notebook_11_raroc_assumption_grid.csv,FULL_CATALOG_2000000_YEARS,2022_USD
I0_PHASE1_INDEPENDENT,FROZEN_OCCURRENCE_XOL,1.25,0.29999999999999999,1.5,earned_premium_2022_usd,153724.44995916059,153724.44995916059,0,0,defined,data/metadata/phase_2/notebook_11_reinsurance_capital/notebook_11_raroc_assumption_grid.csv,FULL_CATALOG_2000000_YEARS,2022_USD
I0_PHASE1_INDEPENDENT,FROZEN_OCCURRENCE_XOL,1.5,0.29999999999999999,1.5,earned_premium_2022_usd,184469.3399509927,184469.3399509927,0,0,defined,data/metadata/phase_2/notebook_11_reinsurance_capital/notebook_11_raroc_assumption_grid.csv,FULL_CATALOG_2000000_YEARS,2022_USD
I0_PHASE1_INDEPENDENT,FROZEN_OCCURRENCE_XOL,2,0.29999999999999999,1.5,earned_premium_2022_usd,245959.11993465692,245959.11993465692,0,0,defined,data/metadata/phase_2/notebook_11_reinsurance_capital/notebook_11_raroc_assumption_grid.csv,FULL_CATALOG_2000000_YEARS,2022_USD
I0_PHASE1_INDEPENDENT,FROZEN_OCCURRENCE_XOL,2.5,0.29999999999999999,1.5,earned_premium_2022_usd,307448.89991832117,307448.89991832117,0,0,defined,data/metadata/phase_2/notebook_11_reinsurance_capital/notebook_11_raroc_assumption_grid.csv,FULL_CATALOG_2000000_YEARS,2022_USD
I0_PHASE1_INDEPENDENT,FROZEN_OCCURRENCE_XOL,3,0.29999999999999999,1.5,earned_premium_2022_usd,368938.67990198539,368938.67990198539,0,0,defined,data/metadata/phase_2/notebook_11_reinsurance_capital/notebook_11_raroc_assumption_grid.csv,FULL_CATALOG_2000000_YEARS,2022_USD
I0_PHASE1_INDEPENDENT,FROZEN_OCCURRENCE_XOL,1.25,0.40000000000000002,1.5,earned_premium_2022_usd,153724.44995916059,153724.44995916059,0,0,defined,data/metadata/phase_2/notebook_11_reinsurance_capital/notebook_11_raroc_assumption_grid.csv,FULL_CATALOG_2000000_YEARS,2022_USD
I0_PHASE1_INDEPENDENT,FROZEN_OCCURRENCE_XOL,1.5,0.40000000000000002,1.5,earned_premium_2022_usd,184469.3399509927,184469.3399509927,0,0,defined,data/metadata/phase_2/notebook_11_reinsurance_capital/notebook_11_raroc_assumption_grid.csv,FULL_CATALOG_2000000_YEARS,2022_USD
I0_PHASE1_INDEPENDENT,FROZEN_OCCURRENCE_XOL,2,0.40000000000000002,1.5,earned_premium_2022_usd,245959.11993465692,245959.11993465692,0,0,defined,data/metadata/phase_2/notebook_11_reinsurance_capital/notebook_11_raroc_assumption_grid.csv,FULL_CATALOG_2000000_YEARS,2022_USD
I0_PHASE1_INDEPENDENT,FROZEN_OCCURRENCE_XOL,2.5,0.40000000000000002,1.5,earned_premium_2022_usd,307448.89991832117,307448.89991832117,0,0,defined,data/metadata/phase_2/notebook_11_reinsurance_capital/notebook_11_raroc_assumption_grid.csv,FULL_CATALOG_2000000_YEARS,2022_USD
I0_PHASE1_INDEPENDENT,FROZEN_OCCURRENCE_XOL,3,0.40000000000000002,1.5,earned_premium_2022_usd,368938.67990198539,368938.67990198539,0,0,defined,data/metadata/phase_2/notebook_11_reinsurance_capital/notebook_11_raroc_assumption_grid.csv,FULL_CATALOG_2000000_YEARS,2022_USD
I0_PHASE1_INDEPENDENT,FROZEN_OCCURRENCE_XOL,1.25,0.20000000000000001,2,earned_premium_2022_usd,153724.44995916059,153724.44995916059,0,0,defined,data/metadata/phase_2/notebook_11_reinsurance_capital/notebook_11_raroc_assumption_grid.csv,FULL_CATALOG_2000000_YEARS,2022_USD
I0_PHASE1_INDEPENDENT,FROZEN_OCCURRENCE_XOL,1.5,0.20000000000000001,2,earned_premium_2022_usd,184469.3399509927,184469.3399509927,0,0,defined,data/metadata/phase_2/notebook_11_reinsurance_capital/notebook_11_raroc_assumption_grid.csv,FULL_CATALOG_2000000_YEARS,2022_USD
I0_PHASE1_INDEPENDENT,FROZEN_OCCURRENCE_XOL,2,0.20000000000000001,2,earned_premium_2022_usd,245959.11993465692,245959.11993465692,0,0,defined,data/metadata/phase_2/notebook_11_reinsurance_capital/notebook_11_raroc_assumption_grid.csv,FULL_CATALOG_2000000_YEARS,2022_USD
I0_PHASE1_INDEPENDENT,FROZEN_OCCURRENCE_XOL,2.5,0.20000000000000001,2,earned_premium_2022_usd,307448.89991832117,307448.89991832117,0,0,defined,data/metadata/phase_2/notebook_11_reinsurance_capital/notebook_11_raroc_assumption_grid.csv,FULL_CATALOG_2000000_YEARS,2022_USD
I0_PHASE1_INDEPENDENT,FROZEN_OCCURRENCE_XOL,3,0.20000000000000001,2,earned_premium_2022_usd,368938.67990198539,368938.67990198539,0,0,defined,data/metadata/phase_2/notebook_11_reinsurance_capital/notebook_11_raroc_assumption_grid.csv,FULL_CATALOG_2000000_YEARS,2022_USD
I0_PHASE1_INDEPENDENT,FROZEN_OCCURRENCE_XOL,1.25,0.29999999999999999,2,earned_premium_2022_usd,153724.44995916059,153724.44995916059,0,0,defined,data/metadata/phase_2/notebook_11_reinsurance_capital/notebook_11_raroc_assumption_grid.csv,FULL_CATALOG_2000000_YEARS,2022_USD
I0_PHASE1_INDEPENDENT,FROZEN_OCCURRENCE_XOL,1.5,0.29999999999999999,2,earned_premium_2022_usd,184469.3399509927,184469.3399509927,0,0,defined,data/metadata/phase_2/notebook_11_reinsurance_capital/notebook_11_raroc_assumption_grid.csv,FULL_CATALOG_2000000_YEARS,2022_USD
I0_PHASE1_INDEPENDENT,FROZEN_OCCURRENCE_XOL,2,0.29999999999999999,2,earned_premium_2022_usd,245959.11993465692,245959.11993465692,0,0,defined,data/metadata/phase_2/notebook_11_reinsurance_capital/notebook_11_raroc_assumption_grid.csv,FULL_CATALOG_2000000_YEARS,2022_USD
I0_PHASE1_INDEPENDENT,FROZEN_OCCURRENCE_XOL,2.5,0.29999999999999999,2,earned_premium_2022_usd,307448.89991832117,307448.89991832117,0,0,defined,data/metadata/phase_2/notebook_11_reinsurance_capital/notebook_11_raroc_assumption_grid.csv,FULL_CATALOG_2000000_YEARS,2022_USD
I0_PHASE1_INDEPENDENT,FROZEN_OCCURRENCE_XOL,3,0.29999999999999999,2,earned_premium_2022_usd,368938.67990198539,368938.67990198539,0,0,defined,data/metadata/phase_2/notebook_11_reinsurance_capital/notebook_11_raroc_assumption_grid.csv,FULL_CATALOG_2000000_YEARS,2022_USD
I0_PHASE1_INDEPENDENT,FROZEN_OCCURRENCE_XOL,1.25,0.40000000000000002,2,earned_premium_2022_usd,153724.44995916059,153724.44995916059,0,0,defined,data/metadata/phase_2/notebook_11_reinsurance_capital/notebook_11_raroc_assumption_grid.csv,FULL_CATALOG_2000000_YEARS,2022_USD
I0_PHASE1_INDEPENDENT,FROZEN_OCCURRENCE_XOL,1.5,0.40000000000000002,2,earned_premium_2022_usd,184469.3399509927,184469.3399509927,0,0,defined,data/metadata/phase_2/notebook_11_reinsurance_capital/notebook_11_raroc_assumption_grid.csv,FULL_CATALOG_2000000_YEARS,2022_USD
I0_PHASE1_INDEPENDENT,FROZEN_OCCURRENCE_XOL,2,0.40000000000000002,2,earned_premium_2022_usd,245959.11993465692,245959.11993465692,0,0,defined,data/metadata/phase_2/notebook_11_reinsurance_capital/notebook_11_raroc_assumption_grid.csv,FULL_CATALOG_2000000_YEARS,2022_USD
I0_PHASE1_INDEPENDENT,FROZEN_OCCURRENCE_XOL,2.5,0.40000000000000002,2,earned_premium_2022_usd,307448.89991832117,307448.89991832117,0,0,defined,data/metadata/phase_2/notebook_11_reinsurance_capital/notebook_11_raroc_assumption_grid.csv,FULL_CATALOG_2000000_YEARS,2022_USD
I0_PHASE1_INDEPENDENT,FROZEN_OCCURRENCE_XOL,3,0.40000000000000002,2,earned_premium_2022_usd,368938.67990198539,368938.67990198539,0,0,defined,data/metadata/phase_2/notebook_11_reinsurance_capital/notebook_11_raroc_assumption_grid.csv,FULL_CATALOG_2000000_YEARS,2022_USD
I0_PHASE1_INDEPENDENT,STANDALONE_AGGREGATE,1.25,0.20000000000000001,1,earned_premium_2022_usd,153724.44995916059,153724.44995916059,0,0,defined,data/metadata/phase_2/notebook_11_reinsurance_capital/notebook_11_raroc_assumption_grid.csv,FULL_CATALOG_2000000_YEARS,2022_USD
I0_PHASE1_INDEPENDENT,STANDALONE_AGGREGATE,1.5,0.20000000000000001,1,earned_premium_2022_usd,184469.3399509927,184469.3399509927,0,0,defined,data/metadata/phase_2/notebook_11_reinsurance_capital/notebook_11_raroc_assumption_grid.csv,FULL_CATALOG_2000000_YEARS,2022_USD
I0_PHASE1_INDEPENDENT,STANDALONE_AGGREGATE,2,0.20000000000000001,1,earned_premium_2022_usd,245959.11993465692,245959.11993465692,0,0,defined,data/metadata/phase_2/notebook_11_reinsurance_capital/notebook_11_raroc_assumption_grid.csv,FULL_CATALOG_2000000_YEARS,2022_USD
I0_PHASE1_INDEPENDENT,STANDALONE_AGGREGATE,2.5,0.20000000000000001,1,earned_premium_2022_usd,307448.89991832117,307448.89991832117,0,0,defined,data/metadata/phase_2/notebook_11_reinsurance_capital/notebook_11_raroc_assumption_grid.csv,FULL_CATALOG_2000000_YEARS,2022_USD
I0_PHASE1_INDEPENDENT,STANDALONE_AGGREGATE,3,0.20000000000000001,1,earned_premium_2022_usd,368938.67990198539,368938.67990198539,0,0,defined,data/metadata/phase_2/notebook_11_reinsurance_capital/notebook_11_raroc_assumption_grid.csv,FULL_CATALOG_2000000_YEARS,2022_USD
I0_PHASE1_INDEPENDENT,STANDALONE_AGGREGATE,1.25,0.29999999999999999,1,earned_premium_2022_usd,153724.44995916059,153724.44995916059,0,0,defined,data/metadata/phase_2/notebook_11_reinsurance_capital/notebook_11_raroc_assumption_grid.csv,FULL_CATALOG_2000000_YEARS,2022_USD
I0_PHASE1_INDEPENDENT,STANDALONE_AGGREGATE,1.5,0.29999999999999999,1,earned_premium_2022_usd,184469.3399509927,184469.3399509927,0,0,defined,data/metadata/phase_2/notebook_11_reinsurance_capital/notebook_11_raroc_assumption_grid.csv,FULL_CATALOG_2000000_YEARS,2022_USD
I0_PHASE1_INDEPENDENT,STANDALONE_AGGREGATE,2,0.29999999999999999,1,earned_premium_2022_usd,245959.11993465692,245959.11993465692,0,0,defined,data/metadata/phase_2/notebook_11_reinsurance_capital/notebook_11_raroc_assumption_grid.csv,FULL_CATALOG_2000000_YEARS,2022_USD
I0_PHASE1_INDEPENDENT,STANDALONE_AGGREGATE,2.5,0.29999999999999999,1,earned_premium_2022_usd,307448.89991832117,307448.89991832117,0,0,defined,data/metadata/phase_2/notebook_11_reinsurance_capital/notebook_11_raroc_assumption_grid.csv,FULL_CATALOG_2000000_YEARS,2022_USD
I0_PHASE1_INDEPENDENT,STANDALONE_AGGREGATE,3,0.29999999999999999,1,earned_premium_2022_usd,368938.67990198539,368938.67990198539,0,0,defined,data/metadata/phase_2/notebook_11_reinsurance_capital/notebook_11_raroc_assumption_grid.csv,FULL_CATALOG_2000000_YEARS,2022_USD
I0_PHASE1_INDEPENDENT,STANDALONE_AGGREGATE,1.25,0.40000000000000002,1,earned_premium_2022_usd,153724.44995916059,153724.44995916059,0,0,defined,data/metadata/phase_2/notebook_11_reinsurance_capital/notebook_11_raroc_assumption_grid.csv,FULL_CATALOG_2000000_YEARS,2022_USD
I0_PHASE1_INDEPENDENT,STANDALONE_AGGREGATE,1.5,0.40000000000000002,1,earned_premium_2022_usd,184469.3399509927,184469.3399509927,0,0,defined,data/metadata/phase_2/notebook_11_reinsurance_capital/notebook_11_raroc_assumption_grid.csv,FULL_CATALOG_2000000_YEARS,2022_USD
I0_PHASE1_INDEPENDENT,STANDALONE_AGGREGATE,2,0.40000000000000002,1,earned_premium_2022_usd,245959.11993465692,245959.11993465692,0,0,defined,data/metadata/phase_2/notebook_11_reinsurance_capital/notebook_11_raroc_assumption_grid.csv,FULL_CATALOG_2000000_YEARS,2022_USD
I0_PHASE1_INDEPENDENT,STANDALONE_AGGREGATE,2.5,0.40000000000000002,1,earned_premium_2022_usd,307448.89991832117,307448.89991832117,0,0,defined,data/metadata/phase_2/notebook_11_reinsurance_capital/notebook_11_raroc_assumption_grid.csv,FULL_CATALOG_2000000_YEARS,2022_USD
I0_PHASE1_INDEPENDENT,STANDALONE_AGGREGATE,3,0.40000000000000002,1,earned_premium_2022_usd,368938.67990198539,368938.67990198539,0,0,defined,data/metadata/phase_2/notebook_11_reinsurance_capital/notebook_11_raroc_assumption_grid.csv,FULL_CATALOG_2000000_YEARS,2022_USD
I0_PHASE1_INDEPENDENT,STANDALONE_AGGREGATE,1.25,0.20000000000000001,1.25,earned_premium_2022_usd,153724.44995916059,153724.44995916059,0,0,defined,data/metadata/phase_2/notebook_11_reinsurance_capital/notebook_11_raroc_assumption_grid.csv,FULL_CATALOG_2000000_YEARS,2022_USD
I0_PHASE1_INDEPENDENT,STANDALONE_AGGREGATE,1.5,0.20000000000000001,1.25,earned_premium_2022_usd,184469.3399509927,184469.3399509927,0,0,defined,data/metadata/phase_2/notebook_11_reinsurance_capital/notebook_11_raroc_assumption_grid.csv,FULL_CATALOG_2000000_YEARS,2022_USD
I0_PHASE1_INDEPENDENT,STANDALONE_AGGREGATE,2,0.20000000000000001,1.25,earned_premium_2022_usd,245959.11993465692,245959.11993465692,0,0,defined,data/metadata/phase_2/notebook_11_reinsurance_capital/notebook_11_raroc_assumption_grid.csv,FULL_CATALOG_2000000_YEARS,2022_USD
I0_PHASE1_INDEPENDENT,STANDALONE_AGGREGATE,2.5,0.20000000000000001,1.25,earned_premium_2022_usd,307448.89991832117,307448.89991832117,0,0,defined,data/metadata/phase_2/notebook_11_reinsurance_capital/notebook_11_raroc_assumption_grid.csv,FULL_CATALOG_2000000_YEARS,2022_USD
I0_PHASE1_INDEPENDENT,STANDALONE_AGGREGATE,3,0.20000000000000001,1.25,earned_premium_2022_usd,368938.67990198539,368938.67990198539,0,0,defined,data/metadata/phase_2/notebook_11_reinsurance_capital/notebook_11_raroc_assumption_grid.csv,FULL_CATALOG_2000000_YEARS,2022_USD
I0_PHASE1_INDEPENDENT,STANDALONE_AGGREGATE,1.25,0.29999999999999999,1.25,earned_premium_2022_usd,153724.44995916059,153724.44995916059,0,0,defined,data/metadata/phase_2/notebook_11_reinsurance_capital/notebook_11_raroc_assumption_grid.csv,FULL_CATALOG_2000000_YEARS,2022_USD
I0_PHASE1_INDEPENDENT,STANDALONE_AGGREGATE,1.5,0.29999999999999999,1.25,earned_premium_2022_usd,184469.3399509927,184469.3399509927,0,0,defined,data/metadata/phase_2/notebook_11_reinsurance_capital/notebook_11_raroc_assumption_grid.csv,FULL_CATALOG_2000000_YEARS,2022_USD
I0_PHASE1_INDEPENDENT,STANDALONE_AGGREGATE,2,0.29999999999999999,1.25,earned_premium_2022_usd,245959.11993465692,245959.11993465692,0,0,defined,data/metadata/phase_2/notebook_11_reinsurance_capital/notebook_11_raroc_assumption_grid.csv,FULL_CATALOG_2000000_YEARS,2022_USD
I0_PHASE1_INDEPENDENT,STANDALONE_AGGREGATE,2.5,0.29999999999999999,1.25,earned_premium_2022_usd,307448.89991832117,307448.89991832117,0,0,defined,data/metadata/phase_2/notebook_11_reinsurance_capital/notebook_11_raroc_assumption_grid.csv,FULL_CATALOG_2000000_YEARS,2022_USD
I0_PHASE1_INDEPENDENT,STANDALONE_AGGREGATE,3,0.29999999999999999,1.25,earned_premium_2022_usd,368938.67990198539,368938.67990198539,0,0,defined,data/metadata/phase_2/notebook_11_reinsurance_capital/notebook_11_raroc_assumption_grid.csv,FULL_CATALOG_2000000_YEARS,2022_USD
I0_PHASE1_INDEPENDENT,STANDALONE_AGGREGATE,1.25,0.40000000000000002,1.25,earned_premium_2022_usd,153724.44995916059,153724.44995916059,0,0,defined,data/metadata/phase_2/notebook_11_reinsurance_capital/notebook_11_raroc_assumption_grid.csv,FULL_CATALOG_2000000_YEARS,2022_USD
I0_PHASE1_INDEPENDENT,STANDALONE_AGGREGATE,1.5,0.40000000000000002,1.25,earned_premium_2022_usd,184469.3399509927,184469.3399509927,0,0,defined,data/metadata/phase_2/notebook_11_reinsurance_capital/notebook_11_raroc_assumption_grid.csv,FULL_CATALOG_2000000_YEARS,2022_USD
I0_PHASE1_INDEPENDENT,STANDALONE_AGGREGATE,2,0.40000000000000002,1.25,earned_premium_2022_usd,245959.11993465692,245959.11993465692,0,0,defined,data/metadata/phase_2/notebook_11_reinsurance_capital/notebook_11_raroc_assumption_grid.csv,FULL_CATALOG_2000000_YEARS,2022_USD
I0_PHASE1_INDEPENDENT,STANDALONE_AGGREGATE,2.5,0.40000000000000002,1.25,earned_premium_2022_usd,307448.89991832117,307448.89991832117,0,0,defined,data/metadata/phase_2/notebook_11_reinsurance_capital/notebook_11_raroc_assumption_grid.csv,FULL_CATALOG_2000000_YEARS,2022_USD
I0_PHASE1_INDEPENDENT,STANDALONE_AGGREGATE,3,0.40000000000000002,1.25,earned_premium_2022_usd,368938.67990198539,368938.67990198539,0,0,defined,data/metadata/phase_2/notebook_11_reinsurance_capital/notebook_11_raroc_assumption_grid.csv,FULL_CATALOG_2000000_YEARS,2022_USD
I0_PHASE1_INDEPENDENT,STANDALONE_AGGREGATE,1.25,0.20000000000000001,1.5,earned_premium_2022_usd,153724.44995916059,153724.44995916059,0,0,defined,data/metadata/phase_2/notebook_11_reinsurance_capital/notebook_11_raroc_assumption_grid.csv,FULL_CATALOG_2000000_YEARS,2022_USD
I0_PHASE1_INDEPENDENT,STANDALONE_AGGREGATE,1.5,0.20000000000000001,1.5,earned_premium_2022_usd,184469.3399509927,184469.3399509927,0,0,defined,data/metadata/phase_2/notebook_11_reinsurance_capital/notebook_11_raroc_assumption_grid.csv,FULL_CATALOG_2000000_YEARS,2022_USD
I0_PHASE1_INDEPENDENT,STANDALONE_AGGREGATE,2,0.20000000000000001,1.5,earned_premium_2022_usd,245959.11993465692,245959.11993465692,0,0,defined,data/metadata/phase_2/notebook_11_reinsurance_capital/notebook_11_raroc_assumption_grid.csv,FULL_CATALOG_2000000_YEARS,2022_USD
I0_PHASE1_INDEPENDENT,STANDALONE_AGGREGATE,2.5,0.20000000000000001,1.5,earned_premium_2022_usd,307448.89991832117,307448.89991832117,0,0,defined,data/metadata/phase_2/notebook_11_reinsurance_capital/notebook_11_raroc_assumption_grid.csv,FULL_CATALOG_2000000_YEARS,2022_USD
I0_PHASE1_INDEPENDENT,STANDALONE_AGGREGATE,3,0.20000000000000001,1.5,earned_premium_2022_usd,368938.67990198539,368938.67990198539,0,0,defined,data/metadata/phase_2/notebook_11_reinsurance_capital/notebook_11_raroc_assumption_grid.csv,FULL_CATALOG_2000000_YEARS,2022_USD
I0_PHASE1_INDEPENDENT,STANDALONE_AGGREGATE,1.25,0.29999999999999999,1.5,earned_premium_2022_usd,153724.44995916059,153724.44995916059,0,0,defined,data/metadata/phase_2/notebook_11_reinsurance_capital/notebook_11_raroc_assumption_grid.csv,FULL_CATALOG_2000000_YEARS,2022_USD
I0_PHASE1_INDEPENDENT,STANDALONE_AGGREGATE,1.5,0.29999999999999999,1.5,earned_premium_2022_usd,184469.3399509927,184469.3399509927,0,0,defined,data/metadata/phase_2/notebook_11_reinsurance_capital/notebook_11_raroc_assumption_grid.csv,FULL_CATALOG_2000000_YEARS,2022_USD
I0_PHASE1_INDEPENDENT,STANDALONE_AGGREGATE,2,0.29999999999999999,1.5,earned_premium_2022_usd,245959.11993465692,245959.11993465692,0,0,defined,data/metadata/phase_2/notebook_11_reinsurance_capital/notebook_11_raroc_assumption_grid.csv,FULL_CATALOG_2000000_YEARS,2022_USD
I0_PHASE1_INDEPENDENT,STANDALONE_AGGREGATE,2.5,0.29999999999999999,1.5,earned_premium_2022_usd,307448.89991832117,307448.89991832117,0,0,defined,data/metadata/phase_2/notebook_11_reinsurance_capital/notebook_11_raroc_assumption_grid.csv,FULL_CATALOG_2000000_YEARS,2022_USD
I0_PHASE1_INDEPENDENT,STANDALONE_AGGREGATE,3,0.29999999999999999,1.5,earned_premium_2022_usd,368938.67990198539,368938.67990198539,0,0,defined,data/metadata/phase_2/notebook_11_reinsurance_capital/notebook_11_raroc_assumption_grid.csv,FULL_CATALOG_2000000_YEARS,2022_USD
I0_PHASE1_INDEPENDENT,STANDALONE_AGGREGATE,1.25,0.40000000000000002,1.5,earned_premium_2022_usd,153724.44995916059,153724.44995916059,0,0,defined,data/metadata/phase_2/notebook_11_reinsurance_capital/notebook_11_raroc_assumption_grid.csv,FULL_CATALOG_2000000_YEARS,2022_USD
I0_PHASE1_INDEPENDENT,STANDALONE_AGGREGATE,1.5,0.40000000000000002,1.5,earned_premium_2022_usd,184469.3399509927,184469.3399509927,0,0,defined,data/metadata/phase_2/notebook_11_reinsurance_capital/notebook_11_raroc_assumption_grid.csv,FULL_CATALOG_2000000_YEARS,2022_USD
I0_PHASE1_INDEPENDENT,STANDALONE_AGGREGATE,2,0.40000000000000002,1.5,earned_premium_2022_usd,245959.11993465692,245959.11993465692,0,0,defined,data/metadata/phase_2/notebook_11_reinsurance_capital/notebook_11_raroc_assumption_grid.csv,FULL_CATALOG_2000000_YEARS,2022_USD
I0_PHASE1_INDEPENDENT,STANDALONE_AGGREGATE,2.5,0.40000000000000002,1.5,earned_premium_2022_usd,307448.89991832117,307448.89991832117,0,0,defined,data/metadata/phase_2/notebook_11_reinsurance_capital/notebook_11_raroc_assumption_grid.csv,FULL_CATALOG_2000000_YEARS,2022_USD
I0_PHASE1_INDEPENDENT,STANDALONE_AGGREGATE,3,0.40000000000000002,1.5,earned_premium_2022_usd,368938.67990198539,368938.67990198539,0,0,defined,data/metadata/phase_2/notebook_11_reinsurance_capital/notebook_11_raroc_assumption_grid.csv,FULL_CATALOG_2000000_YEARS,2022_USD
I0_PHASE1_INDEPENDENT,STANDALONE_AGGREGATE,1.25,0.20000000000000001,2,earned_premium_2022_usd,153724.44995916059,153724.44995916059,0,0,defined,data/metadata/phase_2/notebook_11_reinsurance_capital/notebook_11_raroc_assumption_grid.csv,FULL_CATALOG_2000000_YEARS,2022_USD
I0_PHASE1_INDEPENDENT,STANDALONE_AGGREGATE,1.5,0.20000000000000001,2,earned_premium_2022_usd,184469.3399509927,184469.3399509927,0,0,defined,data/metadata/phase_2/notebook_11_reinsurance_capital/notebook_11_raroc_assumption_grid.csv,FULL_CATALOG_2000000_YEARS,2022_USD
I0_PHASE1_INDEPENDENT,STANDALONE_AGGREGATE,2,0.20000000000000001,2,earned_premium_2022_usd,245959.11993465692,245959.11993465692,0,0,defined,data/metadata/phase_2/notebook_11_reinsurance_capital/notebook_11_raroc_assumption_grid.csv,FULL_CATALOG_2000000_YEARS,2022_USD
I0_PHASE1_INDEPENDENT,STANDALONE_AGGREGATE,2.5,0.20000000000000001,2,earned_premium_2022_usd,307448.89991832117,307448.89991832117,0,0,defined,data/metadata/phase_2/notebook_11_reinsurance_capital/notebook_11_raroc_assumption_grid.csv,FULL_CATALOG_2000000_YEARS,2022_USD
I0_PHASE1_INDEPENDENT,STANDALONE_AGGREGATE,3,0.20000000000000001,2,earned_premium_2022_usd,368938.67990198539,368938.67990198539,0,0,defined,data/metadata/phase_2/notebook_11_reinsurance_capital/notebook_11_raroc_assumption_grid.csv,FULL_CATALOG_2000000_YEARS,2022_USD
I0_PHASE1_INDEPENDENT,STANDALONE_AGGREGATE,1.25,0.29999999999999999,2,earned_premium_2022_usd,153724.44995916059,153724.44995916059,0,0,defined,data/metadata/phase_2/notebook_11_reinsurance_capital/notebook_11_raroc_assumption_grid.csv,FULL_CATALOG_2000000_YEARS,2022_USD
I0_PHASE1_INDEPENDENT,STANDALONE_AGGREGATE,1.5,0.29999999999999999,2,earned_premium_2022_usd,184469.3399509927,184469.3399509927,0,0,defined,data/metadata/phase_2/notebook_11_reinsurance_capital/notebook_11_raroc_assumption_grid.csv,FULL_CATALOG_2000000_YEARS,2022_USD
I0_PHASE1_INDEPENDENT,STANDALONE_AGGREGATE,2,0.29999999999999999,2,earned_premium_2022_usd,245959.11993465692,245959.11993465692,0,0,defined,data/metadata/phase_2/notebook_11_reinsurance_capital/notebook_11_raroc_assumption_grid.csv,FULL_CATALOG_2000000_YEARS,2022_USD
I0_PHASE1_INDEPENDENT,STANDALONE_AGGREGATE,2.5,0.29999999999999999,2,earned_premium_2022_usd,307448.89991832117,307448.89991832117,0,0,defined,data/metadata/phase_2/notebook_11_reinsurance_capital/notebook_11_raroc_assumption_grid.csv,FULL_CATALOG_2000000_YEARS,2022_USD
I0_PHASE1_INDEPENDENT,STANDALONE_AGGREGATE,3,0.29999999999999999,2,earned_premium_2022_usd,368938.67990198539,368938.67990198539,0,0,defined,data/metadata/phase_2/notebook_11_reinsurance_capital/notebook_11_raroc_assumption_grid.csv,FULL_CATALOG_2000000_YEARS,2022_USD
I0_PHASE1_INDEPENDENT,STANDALONE_AGGREGATE,1.25,0.40000000000000002,2,earned_premium_2022_usd,153724.44995916059,153724.44995916059,0,0,defined,data/metadata/phase_2/notebook_11_reinsurance_capital/notebook_11_raroc_assumption_grid.csv,FULL_CATALOG_2000000_YEARS,2022_USD
I0_PHASE1_INDEPENDENT,STANDALONE_AGGREGATE,1.5,0.40000000000000002,2,earned_premium_2022_usd,184469.3399509927,184469.3399509927,0,0,defined,data/metadata/phase_2/notebook_11_reinsurance_capital/notebook_11_raroc_assumption_grid.csv,FULL_CATALOG_2000000_YEARS,2022_USD
I0_PHASE1_INDEPENDENT,STANDALONE_AGGREGATE,2,0.40000000000000002,2,earned_premium_2022_usd,245959.11993465692,245959.11993465692,0,0,defined,data/metadata/phase_2/notebook_11_reinsurance_capital/notebook_11_raroc_assumption_grid.csv,FULL_CATALOG_2000000_YEARS,2022_USD
I0_PHASE1_INDEPENDENT,STANDALONE_AGGREGATE,2.5,0.40000000000000002,2,earned_premium_2022_usd,307448.89991832117,307448.89991832117,0,0,defined,data/metadata/phase_2/notebook_11_reinsurance_capital/notebook_11_raroc_assumption_grid.csv,FULL_CATALOG_2000000_YEARS,2022_USD
I0_PHASE1_INDEPENDENT,STANDALONE_AGGREGATE,3,0.40000000000000002,2,earned_premium_2022_usd,368938.67990198539,368938.67990198539,0,0,defined,data/metadata/phase_2/notebook_11_reinsurance_capital/notebook_11_raroc_assumption_grid.csv,FULL_CATALOG_2000000_YEARS,2022_USD
I0_PHASE1_INDEPENDENT,STACKED_OCCURRENCE_PLUS_AGGREGATE,1.25,0.20000000000000001,1,earned_premium_2022_usd,153724.44995916059,153724.44995916059,0,0,defined,data/metadata/phase_2/notebook_11_reinsurance_capital/notebook_11_raroc_assumption_grid.csv,FULL_CATALOG_2000000_YEARS,2022_USD
I0_PHASE1_INDEPENDENT,STACKED_OCCURRENCE_PLUS_AGGREGATE,1.5,0.20000000000000001,1,earned_premium_2022_usd,184469.3399509927,184469.3399509927,0,0,defined,data/metadata/phase_2/notebook_11_reinsurance_capital/notebook_11_raroc_assumption_grid.csv,FULL_CATALOG_2000000_YEARS,2022_USD
I0_PHASE1_INDEPENDENT,STACKED_OCCURRENCE_PLUS_AGGREGATE,2,0.20000000000000001,1,earned_premium_2022_usd,245959.11993465692,245959.11993465692,0,0,defined,data/metadata/phase_2/notebook_11_reinsurance_capital/notebook_11_raroc_assumption_grid.csv,FULL_CATALOG_2000000_YEARS,2022_USD
I0_PHASE1_INDEPENDENT,STACKED_OCCURRENCE_PLUS_AGGREGATE,2.5,0.20000000000000001,1,earned_premium_2022_usd,307448.89991832117,307448.89991832117,0,0,defined,data/metadata/phase_2/notebook_11_reinsurance_capital/notebook_11_raroc_assumption_grid.csv,FULL_CATALOG_2000000_YEARS,2022_USD
I0_PHASE1_INDEPENDENT,STACKED_OCCURRENCE_PLUS_AGGREGATE,3,0.20000000000000001,1,earned_premium_2022_usd,368938.67990198539,368938.67990198539,0,0,defined,data/metadata/phase_2/notebook_11_reinsurance_capital/notebook_11_raroc_assumption_grid.csv,FULL_CATALOG_2000000_YEARS,2022_USD
I0_PHASE1_INDEPENDENT,STACKED_OCCURRENCE_PLUS_AGGREGATE,1.25,0.29999999999999999,1,earned_premium_2022_usd,153724.44995916059,153724.44995916059,0,0,defined,data/metadata/phase_2/notebook_11_reinsurance_capital/notebook_11_raroc_assumption_grid.csv,FULL_CATALOG_2000000_YEARS,2022_USD
I0_PHASE1_INDEPENDENT,STACKED_OCCURRENCE_PLUS_AGGREGATE,1.5,0.29999999999999999,1,earned_premium_2022_usd,184469.3399509927,184469.3399509927,0,0,defined,data/metadata/phase_2/notebook_11_reinsurance_capital/notebook_11_raroc_assumption_grid.csv,FULL_CATALOG_2000000_YEARS,2022_USD
I0_PHASE1_INDEPENDENT,STACKED_OCCURRENCE_PLUS_AGGREGATE,2,0.29999999999999999,1,earned_premium_2022_usd,245959.11993465692,245959.11993465692,0,0,defined,data/metadata/phase_2/notebook_11_reinsurance_capital/notebook_11_raroc_assumption_grid.csv,FULL_CATALOG_2000000_YEARS,2022_USD
I0_PHASE1_INDEPENDENT,STACKED_OCCURRENCE_PLUS_AGGREGATE,2.5,0.29999999999999999,1,earned_premium_2022_usd,307448.89991832117,307448.89991832117,0,0,defined,data/metadata/phase_2/notebook_11_reinsurance_capital/notebook_11_raroc_assumption_grid.csv,FULL_CATALOG_2000000_YEARS,2022_USD
I0_PHASE1_INDEPENDENT,STACKED_OCCURRENCE_PLUS_AGGREGATE,3,0.29999999999999999,1,earned_premium_2022_usd,368938.67990198539,368938.67990198539,0,0,defined,data/metadata/phase_2/notebook_11_reinsurance_capital/notebook_11_raroc_assumption_grid.csv,FULL_CATALOG_2000000_YEARS,2022_USD
I0_PHASE1_INDEPENDENT,STACKED_OCCURRENCE_PLUS_AGGREGATE,1.25,0.40000000000000002,1,earned_premium_2022_usd,153724.44995916059,153724.44995916059,0,0,defined,data/metadata/phase_2/notebook_11_reinsurance_capital/notebook_11_raroc_assumption_grid.csv,FULL_CATALOG_2000000_YEARS,2022_USD
I0_PHASE1_INDEPENDENT,STACKED_OCCURRENCE_PLUS_AGGREGATE,1.5,0.40000000000000002,1,earned_premium_2022_usd,184469.3399509927,184469.3399509927,0,0,defined,data/metadata/phase_2/notebook_11_reinsurance_capital/notebook_11_raroc_assumption_grid.csv,FULL_CATALOG_2000000_YEARS,2022_USD
I0_PHASE1_INDEPENDENT,STACKED_OCCURRENCE_PLUS_AGGREGATE,2,0.40000000000000002,1,earned_premium_2022_usd,245959.11993465692,245959.11993465692,0,0,defined,data/metadata/phase_2/notebook_11_reinsurance_capital/notebook_11_raroc_assumption_grid.csv,FULL_CATALOG_2000000_YEARS,2022_USD
I0_PHASE1_INDEPENDENT,STACKED_OCCURRENCE_PLUS_AGGREGATE,2.5,0.40000000000000002,1,earned_premium_2022_usd,307448.89991832117,307448.89991832117,0,0,defined,data/metadata/phase_2/notebook_11_reinsurance_capital/notebook_11_raroc_assumption_grid.csv,FULL_CATALOG_2000000_YEARS,2022_USD
I0_PHASE1_INDEPENDENT,STACKED_OCCURRENCE_PLUS_AGGREGATE,3,0.40000000000000002,1,earned_premium_2022_usd,368938.67990198539,368938.67990198539,0,0,defined,data/metadata/phase_2/notebook_11_reinsurance_capital/notebook_11_raroc_assumption_grid.csv,FULL_CATALOG_2000000_YEARS,2022_USD
I0_PHASE1_INDEPENDENT,STACKED_OCCURRENCE_PLUS_AGGREGATE,1.25,0.20000000000000001,1.25,earned_premium_2022_usd,153724.44995916059,153724.44995916059,0,0,defined,data/metadata/phase_2/notebook_11_reinsurance_capital/notebook_11_raroc_assumption_grid.csv,FULL_CATALOG_2000000_YEARS,2022_USD
I0_PHASE1_INDEPENDENT,STACKED_OCCURRENCE_PLUS_AGGREGATE,1.5,0.20000000000000001,1.25,earned_premium_2022_usd,184469.3399509927,184469.3399509927,0,0,defined,data/metadata/phase_2/notebook_11_reinsurance_capital/notebook_11_raroc_assumption_grid.csv,FULL_CATALOG_2000000_YEARS,2022_USD
I0_PHASE1_INDEPENDENT,STACKED_OCCURRENCE_PLUS_AGGREGATE,2,0.20000000000000001,1.25,earned_premium_2022_usd,245959.11993465692,245959.11993465692,0,0,defined,data/metadata/phase_2/notebook_11_reinsurance_capital/notebook_11_raroc_assumption_grid.csv,FULL_CATALOG_2000000_YEARS,2022_USD
I0_PHASE1_INDEPENDENT,STACKED_OCCURRENCE_PLUS_AGGREGATE,2.5,0.20000000000000001,1.25,earned_premium_2022_usd,307448.89991832117,307448.89991832117,0,0,defined,data/metadata/phase_2/notebook_11_reinsurance_capital/notebook_11_raroc_assumption_grid.csv,FULL_CATALOG_2000000_YEARS,2022_USD
I0_PHASE1_INDEPENDENT,STACKED_OCCURRENCE_PLUS_AGGREGATE,3,0.20000000000000001,1.25,earned_premium_2022_usd,368938.67990198539,368938.67990198539,0,0,defined,data/metadata/phase_2/notebook_11_reinsurance_capital/notebook_11_raroc_assumption_grid.csv,FULL_CATALOG_2000000_YEARS,2022_USD
I0_PHASE1_INDEPENDENT,STACKED_OCCURRENCE_PLUS_AGGREGATE,1.25,0.29999999999999999,1.25,earned_premium_2022_usd,153724.44995916059,153724.44995916059,0,0,defined,data/metadata/phase_2/notebook_11_reinsurance_capital/notebook_11_raroc_assumption_grid.csv,FULL_CATALOG_2000000_YEARS,2022_USD
I0_PHASE1_INDEPENDENT,STACKED_OCCURRENCE_PLUS_AGGREGATE,1.5,0.29999999999999999,1.25,earned_premium_2022_usd,184469.3399509927,184469.3399509927,0,0,defined,data/metadata/phase_2/notebook_11_reinsurance_capital/notebook_11_raroc_assumption_grid.csv,FULL_CATALOG_2000000_YEARS,2022_USD
I0_PHASE1_INDEPENDENT,STACKED_OCCURRENCE_PLUS_AGGREGATE,2,0.29999999999999999,1.25,earned_premium_2022_usd,245959.11993465692,245959.11993465692,0,0,defined,data/metadata/phase_2/notebook_11_reinsurance_capital/notebook_11_raroc_assumption_grid.csv,FULL_CATALOG_2000000_YEARS,2022_USD
I0_PHASE1_INDEPENDENT,STACKED_OCCURRENCE_PLUS_AGGREGATE,2.5,0.29999999999999999,1.25,earned_premium_2022_usd,307448.89991832117,307448.89991832117,0,0,defined,data/metadata/phase_2/notebook_11_reinsurance_capital/notebook_11_raroc_assumption_grid.csv,FULL_CATALOG_2000000_YEARS,2022_USD
I0_PHASE1_INDEPENDENT,STACKED_OCCURRENCE_PLUS_AGGREGATE,3,0.29999999999999999,1.25,earned_premium_2022_usd,368938.67990198539,368938.67990198539,0,0,defined,data/metadata/phase_2/notebook_11_reinsurance_capital/notebook_11_raroc_assumption_grid.csv,FULL_CATALOG_2000000_YEARS,2022_USD
I0_PHASE1_INDEPENDENT,STACKED_OCCURRENCE_PLUS_AGGREGATE,1.25,0.40000000000000002,1.25,earned_premium_2022_usd,153724.44995916059,153724.44995916059,0,0,defined,data/metadata/phase_2/notebook_11_reinsurance_capital/notebook_11_raroc_assumption_grid.csv,FULL_CATALOG_2000000_YEARS,2022_USD
I0_PHASE1_INDEPENDENT,STACKED_OCCURRENCE_PLUS_AGGREGATE,1.5,0.40000000000000002,1.25,earned_premium_2022_usd,184469.3399509927,184469.3399509927,0,0,defined,data/metadata/phase_2/notebook_11_reinsurance_capital/notebook_11_raroc_assumption_grid.csv,FULL_CATALOG_2000000_YEARS,2022_USD
I0_PHASE1_INDEPENDENT,STACKED_OCCURRENCE_PLUS_AGGREGATE,2,0.40000000000000002,1.25,earned_premium_2022_usd,245959.11993465692,245959.11993465692,0,0,defined,data/metadata/phase_2/notebook_11_reinsurance_capital/notebook_11_raroc_assumption_grid.csv,FULL_CATALOG_2000000_YEARS,2022_USD
I0_PHASE1_INDEPENDENT,STACKED_OCCURRENCE_PLUS_AGGREGATE,2.5,0.40000000000000002,1.25,earned_premium_2022_usd,307448.89991832117,307448.89991832117,0,0,defined,data/metadata/phase_2/notebook_11_reinsurance_capital/notebook_11_raroc_assumption_grid.csv,FULL_CATALOG_2000000_YEARS,2022_USD
I0_PHASE1_INDEPENDENT,STACKED_OCCURRENCE_PLUS_AGGREGATE,3,0.40000000000000002,1.25,earned_premium_2022_usd,368938.67990198539,368938.67990198539,0,0,defined,data/metadata/phase_2/notebook_11_reinsurance_capital/notebook_11_raroc_assumption_grid.csv,FULL_CATALOG_2000000_YEARS,2022_USD
I0_PHASE1_INDEPENDENT,STACKED_OCCURRENCE_PLUS_AGGREGATE,1.25,0.20000000000000001,1.5,earned_premium_2022_usd,153724.44995916059,153724.44995916059,0,0,defined,data/metadata/phase_2/notebook_11_reinsurance_capital/notebook_11_raroc_assumption_grid.csv,FULL_CATALOG_2000000_YEARS,2022_USD
I0_PHASE1_INDEPENDENT,STACKED_OCCURRENCE_PLUS_AGGREGATE,1.5,0.20000000000000001,1.5,earned_premium_2022_usd,184469.3399509927,184469.3399509927,0,0,defined,data/metadata/phase_2/notebook_11_reinsurance_capital/notebook_11_raroc_assumption_grid.csv,FULL_CATALOG_2000000_YEARS,2022_USD
I0_PHASE1_INDEPENDENT,STACKED_OCCURRENCE_PLUS_AGGREGATE,2,0.20000000000000001,1.5,earned_premium_2022_usd,245959.11993465692,245959.11993465692,0,0,defined,data/metadata/phase_2/notebook_11_reinsurance_capital/notebook_11_raroc_assumption_grid.csv,FULL_CATALOG_2000000_YEARS,2022_USD
I0_PHASE1_INDEPENDENT,STACKED_OCCURRENCE_PLUS_AGGREGATE,2.5,0.20000000000000001,1.5,earned_premium_2022_usd,307448.89991832117,307448.89991832117,0,0,defined,data/metadata/phase_2/notebook_11_reinsurance_capital/notebook_11_raroc_assumption_grid.csv,FULL_CATALOG_2000000_YEARS,2022_USD
I0_PHASE1_INDEPENDENT,STACKED_OCCURRENCE_PLUS_AGGREGATE,3,0.20000000000000001,1.5,earned_premium_2022_usd,368938.67990198539,368938.67990198539,0,0,defined,data/metadata/phase_2/notebook_11_reinsurance_capital/notebook_11_raroc_assumption_grid.csv,FULL_CATALOG_2000000_YEARS,2022_USD
I0_PHASE1_INDEPENDENT,STACKED_OCCURRENCE_PLUS_AGGREGATE,1.25,0.29999999999999999,1.5,earned_premium_2022_usd,153724.44995916059,153724.44995916059,0,0,defined,data/metadata/phase_2/notebook_11_reinsurance_capital/notebook_11_raroc_assumption_grid.csv,FULL_CATALOG_2000000_YEARS,2022_USD
I0_PHASE1_INDEPENDENT,STACKED_OCCURRENCE_PLUS_AGGREGATE,1.5,0.29999999999999999,1.5,earned_premium_2022_usd,184469.3399509927,184469.3399509927,0,0,defined,data/metadata/phase_2/notebook_11_reinsurance_capital/notebook_11_raroc_assumption_grid.csv,FULL_CATALOG_2000000_YEARS,2022_USD
I0_PHASE1_INDEPENDENT,STACKED_OCCURRENCE_PLUS_AGGREGATE,2,0.29999999999999999,1.5,earned_premium_2022_usd,245959.11993465692,245959.11993465692,0,0,defined,data/metadata/phase_2/notebook_11_reinsurance_capital/notebook_11_raroc_assumption_grid.csv,FULL_CATALOG_2000000_YEARS,2022_USD
I0_PHASE1_INDEPENDENT,STACKED_OCCURRENCE_PLUS_AGGREGATE,2.5,0.29999999999999999,1.5,earned_premium_2022_usd,307448.89991832117,307448.89991832117,0,0,defined,data/metadata/phase_2/notebook_11_reinsurance_capital/notebook_11_raroc_assumption_grid.csv,FULL_CATALOG_2000000_YEARS,2022_USD
I0_PHASE1_INDEPENDENT,STACKED_OCCURRENCE_PLUS_AGGREGATE,3,0.29999999999999999,1.5,earned_premium_2022_usd,368938.67990198539,368938.67990198539,0,0,defined,data/metadata/phase_2/notebook_11_reinsurance_capital/notebook_11_raroc_assumption_grid.csv,FULL_CATALOG_2000000_YEARS,2022_USD
I0_PHASE1_INDEPENDENT,STACKED_OCCURRENCE_PLUS_AGGREGATE,1.25,0.40000000000000002,1.5,earned_premium_2022_usd,153724.44995916059,153724.44995916059,0,0,defined,data/metadata/phase_2/notebook_11_reinsurance_capital/notebook_11_raroc_assumption_grid.csv,FULL_CATALOG_2000000_YEARS,2022_USD
I0_PHASE1_INDEPENDENT,STACKED_OCCURRENCE_PLUS_AGGREGATE,1.5,0.40000000000000002,1.5,earned_premium_2022_usd,184469.3399509927,184469.3399509927,0,0,defined,data/metadata/phase_2/notebook_11_reinsurance_capital/notebook_11_raroc_assumption_grid.csv,FULL_CATALOG_2000000_YEARS,2022_USD
I0_PHASE1_INDEPENDENT,STACKED_OCCURRENCE_PLUS_AGGREGATE,2,0.40000000000000002,1.5,earned_premium_2022_usd,245959.11993465692,245959.11993465692,0,0,defined,data/metadata/phase_2/notebook_11_reinsurance_capital/notebook_11_raroc_assumption_grid.csv,FULL_CATALOG_2000000_YEARS,2022_USD
I0_PHASE1_INDEPENDENT,STACKED_OCCURRENCE_PLUS_AGGREGATE,2.5,0.40000000000000002,1.5,earned_premium_2022_usd,307448.89991832117,307448.89991832117,0,0,defined,data/metadata/phase_2/notebook_11_reinsurance_capital/notebook_11_raroc_assumption_grid.csv,FULL_CATALOG_2000000_YEARS,2022_USD
I0_PHASE1_INDEPENDENT,STACKED_OCCURRENCE_PLUS_AGGREGATE,3,0.40000000000000002,1.5,earned_premium_2022_usd,368938.67990198539,368938.67990198539,0,0,defined,data/metadata/phase_2/notebook_11_reinsurance_capital/notebook_11_raroc_assumption_grid.csv,FULL_CATALOG_2000000_YEARS,2022_USD
I0_PHASE1_INDEPENDENT,STACKED_OCCURRENCE_PLUS_AGGREGATE,1.25,0.20000000000000001,2,earned_premium_2022_usd,153724.44995916059,153724.44995916059,0,0,defined,data/metadata/phase_2/notebook_11_reinsurance_capital/notebook_11_raroc_assumption_grid.csv,FULL_CATALOG_2000000_YEARS,2022_USD
I0_PHASE1_INDEPENDENT,STACKED_OCCURRENCE_PLUS_AGGREGATE,1.5,0.20000000000000001,2,earned_premium_2022_usd,184469.3399509927,184469.3399509927,0,0,defined,data/metadata/phase_2/notebook_11_reinsurance_capital/notebook_11_raroc_assumption_grid.csv,FULL_CATALOG_2000000_YEARS,2022_USD
I0_PHASE1_INDEPENDENT,STACKED_OCCURRENCE_PLUS_AGGREGATE,2,0.20000000000000001,2,earned_premium_2022_usd,245959.11993465692,245959.11993465692,0,0,defined,data/metadata/phase_2/notebook_11_reinsurance_capital/notebook_11_raroc_assumption_grid.csv,FULL_CATALOG_2000000_YEARS,2022_USD
I0_PHASE1_INDEPENDENT,STACKED_OCCURRENCE_PLUS_AGGREGATE,2.5,0.20000000000000001,2,earned_premium_2022_usd,307448.89991832117,307448.89991832117,0,0,defined,data/metadata/phase_2/notebook_11_reinsurance_capital/notebook_11_raroc_assumption_grid.csv,FULL_CATALOG_2000000_YEARS,2022_USD
I0_PHASE1_INDEPENDENT,STACKED_OCCURRENCE_PLUS_AGGREGATE,3,0.20000000000000001,2,earned_premium_2022_usd,368938.67990198539,368938.67990198539,0,0,defined,data/metadata/phase_2/notebook_11_reinsurance_capital/notebook_11_raroc_assumption_grid.csv,FULL_CATALOG_2000000_YEARS,2022_USD
I0_PHASE1_INDEPENDENT,STACKED_OCCURRENCE_PLUS_AGGREGATE,1.25,0.29999999999999999,2,earned_premium_2022_usd,153724.44995916059,153724.44995916059,0,0,defined,data/metadata/phase_2/notebook_11_reinsurance_capital/notebook_11_raroc_assumption_grid.csv,FULL_CATALOG_2000000_YEARS,2022_USD
I0_PHASE1_INDEPENDENT,STACKED_OCCURRENCE_PLUS_AGGREGATE,1.5,0.29999999999999999,2,earned_premium_2022_usd,184469.3399509927,184469.3399509927,0,0,defined,data/metadata/phase_2/notebook_11_reinsurance_capital/notebook_11_raroc_assumption_grid.csv,FULL_CATALOG_2000000_YEARS,2022_USD
I0_PHASE1_INDEPENDENT,STACKED_OCCURRENCE_PLUS_AGGREGATE,2,0.29999999999999999,2,earned_premium_2022_usd,245959.11993465692,245959.11993465692,0,0,defined,data/metadata/phase_2/notebook_11_reinsurance_capital/notebook_11_raroc_assumption_grid.csv,FULL_CATALOG_2000000_YEARS,2022_USD
I0_PHASE1_INDEPENDENT,STACKED_OCCURRENCE_PLUS_AGGREGATE,2.5,0.29999999999999999,2,earned_premium_2022_usd,307448.89991832117,307448.89991832117,0,0,defined,data/metadata/phase_2/notebook_11_reinsurance_capital/notebook_11_raroc_assumption_grid.csv,FULL_CATALOG_2000000_YEARS,2022_USD
I0_PHASE1_INDEPENDENT,STACKED_OCCURRENCE_PLUS_AGGREGATE,3,0.29999999999999999,2,earned_premium_2022_usd,368938.67990198539,368938.67990198539,0,0,defined,data/metadata/phase_2/notebook_11_reinsurance_capital/notebook_11_raroc_assumption_grid.csv,FULL_CATALOG_2000000_YEARS,2022_USD
I0_PHASE1_INDEPENDENT,STACKED_OCCURRENCE_PLUS_AGGREGATE,1.25,0.40000000000000002,2,earned_premium_2022_usd,153724.44995916059,153724.44995916059,0,0,defined,data/metadata/phase_2/notebook_11_reinsurance_capital/notebook_11_raroc_assumption_grid.csv,FULL_CATALOG_2000000_YEARS,2022_USD
I0_PHASE1_INDEPENDENT,STACKED_OCCURRENCE_PLUS_AGGREGATE,1.5,0.40000000000000002,2,earned_premium_2022_usd,184469.3399509927,184469.3399509927,0,0,defined,data/metadata/phase_2/notebook_11_reinsurance_capital/notebook_11_raroc_assumption_grid.csv,FULL_CATALOG_2000000_YEARS,2022_USD
I0_PHASE1_INDEPENDENT,STACKED_OCCURRENCE_PLUS_AGGREGATE,2,0.40000000000000002,2,earned_premium_2022_usd,245959.11993465692,245959.11993465692,0,0,defined,data/metadata/phase_2/notebook_11_reinsurance_capital/notebook_11_raroc_assumption_grid.csv,FULL_CATALOG_2000000_YEARS,2022_USD
I0_PHASE1_INDEPENDENT,STACKED_OCCURRENCE_PLUS_AGGREGATE,2.5,0.40000000000000002,2,earned_premium_2022_usd,307448.89991832117,307448.89991832117,0,0,defined,data/metadata/phase_2/notebook_11_reinsurance_capital/notebook_11_raroc_assumption_grid.csv,FULL_CATALOG_2000000_YEARS,2022_USD
I0_PHASE1_INDEPENDENT,STACKED_OCCURRENCE_PLUS_AGGREGATE,3,0.40000000000000002,2,earned_premium_2022_usd,368938.67990198539,368938.67990198539,0,0,defined,data/metadata/phase_2/notebook_11_reinsurance_capital/notebook_11_raroc_assumption_grid.csv,FULL_CATALOG_2000000_YEARS,2022_USD
C1_ALDEA22_SUBDUCTION,NO_REINSURANCE,1.25,0.20000000000000001,0,earned_premium_2022_usd,154304.28653520709,153724.44995916059,579.83657604650944,0.37719216181977072,defined,data/metadata/phase_2/notebook_11_reinsurance_capital/notebook_11_raroc_assumption_grid.csv,FULL_CATALOG_2000000_YEARS,2022_USD
C1_ALDEA22_SUBDUCTION,NO_REINSURANCE,1.5,0.20000000000000001,0,earned_premium_2022_usd,185165.14384224851,184469.3399509927,695.80389125581132,0.37719216181977072,defined,data/metadata/phase_2/notebook_11_reinsurance_capital/notebook_11_raroc_assumption_grid.csv,FULL_CATALOG_2000000_YEARS,2022_USD
C1_ALDEA22_SUBDUCTION,NO_REINSURANCE,2,0.20000000000000001,0,earned_premium_2022_usd,246886.85845633133,245959.11993465692,927.7385216744151,0.37719216181977072,defined,data/metadata/phase_2/notebook_11_reinsurance_capital/notebook_11_raroc_assumption_grid.csv,FULL_CATALOG_2000000_YEARS,2022_USD
C1_ALDEA22_SUBDUCTION,NO_REINSURANCE,2.5,0.20000000000000001,0,earned_premium_2022_usd,308608.57307041419,307448.89991832117,1159.6731520930189,0.37719216181977072,defined,data/metadata/phase_2/notebook_11_reinsurance_capital/notebook_11_raroc_assumption_grid.csv,FULL_CATALOG_2000000_YEARS,2022_USD
C1_ALDEA22_SUBDUCTION,NO_REINSURANCE,3,0.20000000000000001,0,earned_premium_2022_usd,370330.28768449702,368938.67990198539,1391.6077825116226,0.37719216181977072,defined,data/metadata/phase_2/notebook_11_reinsurance_capital/notebook_11_raroc_assumption_grid.csv,FULL_CATALOG_2000000_YEARS,2022_USD
C1_ALDEA22_SUBDUCTION,NO_REINSURANCE,1.25,0.29999999999999999,0,earned_premium_2022_usd,154304.28653520709,153724.44995916059,579.83657604650944,0.37719216181977072,defined,data/metadata/phase_2/notebook_11_reinsurance_capital/notebook_11_raroc_assumption_grid.csv,FULL_CATALOG_2000000_YEARS,2022_USD
C1_ALDEA22_SUBDUCTION,NO_REINSURANCE,1.5,0.29999999999999999,0,earned_premium_2022_usd,185165.14384224851,184469.3399509927,695.80389125581132,0.37719216181977072,defined,data/metadata/phase_2/notebook_11_reinsurance_capital/notebook_11_raroc_assumption_grid.csv,FULL_CATALOG_2000000_YEARS,2022_USD
C1_ALDEA22_SUBDUCTION,NO_REINSURANCE,2,0.29999999999999999,0,earned_premium_2022_usd,246886.85845633133,245959.11993465692,927.7385216744151,0.37719216181977072,defined,data/metadata/phase_2/notebook_11_reinsurance_capital/notebook_11_raroc_assumption_grid.csv,FULL_CATALOG_2000000_YEARS,2022_USD
C1_ALDEA22_SUBDUCTION,NO_REINSURANCE,2.5,0.29999999999999999,0,earned_premium_2022_usd,308608.57307041419,307448.89991832117,1159.6731520930189,0.37719216181977072,defined,data/metadata/phase_2/notebook_11_reinsurance_capital/notebook_11_raroc_assumption_grid.csv,FULL_CATALOG_2000000_YEARS,2022_USD
C1_ALDEA22_SUBDUCTION,NO_REINSURANCE,3,0.29999999999999999,0,earned_premium_2022_usd,370330.28768449702,368938.67990198539,1391.6077825116226,0.37719216181977072,defined,data/metadata/phase_2/notebook_11_reinsurance_capital/notebook_11_raroc_assumption_grid.csv,FULL_CATALOG_2000000_YEARS,2022_USD
C1_ALDEA22_SUBDUCTION,NO_REINSURANCE,1.25,0.40000000000000002,0,earned_premium_2022_usd,154304.28653520709,153724.44995916059,579.83657604650944,0.37719216181977072,defined,data/metadata/phase_2/notebook_11_reinsurance_capital/notebook_11_raroc_assumption_grid.csv,FULL_CATALOG_2000000_YEARS,2022_USD
C1_ALDEA22_SUBDUCTION,NO_REINSURANCE,1.5,0.40000000000000002,0,earned_premium_2022_usd,185165.14384224851,184469.3399509927,695.80389125581132,0.37719216181977072,defined,data/metadata/phase_2/notebook_11_reinsurance_capital/notebook_11_raroc_assumption_grid.csv,FULL_CATALOG_2000000_YEARS,2022_USD
C1_ALDEA22_SUBDUCTION,NO_REINSURANCE,2,0.40000000000000002,0,earned_premium_2022_usd,246886.85845633133,245959.11993465692,927.7385216744151,0.37719216181977072,defined,data/metadata/phase_2/notebook_11_reinsurance_capital/notebook_11_raroc_assumption_grid.csv,FULL_CATALOG_2000000_YEARS,2022_USD
C1_ALDEA22_SUBDUCTION,NO_REINSURANCE,2.5,0.40000000000000002,0,earned_premium_2022_usd,308608.57307041419,307448.89991832117,1159.6731520930189,0.37719216181977072,defined,data/metadata/phase_2/notebook_11_reinsurance_capital/notebook_11_raroc_assumption_grid.csv,FULL_CATALOG_2000000_YEARS,2022_USD
C1_ALDEA22_SUBDUCTION,NO_REINSURANCE,3,0.40000000000000002,0,earned_premium_2022_usd,370330.28768449702,368938.67990198539,1391.6077825116226,0.37719216181977072,defined,data/metadata/phase_2/notebook_11_reinsurance_capital/notebook_11_raroc_assumption_grid.csv,FULL_CATALOG_2000000_YEARS,2022_USD
C1_ALDEA22_SUBDUCTION,FROZEN_OCCURRENCE_XOL,1.25,0.20000000000000001,1,earned_premium_2022_usd,154304.28653520709,153724.44995916059,579.83657604650944,0.37719216181977072,defined,data/metadata/phase_2/notebook_11_reinsurance_capital/notebook_11_raroc_assumption_grid.csv,FULL_CATALOG_2000000_YEARS,2022_USD
C1_ALDEA22_SUBDUCTION,FROZEN_OCCURRENCE_XOL,1.5,0.20000000000000001,1,earned_premium_2022_usd,185165.14384224851,184469.3399509927,695.80389125581132,0.37719216181977072,defined,data/metadata/phase_2/notebook_11_reinsurance_capital/notebook_11_raroc_assumption_grid.csv,FULL_CATALOG_2000000_YEARS,2022_USD
C1_ALDEA22_SUBDUCTION,FROZEN_OCCURRENCE_XOL,2,0.20000000000000001,1,earned_premium_2022_usd,246886.85845633133,245959.11993465692,927.7385216744151,0.37719216181977072,defined,data/metadata/phase_2/notebook_11_reinsurance_capital/notebook_11_raroc_assumption_grid.csv,FULL_CATALOG_2000000_YEARS,2022_USD
C1_ALDEA22_SUBDUCTION,FROZEN_OCCURRENCE_XOL,2.5,0.20000000000000001,1,earned_premium_2022_usd,308608.57307041419,307448.89991832117,1159.6731520930189,0.37719216181977072,defined,data/metadata/phase_2/notebook_11_reinsurance_capital/notebook_11_raroc_assumption_grid.csv,FULL_CATALOG_2000000_YEARS,2022_USD
C1_ALDEA22_SUBDUCTION,FROZEN_OCCURRENCE_XOL,3,0.20000000000000001,1,earned_premium_2022_usd,370330.28768449702,368938.67990198539,1391.6077825116226,0.37719216181977072,defined,data/metadata/phase_2/notebook_11_reinsurance_capital/notebook_11_raroc_assumption_grid.csv,FULL_CATALOG_2000000_YEARS,2022_USD
C1_ALDEA22_SUBDUCTION,FROZEN_OCCURRENCE_XOL,1.25,0.29999999999999999,1,earned_premium_2022_usd,154304.28653520709,153724.44995916059,579.83657604650944,0.37719216181977072,defined,data/metadata/phase_2/notebook_11_reinsurance_capital/notebook_11_raroc_assumption_grid.csv,FULL_CATALOG_2000000_YEARS,2022_USD
C1_ALDEA22_SUBDUCTION,FROZEN_OCCURRENCE_XOL,1.5,0.29999999999999999,1,earned_premium_2022_usd,185165.14384224851,184469.3399509927,695.80389125581132,0.37719216181977072,defined,data/metadata/phase_2/notebook_11_reinsurance_capital/notebook_11_raroc_assumption_grid.csv,FULL_CATALOG_2000000_YEARS,2022_USD
C1_ALDEA22_SUBDUCTION,FROZEN_OCCURRENCE_XOL,2,0.29999999999999999,1,earned_premium_2022_usd,246886.85845633133,245959.11993465692,927.7385216744151,0.37719216181977072,defined,data/metadata/phase_2/notebook_11_reinsurance_capital/notebook_11_raroc_assumption_grid.csv,FULL_CATALOG_2000000_YEARS,2022_USD
C1_ALDEA22_SUBDUCTION,FROZEN_OCCURRENCE_XOL,2.5,0.29999999999999999,1,earned_premium_2022_usd,308608.57307041419,307448.89991832117,1159.6731520930189,0.37719216181977072,defined,data/metadata/phase_2/notebook_11_reinsurance_capital/notebook_11_raroc_assumption_grid.csv,FULL_CATALOG_2000000_YEARS,2022_USD
C1_ALDEA22_SUBDUCTION,FROZEN_OCCURRENCE_XOL,3,0.29999999999999999,1,earned_premium_2022_usd,370330.28768449702,368938.67990198539,1391.6077825116226,0.37719216181977072,defined,data/metadata/phase_2/notebook_11_reinsurance_capital/notebook_11_raroc_assumption_grid.csv,FULL_CATALOG_2000000_YEARS,2022_USD
C1_ALDEA22_SUBDUCTION,FROZEN_OCCURRENCE_XOL,1.25,0.40000000000000002,1,earned_premium_2022_usd,154304.28653520709,153724.44995916059,579.83657604650944,0.37719216181977072,defined,data/metadata/phase_2/notebook_11_reinsurance_capital/notebook_11_raroc_assumption_grid.csv,FULL_CATALOG_2000000_YEARS,2022_USD
C1_ALDEA22_SUBDUCTION,FROZEN_OCCURRENCE_XOL,1.5,0.40000000000000002,1,earned_premium_2022_usd,185165.14384224851,184469.3399509927,695.80389125581132,0.37719216181977072,defined,data/metadata/phase_2/notebook_11_reinsurance_capital/notebook_11_raroc_assumption_grid.csv,FULL_CATALOG_2000000_YEARS,2022_USD
C1_ALDEA22_SUBDUCTION,FROZEN_OCCURRENCE_XOL,2,0.40000000000000002,1,earned_premium_2022_usd,246886.85845633133,245959.11993465692,927.7385216744151,0.37719216181977072,defined,data/metadata/phase_2/notebook_11_reinsurance_capital/notebook_11_raroc_assumption_grid.csv,FULL_CATALOG_2000000_YEARS,2022_USD
C1_ALDEA22_SUBDUCTION,FROZEN_OCCURRENCE_XOL,2.5,0.40000000000000002,1,earned_premium_2022_usd,308608.57307041419,307448.89991832117,1159.6731520930189,0.37719216181977072,defined,data/metadata/phase_2/notebook_11_reinsurance_capital/notebook_11_raroc_assumption_grid.csv,FULL_CATALOG_2000000_YEARS,2022_USD
C1_ALDEA22_SUBDUCTION,FROZEN_OCCURRENCE_XOL,3,0.40000000000000002,1,earned_premium_2022_usd,370330.28768449702,368938.67990198539,1391.6077825116226,0.37719216181977072,defined,data/metadata/phase_2/notebook_11_reinsurance_capital/notebook_11_raroc_assumption_grid.csv,FULL_CATALOG_2000000_YEARS,2022_USD
C1_ALDEA22_SUBDUCTION,FROZEN_OCCURRENCE_XOL,1.25,0.20000000000000001,1.25,earned_premium_2022_usd,154304.28653520709,153724.44995916059,579.83657604650944,0.37719216181977072,defined,data/metadata/phase_2/notebook_11_reinsurance_capital/notebook_11_raroc_assumption_grid.csv,FULL_CATALOG_2000000_YEARS,2022_USD
C1_ALDEA22_SUBDUCTION,FROZEN_OCCURRENCE_XOL,1.5,0.20000000000000001,1.25,earned_premium_2022_usd,185165.14384224851,184469.3399509927,695.80389125581132,0.37719216181977072,defined,data/metadata/phase_2/notebook_11_reinsurance_capital/notebook_11_raroc_assumption_grid.csv,FULL_CATALOG_2000000_YEARS,2022_USD
C1_ALDEA22_SUBDUCTION,FROZEN_OCCURRENCE_XOL,2,0.20000000000000001,1.25,earned_premium_2022_usd,246886.85845633133,245959.11993465692,927.7385216744151,0.37719216181977072,defined,data/metadata/phase_2/notebook_11_reinsurance_capital/notebook_11_raroc_assumption_grid.csv,FULL_CATALOG_2000000_YEARS,2022_USD
C1_ALDEA22_SUBDUCTION,FROZEN_OCCURRENCE_XOL,2.5,0.20000000000000001,1.25,earned_premium_2022_usd,308608.57307041419,307448.89991832117,1159.6731520930189,0.37719216181977072,defined,data/metadata/phase_2/notebook_11_reinsurance_capital/notebook_11_raroc_assumption_grid.csv,FULL_CATALOG_2000000_YEARS,2022_USD
C1_ALDEA22_SUBDUCTION,FROZEN_OCCURRENCE_XOL,3,0.20000000000000001,1.25,earned_premium_2022_usd,370330.28768449702,368938.67990198539,1391.6077825116226,0.37719216181977072,defined,data/metadata/phase_2/notebook_11_reinsurance_capital/notebook_11_raroc_assumption_grid.csv,FULL_CATALOG_2000000_YEARS,2022_USD
C1_ALDEA22_SUBDUCTION,FROZEN_OCCURRENCE_XOL,1.25,0.29999999999999999,1.25,earned_premium_2022_usd,154304.28653520709,153724.44995916059,579.83657604650944,0.37719216181977072,defined,data/metadata/phase_2/notebook_11_reinsurance_capital/notebook_11_raroc_assumption_grid.csv,FULL_CATALOG_2000000_YEARS,2022_USD
C1_ALDEA22_SUBDUCTION,FROZEN_OCCURRENCE_XOL,1.5,0.29999999999999999,1.25,earned_premium_2022_usd,185165.14384224851,184469.3399509927,695.80389125581132,0.37719216181977072,defined,data/metadata/phase_2/notebook_11_reinsurance_capital/notebook_11_raroc_assumption_grid.csv,FULL_CATALOG_2000000_YEARS,2022_USD
C1_ALDEA22_SUBDUCTION,FROZEN_OCCURRENCE_XOL,2,0.29999999999999999,1.25,earned_premium_2022_usd,246886.85845633133,245959.11993465692,927.7385216744151,0.37719216181977072,defined,data/metadata/phase_2/notebook_11_reinsurance_capital/notebook_11_raroc_assumption_grid.csv,FULL_CATALOG_2000000_YEARS,2022_USD
C1_ALDEA22_SUBDUCTION,FROZEN_OCCURRENCE_XOL,2.5,0.29999999999999999,1.25,earned_premium_2022_usd,308608.57307041419,307448.89991832117,1159.6731520930189,0.37719216181977072,defined,data/metadata/phase_2/notebook_11_reinsurance_capital/notebook_11_raroc_assumption_grid.csv,FULL_CATALOG_2000000_YEARS,2022_USD
C1_ALDEA22_SUBDUCTION,FROZEN_OCCURRENCE_XOL,3,0.29999999999999999,1.25,earned_premium_2022_usd,370330.28768449702,368938.67990198539,1391.6077825116226,0.37719216181977072,defined,data/metadata/phase_2/notebook_11_reinsurance_capital/notebook_11_raroc_assumption_grid.csv,FULL_CATALOG_2000000_YEARS,2022_USD
C1_ALDEA22_SUBDUCTION,FROZEN_OCCURRENCE_XOL,1.25,0.40000000000000002,1.25,earned_premium_2022_usd,154304.28653520709,153724.44995916059,579.83657604650944,0.37719216181977072,defined,data/metadata/phase_2/notebook_11_reinsurance_capital/notebook_11_raroc_assumption_grid.csv,FULL_CATALOG_2000000_YEARS,2022_USD
C1_ALDEA22_SUBDUCTION,FROZEN_OCCURRENCE_XOL,1.5,0.40000000000000002,1.25,earned_premium_2022_usd,185165.14384224851,184469.3399509927,695.80389125581132,0.37719216181977072,defined,data/metadata/phase_2/notebook_11_reinsurance_capital/notebook_11_raroc_assumption_grid.csv,FULL_CATALOG_2000000_YEARS,2022_USD
C1_ALDEA22_SUBDUCTION,FROZEN_OCCURRENCE_XOL,2,0.40000000000000002,1.25,earned_premium_2022_usd,246886.85845633133,245959.11993465692,927.7385216744151,0.37719216181977072,defined,data/metadata/phase_2/notebook_11_reinsurance_capital/notebook_11_raroc_assumption_grid.csv,FULL_CATALOG_2000000_YEARS,2022_USD
C1_ALDEA22_SUBDUCTION,FROZEN_OCCURRENCE_XOL,2.5,0.40000000000000002,1.25,earned_premium_2022_usd,308608.57307041419,307448.89991832117,1159.6731520930189,0.37719216181977072,defined,data/metadata/phase_2/notebook_11_reinsurance_capital/notebook_11_raroc_assumption_grid.csv,FULL_CATALOG_2000000_YEARS,2022_USD
C1_ALDEA22_SUBDUCTION,FROZEN_OCCURRENCE_XOL,3,0.40000000000000002,1.25,earned_premium_2022_usd,370330.28768449702,368938.67990198539,1391.6077825116226,0.37719216181977072,defined,data/metadata/phase_2/notebook_11_reinsurance_capital/notebook_11_raroc_assumption_grid.csv,FULL_CATALOG_2000000_YEARS,2022_USD
C1_ALDEA22_SUBDUCTION,FROZEN_OCCURRENCE_XOL,1.25,0.20000000000000001,1.5,earned_premium_2022_usd,154304.28653520709,153724.44995916059,579.83657604650944,0.37719216181977072,defined,data/metadata/phase_2/notebook_11_reinsurance_capital/notebook_11_raroc_assumption_grid.csv,FULL_CATALOG_2000000_YEARS,2022_USD
C1_ALDEA22_SUBDUCTION,FROZEN_OCCURRENCE_XOL,1.5,0.20000000000000001,1.5,earned_premium_2022_usd,185165.14384224851,184469.3399509927,695.80389125581132,0.37719216181977072,defined,data/metadata/phase_2/notebook_11_reinsurance_capital/notebook_11_raroc_assumption_grid.csv,FULL_CATALOG_2000000_YEARS,2022_USD
C1_ALDEA22_SUBDUCTION,FROZEN_OCCURRENCE_XOL,2,0.20000000000000001,1.5,earned_premium_2022_usd,246886.85845633133,245959.11993465692,927.7385216744151,0.37719216181977072,defined,data/metadata/phase_2/notebook_11_reinsurance_capital/notebook_11_raroc_assumption_grid.csv,FULL_CATALOG_2000000_YEARS,2022_USD
C1_ALDEA22_SUBDUCTION,FROZEN_OCCURRENCE_XOL,2.5,0.20000000000000001,1.5,earned_premium_2022_usd,308608.57307041419,307448.89991832117,1159.6731520930189,0.37719216181977072,defined,data/metadata/phase_2/notebook_11_reinsurance_capital/notebook_11_raroc_assumption_grid.csv,FULL_CATALOG_2000000_YEARS,2022_USD
C1_ALDEA22_SUBDUCTION,FROZEN_OCCURRENCE_XOL,3,0.20000000000000001,1.5,earned_premium_2022_usd,370330.28768449702,368938.67990198539,1391.6077825116226,0.37719216181977072,defined,data/metadata/phase_2/notebook_11_reinsurance_capital/notebook_11_raroc_assumption_grid.csv,FULL_CATALOG_2000000_YEARS,2022_USD
C1_ALDEA22_SUBDUCTION,FROZEN_OCCURRENCE_XOL,1.25,0.29999999999999999,1.5,earned_premium_2022_usd,154304.28653520709,153724.44995916059,579.83657604650944,0.37719216181977072,defined,data/metadata/phase_2/notebook_11_reinsurance_capital/notebook_11_raroc_assumption_grid.csv,FULL_CATALOG_2000000_YEARS,2022_USD
C1_ALDEA22_SUBDUCTION,FROZEN_OCCURRENCE_XOL,1.5,0.29999999999999999,1.5,earned_premium_2022_usd,185165.14384224851,184469.3399509927,695.80389125581132,0.37719216181977072,defined,data/metadata/phase_2/notebook_11_reinsurance_capital/notebook_11_raroc_assumption_grid.csv,FULL_CATALOG_2000000_YEARS,2022_USD
C1_ALDEA22_SUBDUCTION,FROZEN_OCCURRENCE_XOL,2,0.29999999999999999,1.5,earned_premium_2022_usd,246886.85845633133,245959.11993465692,927.7385216744151,0.37719216181977072,defined,data/metadata/phase_2/notebook_11_reinsurance_capital/notebook_11_raroc_assumption_grid.csv,FULL_CATALOG_2000000_YEARS,2022_USD
C1_ALDEA22_SUBDUCTION,FROZEN_OCCURRENCE_XOL,2.5,0.29999999999999999,1.5,earned_premium_2022_usd,308608.57307041419,307448.89991832117,1159.6731520930189,0.37719216181977072,defined,data/metadata/phase_2/notebook_11_reinsurance_capital/notebook_11_raroc_assumption_grid.csv,FULL_CATALOG_2000000_YEARS,2022_USD
C1_ALDEA22_SUBDUCTION,FROZEN_OCCURRENCE_XOL,3,0.29999999999999999,1.5,earned_premium_2022_usd,370330.28768449702,368938.67990198539,1391.6077825116226,0.37719216181977072,defined,data/metadata/phase_2/notebook_11_reinsurance_capital/notebook_11_raroc_assumption_grid.csv,FULL_CATALOG_2000000_YEARS,2022_USD
C1_ALDEA22_SUBDUCTION,FROZEN_OCCURRENCE_XOL,1.25,0.40000000000000002,1.5,earned_premium_2022_usd,154304.28653520709,153724.44995916059,579.83657604650944,0.37719216181977072,defined,data/metadata/phase_2/notebook_11_reinsurance_capital/notebook_11_raroc_assumption_grid.csv,FULL_CATALOG_2000000_YEARS,2022_USD
C1_ALDEA22_SUBDUCTION,FROZEN_OCCURRENCE_XOL,1.5,0.40000000000000002,1.5,earned_premium_2022_usd,185165.14384224851,184469.3399509927,695.80389125581132,0.37719216181977072,defined,data/metadata/phase_2/notebook_11_reinsurance_capital/notebook_11_raroc_assumption_grid.csv,FULL_CATALOG_2000000_YEARS,2022_USD
C1_ALDEA22_SUBDUCTION,FROZEN_OCCURRENCE_XOL,2,0.40000000000000002,1.5,earned_premium_2022_usd,246886.85845633133,245959.11993465692,927.7385216744151,0.37719216181977072,defined,data/metadata/phase_2/notebook_11_reinsurance_capital/notebook_11_raroc_assumption_grid.csv,FULL_CATALOG_2000000_YEARS,2022_USD
C1_ALDEA22_SUBDUCTION,FROZEN_OCCURRENCE_XOL,2.5,0.40000000000000002,1.5,earned_premium_2022_usd,308608.57307041419,307448.89991832117,1159.6731520930189,0.37719216181977072,defined,data/metadata/phase_2/notebook_11_reinsurance_capital/notebook_11_raroc_assumption_grid.csv,FULL_CATALOG_2000000_YEARS,2022_USD
C1_ALDEA22_SUBDUCTION,FROZEN_OCCURRENCE_XOL,3,0.40000000000000002,1.5,earned_premium_2022_usd,370330.28768449702,368938.67990198539,1391.6077825116226,0.37719216181977072,defined,data/metadata/phase_2/notebook_11_reinsurance_capital/notebook_11_raroc_assumption_grid.csv,FULL_CATALOG_2000000_YEARS,2022_USD
C1_ALDEA22_SUBDUCTION,FROZEN_OCCURRENCE_XOL,1.25,0.20000000000000001,2,earned_premium_2022_usd,154304.28653520709,153724.44995916059,579.83657604650944,0.37719216181977072,defined,data/metadata/phase_2/notebook_11_reinsurance_capital/notebook_11_raroc_assumption_grid.csv,FULL_CATALOG_2000000_YEARS,2022_USD
C1_ALDEA22_SUBDUCTION,FROZEN_OCCURRENCE_XOL,1.5,0.20000000000000001,2,earned_premium_2022_usd,185165.14384224851,184469.3399509927,695.80389125581132,0.37719216181977072,defined,data/metadata/phase_2/notebook_11_reinsurance_capital/notebook_11_raroc_assumption_grid.csv,FULL_CATALOG_2000000_YEARS,2022_USD
C1_ALDEA22_SUBDUCTION,FROZEN_OCCURRENCE_XOL,2,0.20000000000000001,2,earned_premium_2022_usd,246886.85845633133,245959.11993465692,927.7385216744151,0.37719216181977072,defined,data/metadata/phase_2/notebook_11_reinsurance_capital/notebook_11_raroc_assumption_grid.csv,FULL_CATALOG_2000000_YEARS,2022_USD
C1_ALDEA22_SUBDUCTION,FROZEN_OCCURRENCE_XOL,2.5,0.20000000000000001,2,earned_premium_2022_usd,308608.57307041419,307448.89991832117,1159.6731520930189,0.37719216181977072,defined,data/metadata/phase_2/notebook_11_reinsurance_capital/notebook_11_raroc_assumption_grid.csv,FULL_CATALOG_2000000_YEARS,2022_USD
C1_ALDEA22_SUBDUCTION,FROZEN_OCCURRENCE_XOL,3,0.20000000000000001,2,earned_premium_2022_usd,370330.28768449702,368938.67990198539,1391.6077825116226,0.37719216181977072,defined,data/metadata/phase_2/notebook_11_reinsurance_capital/notebook_11_raroc_assumption_grid.csv,FULL_CATALOG_2000000_YEARS,2022_USD
C1_ALDEA22_SUBDUCTION,FROZEN_OCCURRENCE_XOL,1.25,0.29999999999999999,2,earned_premium_2022_usd,154304.28653520709,153724.44995916059,579.83657604650944,0.37719216181977072,defined,data/metadata/phase_2/notebook_11_reinsurance_capital/notebook_11_raroc_assumption_grid.csv,FULL_CATALOG_2000000_YEARS,2022_USD
C1_ALDEA22_SUBDUCTION,FROZEN_OCCURRENCE_XOL,1.5,0.29999999999999999,2,earned_premium_2022_usd,185165.14384224851,184469.3399509927,695.80389125581132,0.37719216181977072,defined,data/metadata/phase_2/notebook_11_reinsurance_capital/notebook_11_raroc_assumption_grid.csv,FULL_CATALOG_2000000_YEARS,2022_USD
C1_ALDEA22_SUBDUCTION,FROZEN_OCCURRENCE_XOL,2,0.29999999999999999,2,earned_premium_2022_usd,246886.85845633133,245959.11993465692,927.7385216744151,0.37719216181977072,defined,data/metadata/phase_2/notebook_11_reinsurance_capital/notebook_11_raroc_assumption_grid.csv,FULL_CATALOG_2000000_YEARS,2022_USD
C1_ALDEA22_SUBDUCTION,FROZEN_OCCURRENCE_XOL,2.5,0.29999999999999999,2,earned_premium_2022_usd,308608.57307041419,307448.89991832117,1159.6731520930189,0.37719216181977072,defined,data/metadata/phase_2/notebook_11_reinsurance_capital/notebook_11_raroc_assumption_grid.csv,FULL_CATALOG_2000000_YEARS,2022_USD
C1_ALDEA22_SUBDUCTION,FROZEN_OCCURRENCE_XOL,3,0.29999999999999999,2,earned_premium_2022_usd,370330.28768449702,368938.67990198539,1391.6077825116226,0.37719216181977072,defined,data/metadata/phase_2/notebook_11_reinsurance_capital/notebook_11_raroc_assumption_grid.csv,FULL_CATALOG_2000000_YEARS,2022_USD
C1_ALDEA22_SUBDUCTION,FROZEN_OCCURRENCE_XOL,1.25,0.40000000000000002,2,earned_premium_2022_usd,154304.28653520709,153724.44995916059,579.83657604650944,0.37719216181977072,defined,data/metadata/phase_2/notebook_11_reinsurance_capital/notebook_11_raroc_assumption_grid.csv,FULL_CATALOG_2000000_YEARS,2022_USD
C1_ALDEA22_SUBDUCTION,FROZEN_OCCURRENCE_XOL,1.5,0.40000000000000002,2,earned_premium_2022_usd,185165.14384224851,184469.3399509927,695.80389125581132,0.37719216181977072,defined,data/metadata/phase_2/notebook_11_reinsurance_capital/notebook_11_raroc_assumption_grid.csv,FULL_CATALOG_2000000_YEARS,2022_USD
C1_ALDEA22_SUBDUCTION,FROZEN_OCCURRENCE_XOL,2,0.40000000000000002,2,earned_premium_2022_usd,246886.85845633133,245959.11993465692,927.7385216744151,0.37719216181977072,defined,data/metadata/phase_2/notebook_11_reinsurance_capital/notebook_11_raroc_assumption_grid.csv,FULL_CATALOG_2000000_YEARS,2022_USD
C1_ALDEA22_SUBDUCTION,FROZEN_OCCURRENCE_XOL,2.5,0.40000000000000002,2,earned_premium_2022_usd,308608.57307041419,307448.89991832117,1159.6731520930189,0.37719216181977072,defined,data/metadata/phase_2/notebook_11_reinsurance_capital/notebook_11_raroc_assumption_grid.csv,FULL_CATALOG_2000000_YEARS,2022_USD
C1_ALDEA22_SUBDUCTION,FROZEN_OCCURRENCE_XOL,3,0.40000000000000002,2,earned_premium_2022_usd,370330.28768449702,368938.67990198539,1391.6077825116226,0.37719216181977072,defined,data/metadata/phase_2/notebook_11_reinsurance_capital/notebook_11_raroc_assumption_grid.csv,FULL_CATALOG_2000000_YEARS,2022_USD
C1_ALDEA22_SUBDUCTION,STANDALONE_AGGREGATE,1.25,0.20000000000000001,1,earned_premium_2022_usd,154304.28653520709,153724.44995916059,579.83657604650944,0.37719216181977072,defined,data/metadata/phase_2/notebook_11_reinsurance_capital/notebook_11_raroc_assumption_grid.csv,FULL_CATALOG_2000000_YEARS,2022_USD
C1_ALDEA22_SUBDUCTION,STANDALONE_AGGREGATE,1.5,0.20000000000000001,1,earned_premium_2022_usd,185165.14384224851,184469.3399509927,695.80389125581132,0.37719216181977072,defined,data/metadata/phase_2/notebook_11_reinsurance_capital/notebook_11_raroc_assumption_grid.csv,FULL_CATALOG_2000000_YEARS,2022_USD
C1_ALDEA22_SUBDUCTION,STANDALONE_AGGREGATE,2,0.20000000000000001,1,earned_premium_2022_usd,246886.85845633133,245959.11993465692,927.7385216744151,0.37719216181977072,defined,data/metadata/phase_2/notebook_11_reinsurance_capital/notebook_11_raroc_assumption_grid.csv,FULL_CATALOG_2000000_YEARS,2022_USD
C1_ALDEA22_SUBDUCTION,STANDALONE_AGGREGATE,2.5,0.20000000000000001,1,earned_premium_2022_usd,308608.57307041419,307448.89991832117,1159.6731520930189,0.37719216181977072,defined,data/metadata/phase_2/notebook_11_reinsurance_capital/notebook_11_raroc_assumption_grid.csv,FULL_CATALOG_2000000_YEARS,2022_USD
C1_ALDEA22_SUBDUCTION,STANDALONE_AGGREGATE,3,0.20000000000000001,1,earned_premium_2022_usd,370330.28768449702,368938.67990198539,1391.6077825116226,0.37719216181977072,defined,data/metadata/phase_2/notebook_11_reinsurance_capital/notebook_11_raroc_assumption_grid.csv,FULL_CATALOG_2000000_YEARS,2022_USD
C1_ALDEA22_SUBDUCTION,STANDALONE_AGGREGATE,1.25,0.29999999999999999,1,earned_premium_2022_usd,154304.28653520709,153724.44995916059,579.83657604650944,0.37719216181977072,defined,data/metadata/phase_2/notebook_11_reinsurance_capital/notebook_11_raroc_assumption_grid.csv,FULL_CATALOG_2000000_YEARS,2022_USD
C1_ALDEA22_SUBDUCTION,STANDALONE_AGGREGATE,1.5,0.29999999999999999,1,earned_premium_2022_usd,185165.14384224851,184469.3399509927,695.80389125581132,0.37719216181977072,defined,data/metadata/phase_2/notebook_11_reinsurance_capital/notebook_11_raroc_assumption_grid.csv,FULL_CATALOG_2000000_YEARS,2022_USD
C1_ALDEA22_SUBDUCTION,STANDALONE_AGGREGATE,2,0.29999999999999999,1,earned_premium_2022_usd,246886.85845633133,245959.11993465692,927.7385216744151,0.37719216181977072,defined,data/metadata/phase_2/notebook_11_reinsurance_capital/notebook_11_raroc_assumption_grid.csv,FULL_CATALOG_2000000_YEARS,2022_USD
C1_ALDEA22_SUBDUCTION,STANDALONE_AGGREGATE,2.5,0.29999999999999999,1,earned_premium_2022_usd,308608.57307041419,307448.89991832117,1159.6731520930189,0.37719216181977072,defined,data/metadata/phase_2/notebook_11_reinsurance_capital/notebook_11_raroc_assumption_grid.csv,FULL_CATALOG_2000000_YEARS,2022_USD
C1_ALDEA22_SUBDUCTION,STANDALONE_AGGREGATE,3,0.29999999999999999,1,earned_premium_2022_usd,370330.28768449702,368938.67990198539,1391.6077825116226,0.37719216181977072,defined,data/metadata/phase_2/notebook_11_reinsurance_capital/notebook_11_raroc_assumption_grid.csv,FULL_CATALOG_2000000_YEARS,2022_USD
C1_ALDEA22_SUBDUCTION,STANDALONE_AGGREGATE,1.25,0.40000000000000002,1,earned_premium_2022_usd,154304.28653520709,153724.44995916059,579.83657604650944,0.37719216181977072,defined,data/metadata/phase_2/notebook_11_reinsurance_capital/notebook_11_raroc_assumption_grid.csv,FULL_CATALOG_2000000_YEARS,2022_USD
C1_ALDEA22_SUBDUCTION,STANDALONE_AGGREGATE,1.5,0.40000000000000002,1,earned_premium_2022_usd,185165.14384224851,184469.3399509927,695.80389125581132,0.37719216181977072,defined,data/metadata/phase_2/notebook_11_reinsurance_capital/notebook_11_raroc_assumption_grid.csv,FULL_CATALOG_2000000_YEARS,2022_USD
C1_ALDEA22_SUBDUCTION,STANDALONE_AGGREGATE,2,0.40000000000000002,1,earned_premium_2022_usd,246886.85845633133,245959.11993465692,927.7385216744151,0.37719216181977072,defined,data/metadata/phase_2/notebook_11_reinsurance_capital/notebook_11_raroc_assumption_grid.csv,FULL_CATALOG_2000000_YEARS,2022_USD
C1_ALDEA22_SUBDUCTION,STANDALONE_AGGREGATE,2.5,0.40000000000000002,1,earned_premium_2022_usd,308608.57307041419,307448.89991832117,1159.6731520930189,0.37719216181977072,defined,data/metadata/phase_2/notebook_11_reinsurance_capital/notebook_11_raroc_assumption_grid.csv,FULL_CATALOG_2000000_YEARS,2022_USD
C1_ALDEA22_SUBDUCTION,STANDALONE_AGGREGATE,3,0.40000000000000002,1,earned_premium_2022_usd,370330.28768449702,368938.67990198539,1391.6077825116226,0.37719216181977072,defined,data/metadata/phase_2/notebook_11_reinsurance_capital/notebook_11_raroc_assumption_grid.csv,FULL_CATALOG_2000000_YEARS,2022_USD
C1_ALDEA22_SUBDUCTION,STANDALONE_AGGREGATE,1.25,0.20000000000000001,1.25,earned_premium_2022_usd,154304.28653520709,153724.44995916059,579.83657604650944,0.37719216181977072,defined,data/metadata/phase_2/notebook_11_reinsurance_capital/notebook_11_raroc_assumption_grid.csv,FULL_CATALOG_2000000_YEARS,2022_USD
C1_ALDEA22_SUBDUCTION,STANDALONE_AGGREGATE,1.5,0.20000000000000001,1.25,earned_premium_2022_usd,185165.14384224851,184469.3399509927,695.80389125581132,0.37719216181977072,defined,data/metadata/phase_2/notebook_11_reinsurance_capital/notebook_11_raroc_assumption_grid.csv,FULL_CATALOG_2000000_YEARS,2022_USD
C1_ALDEA22_SUBDUCTION,STANDALONE_AGGREGATE,2,0.20000000000000001,1.25,earned_premium_2022_usd,246886.85845633133,245959.11993465692,927.7385216744151,0.37719216181977072,defined,data/metadata/phase_2/notebook_11_reinsurance_capital/notebook_11_raroc_assumption_grid.csv,FULL_CATALOG_2000000_YEARS,2022_USD
C1_ALDEA22_SUBDUCTION,STANDALONE_AGGREGATE,2.5,0.20000000000000001,1.25,earned_premium_2022_usd,308608.57307041419,307448.89991832117,1159.6731520930189,0.37719216181977072,defined,data/metadata/phase_2/notebook_11_reinsurance_capital/notebook_11_raroc_assumption_grid.csv,FULL_CATALOG_2000000_YEARS,2022_USD
C1_ALDEA22_SUBDUCTION,STANDALONE_AGGREGATE,3,0.20000000000000001,1.25,earned_premium_2022_usd,370330.28768449702,368938.67990198539,1391.6077825116226,0.37719216181977072,defined,data/metadata/phase_2/notebook_11_reinsurance_capital/notebook_11_raroc_assumption_grid.csv,FULL_CATALOG_2000000_YEARS,2022_USD
C1_ALDEA22_SUBDUCTION,STANDALONE_AGGREGATE,1.25,0.29999999999999999,1.25,earned_premium_2022_usd,154304.28653520709,153724.44995916059,579.83657604650944,0.37719216181977072,defined,data/metadata/phase_2/notebook_11_reinsurance_capital/notebook_11_raroc_assumption_grid.csv,FULL_CATALOG_2000000_YEARS,2022_USD
C1_ALDEA22_SUBDUCTION,STANDALONE_AGGREGATE,1.5,0.29999999999999999,1.25,earned_premium_2022_usd,185165.14384224851,184469.3399509927,695.80389125581132,0.37719216181977072,defined,data/metadata/phase_2/notebook_11_reinsurance_capital/notebook_11_raroc_assumption_grid.csv,FULL_CATALOG_2000000_YEARS,2022_USD
C1_ALDEA22_SUBDUCTION,STANDALONE_AGGREGATE,2,0.29999999999999999,1.25,earned_premium_2022_usd,246886.85845633133,245959.11993465692,927.7385216744151,0.37719216181977072,defined,data/metadata/phase_2/notebook_11_reinsurance_capital/notebook_11_raroc_assumption_grid.csv,FULL_CATALOG_2000000_YEARS,2022_USD
C1_ALDEA22_SUBDUCTION,STANDALONE_AGGREGATE,2.5,0.29999999999999999,1.25,earned_premium_2022_usd,308608.57307041419,307448.89991832117,1159.6731520930189,0.37719216181977072,defined,data/metadata/phase_2/notebook_11_reinsurance_capital/notebook_11_raroc_assumption_grid.csv,FULL_CATALOG_2000000_YEARS,2022_USD
C1_ALDEA22_SUBDUCTION,STANDALONE_AGGREGATE,3,0.29999999999999999,1.25,earned_premium_2022_usd,370330.28768449702,368938.67990198539,1391.6077825116226,0.37719216181977072,defined,data/metadata/phase_2/notebook_11_reinsurance_capital/notebook_11_raroc_assumption_grid.csv,FULL_CATALOG_2000000_YEARS,2022_USD
C1_ALDEA22_SUBDUCTION,STANDALONE_AGGREGATE,1.25,0.40000000000000002,1.25,earned_premium_2022_usd,154304.28653520709,153724.44995916059,579.83657604650944,0.37719216181977072,defined,data/metadata/phase_2/notebook_11_reinsurance_capital/notebook_11_raroc_assumption_grid.csv,FULL_CATALOG_2000000_YEARS,2022_USD
C1_ALDEA22_SUBDUCTION,STANDALONE_AGGREGATE,1.5,0.40000000000000002,1.25,earned_premium_2022_usd,185165.14384224851,184469.3399509927,695.80389125581132,0.37719216181977072,defined,data/metadata/phase_2/notebook_11_reinsurance_capital/notebook_11_raroc_assumption_grid.csv,FULL_CATALOG_2000000_YEARS,2022_USD
C1_ALDEA22_SUBDUCTION,STANDALONE_AGGREGATE,2,0.40000000000000002,1.25,earned_premium_2022_usd,246886.85845633133,245959.11993465692,927.7385216744151,0.37719216181977072,defined,data/metadata/phase_2/notebook_11_reinsurance_capital/notebook_11_raroc_assumption_grid.csv,FULL_CATALOG_2000000_YEARS,2022_USD
C1_ALDEA22_SUBDUCTION,STANDALONE_AGGREGATE,2.5,0.40000000000000002,1.25,earned_premium_2022_usd,308608.57307041419,307448.89991832117,1159.6731520930189,0.37719216181977072,defined,data/metadata/phase_2/notebook_11_reinsurance_capital/notebook_11_raroc_assumption_grid.csv,FULL_CATALOG_2000000_YEARS,2022_USD
C1_ALDEA22_SUBDUCTION,STANDALONE_AGGREGATE,3,0.40000000000000002,1.25,earned_premium_2022_usd,370330.28768449702,368938.67990198539,1391.6077825116226,0.37719216181977072,defined,data/metadata/phase_2/notebook_11_reinsurance_capital/notebook_11_raroc_assumption_grid.csv,FULL_CATALOG_2000000_YEARS,2022_USD
C1_ALDEA22_SUBDUCTION,STANDALONE_AGGREGATE,1.25,0.20000000000000001,1.5,earned_premium_2022_usd,154304.28653520709,153724.44995916059,579.83657604650944,0.37719216181977072,defined,data/metadata/phase_2/notebook_11_reinsurance_capital/notebook_11_raroc_assumption_grid.csv,FULL_CATALOG_2000000_YEARS,2022_USD
C1_ALDEA22_SUBDUCTION,STANDALONE_AGGREGATE,1.5,0.20000000000000001,1.5,earned_premium_2022_usd,185165.14384224851,184469.3399509927,695.80389125581132,0.37719216181977072,defined,data/metadata/phase_2/notebook_11_reinsurance_capital/notebook_11_raroc_assumption_grid.csv,FULL_CATALOG_2000000_YEARS,2022_USD
C1_ALDEA22_SUBDUCTION,STANDALONE_AGGREGATE,2,0.20000000000000001,1.5,earned_premium_2022_usd,246886.85845633133,245959.11993465692,927.7385216744151,0.37719216181977072,defined,data/metadata/phase_2/notebook_11_reinsurance_capital/notebook_11_raroc_assumption_grid.csv,FULL_CATALOG_2000000_YEARS,2022_USD
C1_ALDEA22_SUBDUCTION,STANDALONE_AGGREGATE,2.5,0.20000000000000001,1.5,earned_premium_2022_usd,308608.57307041419,307448.89991832117,1159.6731520930189,0.37719216181977072,defined,data/metadata/phase_2/notebook_11_reinsurance_capital/notebook_11_raroc_assumption_grid.csv,FULL_CATALOG_2000000_YEARS,2022_USD
C1_ALDEA22_SUBDUCTION,STANDALONE_AGGREGATE,3,0.20000000000000001,1.5,earned_premium_2022_usd,370330.28768449702,368938.67990198539,1391.6077825116226,0.37719216181977072,defined,data/metadata/phase_2/notebook_11_reinsurance_capital/notebook_11_raroc_assumption_grid.csv,FULL_CATALOG_2000000_YEARS,2022_USD
C1_ALDEA22_SUBDUCTION,STANDALONE_AGGREGATE,1.25,0.29999999999999999,1.5,earned_premium_2022_usd,154304.28653520709,153724.44995916059,579.83657604650944,0.37719216181977072,defined,data/metadata/phase_2/notebook_11_reinsurance_capital/notebook_11_raroc_assumption_grid.csv,FULL_CATALOG_2000000_YEARS,2022_USD
C1_ALDEA22_SUBDUCTION,STANDALONE_AGGREGATE,1.5,0.29999999999999999,1.5,earned_premium_2022_usd,185165.14384224851,184469.3399509927,695.80389125581132,0.37719216181977072,defined,data/metadata/phase_2/notebook_11_reinsurance_capital/notebook_11_raroc_assumption_grid.csv,FULL_CATALOG_2000000_YEARS,2022_USD
C1_ALDEA22_SUBDUCTION,STANDALONE_AGGREGATE,2,0.29999999999999999,1.5,earned_premium_2022_usd,246886.85845633133,245959.11993465692,927.7385216744151,0.37719216181977072,defined,data/metadata/phase_2/notebook_11_reinsurance_capital/notebook_11_raroc_assumption_grid.csv,FULL_CATALOG_2000000_YEARS,2022_USD
C1_ALDEA22_SUBDUCTION,STANDALONE_AGGREGATE,2.5,0.29999999999999999,1.5,earned_premium_2022_usd,308608.57307041419,307448.89991832117,1159.6731520930189,0.37719216181977072,defined,data/metadata/phase_2/notebook_11_reinsurance_capital/notebook_11_raroc_assumption_grid.csv,FULL_CATALOG_2000000_YEARS,2022_USD
C1_ALDEA22_SUBDUCTION,STANDALONE_AGGREGATE,3,0.29999999999999999,1.5,earned_premium_2022_usd,370330.28768449702,368938.67990198539,1391.6077825116226,0.37719216181977072,defined,data/metadata/phase_2/notebook_11_reinsurance_capital/notebook_11_raroc_assumption_grid.csv,FULL_CATALOG_2000000_YEARS,2022_USD
C1_ALDEA22_SUBDUCTION,STANDALONE_AGGREGATE,1.25,0.40000000000000002,1.5,earned_premium_2022_usd,154304.28653520709,153724.44995916059,579.83657604650944,0.37719216181977072,defined,data/metadata/phase_2/notebook_11_reinsurance_capital/notebook_11_raroc_assumption_grid.csv,FULL_CATALOG_2000000_YEARS,2022_USD
C1_ALDEA22_SUBDUCTION,STANDALONE_AGGREGATE,1.5,0.40000000000000002,1.5,earned_premium_2022_usd,185165.14384224851,184469.3399509927,695.80389125581132,0.37719216181977072,defined,data/metadata/phase_2/notebook_11_reinsurance_capital/notebook_11_raroc_assumption_grid.csv,FULL_CATALOG_2000000_YEARS,2022_USD
C1_ALDEA22_SUBDUCTION,STANDALONE_AGGREGATE,2,0.40000000000000002,1.5,earned_premium_2022_usd,246886.85845633133,245959.11993465692,927.7385216744151,0.37719216181977072,defined,data/metadata/phase_2/notebook_11_reinsurance_capital/notebook_11_raroc_assumption_grid.csv,FULL_CATALOG_2000000_YEARS,2022_USD
C1_ALDEA22_SUBDUCTION,STANDALONE_AGGREGATE,2.5,0.40000000000000002,1.5,earned_premium_2022_usd,308608.57307041419,307448.89991832117,1159.6731520930189,0.37719216181977072,defined,data/metadata/phase_2/notebook_11_reinsurance_capital/notebook_11_raroc_assumption_grid.csv,FULL_CATALOG_2000000_YEARS,2022_USD
C1_ALDEA22_SUBDUCTION,STANDALONE_AGGREGATE,3,0.40000000000000002,1.5,earned_premium_2022_usd,370330.28768449702,368938.67990198539,1391.6077825116226,0.37719216181977072,defined,data/metadata/phase_2/notebook_11_reinsurance_capital/notebook_11_raroc_assumption_grid.csv,FULL_CATALOG_2000000_YEARS,2022_USD
C1_ALDEA22_SUBDUCTION,STANDALONE_AGGREGATE,1.25,0.20000000000000001,2,earned_premium_2022_usd,154304.28653520709,153724.44995916059,579.83657604650944,0.37719216181977072,defined,data/metadata/phase_2/notebook_11_reinsurance_capital/notebook_11_raroc_assumption_grid.csv,FULL_CATALOG_2000000_YEARS,2022_USD
C1_ALDEA22_SUBDUCTION,STANDALONE_AGGREGATE,1.5,0.20000000000000001,2,earned_premium_2022_usd,185165.14384224851,184469.3399509927,695.80389125581132,0.37719216181977072,defined,data/metadata/phase_2/notebook_11_reinsurance_capital/notebook_11_raroc_assumption_grid.csv,FULL_CATALOG_2000000_YEARS,2022_USD
C1_ALDEA22_SUBDUCTION,STANDALONE_AGGREGATE,2,0.20000000000000001,2,earned_premium_2022_usd,246886.85845633133,245959.11993465692,927.7385216744151,0.37719216181977072,defined,data/metadata/phase_2/notebook_11_reinsurance_capital/notebook_11_raroc_assumption_grid.csv,FULL_CATALOG_2000000_YEARS,2022_USD
C1_ALDEA22_SUBDUCTION,STANDALONE_AGGREGATE,2.5,0.20000000000000001,2,earned_premium_2022_usd,308608.57307041419,307448.89991832117,1159.6731520930189,0.37719216181977072,defined,data/metadata/phase_2/notebook_11_reinsurance_capital/notebook_11_raroc_assumption_grid.csv,FULL_CATALOG_2000000_YEARS,2022_USD
C1_ALDEA22_SUBDUCTION,STANDALONE_AGGREGATE,3,0.20000000000000001,2,earned_premium_2022_usd,370330.28768449702,368938.67990198539,1391.6077825116226,0.37719216181977072,defined,data/metadata/phase_2/notebook_11_reinsurance_capital/notebook_11_raroc_assumption_grid.csv,FULL_CATALOG_2000000_YEARS,2022_USD
C1_ALDEA22_SUBDUCTION,STANDALONE_AGGREGATE,1.25,0.29999999999999999,2,earned_premium_2022_usd,154304.28653520709,153724.44995916059,579.83657604650944,0.37719216181977072,defined,data/metadata/phase_2/notebook_11_reinsurance_capital/notebook_11_raroc_assumption_grid.csv,FULL_CATALOG_2000000_YEARS,2022_USD
C1_ALDEA22_SUBDUCTION,STANDALONE_AGGREGATE,1.5,0.29999999999999999,2,earned_premium_2022_usd,185165.14384224851,184469.3399509927,695.80389125581132,0.37719216181977072,defined,data/metadata/phase_2/notebook_11_reinsurance_capital/notebook_11_raroc_assumption_grid.csv,FULL_CATALOG_2000000_YEARS,2022_USD
C1_ALDEA22_SUBDUCTION,STANDALONE_AGGREGATE,2,0.29999999999999999,2,earned_premium_2022_usd,246886.85845633133,245959.11993465692,927.7385216744151,0.37719216181977072,defined,data/metadata/phase_2/notebook_11_reinsurance_capital/notebook_11_raroc_assumption_grid.csv,FULL_CATALOG_2000000_YEARS,2022_USD
C1_ALDEA22_SUBDUCTION,STANDALONE_AGGREGATE,2.5,0.29999999999999999,2,earned_premium_2022_usd,308608.57307041419,307448.89991832117,1159.6731520930189,0.37719216181977072,defined,data/metadata/phase_2/notebook_11_reinsurance_capital/notebook_11_raroc_assumption_grid.csv,FULL_CATALOG_2000000_YEARS,2022_USD
C1_ALDEA22_SUBDUCTION,STANDALONE_AGGREGATE,3,0.29999999999999999,2,earned_premium_2022_usd,370330.28768449702,368938.67990198539,1391.6077825116226,0.37719216181977072,defined,data/metadata/phase_2/notebook_11_reinsurance_capital/notebook_11_raroc_assumption_grid.csv,FULL_CATALOG_2000000_YEARS,2022_USD
C1_ALDEA22_SUBDUCTION,STANDALONE_AGGREGATE,1.25,0.40000000000000002,2,earned_premium_2022_usd,154304.28653520709,153724.44995916059,579.83657604650944,0.37719216181977072,defined,data/metadata/phase_2/notebook_11_reinsurance_capital/notebook_11_raroc_assumption_grid.csv,FULL_CATALOG_2000000_YEARS,2022_USD
C1_ALDEA22_SUBDUCTION,STANDALONE_AGGREGATE,1.5,0.40000000000000002,2,earned_premium_2022_usd,185165.14384224851,184469.3399509927,695.80389125581132,0.37719216181977072,defined,data/metadata/phase_2/notebook_11_reinsurance_capital/notebook_11_raroc_assumption_grid.csv,FULL_CATALOG_2000000_YEARS,2022_USD
C1_ALDEA22_SUBDUCTION,STANDALONE_AGGREGATE,2,0.40000000000000002,2,earned_premium_2022_usd,246886.85845633133,245959.11993465692,927.7385216744151,0.37719216181977072,defined,data/metadata/phase_2/notebook_11_reinsurance_capital/notebook_11_raroc_assumption_grid.csv,FULL_CATALOG_2000000_YEARS,2022_USD
C1_ALDEA22_SUBDUCTION,STANDALONE_AGGREGATE,2.5,0.40000000000000002,2,earned_premium_2022_usd,308608.57307041419,307448.89991832117,1159.6731520930189,0.37719216181977072,defined,data/metadata/phase_2/notebook_11_reinsurance_capital/notebook_11_raroc_assumption_grid.csv,FULL_CATALOG_2000000_YEARS,2022_USD
C1_ALDEA22_SUBDUCTION,STANDALONE_AGGREGATE,3,0.40000000000000002,2,earned_premium_2022_usd,370330.28768449702,368938.67990198539,1391.6077825116226,0.37719216181977072,defined,data/metadata/phase_2/notebook_11_reinsurance_capital/notebook_11_raroc_assumption_grid.csv,FULL_CATALOG_2000000_YEARS,2022_USD
C1_ALDEA22_SUBDUCTION,STACKED_OCCURRENCE_PLUS_AGGREGATE,1.25,0.20000000000000001,1,earned_premium_2022_usd,154304.28653520709,153724.44995916059,579.83657604650944,0.37719216181977072,defined,data/metadata/phase_2/notebook_11_reinsurance_capital/notebook_11_raroc_assumption_grid.csv,FULL_CATALOG_2000000_YEARS,2022_USD
C1_ALDEA22_SUBDUCTION,STACKED_OCCURRENCE_PLUS_AGGREGATE,1.5,0.20000000000000001,1,earned_premium_2022_usd,185165.14384224851,184469.3399509927,695.80389125581132,0.37719216181977072,defined,data/metadata/phase_2/notebook_11_reinsurance_capital/notebook_11_raroc_assumption_grid.csv,FULL_CATALOG_2000000_YEARS,2022_USD
C1_ALDEA22_SUBDUCTION,STACKED_OCCURRENCE_PLUS_AGGREGATE,2,0.20000000000000001,1,earned_premium_2022_usd,246886.85845633133,245959.11993465692,927.7385216744151,0.37719216181977072,defined,data/metadata/phase_2/notebook_11_reinsurance_capital/notebook_11_raroc_assumption_grid.csv,FULL_CATALOG_2000000_YEARS,2022_USD
C1_ALDEA22_SUBDUCTION,STACKED_OCCURRENCE_PLUS_AGGREGATE,2.5,0.20000000000000001,1,earned_premium_2022_usd,308608.57307041419,307448.89991832117,1159.6731520930189,0.37719216181977072,defined,data/metadata/phase_2/notebook_11_reinsurance_capital/notebook_11_raroc_assumption_grid.csv,FULL_CATALOG_2000000_YEARS,2022_USD
C1_ALDEA22_SUBDUCTION,STACKED_OCCURRENCE_PLUS_AGGREGATE,3,0.20000000000000001,1,earned_premium_2022_usd,370330.28768449702,368938.67990198539,1391.6077825116226,0.37719216181977072,defined,data/metadata/phase_2/notebook_11_reinsurance_capital/notebook_11_raroc_assumption_grid.csv,FULL_CATALOG_2000000_YEARS,2022_USD
C1_ALDEA22_SUBDUCTION,STACKED_OCCURRENCE_PLUS_AGGREGATE,1.25,0.29999999999999999,1,earned_premium_2022_usd,154304.28653520709,153724.44995916059,579.83657604650944,0.37719216181977072,defined,data/metadata/phase_2/notebook_11_reinsurance_capital/notebook_11_raroc_assumption_grid.csv,FULL_CATALOG_2000000_YEARS,2022_USD
C1_ALDEA22_SUBDUCTION,STACKED_OCCURRENCE_PLUS_AGGREGATE,1.5,0.29999999999999999,1,earned_premium_2022_usd,185165.14384224851,184469.3399509927,695.80389125581132,0.37719216181977072,defined,data/metadata/phase_2/notebook_11_reinsurance_capital/notebook_11_raroc_assumption_grid.csv,FULL_CATALOG_2000000_YEARS,2022_USD
C1_ALDEA22_SUBDUCTION,STACKED_OCCURRENCE_PLUS_AGGREGATE,2,0.29999999999999999,1,earned_premium_2022_usd,246886.85845633133,245959.11993465692,927.7385216744151,0.37719216181977072,defined,data/metadata/phase_2/notebook_11_reinsurance_capital/notebook_11_raroc_assumption_grid.csv,FULL_CATALOG_2000000_YEARS,2022_USD
C1_ALDEA22_SUBDUCTION,STACKED_OCCURRENCE_PLUS_AGGREGATE,2.5,0.29999999999999999,1,earned_premium_2022_usd,308608.57307041419,307448.89991832117,1159.6731520930189,0.37719216181977072,defined,data/metadata/phase_2/notebook_11_reinsurance_capital/notebook_11_raroc_assumption_grid.csv,FULL_CATALOG_2000000_YEARS,2022_USD
C1_ALDEA22_SUBDUCTION,STACKED_OCCURRENCE_PLUS_AGGREGATE,3,0.29999999999999999,1,earned_premium_2022_usd,370330.28768449702,368938.67990198539,1391.6077825116226,0.37719216181977072,defined,data/metadata/phase_2/notebook_11_reinsurance_capital/notebook_11_raroc_assumption_grid.csv,FULL_CATALOG_2000000_YEARS,2022_USD
C1_ALDEA22_SUBDUCTION,STACKED_OCCURRENCE_PLUS_AGGREGATE,1.25,0.40000000000000002,1,earned_premium_2022_usd,154304.28653520709,153724.44995916059,579.83657604650944,0.37719216181977072,defined,data/metadata/phase_2/notebook_11_reinsurance_capital/notebook_11_raroc_assumption_grid.csv,FULL_CATALOG_2000000_YEARS,2022_USD
C1_ALDEA22_SUBDUCTION,STACKED_OCCURRENCE_PLUS_AGGREGATE,1.5,0.40000000000000002,1,earned_premium_2022_usd,185165.14384224851,184469.3399509927,695.80389125581132,0.37719216181977072,defined,data/metadata/phase_2/notebook_11_reinsurance_capital/notebook_11_raroc_assumption_grid.csv,FULL_CATALOG_2000000_YEARS,2022_USD
C1_ALDEA22_SUBDUCTION,STACKED_OCCURRENCE_PLUS_AGGREGATE,2,0.40000000000000002,1,earned_premium_2022_usd,246886.85845633133,245959.11993465692,927.7385216744151,0.37719216181977072,defined,data/metadata/phase_2/notebook_11_reinsurance_capital/notebook_11_raroc_assumption_grid.csv,FULL_CATALOG_2000000_YEARS,2022_USD
C1_ALDEA22_SUBDUCTION,STACKED_OCCURRENCE_PLUS_AGGREGATE,2.5,0.40000000000000002,1,earned_premium_2022_usd,308608.57307041419,307448.89991832117,1159.6731520930189,0.37719216181977072,defined,data/metadata/phase_2/notebook_11_reinsurance_capital/notebook_11_raroc_assumption_grid.csv,FULL_CATALOG_2000000_YEARS,2022_USD
C1_ALDEA22_SUBDUCTION,STACKED_OCCURRENCE_PLUS_AGGREGATE,3,0.40000000000000002,1,earned_premium_2022_usd,370330.28768449702,368938.67990198539,1391.6077825116226,0.37719216181977072,defined,data/metadata/phase_2/notebook_11_reinsurance_capital/notebook_11_raroc_assumption_grid.csv,FULL_CATALOG_2000000_YEARS,2022_USD
C1_ALDEA22_SUBDUCTION,STACKED_OCCURRENCE_PLUS_AGGREGATE,1.25,0.20000000000000001,1.25,earned_premium_2022_usd,154304.28653520709,153724.44995916059,579.83657604650944,0.37719216181977072,defined,data/metadata/phase_2/notebook_11_reinsurance_capital/notebook_11_raroc_assumption_grid.csv,FULL_CATALOG_2000000_YEARS,2022_USD
C1_ALDEA22_SUBDUCTION,STACKED_OCCURRENCE_PLUS_AGGREGATE,1.5,0.20000000000000001,1.25,earned_premium_2022_usd,185165.14384224851,184469.3399509927,695.80389125581132,0.37719216181977072,defined,data/metadata/phase_2/notebook_11_reinsurance_capital/notebook_11_raroc_assumption_grid.csv,FULL_CATALOG_2000000_YEARS,2022_USD
C1_ALDEA22_SUBDUCTION,STACKED_OCCURRENCE_PLUS_AGGREGATE,2,0.20000000000000001,1.25,earned_premium_2022_usd,246886.85845633133,245959.11993465692,927.7385216744151,0.37719216181977072,defined,data/metadata/phase_2/notebook_11_reinsurance_capital/notebook_11_raroc_assumption_grid.csv,FULL_CATALOG_2000000_YEARS,2022_USD
C1_ALDEA22_SUBDUCTION,STACKED_OCCURRENCE_PLUS_AGGREGATE,2.5,0.20000000000000001,1.25,earned_premium_2022_usd,308608.57307041419,307448.89991832117,1159.6731520930189,0.37719216181977072,defined,data/metadata/phase_2/notebook_11_reinsurance_capital/notebook_11_raroc_assumption_grid.csv,FULL_CATALOG_2000000_YEARS,2022_USD
C1_ALDEA22_SUBDUCTION,STACKED_OCCURRENCE_PLUS_AGGREGATE,3,0.20000000000000001,1.25,earned_premium_2022_usd,370330.28768449702,368938.67990198539,1391.6077825116226,0.37719216181977072,defined,data/metadata/phase_2/notebook_11_reinsurance_capital/notebook_11_raroc_assumption_grid.csv,FULL_CATALOG_2000000_YEARS,2022_USD
C1_ALDEA22_SUBDUCTION,STACKED_OCCURRENCE_PLUS_AGGREGATE,1.25,0.29999999999999999,1.25,earned_premium_2022_usd,154304.28653520709,153724.44995916059,579.83657604650944,0.37719216181977072,defined,data/metadata/phase_2/notebook_11_reinsurance_capital/notebook_11_raroc_assumption_grid.csv,FULL_CATALOG_2000000_YEARS,2022_USD
C1_ALDEA22_SUBDUCTION,STACKED_OCCURRENCE_PLUS_AGGREGATE,1.5,0.29999999999999999,1.25,earned_premium_2022_usd,185165.14384224851,184469.3399509927,695.80389125581132,0.37719216181977072,defined,data/metadata/phase_2/notebook_11_reinsurance_capital/notebook_11_raroc_assumption_grid.csv,FULL_CATALOG_2000000_YEARS,2022_USD
C1_ALDEA22_SUBDUCTION,STACKED_OCCURRENCE_PLUS_AGGREGATE,2,0.29999999999999999,1.25,earned_premium_2022_usd,246886.85845633133,245959.11993465692,927.7385216744151,0.37719216181977072,defined,data/metadata/phase_2/notebook_11_reinsurance_capital/notebook_11_raroc_assumption_grid.csv,FULL_CATALOG_2000000_YEARS,2022_USD
C1_ALDEA22_SUBDUCTION,STACKED_OCCURRENCE_PLUS_AGGREGATE,2.5,0.29999999999999999,1.25,earned_premium_2022_usd,308608.57307041419,307448.89991832117,1159.6731520930189,0.37719216181977072,defined,data/metadata/phase_2/notebook_11_reinsurance_capital/notebook_11_raroc_assumption_grid.csv,FULL_CATALOG_2000000_YEARS,2022_USD
C1_ALDEA22_SUBDUCTION,STACKED_OCCURRENCE_PLUS_AGGREGATE,3,0.29999999999999999,1.25,earned_premium_2022_usd,370330.28768449702,368938.67990198539,1391.6077825116226,0.37719216181977072,defined,data/metadata/phase_2/notebook_11_reinsurance_capital/notebook_11_raroc_assumption_grid.csv,FULL_CATALOG_2000000_YEARS,2022_USD
C1_ALDEA22_SUBDUCTION,STACKED_OCCURRENCE_PLUS_AGGREGATE,1.25,0.40000000000000002,1.25,earned_premium_2022_usd,154304.28653520709,153724.44995916059,579.83657604650944,0.37719216181977072,defined,data/metadata/phase_2/notebook_11_reinsurance_capital/notebook_11_raroc_assumption_grid.csv,FULL_CATALOG_2000000_YEARS,2022_USD
C1_ALDEA22_SUBDUCTION,STACKED_OCCURRENCE_PLUS_AGGREGATE,1.5,0.40000000000000002,1.25,earned_premium_2022_usd,185165.14384224851,184469.3399509927,695.80389125581132,0.37719216181977072,defined,data/metadata/phase_2/notebook_11_reinsurance_capital/notebook_11_raroc_assumption_grid.csv,FULL_CATALOG_2000000_YEARS,2022_USD
C1_ALDEA22_SUBDUCTION,STACKED_OCCURRENCE_PLUS_AGGREGATE,2,0.40000000000000002,1.25,earned_premium_2022_usd,246886.85845633133,245959.11993465692,927.7385216744151,0.37719216181977072,defined,data/metadata/phase_2/notebook_11_reinsurance_capital/notebook_11_raroc_assumption_grid.csv,FULL_CATALOG_2000000_YEARS,2022_USD
C1_ALDEA22_SUBDUCTION,STACKED_OCCURRENCE_PLUS_AGGREGATE,2.5,0.40000000000000002,1.25,earned_premium_2022_usd,308608.57307041419,307448.89991832117,1159.6731520930189,0.37719216181977072,defined,data/metadata/phase_2/notebook_11_reinsurance_capital/notebook_11_raroc_assumption_grid.csv,FULL_CATALOG_2000000_YEARS,2022_USD
C1_ALDEA22_SUBDUCTION,STACKED_OCCURRENCE_PLUS_AGGREGATE,3,0.40000000000000002,1.25,earned_premium_2022_usd,370330.28768449702,368938.67990198539,1391.6077825116226,0.37719216181977072,defined,data/metadata/phase_2/notebook_11_reinsurance_capital/notebook_11_raroc_assumption_grid.csv,FULL_CATALOG_2000000_YEARS,2022_USD
C1_ALDEA22_SUBDUCTION,STACKED_OCCURRENCE_PLUS_AGGREGATE,1.25,0.20000000000000001,1.5,earned_premium_2022_usd,154304.28653520709,153724.44995916059,579.83657604650944,0.37719216181977072,defined,data/metadata/phase_2/notebook_11_reinsurance_capital/notebook_11_raroc_assumption_grid.csv,FULL_CATALOG_2000000_YEARS,2022_USD
C1_ALDEA22_SUBDUCTION,STACKED_OCCURRENCE_PLUS_AGGREGATE,1.5,0.20000000000000001,1.5,earned_premium_2022_usd,185165.14384224851,184469.3399509927,695.80389125581132,0.37719216181977072,defined,data/metadata/phase_2/notebook_11_reinsurance_capital/notebook_11_raroc_assumption_grid.csv,FULL_CATALOG_2000000_YEARS,2022_USD
C1_ALDEA22_SUBDUCTION,STACKED_OCCURRENCE_PLUS_AGGREGATE,2,0.20000000000000001,1.5,earned_premium_2022_usd,246886.85845633133,245959.11993465692,927.7385216744151,0.37719216181977072,defined,data/metadata/phase_2/notebook_11_reinsurance_capital/notebook_11_raroc_assumption_grid.csv,FULL_CATALOG_2000000_YEARS,2022_USD
C1_ALDEA22_SUBDUCTION,STACKED_OCCURRENCE_PLUS_AGGREGATE,2.5,0.20000000000000001,1.5,earned_premium_2022_usd,308608.57307041419,307448.89991832117,1159.6731520930189,0.37719216181977072,defined,data/metadata/phase_2/notebook_11_reinsurance_capital/notebook_11_raroc_assumption_grid.csv,FULL_CATALOG_2000000_YEARS,2022_USD
C1_ALDEA22_SUBDUCTION,STACKED_OCCURRENCE_PLUS_AGGREGATE,3,0.20000000000000001,1.5,earned_premium_2022_usd,370330.28768449702,368938.67990198539,1391.6077825116226,0.37719216181977072,defined,data/metadata/phase_2/notebook_11_reinsurance_capital/notebook_11_raroc_assumption_grid.csv,FULL_CATALOG_2000000_YEARS,2022_USD
C1_ALDEA22_SUBDUCTION,STACKED_OCCURRENCE_PLUS_AGGREGATE,1.25,0.29999999999999999,1.5,earned_premium_2022_usd,154304.28653520709,153724.44995916059,579.83657604650944,0.37719216181977072,defined,data/metadata/phase_2/notebook_11_reinsurance_capital/notebook_11_raroc_assumption_grid.csv,FULL_CATALOG_2000000_YEARS,2022_USD
C1_ALDEA22_SUBDUCTION,STACKED_OCCURRENCE_PLUS_AGGREGATE,1.5,0.29999999999999999,1.5,earned_premium_2022_usd,185165.14384224851,184469.3399509927,695.80389125581132,0.37719216181977072,defined,data/metadata/phase_2/notebook_11_reinsurance_capital/notebook_11_raroc_assumption_grid.csv,FULL_CATALOG_2000000_YEARS,2022_USD
C1_ALDEA22_SUBDUCTION,STACKED_OCCURRENCE_PLUS_AGGREGATE,2,0.29999999999999999,1.5,earned_premium_2022_usd,246886.85845633133,245959.11993465692,927.7385216744151,0.37719216181977072,defined,data/metadata/phase_2/notebook_11_reinsurance_capital/notebook_11_raroc_assumption_grid.csv,FULL_CATALOG_2000000_YEARS,2022_USD
C1_ALDEA22_SUBDUCTION,STACKED_OCCURRENCE_PLUS_AGGREGATE,2.5,0.29999999999999999,1.5,earned_premium_2022_usd,308608.57307041419,307448.89991832117,1159.6731520930189,0.37719216181977072,defined,data/metadata/phase_2/notebook_11_reinsurance_capital/notebook_11_raroc_assumption_grid.csv,FULL_CATALOG_2000000_YEARS,2022_USD
C1_ALDEA22_SUBDUCTION,STACKED_OCCURRENCE_PLUS_AGGREGATE,3,0.29999999999999999,1.5,earned_premium_2022_usd,370330.28768449702,368938.67990198539,1391.6077825116226,0.37719216181977072,defined,data/metadata/phase_2/notebook_11_reinsurance_capital/notebook_11_raroc_assumption_grid.csv,FULL_CATALOG_2000000_YEARS,2022_USD
C1_ALDEA22_SUBDUCTION,STACKED_OCCURRENCE_PLUS_AGGREGATE,1.25,0.40000000000000002,1.5,earned_premium_2022_usd,154304.28653520709,153724.44995916059,579.83657604650944,0.37719216181977072,defined,data/metadata/phase_2/notebook_11_reinsurance_capital/notebook_11_raroc_assumption_grid.csv,FULL_CATALOG_2000000_YEARS,2022_USD
C1_ALDEA22_SUBDUCTION,STACKED_OCCURRENCE_PLUS_AGGREGATE,1.5,0.40000000000000002,1.5,earned_premium_2022_usd,185165.14384224851,184469.3399509927,695.80389125581132,0.37719216181977072,defined,data/metadata/phase_2/notebook_11_reinsurance_capital/notebook_11_raroc_assumption_grid.csv,FULL_CATALOG_2000000_YEARS,2022_USD
C1_ALDEA22_SUBDUCTION,STACKED_OCCURRENCE_PLUS_AGGREGATE,2,0.40000000000000002,1.5,earned_premium_2022_usd,246886.85845633133,245959.11993465692,927.7385216744151,0.37719216181977072,defined,data/metadata/phase_2/notebook_11_reinsurance_capital/notebook_11_raroc_assumption_grid.csv,FULL_CATALOG_2000000_YEARS,2022_USD
C1_ALDEA22_SUBDUCTION,STACKED_OCCURRENCE_PLUS_AGGREGATE,2.5,0.40000000000000002,1.5,earned_premium_2022_usd,308608.57307041419,307448.89991832117,1159.6731520930189,0.37719216181977072,defined,data/metadata/phase_2/notebook_11_reinsurance_capital/notebook_11_raroc_assumption_grid.csv,FULL_CATALOG_2000000_YEARS,2022_USD
C1_ALDEA22_SUBDUCTION,STACKED_OCCURRENCE_PLUS_AGGREGATE,3,0.40000000000000002,1.5,earned_premium_2022_usd,370330.28768449702,368938.67990198539,1391.6077825116226,0.37719216181977072,defined,data/metadata/phase_2/notebook_11_reinsurance_capital/notebook_11_raroc_assumption_grid.csv,FULL_CATALOG_2000000_YEARS,2022_USD
C1_ALDEA22_SUBDUCTION,STACKED_OCCURRENCE_PLUS_AGGREGATE,1.25,0.20000000000000001,2,earned_premium_2022_usd,154304.28653520709,153724.44995916059,579.83657604650944,0.37719216181977072,defined,data/metadata/phase_2/notebook_11_reinsurance_capital/notebook_11_raroc_assumption_grid.csv,FULL_CATALOG_2000000_YEARS,2022_USD
C1_ALDEA22_SUBDUCTION,STACKED_OCCURRENCE_PLUS_AGGREGATE,1.5,0.20000000000000001,2,earned_premium_2022_usd,185165.14384224851,184469.3399509927,695.80389125581132,0.37719216181977072,defined,data/metadata/phase_2/notebook_11_reinsurance_capital/notebook_11_raroc_assumption_grid.csv,FULL_CATALOG_2000000_YEARS,2022_USD
C1_ALDEA22_SUBDUCTION,STACKED_OCCURRENCE_PLUS_AGGREGATE,2,0.20000000000000001,2,earned_premium_2022_usd,246886.85845633133,245959.11993465692,927.7385216744151,0.37719216181977072,defined,data/metadata/phase_2/notebook_11_reinsurance_capital/notebook_11_raroc_assumption_grid.csv,FULL_CATALOG_2000000_YEARS,2022_USD
C1_ALDEA22_SUBDUCTION,STACKED_OCCURRENCE_PLUS_AGGREGATE,2.5,0.20000000000000001,2,earned_premium_2022_usd,308608.57307041419,307448.89991832117,1159.6731520930189,0.37719216181977072,defined,data/metadata/phase_2/notebook_11_reinsurance_capital/notebook_11_raroc_assumption_grid.csv,FULL_CATALOG_2000000_YEARS,2022_USD
C1_ALDEA22_SUBDUCTION,STACKED_OCCURRENCE_PLUS_AGGREGATE,3,0.20000000000000001,2,earned_premium_2022_usd,370330.28768449702,368938.67990198539,1391.6077825116226,0.37719216181977072,defined,data/metadata/phase_2/notebook_11_reinsurance_capital/notebook_11_raroc_assumption_grid.csv,FULL_CATALOG_2000000_YEARS,2022_USD
C1_ALDEA22_SUBDUCTION,STACKED_OCCURRENCE_PLUS_AGGREGATE,1.25,0.29999999999999999,2,earned_premium_2022_usd,154304.28653520709,153724.44995916059,579.83657604650944,0.37719216181977072,defined,data/metadata/phase_2/notebook_11_reinsurance_capital/notebook_11_raroc_assumption_grid.csv,FULL_CATALOG_2000000_YEARS,2022_USD
C1_ALDEA22_SUBDUCTION,STACKED_OCCURRENCE_PLUS_AGGREGATE,1.5,0.29999999999999999,2,earned_premium_2022_usd,185165.14384224851,184469.3399509927,695.80389125581132,0.37719216181977072,defined,data/metadata/phase_2/notebook_11_reinsurance_capital/notebook_11_raroc_assumption_grid.csv,FULL_CATALOG_2000000_YEARS,2022_USD
C1_ALDEA22_SUBDUCTION,STACKED_OCCURRENCE_PLUS_AGGREGATE,2,0.29999999999999999,2,earned_premium_2022_usd,246886.85845633133,245959.11993465692,927.7385216744151,0.37719216181977072,defined,data/metadata/phase_2/notebook_11_reinsurance_capital/notebook_11_raroc_assumption_grid.csv,FULL_CATALOG_2000000_YEARS,2022_USD
C1_ALDEA22_SUBDUCTION,STACKED_OCCURRENCE_PLUS_AGGREGATE,2.5,0.29999999999999999,2,earned_premium_2022_usd,308608.57307041419,307448.89991832117,1159.6731520930189,0.37719216181977072,defined,data/metadata/phase_2/notebook_11_reinsurance_capital/notebook_11_raroc_assumption_grid.csv,FULL_CATALOG_2000000_YEARS,2022_USD
C1_ALDEA22_SUBDUCTION,STACKED_OCCURRENCE_PLUS_AGGREGATE,3,0.29999999999999999,2,earned_premium_2022_usd,370330.28768449702,368938.67990198539,1391.6077825116226,0.37719216181977072,defined,data/metadata/phase_2/notebook_11_reinsurance_capital/notebook_11_raroc_assumption_grid.csv,FULL_CATALOG_2000000_YEARS,2022_USD
C1_ALDEA22_SUBDUCTION,STACKED_OCCURRENCE_PLUS_AGGREGATE,1.25,0.40000000000000002,2,earned_premium_2022_usd,154304.28653520709,153724.44995916059,579.83657604650944,0.37719216181977072,defined,data/metadata/phase_2/notebook_11_reinsurance_capital/notebook_11_raroc_assumption_grid.csv,FULL_CATALOG_2000000_YEARS,2022_USD
C1_ALDEA22_SUBDUCTION,STACKED_OCCURRENCE_PLUS_AGGREGATE,1.5,0.40000000000000002,2,earned_premium_2022_usd,185165.14384224851,184469.3399509927,695.80389125581132,0.37719216181977072,defined,data/metadata/phase_2/notebook_11_reinsurance_capital/notebook_11_raroc_assumption_grid.csv,FULL_CATALOG_2000000_YEARS,2022_USD
C1_ALDEA22_SUBDUCTION,STACKED_OCCURRENCE_PLUS_AGGREGATE,2,0.40000000000000002,2,earned_premium_2022_usd,246886.85845633133,245959.11993465692,927.7385216744151,0.37719216181977072,defined,data/metadata/phase_2/notebook_11_reinsurance_capital/notebook_11_raroc_assumption_grid.csv,FULL_CATALOG_2000000_YEARS,2022_USD
C1_ALDEA22_SUBDUCTION,STACKED_OCCURRENCE_PLUS_AGGREGATE,2.5,0.40000000000000002,2,earned_premium_2022_usd,308608.57307041419,307448.89991832117,1159.6731520930189,0.37719216181977072,defined,data/metadata/phase_2/notebook_11_reinsurance_capital/notebook_11_raroc_assumption_grid.csv,FULL_CATALOG_2000000_YEARS,2022_USD
C1_ALDEA22_SUBDUCTION,STACKED_OCCURRENCE_PLUS_AGGREGATE,3,0.40000000000000002,2,earned_premium_2022_usd,370330.28768449702,368938.67990198539,1391.6077825116226,0.37719216181977072,defined,data/metadata/phase_2/notebook_11_reinsurance_capital/notebook_11_raroc_assumption_grid.csv,FULL_CATALOG_2000000_YEARS,2022_USD
C2_GODA_ATKINSON09,NO_REINSURANCE,1.25,0.20000000000000001,0,earned_premium_2022_usd,154169.59677112312,153724.44995916059,445.14681196253514,0.28957450300247989,defined,data/metadata/phase_2/notebook_11_reinsurance_capital/notebook_11_raroc_assumption_grid.csv,FULL_CATALOG_2000000_YEARS,2022_USD
C2_GODA_ATKINSON09,NO_REINSURANCE,1.5,0.20000000000000001,0,earned_premium_2022_usd,185003.51612534776,184469.3399509927,534.17617435505963,0.28957450300248933,defined,data/metadata/phase_2/notebook_11_reinsurance_capital/notebook_11_raroc_assumption_grid.csv,FULL_CATALOG_2000000_YEARS,2022_USD
C2_GODA_ATKINSON09,NO_REINSURANCE,2,0.20000000000000001,0,earned_premium_2022_usd,246671.354833797,245959.11993465692,712.23489914007951,0.28957450300248938,defined,data/metadata/phase_2/notebook_11_reinsurance_capital/notebook_11_raroc_assumption_grid.csv,FULL_CATALOG_2000000_YEARS,2022_USD
C2_GODA_ATKINSON09,NO_REINSURANCE,2.5,0.20000000000000001,0,earned_premium_2022_usd,308339.19354224624,307448.89991832117,890.29362392507028,0.28957450300247989,defined,data/metadata/phase_2/notebook_11_reinsurance_capital/notebook_11_raroc_assumption_grid.csv,FULL_CATALOG_2000000_YEARS,2022_USD
C2_GODA_ATKINSON09,NO_REINSURANCE,3,0.20000000000000001,0,earned_premium_2022_usd,370007.03225069551,368938.67990198539,1068.3523487101193,0.28957450300248933,defined,data/metadata/phase_2/notebook_11_reinsurance_capital/notebook_11_raroc_assumption_grid.csv,FULL_CATALOG_2000000_YEARS,2022_USD
C2_GODA_ATKINSON09,NO_REINSURANCE,1.25,0.29999999999999999,0,earned_premium_2022_usd,154169.59677112312,153724.44995916059,445.14681196253514,0.28957450300247989,defined,data/metadata/phase_2/notebook_11_reinsurance_capital/notebook_11_raroc_assumption_grid.csv,FULL_CATALOG_2000000_YEARS,2022_USD
C2_GODA_ATKINSON09,NO_REINSURANCE,1.5,0.29999999999999999,0,earned_premium_2022_usd,185003.51612534776,184469.3399509927,534.17617435505963,0.28957450300248933,defined,data/metadata/phase_2/notebook_11_reinsurance_capital/notebook_11_raroc_assumption_grid.csv,FULL_CATALOG_2000000_YEARS,2022_USD
C2_GODA_ATKINSON09,NO_REINSURANCE,2,0.29999999999999999,0,earned_premium_2022_usd,246671.354833797,245959.11993465692,712.23489914007951,0.28957450300248938,defined,data/metadata/phase_2/notebook_11_reinsurance_capital/notebook_11_raroc_assumption_grid.csv,FULL_CATALOG_2000000_YEARS,2022_USD
C2_GODA_ATKINSON09,NO_REINSURANCE,2.5,0.29999999999999999,0,earned_premium_2022_usd,308339.19354224624,307448.89991832117,890.29362392507028,0.28957450300247989,defined,data/metadata/phase_2/notebook_11_reinsurance_capital/notebook_11_raroc_assumption_grid.csv,FULL_CATALOG_2000000_YEARS,2022_USD
C2_GODA_ATKINSON09,NO_REINSURANCE,3,0.29999999999999999,0,earned_premium_2022_usd,370007.03225069551,368938.67990198539,1068.3523487101193,0.28957450300248933,defined,data/metadata/phase_2/notebook_11_reinsurance_capital/notebook_11_raroc_assumption_grid.csv,FULL_CATALOG_2000000_YEARS,2022_USD
C2_GODA_ATKINSON09,NO_REINSURANCE,1.25,0.40000000000000002,0,earned_premium_2022_usd,154169.59677112312,153724.44995916059,445.14681196253514,0.28957450300247989,defined,data/metadata/phase_2/notebook_11_reinsurance_capital/notebook_11_raroc_assumption_grid.csv,FULL_CATALOG_2000000_YEARS,2022_USD
C2_GODA_ATKINSON09,NO_REINSURANCE,1.5,0.40000000000000002,0,earned_premium_2022_usd,185003.51612534776,184469.3399509927,534.17617435505963,0.28957450300248933,defined,data/metadata/phase_2/notebook_11_reinsurance_capital/notebook_11_raroc_assumption_grid.csv,FULL_CATALOG_2000000_YEARS,2022_USD
C2_GODA_ATKINSON09,NO_REINSURANCE,2,0.40000000000000002,0,earned_premium_2022_usd,246671.354833797,245959.11993465692,712.23489914007951,0.28957450300248938,defined,data/metadata/phase_2/notebook_11_reinsurance_capital/notebook_11_raroc_assumption_grid.csv,FULL_CATALOG_2000000_YEARS,2022_USD
C2_GODA_ATKINSON09,NO_REINSURANCE,2.5,0.40000000000000002,0,earned_premium_2022_usd,308339.19354224624,307448.89991832117,890.29362392507028,0.28957450300247989,defined,data/metadata/phase_2/notebook_11_reinsurance_capital/notebook_11_raroc_assumption_grid.csv,FULL_CATALOG_2000000_YEARS,2022_USD
C2_GODA_ATKINSON09,NO_REINSURANCE,3,0.40000000000000002,0,earned_premium_2022_usd,370007.03225069551,368938.67990198539,1068.3523487101193,0.28957450300248933,defined,data/metadata/phase_2/notebook_11_reinsurance_capital/notebook_11_raroc_assumption_grid.csv,FULL_CATALOG_2000000_YEARS,2022_USD
C2_GODA_ATKINSON09,FROZEN_OCCURRENCE_XOL,1.25,0.20000000000000001,1,earned_premium_2022_usd,154169.59677112312,153724.44995916059,445.14681196253514,0.28957450300247989,defined,data/metadata/phase_2/notebook_11_reinsurance_capital/notebook_11_raroc_assumption_grid.csv,FULL_CATALOG_2000000_YEARS,2022_USD
C2_GODA_ATKINSON09,FROZEN_OCCURRENCE_XOL,1.5,0.20000000000000001,1,earned_premium_2022_usd,185003.51612534776,184469.3399509927,534.17617435505963,0.28957450300248933,defined,data/metadata/phase_2/notebook_11_reinsurance_capital/notebook_11_raroc_assumption_grid.csv,FULL_CATALOG_2000000_YEARS,2022_USD
C2_GODA_ATKINSON09,FROZEN_OCCURRENCE_XOL,2,0.20000000000000001,1,earned_premium_2022_usd,246671.354833797,245959.11993465692,712.23489914007951,0.28957450300248938,defined,data/metadata/phase_2/notebook_11_reinsurance_capital/notebook_11_raroc_assumption_grid.csv,FULL_CATALOG_2000000_YEARS,2022_USD
C2_GODA_ATKINSON09,FROZEN_OCCURRENCE_XOL,2.5,0.20000000000000001,1,earned_premium_2022_usd,308339.19354224624,307448.89991832117,890.29362392507028,0.28957450300247989,defined,data/metadata/phase_2/notebook_11_reinsurance_capital/notebook_11_raroc_assumption_grid.csv,FULL_CATALOG_2000000_YEARS,2022_USD
C2_GODA_ATKINSON09,FROZEN_OCCURRENCE_XOL,3,0.20000000000000001,1,earned_premium_2022_usd,370007.03225069551,368938.67990198539,1068.3523487101193,0.28957450300248933,defined,data/metadata/phase_2/notebook_11_reinsurance_capital/notebook_11_raroc_assumption_grid.csv,FULL_CATALOG_2000000_YEARS,2022_USD
C2_GODA_ATKINSON09,FROZEN_OCCURRENCE_XOL,1.25,0.29999999999999999,1,earned_premium_2022_usd,154169.59677112312,153724.44995916059,445.14681196253514,0.28957450300247989,defined,data/metadata/phase_2/notebook_11_reinsurance_capital/notebook_11_raroc_assumption_grid.csv,FULL_CATALOG_2000000_YEARS,2022_USD
C2_GODA_ATKINSON09,FROZEN_OCCURRENCE_XOL,1.5,0.29999999999999999,1,earned_premium_2022_usd,185003.51612534776,184469.3399509927,534.17617435505963,0.28957450300248933,defined,data/metadata/phase_2/notebook_11_reinsurance_capital/notebook_11_raroc_assumption_grid.csv,FULL_CATALOG_2000000_YEARS,2022_USD
C2_GODA_ATKINSON09,FROZEN_OCCURRENCE_XOL,2,0.29999999999999999,1,earned_premium_2022_usd,246671.354833797,245959.11993465692,712.23489914007951,0.28957450300248938,defined,data/metadata/phase_2/notebook_11_reinsurance_capital/notebook_11_raroc_assumption_grid.csv,FULL_CATALOG_2000000_YEARS,2022_USD
C2_GODA_ATKINSON09,FROZEN_OCCURRENCE_XOL,2.5,0.29999999999999999,1,earned_premium_2022_usd,308339.19354224624,307448.89991832117,890.29362392507028,0.28957450300247989,defined,data/metadata/phase_2/notebook_11_reinsurance_capital/notebook_11_raroc_assumption_grid.csv,FULL_CATALOG_2000000_YEARS,2022_USD
C2_GODA_ATKINSON09,FROZEN_OCCURRENCE_XOL,3,0.29999999999999999,1,earned_premium_2022_usd,370007.03225069551,368938.67990198539,1068.3523487101193,0.28957450300248933,defined,data/metadata/phase_2/notebook_11_reinsurance_capital/notebook_11_raroc_assumption_grid.csv,FULL_CATALOG_2000000_YEARS,2022_USD
C2_GODA_ATKINSON09,FROZEN_OCCURRENCE_XOL,1.25,0.40000000000000002,1,earned_premium_2022_usd,154169.59677112312,153724.44995916059,445.14681196253514,0.28957450300247989,defined,data/metadata/phase_2/notebook_11_reinsurance_capital/notebook_11_raroc_assumption_grid.csv,FULL_CATALOG_2000000_YEARS,2022_USD
C2_GODA_ATKINSON09,FROZEN_OCCURRENCE_XOL,1.5,0.40000000000000002,1,earned_premium_2022_usd,185003.51612534776,184469.3399509927,534.17617435505963,0.28957450300248933,defined,data/metadata/phase_2/notebook_11_reinsurance_capital/notebook_11_raroc_assumption_grid.csv,FULL_CATALOG_2000000_YEARS,2022_USD
C2_GODA_ATKINSON09,FROZEN_OCCURRENCE_XOL,2,0.40000000000000002,1,earned_premium_2022_usd,246671.354833797,245959.11993465692,712.23489914007951,0.28957450300248938,defined,data/metadata/phase_2/notebook_11_reinsurance_capital/notebook_11_raroc_assumption_grid.csv,FULL_CATALOG_2000000_YEARS,2022_USD
C2_GODA_ATKINSON09,FROZEN_OCCURRENCE_XOL,2.5,0.40000000000000002,1,earned_premium_2022_usd,308339.19354224624,307448.89991832117,890.29362392507028,0.28957450300247989,defined,data/metadata/phase_2/notebook_11_reinsurance_capital/notebook_11_raroc_assumption_grid.csv,FULL_CATALOG_2000000_YEARS,2022_USD
C2_GODA_ATKINSON09,FROZEN_OCCURRENCE_XOL,3,0.40000000000000002,1,earned_premium_2022_usd,370007.03225069551,368938.67990198539,1068.3523487101193,0.28957450300248933,defined,data/metadata/phase_2/notebook_11_reinsurance_capital/notebook_11_raroc_assumption_grid.csv,FULL_CATALOG_2000000_YEARS,2022_USD
C2_GODA_ATKINSON09,FROZEN_OCCURRENCE_XOL,1.25,0.20000000000000001,1.25,earned_premium_2022_usd,154169.59677112312,153724.44995916059,445.14681196253514,0.28957450300247989,defined,data/metadata/phase_2/notebook_11_reinsurance_capital/notebook_11_raroc_assumption_grid.csv,FULL_CATALOG_2000000_YEARS,2022_USD
C2_GODA_ATKINSON09,FROZEN_OCCURRENCE_XOL,1.5,0.20000000000000001,1.25,earned_premium_2022_usd,185003.51612534776,184469.3399509927,534.17617435505963,0.28957450300248933,defined,data/metadata/phase_2/notebook_11_reinsurance_capital/notebook_11_raroc_assumption_grid.csv,FULL_CATALOG_2000000_YEARS,2022_USD
C2_GODA_ATKINSON09,FROZEN_OCCURRENCE_XOL,2,0.20000000000000001,1.25,earned_premium_2022_usd,246671.354833797,245959.11993465692,712.23489914007951,0.28957450300248938,defined,data/metadata/phase_2/notebook_11_reinsurance_capital/notebook_11_raroc_assumption_grid.csv,FULL_CATALOG_2000000_YEARS,2022_USD
C2_GODA_ATKINSON09,FROZEN_OCCURRENCE_XOL,2.5,0.20000000000000001,1.25,earned_premium_2022_usd,308339.19354224624,307448.89991832117,890.29362392507028,0.28957450300247989,defined,data/metadata/phase_2/notebook_11_reinsurance_capital/notebook_11_raroc_assumption_grid.csv,FULL_CATALOG_2000000_YEARS,2022_USD
C2_GODA_ATKINSON09,FROZEN_OCCURRENCE_XOL,3,0.20000000000000001,1.25,earned_premium_2022_usd,370007.03225069551,368938.67990198539,1068.3523487101193,0.28957450300248933,defined,data/metadata/phase_2/notebook_11_reinsurance_capital/notebook_11_raroc_assumption_grid.csv,FULL_CATALOG_2000000_YEARS,2022_USD
C2_GODA_ATKINSON09,FROZEN_OCCURRENCE_XOL,1.25,0.29999999999999999,1.25,earned_premium_2022_usd,154169.59677112312,153724.44995916059,445.14681196253514,0.28957450300247989,defined,data/metadata/phase_2/notebook_11_reinsurance_capital/notebook_11_raroc_assumption_grid.csv,FULL_CATALOG_2000000_YEARS,2022_USD
C2_GODA_ATKINSON09,FROZEN_OCCURRENCE_XOL,1.5,0.29999999999999999,1.25,earned_premium_2022_usd,185003.51612534776,184469.3399509927,534.17617435505963,0.28957450300248933,defined,data/metadata/phase_2/notebook_11_reinsurance_capital/notebook_11_raroc_assumption_grid.csv,FULL_CATALOG_2000000_YEARS,2022_USD
C2_GODA_ATKINSON09,FROZEN_OCCURRENCE_XOL,2,0.29999999999999999,1.25,earned_premium_2022_usd,246671.354833797,245959.11993465692,712.23489914007951,0.28957450300248938,defined,data/metadata/phase_2/notebook_11_reinsurance_capital/notebook_11_raroc_assumption_grid.csv,FULL_CATALOG_2000000_YEARS,2022_USD
C2_GODA_ATKINSON09,FROZEN_OCCURRENCE_XOL,2.5,0.29999999999999999,1.25,earned_premium_2022_usd,308339.19354224624,307448.89991832117,890.29362392507028,0.28957450300247989,defined,data/metadata/phase_2/notebook_11_reinsurance_capital/notebook_11_raroc_assumption_grid.csv,FULL_CATALOG_2000000_YEARS,2022_USD
C2_GODA_ATKINSON09,FROZEN_OCCURRENCE_XOL,3,0.29999999999999999,1.25,earned_premium_2022_usd,370007.03225069551,368938.67990198539,1068.3523487101193,0.28957450300248933,defined,data/metadata/phase_2/notebook_11_reinsurance_capital/notebook_11_raroc_assumption_grid.csv,FULL_CATALOG_2000000_YEARS,2022_USD
C2_GODA_ATKINSON09,FROZEN_OCCURRENCE_XOL,1.25,0.40000000000000002,1.25,earned_premium_2022_usd,154169.59677112312,153724.44995916059,445.14681196253514,0.28957450300247989,defined,data/metadata/phase_2/notebook_11_reinsurance_capital/notebook_11_raroc_assumption_grid.csv,FULL_CATALOG_2000000_YEARS,2022_USD
C2_GODA_ATKINSON09,FROZEN_OCCURRENCE_XOL,1.5,0.40000000000000002,1.25,earned_premium_2022_usd,185003.51612534776,184469.3399509927,534.17617435505963,0.28957450300248933,defined,data/metadata/phase_2/notebook_11_reinsurance_capital/notebook_11_raroc_assumption_grid.csv,FULL_CATALOG_2000000_YEARS,2022_USD
C2_GODA_ATKINSON09,FROZEN_OCCURRENCE_XOL,2,0.40000000000000002,1.25,earned_premium_2022_usd,246671.354833797,245959.11993465692,712.23489914007951,0.28957450300248938,defined,data/metadata/phase_2/notebook_11_reinsurance_capital/notebook_11_raroc_assumption_grid.csv,FULL_CATALOG_2000000_YEARS,2022_USD
C2_GODA_ATKINSON09,FROZEN_OCCURRENCE_XOL,2.5,0.40000000000000002,1.25,earned_premium_2022_usd,308339.19354224624,307448.89991832117,890.29362392507028,0.28957450300247989,defined,data/metadata/phase_2/notebook_11_reinsurance_capital/notebook_11_raroc_assumption_grid.csv,FULL_CATALOG_2000000_YEARS,2022_USD
C2_GODA_ATKINSON09,FROZEN_OCCURRENCE_XOL,3,0.40000000000000002,1.25,earned_premium_2022_usd,370007.03225069551,368938.67990198539,1068.3523487101193,0.28957450300248933,defined,data/metadata/phase_2/notebook_11_reinsurance_capital/notebook_11_raroc_assumption_grid.csv,FULL_CATALOG_2000000_YEARS,2022_USD
C2_GODA_ATKINSON09,FROZEN_OCCURRENCE_XOL,1.25,0.20000000000000001,1.5,earned_premium_2022_usd,154169.59677112312,153724.44995916059,445.14681196253514,0.28957450300247989,defined,data/metadata/phase_2/notebook_11_reinsurance_capital/notebook_11_raroc_assumption_grid.csv,FULL_CATALOG_2000000_YEARS,2022_USD
C2_GODA_ATKINSON09,FROZEN_OCCURRENCE_XOL,1.5,0.20000000000000001,1.5,earned_premium_2022_usd,185003.51612534776,184469.3399509927,534.17617435505963,0.28957450300248933,defined,data/metadata/phase_2/notebook_11_reinsurance_capital/notebook_11_raroc_assumption_grid.csv,FULL_CATALOG_2000000_YEARS,2022_USD
C2_GODA_ATKINSON09,FROZEN_OCCURRENCE_XOL,2,0.20000000000000001,1.5,earned_premium_2022_usd,246671.354833797,245959.11993465692,712.23489914007951,0.28957450300248938,defined,data/metadata/phase_2/notebook_11_reinsurance_capital/notebook_11_raroc_assumption_grid.csv,FULL_CATALOG_2000000_YEARS,2022_USD
C2_GODA_ATKINSON09,FROZEN_OCCURRENCE_XOL,2.5,0.20000000000000001,1.5,earned_premium_2022_usd,308339.19354224624,307448.89991832117,890.29362392507028,0.28957450300247989,defined,data/metadata/phase_2/notebook_11_reinsurance_capital/notebook_11_raroc_assumption_grid.csv,FULL_CATALOG_2000000_YEARS,2022_USD
C2_GODA_ATKINSON09,FROZEN_OCCURRENCE_XOL,3,0.20000000000000001,1.5,earned_premium_2022_usd,370007.03225069551,368938.67990198539,1068.3523487101193,0.28957450300248933,defined,data/metadata/phase_2/notebook_11_reinsurance_capital/notebook_11_raroc_assumption_grid.csv,FULL_CATALOG_2000000_YEARS,2022_USD
C2_GODA_ATKINSON09,FROZEN_OCCURRENCE_XOL,1.25,0.29999999999999999,1.5,earned_premium_2022_usd,154169.59677112312,153724.44995916059,445.14681196253514,0.28957450300247989,defined,data/metadata/phase_2/notebook_11_reinsurance_capital/notebook_11_raroc_assumption_grid.csv,FULL_CATALOG_2000000_YEARS,2022_USD
C2_GODA_ATKINSON09,FROZEN_OCCURRENCE_XOL,1.5,0.29999999999999999,1.5,earned_premium_2022_usd,185003.51612534776,184469.3399509927,534.17617435505963,0.28957450300248933,defined,data/metadata/phase_2/notebook_11_reinsurance_capital/notebook_11_raroc_assumption_grid.csv,FULL_CATALOG_2000000_YEARS,2022_USD
C2_GODA_ATKINSON09,FROZEN_OCCURRENCE_XOL,2,0.29999999999999999,1.5,earned_premium_2022_usd,246671.354833797,245959.11993465692,712.23489914007951,0.28957450300248938,defined,data/metadata/phase_2/notebook_11_reinsurance_capital/notebook_11_raroc_assumption_grid.csv,FULL_CATALOG_2000000_YEARS,2022_USD
C2_GODA_ATKINSON09,FROZEN_OCCURRENCE_XOL,2.5,0.29999999999999999,1.5,earned_premium_2022_usd,308339.19354224624,307448.89991832117,890.29362392507028,0.28957450300247989,defined,data/metadata/phase_2/notebook_11_reinsurance_capital/notebook_11_raroc_assumption_grid.csv,FULL_CATALOG_2000000_YEARS,2022_USD
C2_GODA_ATKINSON09,FROZEN_OCCURRENCE_XOL,3,0.29999999999999999,1.5,earned_premium_2022_usd,370007.03225069551,368938.67990198539,1068.3523487101193,0.28957450300248933,defined,data/metadata/phase_2/notebook_11_reinsurance_capital/notebook_11_raroc_assumption_grid.csv,FULL_CATALOG_2000000_YEARS,2022_USD
C2_GODA_ATKINSON09,FROZEN_OCCURRENCE_XOL,1.25,0.40000000000000002,1.5,earned_premium_2022_usd,154169.59677112312,153724.44995916059,445.14681196253514,0.28957450300247989,defined,data/metadata/phase_2/notebook_11_reinsurance_capital/notebook_11_raroc_assumption_grid.csv,FULL_CATALOG_2000000_YEARS,2022_USD
C2_GODA_ATKINSON09,FROZEN_OCCURRENCE_XOL,1.5,0.40000000000000002,1.5,earned_premium_2022_usd,185003.51612534776,184469.3399509927,534.17617435505963,0.28957450300248933,defined,data/metadata/phase_2/notebook_11_reinsurance_capital/notebook_11_raroc_assumption_grid.csv,FULL_CATALOG_2000000_YEARS,2022_USD
C2_GODA_ATKINSON09,FROZEN_OCCURRENCE_XOL,2,0.40000000000000002,1.5,earned_premium_2022_usd,246671.354833797,245959.11993465692,712.23489914007951,0.28957450300248938,defined,data/metadata/phase_2/notebook_11_reinsurance_capital/notebook_11_raroc_assumption_grid.csv,FULL_CATALOG_2000000_YEARS,2022_USD
C2_GODA_ATKINSON09,FROZEN_OCCURRENCE_XOL,2.5,0.40000000000000002,1.5,earned_premium_2022_usd,308339.19354224624,307448.89991832117,890.29362392507028,0.28957450300247989,defined,data/metadata/phase_2/notebook_11_reinsurance_capital/notebook_11_raroc_assumption_grid.csv,FULL_CATALOG_2000000_YEARS,2022_USD
C2_GODA_ATKINSON09,FROZEN_OCCURRENCE_XOL,3,0.40000000000000002,1.5,earned_premium_2022_usd,370007.03225069551,368938.67990198539,1068.3523487101193,0.28957450300248933,defined,data/metadata/phase_2/notebook_11_reinsurance_capital/notebook_11_raroc_assumption_grid.csv,FULL_CATALOG_2000000_YEARS,2022_USD
C2_GODA_ATKINSON09,FROZEN_OCCURRENCE_XOL,1.25,0.20000000000000001,2,earned_premium_2022_usd,154169.59677112312,153724.44995916059,445.14681196253514,0.28957450300247989,defined,data/metadata/phase_2/notebook_11_reinsurance_capital/notebook_11_raroc_assumption_grid.csv,FULL_CATALOG_2000000_YEARS,2022_USD
C2_GODA_ATKINSON09,FROZEN_OCCURRENCE_XOL,1.5,0.20000000000000001,2,earned_premium_2022_usd,185003.51612534776,184469.3399509927,534.17617435505963,0.28957450300248933,defined,data/metadata/phase_2/notebook_11_reinsurance_capital/notebook_11_raroc_assumption_grid.csv,FULL_CATALOG_2000000_YEARS,2022_USD
C2_GODA_ATKINSON09,FROZEN_OCCURRENCE_XOL,2,0.20000000000000001,2,earned_premium_2022_usd,246671.354833797,245959.11993465692,712.23489914007951,0.28957450300248938,defined,data/metadata/phase_2/notebook_11_reinsurance_capital/notebook_11_raroc_assumption_grid.csv,FULL_CATALOG_2000000_YEARS,2022_USD
C2_GODA_ATKINSON09,FROZEN_OCCURRENCE_XOL,2.5,0.20000000000000001,2,earned_premium_2022_usd,308339.19354224624,307448.89991832117,890.29362392507028,0.28957450300247989,defined,data/metadata/phase_2/notebook_11_reinsurance_capital/notebook_11_raroc_assumption_grid.csv,FULL_CATALOG_2000000_YEARS,2022_USD
C2_GODA_ATKINSON09,FROZEN_OCCURRENCE_XOL,3,0.20000000000000001,2,earned_premium_2022_usd,370007.03225069551,368938.67990198539,1068.3523487101193,0.28957450300248933,defined,data/metadata/phase_2/notebook_11_reinsurance_capital/notebook_11_raroc_assumption_grid.csv,FULL_CATALOG_2000000_YEARS,2022_USD
C2_GODA_ATKINSON09,FROZEN_OCCURRENCE_XOL,1.25,0.29999999999999999,2,earned_premium_2022_usd,154169.59677112312,153724.44995916059,445.14681196253514,0.28957450300247989,defined,data/metadata/phase_2/notebook_11_reinsurance_capital/notebook_11_raroc_assumption_grid.csv,FULL_CATALOG_2000000_YEARS,2022_USD
C2_GODA_ATKINSON09,FROZEN_OCCURRENCE_XOL,1.5,0.29999999999999999,2,earned_premium_2022_usd,185003.51612534776,184469.3399509927,534.17617435505963,0.28957450300248933,defined,data/metadata/phase_2/notebook_11_reinsurance_capital/notebook_11_raroc_assumption_grid.csv,FULL_CATALOG_2000000_YEARS,2022_USD
C2_GODA_ATKINSON09,FROZEN_OCCURRENCE_XOL,2,0.29999999999999999,2,earned_premium_2022_usd,246671.354833797,245959.11993465692,712.23489914007951,0.28957450300248938,defined,data/metadata/phase_2/notebook_11_reinsurance_capital/notebook_11_raroc_assumption_grid.csv,FULL_CATALOG_2000000_YEARS,2022_USD
C2_GODA_ATKINSON09,FROZEN_OCCURRENCE_XOL,2.5,0.29999999999999999,2,earned_premium_2022_usd,308339.19354224624,307448.89991832117,890.29362392507028,0.28957450300247989,defined,data/metadata/phase_2/notebook_11_reinsurance_capital/notebook_11_raroc_assumption_grid.csv,FULL_CATALOG_2000000_YEARS,2022_USD
C2_GODA_ATKINSON09,FROZEN_OCCURRENCE_XOL,3,0.29999999999999999,2,earned_premium_2022_usd,370007.03225069551,368938.67990198539,1068.3523487101193,0.28957450300248933,defined,data/metadata/phase_2/notebook_11_reinsurance_capital/notebook_11_raroc_assumption_grid.csv,FULL_CATALOG_2000000_YEARS,2022_USD
C2_GODA_ATKINSON09,FROZEN_OCCURRENCE_XOL,1.25,0.40000000000000002,2,earned_premium_2022_usd,154169.59677112312,153724.44995916059,445.14681196253514,0.28957450300247989,defined,data/metadata/phase_2/notebook_11_reinsurance_capital/notebook_11_raroc_assumption_grid.csv,FULL_CATALOG_2000000_YEARS,2022_USD
C2_GODA_ATKINSON09,FROZEN_OCCURRENCE_XOL,1.5,0.40000000000000002,2,earned_premium_2022_usd,185003.51612534776,184469.3399509927,534.17617435505963,0.28957450300248933,defined,data/metadata/phase_2/notebook_11_reinsurance_capital/notebook_11_raroc_assumption_grid.csv,FULL_CATALOG_2000000_YEARS,2022_USD
C2_GODA_ATKINSON09,FROZEN_OCCURRENCE_XOL,2,0.40000000000000002,2,earned_premium_2022_usd,246671.354833797,245959.11993465692,712.23489914007951,0.28957450300248938,defined,data/metadata/phase_2/notebook_11_reinsurance_capital/notebook_11_raroc_assumption_grid.csv,FULL_CATALOG_2000000_YEARS,2022_USD
C2_GODA_ATKINSON09,FROZEN_OCCURRENCE_XOL,2.5,0.40000000000000002,2,earned_premium_2022_usd,308339.19354224624,307448.89991832117,890.29362392507028,0.28957450300247989,defined,data/metadata/phase_2/notebook_11_reinsurance_capital/notebook_11_raroc_assumption_grid.csv,FULL_CATALOG_2000000_YEARS,2022_USD
C2_GODA_ATKINSON09,FROZEN_OCCURRENCE_XOL,3,0.40000000000000002,2,earned_premium_2022_usd,370007.03225069551,368938.67990198539,1068.3523487101193,0.28957450300248933,defined,data/metadata/phase_2/notebook_11_reinsurance_capital/notebook_11_raroc_assumption_grid.csv,FULL_CATALOG_2000000_YEARS,2022_USD
C2_GODA_ATKINSON09,STANDALONE_AGGREGATE,1.25,0.20000000000000001,1,earned_premium_2022_usd,154169.59677112312,153724.44995916059,445.14681196253514,0.28957450300247989,defined,data/metadata/phase_2/notebook_11_reinsurance_capital/notebook_11_raroc_assumption_grid.csv,FULL_CATALOG_2000000_YEARS,2022_USD
C2_GODA_ATKINSON09,STANDALONE_AGGREGATE,1.5,0.20000000000000001,1,earned_premium_2022_usd,185003.51612534776,184469.3399509927,534.17617435505963,0.28957450300248933,defined,data/metadata/phase_2/notebook_11_reinsurance_capital/notebook_11_raroc_assumption_grid.csv,FULL_CATALOG_2000000_YEARS,2022_USD
C2_GODA_ATKINSON09,STANDALONE_AGGREGATE,2,0.20000000000000001,1,earned_premium_2022_usd,246671.354833797,245959.11993465692,712.23489914007951,0.28957450300248938,defined,data/metadata/phase_2/notebook_11_reinsurance_capital/notebook_11_raroc_assumption_grid.csv,FULL_CATALOG_2000000_YEARS,2022_USD
C2_GODA_ATKINSON09,STANDALONE_AGGREGATE,2.5,0.20000000000000001,1,earned_premium_2022_usd,308339.19354224624,307448.89991832117,890.29362392507028,0.28957450300247989,defined,data/metadata/phase_2/notebook_11_reinsurance_capital/notebook_11_raroc_assumption_grid.csv,FULL_CATALOG_2000000_YEARS,2022_USD
C2_GODA_ATKINSON09,STANDALONE_AGGREGATE,3,0.20000000000000001,1,earned_premium_2022_usd,370007.03225069551,368938.67990198539,1068.3523487101193,0.28957450300248933,defined,data/metadata/phase_2/notebook_11_reinsurance_capital/notebook_11_raroc_assumption_grid.csv,FULL_CATALOG_2000000_YEARS,2022_USD
C2_GODA_ATKINSON09,STANDALONE_AGGREGATE,1.25,0.29999999999999999,1,earned_premium_2022_usd,154169.59677112312,153724.44995916059,445.14681196253514,0.28957450300247989,defined,data/metadata/phase_2/notebook_11_reinsurance_capital/notebook_11_raroc_assumption_grid.csv,FULL_CATALOG_2000000_YEARS,2022_USD
C2_GODA_ATKINSON09,STANDALONE_AGGREGATE,1.5,0.29999999999999999,1,earned_premium_2022_usd,185003.51612534776,184469.3399509927,534.17617435505963,0.28957450300248933,defined,data/metadata/phase_2/notebook_11_reinsurance_capital/notebook_11_raroc_assumption_grid.csv,FULL_CATALOG_2000000_YEARS,2022_USD
C2_GODA_ATKINSON09,STANDALONE_AGGREGATE,2,0.29999999999999999,1,earned_premium_2022_usd,246671.354833797,245959.11993465692,712.23489914007951,0.28957450300248938,defined,data/metadata/phase_2/notebook_11_reinsurance_capital/notebook_11_raroc_assumption_grid.csv,FULL_CATALOG_2000000_YEARS,2022_USD
C2_GODA_ATKINSON09,STANDALONE_AGGREGATE,2.5,0.29999999999999999,1,earned_premium_2022_usd,308339.19354224624,307448.89991832117,890.29362392507028,0.28957450300247989,defined,data/metadata/phase_2/notebook_11_reinsurance_capital/notebook_11_raroc_assumption_grid.csv,FULL_CATALOG_2000000_YEARS,2022_USD
C2_GODA_ATKINSON09,STANDALONE_AGGREGATE,3,0.29999999999999999,1,earned_premium_2022_usd,370007.03225069551,368938.67990198539,1068.3523487101193,0.28957450300248933,defined,data/metadata/phase_2/notebook_11_reinsurance_capital/notebook_11_raroc_assumption_grid.csv,FULL_CATALOG_2000000_YEARS,2022_USD
C2_GODA_ATKINSON09,STANDALONE_AGGREGATE,1.25,0.40000000000000002,1,earned_premium_2022_usd,154169.59677112312,153724.44995916059,445.14681196253514,0.28957450300247989,defined,data/metadata/phase_2/notebook_11_reinsurance_capital/notebook_11_raroc_assumption_grid.csv,FULL_CATALOG_2000000_YEARS,2022_USD
C2_GODA_ATKINSON09,STANDALONE_AGGREGATE,1.5,0.40000000000000002,1,earned_premium_2022_usd,185003.51612534776,184469.3399509927,534.17617435505963,0.28957450300248933,defined,data/metadata/phase_2/notebook_11_reinsurance_capital/notebook_11_raroc_assumption_grid.csv,FULL_CATALOG_2000000_YEARS,2022_USD
C2_GODA_ATKINSON09,STANDALONE_AGGREGATE,2,0.40000000000000002,1,earned_premium_2022_usd,246671.354833797,245959.11993465692,712.23489914007951,0.28957450300248938,defined,data/metadata/phase_2/notebook_11_reinsurance_capital/notebook_11_raroc_assumption_grid.csv,FULL_CATALOG_2000000_YEARS,2022_USD
C2_GODA_ATKINSON09,STANDALONE_AGGREGATE,2.5,0.40000000000000002,1,earned_premium_2022_usd,308339.19354224624,307448.89991832117,890.29362392507028,0.28957450300247989,defined,data/metadata/phase_2/notebook_11_reinsurance_capital/notebook_11_raroc_assumption_grid.csv,FULL_CATALOG_2000000_YEARS,2022_USD
C2_GODA_ATKINSON09,STANDALONE_AGGREGATE,3,0.40000000000000002,1,earned_premium_2022_usd,370007.03225069551,368938.67990198539,1068.3523487101193,0.28957450300248933,defined,data/metadata/phase_2/notebook_11_reinsurance_capital/notebook_11_raroc_assumption_grid.csv,FULL_CATALOG_2000000_YEARS,2022_USD
C2_GODA_ATKINSON09,STANDALONE_AGGREGATE,1.25,0.20000000000000001,1.25,earned_premium_2022_usd,154169.59677112312,153724.44995916059,445.14681196253514,0.28957450300247989,defined,data/metadata/phase_2/notebook_11_reinsurance_capital/notebook_11_raroc_assumption_grid.csv,FULL_CATALOG_2000000_YEARS,2022_USD
C2_GODA_ATKINSON09,STANDALONE_AGGREGATE,1.5,0.20000000000000001,1.25,earned_premium_2022_usd,185003.51612534776,184469.3399509927,534.17617435505963,0.28957450300248933,defined,data/metadata/phase_2/notebook_11_reinsurance_capital/notebook_11_raroc_assumption_grid.csv,FULL_CATALOG_2000000_YEARS,2022_USD
C2_GODA_ATKINSON09,STANDALONE_AGGREGATE,2,0.20000000000000001,1.25,earned_premium_2022_usd,246671.354833797,245959.11993465692,712.23489914007951,0.28957450300248938,defined,data/metadata/phase_2/notebook_11_reinsurance_capital/notebook_11_raroc_assumption_grid.csv,FULL_CATALOG_2000000_YEARS,2022_USD
C2_GODA_ATKINSON09,STANDALONE_AGGREGATE,2.5,0.20000000000000001,1.25,earned_premium_2022_usd,308339.19354224624,307448.89991832117,890.29362392507028,0.28957450300247989,defined,data/metadata/phase_2/notebook_11_reinsurance_capital/notebook_11_raroc_assumption_grid.csv,FULL_CATALOG_2000000_YEARS,2022_USD
C2_GODA_ATKINSON09,STANDALONE_AGGREGATE,3,0.20000000000000001,1.25,earned_premium_2022_usd,370007.03225069551,368938.67990198539,1068.3523487101193,0.28957450300248933,defined,data/metadata/phase_2/notebook_11_reinsurance_capital/notebook_11_raroc_assumption_grid.csv,FULL_CATALOG_2000000_YEARS,2022_USD
C2_GODA_ATKINSON09,STANDALONE_AGGREGATE,1.25,0.29999999999999999,1.25,earned_premium_2022_usd,154169.59677112312,153724.44995916059,445.14681196253514,0.28957450300247989,defined,data/metadata/phase_2/notebook_11_reinsurance_capital/notebook_11_raroc_assumption_grid.csv,FULL_CATALOG_2000000_YEARS,2022_USD
C2_GODA_ATKINSON09,STANDALONE_AGGREGATE,1.5,0.29999999999999999,1.25,earned_premium_2022_usd,185003.51612534776,184469.3399509927,534.17617435505963,0.28957450300248933,defined,data/metadata/phase_2/notebook_11_reinsurance_capital/notebook_11_raroc_assumption_grid.csv,FULL_CATALOG_2000000_YEARS,2022_USD
C2_GODA_ATKINSON09,STANDALONE_AGGREGATE,2,0.29999999999999999,1.25,earned_premium_2022_usd,246671.354833797,245959.11993465692,712.23489914007951,0.28957450300248938,defined,data/metadata/phase_2/notebook_11_reinsurance_capital/notebook_11_raroc_assumption_grid.csv,FULL_CATALOG_2000000_YEARS,2022_USD
C2_GODA_ATKINSON09,STANDALONE_AGGREGATE,2.5,0.29999999999999999,1.25,earned_premium_2022_usd,308339.19354224624,307448.89991832117,890.29362392507028,0.28957450300247989,defined,data/metadata/phase_2/notebook_11_reinsurance_capital/notebook_11_raroc_assumption_grid.csv,FULL_CATALOG_2000000_YEARS,2022_USD
C2_GODA_ATKINSON09,STANDALONE_AGGREGATE,3,0.29999999999999999,1.25,earned_premium_2022_usd,370007.03225069551,368938.67990198539,1068.3523487101193,0.28957450300248933,defined,data/metadata/phase_2/notebook_11_reinsurance_capital/notebook_11_raroc_assumption_grid.csv,FULL_CATALOG_2000000_YEARS,2022_USD
C2_GODA_ATKINSON09,STANDALONE_AGGREGATE,1.25,0.40000000000000002,1.25,earned_premium_2022_usd,154169.59677112312,153724.44995916059,445.14681196253514,0.28957450300247989,defined,data/metadata/phase_2/notebook_11_reinsurance_capital/notebook_11_raroc_assumption_grid.csv,FULL_CATALOG_2000000_YEARS,2022_USD
C2_GODA_ATKINSON09,STANDALONE_AGGREGATE,1.5,0.40000000000000002,1.25,earned_premium_2022_usd,185003.51612534776,184469.3399509927,534.17617435505963,0.28957450300248933,defined,data/metadata/phase_2/notebook_11_reinsurance_capital/notebook_11_raroc_assumption_grid.csv,FULL_CATALOG_2000000_YEARS,2022_USD
C2_GODA_ATKINSON09,STANDALONE_AGGREGATE,2,0.40000000000000002,1.25,earned_premium_2022_usd,246671.354833797,245959.11993465692,712.23489914007951,0.28957450300248938,defined,data/metadata/phase_2/notebook_11_reinsurance_capital/notebook_11_raroc_assumption_grid.csv,FULL_CATALOG_2000000_YEARS,2022_USD
C2_GODA_ATKINSON09,STANDALONE_AGGREGATE,2.5,0.40000000000000002,1.25,earned_premium_2022_usd,308339.19354224624,307448.89991832117,890.29362392507028,0.28957450300247989,defined,data/metadata/phase_2/notebook_11_reinsurance_capital/notebook_11_raroc_assumption_grid.csv,FULL_CATALOG_2000000_YEARS,2022_USD
C2_GODA_ATKINSON09,STANDALONE_AGGREGATE,3,0.40000000000000002,1.25,earned_premium_2022_usd,370007.03225069551,368938.67990198539,1068.3523487101193,0.28957450300248933,defined,data/metadata/phase_2/notebook_11_reinsurance_capital/notebook_11_raroc_assumption_grid.csv,FULL_CATALOG_2000000_YEARS,2022_USD
C2_GODA_ATKINSON09,STANDALONE_AGGREGATE,1.25,0.20000000000000001,1.5,earned_premium_2022_usd,154169.59677112312,153724.44995916059,445.14681196253514,0.28957450300247989,defined,data/metadata/phase_2/notebook_11_reinsurance_capital/notebook_11_raroc_assumption_grid.csv,FULL_CATALOG_2000000_YEARS,2022_USD
C2_GODA_ATKINSON09,STANDALONE_AGGREGATE,1.5,0.20000000000000001,1.5,earned_premium_2022_usd,185003.51612534776,184469.3399509927,534.17617435505963,0.28957450300248933,defined,data/metadata/phase_2/notebook_11_reinsurance_capital/notebook_11_raroc_assumption_grid.csv,FULL_CATALOG_2000000_YEARS,2022_USD
C2_GODA_ATKINSON09,STANDALONE_AGGREGATE,2,0.20000000000000001,1.5,earned_premium_2022_usd,246671.354833797,245959.11993465692,712.23489914007951,0.28957450300248938,defined,data/metadata/phase_2/notebook_11_reinsurance_capital/notebook_11_raroc_assumption_grid.csv,FULL_CATALOG_2000000_YEARS,2022_USD
C2_GODA_ATKINSON09,STANDALONE_AGGREGATE,2.5,0.20000000000000001,1.5,earned_premium_2022_usd,308339.19354224624,307448.89991832117,890.29362392507028,0.28957450300247989,defined,data/metadata/phase_2/notebook_11_reinsurance_capital/notebook_11_raroc_assumption_grid.csv,FULL_CATALOG_2000000_YEARS,2022_USD
C2_GODA_ATKINSON09,STANDALONE_AGGREGATE,3,0.20000000000000001,1.5,earned_premium_2022_usd,370007.03225069551,368938.67990198539,1068.3523487101193,0.28957450300248933,defined,data/metadata/phase_2/notebook_11_reinsurance_capital/notebook_11_raroc_assumption_grid.csv,FULL_CATALOG_2000000_YEARS,2022_USD
C2_GODA_ATKINSON09,STANDALONE_AGGREGATE,1.25,0.29999999999999999,1.5,earned_premium_2022_usd,154169.59677112312,153724.44995916059,445.14681196253514,0.28957450300247989,defined,data/metadata/phase_2/notebook_11_reinsurance_capital/notebook_11_raroc_assumption_grid.csv,FULL_CATALOG_2000000_YEARS,2022_USD
C2_GODA_ATKINSON09,STANDALONE_AGGREGATE,1.5,0.29999999999999999,1.5,earned_premium_2022_usd,185003.51612534776,184469.3399509927,534.17617435505963,0.28957450300248933,defined,data/metadata/phase_2/notebook_11_reinsurance_capital/notebook_11_raroc_assumption_grid.csv,FULL_CATALOG_2000000_YEARS,2022_USD
C2_GODA_ATKINSON09,STANDALONE_AGGREGATE,2,0.29999999999999999,1.5,earned_premium_2022_usd,246671.354833797,245959.11993465692,712.23489914007951,0.28957450300248938,defined,data/metadata/phase_2/notebook_11_reinsurance_capital/notebook_11_raroc_assumption_grid.csv,FULL_CATALOG_2000000_YEARS,2022_USD
C2_GODA_ATKINSON09,STANDALONE_AGGREGATE,2.5,0.29999999999999999,1.5,earned_premium_2022_usd,308339.19354224624,307448.89991832117,890.29362392507028,0.28957450300247989,defined,data/metadata/phase_2/notebook_11_reinsurance_capital/notebook_11_raroc_assumption_grid.csv,FULL_CATALOG_2000000_YEARS,2022_USD
C2_GODA_ATKINSON09,STANDALONE_AGGREGATE,3,0.29999999999999999,1.5,earned_premium_2022_usd,370007.03225069551,368938.67990198539,1068.3523487101193,0.28957450300248933,defined,data/metadata/phase_2/notebook_11_reinsurance_capital/notebook_11_raroc_assumption_grid.csv,FULL_CATALOG_2000000_YEARS,2022_USD
C2_GODA_ATKINSON09,STANDALONE_AGGREGATE,1.25,0.40000000000000002,1.5,earned_premium_2022_usd,154169.59677112312,153724.44995916059,445.14681196253514,0.28957450300247989,defined,data/metadata/phase_2/notebook_11_reinsurance_capital/notebook_11_raroc_assumption_grid.csv,FULL_CATALOG_2000000_YEARS,2022_USD
C2_GODA_ATKINSON09,STANDALONE_AGGREGATE,1.5,0.40000000000000002,1.5,earned_premium_2022_usd,185003.51612534776,184469.3399509927,534.17617435505963,0.28957450300248933,defined,data/metadata/phase_2/notebook_11_reinsurance_capital/notebook_11_raroc_assumption_grid.csv,FULL_CATALOG_2000000_YEARS,2022_USD
C2_GODA_ATKINSON09,STANDALONE_AGGREGATE,2,0.40000000000000002,1.5,earned_premium_2022_usd,246671.354833797,245959.11993465692,712.23489914007951,0.28957450300248938,defined,data/metadata/phase_2/notebook_11_reinsurance_capital/notebook_11_raroc_assumption_grid.csv,FULL_CATALOG_2000000_YEARS,2022_USD
C2_GODA_ATKINSON09,STANDALONE_AGGREGATE,2.5,0.40000000000000002,1.5,earned_premium_2022_usd,308339.19354224624,307448.89991832117,890.29362392507028,0.28957450300247989,defined,data/metadata/phase_2/notebook_11_reinsurance_capital/notebook_11_raroc_assumption_grid.csv,FULL_CATALOG_2000000_YEARS,2022_USD
C2_GODA_ATKINSON09,STANDALONE_AGGREGATE,3,0.40000000000000002,1.5,earned_premium_2022_usd,370007.03225069551,368938.67990198539,1068.3523487101193,0.28957450300248933,defined,data/metadata/phase_2/notebook_11_reinsurance_capital/notebook_11_raroc_assumption_grid.csv,FULL_CATALOG_2000000_YEARS,2022_USD
C2_GODA_ATKINSON09,STANDALONE_AGGREGATE,1.25,0.20000000000000001,2,earned_premium_2022_usd,154169.59677112312,153724.44995916059,445.14681196253514,0.28957450300247989,defined,data/metadata/phase_2/notebook_11_reinsurance_capital/notebook_11_raroc_assumption_grid.csv,FULL_CATALOG_2000000_YEARS,2022_USD
C2_GODA_ATKINSON09,STANDALONE_AGGREGATE,1.5,0.20000000000000001,2,earned_premium_2022_usd,185003.51612534776,184469.3399509927,534.17617435505963,0.28957450300248933,defined,data/metadata/phase_2/notebook_11_reinsurance_capital/notebook_11_raroc_assumption_grid.csv,FULL_CATALOG_2000000_YEARS,2022_USD
C2_GODA_ATKINSON09,STANDALONE_AGGREGATE,2,0.20000000000000001,2,earned_premium_2022_usd,246671.354833797,245959.11993465692,712.23489914007951,0.28957450300248938,defined,data/metadata/phase_2/notebook_11_reinsurance_capital/notebook_11_raroc_assumption_grid.csv,FULL_CATALOG_2000000_YEARS,2022_USD
C2_GODA_ATKINSON09,STANDALONE_AGGREGATE,2.5,0.20000000000000001,2,earned_premium_2022_usd,308339.19354224624,307448.89991832117,890.29362392507028,0.28957450300247989,defined,data/metadata/phase_2/notebook_11_reinsurance_capital/notebook_11_raroc_assumption_grid.csv,FULL_CATALOG_2000000_YEARS,2022_USD
C2_GODA_ATKINSON09,STANDALONE_AGGREGATE,3,0.20000000000000001,2,earned_premium_2022_usd,370007.03225069551,368938.67990198539,1068.3523487101193,0.28957450300248933,defined,data/metadata/phase_2/notebook_11_reinsurance_capital/notebook_11_raroc_assumption_grid.csv,FULL_CATALOG_2000000_YEARS,2022_USD
C2_GODA_ATKINSON09,STANDALONE_AGGREGATE,1.25,0.29999999999999999,2,earned_premium_2022_usd,154169.59677112312,153724.44995916059,445.14681196253514,0.28957450300247989,defined,data/metadata/phase_2/notebook_11_reinsurance_capital/notebook_11_raroc_assumption_grid.csv,FULL_CATALOG_2000000_YEARS,2022_USD
C2_GODA_ATKINSON09,STANDALONE_AGGREGATE,1.5,0.29999999999999999,2,earned_premium_2022_usd,185003.51612534776,184469.3399509927,534.17617435505963,0.28957450300248933,defined,data/metadata/phase_2/notebook_11_reinsurance_capital/notebook_11_raroc_assumption_grid.csv,FULL_CATALOG_2000000_YEARS,2022_USD
C2_GODA_ATKINSON09,STANDALONE_AGGREGATE,2,0.29999999999999999,2,earned_premium_2022_usd,246671.354833797,245959.11993465692,712.23489914007951,0.28957450300248938,defined,data/metadata/phase_2/notebook_11_reinsurance_capital/notebook_11_raroc_assumption_grid.csv,FULL_CATALOG_2000000_YEARS,2022_USD
C2_GODA_ATKINSON09,STANDALONE_AGGREGATE,2.5,0.29999999999999999,2,earned_premium_2022_usd,308339.19354224624,307448.89991832117,890.29362392507028,0.28957450300247989,defined,data/metadata/phase_2/notebook_11_reinsurance_capital/notebook_11_raroc_assumption_grid.csv,FULL_CATALOG_2000000_YEARS,2022_USD
C2_GODA_ATKINSON09,STANDALONE_AGGREGATE,3,0.29999999999999999,2,earned_premium_2022_usd,370007.03225069551,368938.67990198539,1068.3523487101193,0.28957450300248933,defined,data/metadata/phase_2/notebook_11_reinsurance_capital/notebook_11_raroc_assumption_grid.csv,FULL_CATALOG_2000000_YEARS,2022_USD
C2_GODA_ATKINSON09,STANDALONE_AGGREGATE,1.25,0.40000000000000002,2,earned_premium_2022_usd,154169.59677112312,153724.44995916059,445.14681196253514,0.28957450300247989,defined,data/metadata/phase_2/notebook_11_reinsurance_capital/notebook_11_raroc_assumption_grid.csv,FULL_CATALOG_2000000_YEARS,2022_USD
C2_GODA_ATKINSON09,STANDALONE_AGGREGATE,1.5,0.40000000000000002,2,earned_premium_2022_usd,185003.51612534776,184469.3399509927,534.17617435505963,0.28957450300248933,defined,data/metadata/phase_2/notebook_11_reinsurance_capital/notebook_11_raroc_assumption_grid.csv,FULL_CATALOG_2000000_YEARS,2022_USD
C2_GODA_ATKINSON09,STANDALONE_AGGREGATE,2,0.40000000000000002,2,earned_premium_2022_usd,246671.354833797,245959.11993465692,712.23489914007951,0.28957450300248938,defined,data/metadata/phase_2/notebook_11_reinsurance_capital/notebook_11_raroc_assumption_grid.csv,FULL_CATALOG_2000000_YEARS,2022_USD
C2_GODA_ATKINSON09,STANDALONE_AGGREGATE,2.5,0.40000000000000002,2,earned_premium_2022_usd,308339.19354224624,307448.89991832117,890.29362392507028,0.28957450300247989,defined,data/metadata/phase_2/notebook_11_reinsurance_capital/notebook_11_raroc_assumption_grid.csv,FULL_CATALOG_2000000_YEARS,2022_USD
C2_GODA_ATKINSON09,STANDALONE_AGGREGATE,3,0.40000000000000002,2,earned_premium_2022_usd,370007.03225069551,368938.67990198539,1068.3523487101193,0.28957450300248933,defined,data/metadata/phase_2/notebook_11_reinsurance_capital/notebook_11_raroc_assumption_grid.csv,FULL_CATALOG_2000000_YEARS,2022_USD
C2_GODA_ATKINSON09,STACKED_OCCURRENCE_PLUS_AGGREGATE,1.25,0.20000000000000001,1,earned_premium_2022_usd,154169.59677112312,153724.44995916059,445.14681196253514,0.28957450300247989,defined,data/metadata/phase_2/notebook_11_reinsurance_capital/notebook_11_raroc_assumption_grid.csv,FULL_CATALOG_2000000_YEARS,2022_USD
C2_GODA_ATKINSON09,STACKED_OCCURRENCE_PLUS_AGGREGATE,1.5,0.20000000000000001,1,earned_premium_2022_usd,185003.51612534776,184469.3399509927,534.17617435505963,0.28957450300248933,defined,data/metadata/phase_2/notebook_11_reinsurance_capital/notebook_11_raroc_assumption_grid.csv,FULL_CATALOG_2000000_YEARS,2022_USD
C2_GODA_ATKINSON09,STACKED_OCCURRENCE_PLUS_AGGREGATE,2,0.20000000000000001,1,earned_premium_2022_usd,246671.354833797,245959.11993465692,712.23489914007951,0.28957450300248938,defined,data/metadata/phase_2/notebook_11_reinsurance_capital/notebook_11_raroc_assumption_grid.csv,FULL_CATALOG_2000000_YEARS,2022_USD
C2_GODA_ATKINSON09,STACKED_OCCURRENCE_PLUS_AGGREGATE,2.5,0.20000000000000001,1,earned_premium_2022_usd,308339.19354224624,307448.89991832117,890.29362392507028,0.28957450300247989,defined,data/metadata/phase_2/notebook_11_reinsurance_capital/notebook_11_raroc_assumption_grid.csv,FULL_CATALOG_2000000_YEARS,2022_USD
C2_GODA_ATKINSON09,STACKED_OCCURRENCE_PLUS_AGGREGATE,3,0.20000000000000001,1,earned_premium_2022_usd,370007.03225069551,368938.67990198539,1068.3523487101193,0.28957450300248933,defined,data/metadata/phase_2/notebook_11_reinsurance_capital/notebook_11_raroc_assumption_grid.csv,FULL_CATALOG_2000000_YEARS,2022_USD
C2_GODA_ATKINSON09,STACKED_OCCURRENCE_PLUS_AGGREGATE,1.25,0.29999999999999999,1,earned_premium_2022_usd,154169.59677112312,153724.44995916059,445.14681196253514,0.28957450300247989,defined,data/metadata/phase_2/notebook_11_reinsurance_capital/notebook_11_raroc_assumption_grid.csv,FULL_CATALOG_2000000_YEARS,2022_USD
C2_GODA_ATKINSON09,STACKED_OCCURRENCE_PLUS_AGGREGATE,1.5,0.29999999999999999,1,earned_premium_2022_usd,185003.51612534776,184469.3399509927,534.17617435505963,0.28957450300248933,defined,data/metadata/phase_2/notebook_11_reinsurance_capital/notebook_11_raroc_assumption_grid.csv,FULL_CATALOG_2000000_YEARS,2022_USD
C2_GODA_ATKINSON09,STACKED_OCCURRENCE_PLUS_AGGREGATE,2,0.29999999999999999,1,earned_premium_2022_usd,246671.354833797,245959.11993465692,712.23489914007951,0.28957450300248938,defined,data/metadata/phase_2/notebook_11_reinsurance_capital/notebook_11_raroc_assumption_grid.csv,FULL_CATALOG_2000000_YEARS,2022_USD
C2_GODA_ATKINSON09,STACKED_OCCURRENCE_PLUS_AGGREGATE,2.5,0.29999999999999999,1,earned_premium_2022_usd,308339.19354224624,307448.89991832117,890.29362392507028,0.28957450300247989,defined,data/metadata/phase_2/notebook_11_reinsurance_capital/notebook_11_raroc_assumption_grid.csv,FULL_CATALOG_2000000_YEARS,2022_USD
C2_GODA_ATKINSON09,STACKED_OCCURRENCE_PLUS_AGGREGATE,3,0.29999999999999999,1,earned_premium_2022_usd,370007.03225069551,368938.67990198539,1068.3523487101193,0.28957450300248933,defined,data/metadata/phase_2/notebook_11_reinsurance_capital/notebook_11_raroc_assumption_grid.csv,FULL_CATALOG_2000000_YEARS,2022_USD
C2_GODA_ATKINSON09,STACKED_OCCURRENCE_PLUS_AGGREGATE,1.25,0.40000000000000002,1,earned_premium_2022_usd,154169.59677112312,153724.44995916059,445.14681196253514,0.28957450300247989,defined,data/metadata/phase_2/notebook_11_reinsurance_capital/notebook_11_raroc_assumption_grid.csv,FULL_CATALOG_2000000_YEARS,2022_USD
C2_GODA_ATKINSON09,STACKED_OCCURRENCE_PLUS_AGGREGATE,1.5,0.40000000000000002,1,earned_premium_2022_usd,185003.51612534776,184469.3399509927,534.17617435505963,0.28957450300248933,defined,data/metadata/phase_2/notebook_11_reinsurance_capital/notebook_11_raroc_assumption_grid.csv,FULL_CATALOG_2000000_YEARS,2022_USD
C2_GODA_ATKINSON09,STACKED_OCCURRENCE_PLUS_AGGREGATE,2,0.40000000000000002,1,earned_premium_2022_usd,246671.354833797,245959.11993465692,712.23489914007951,0.28957450300248938,defined,data/metadata/phase_2/notebook_11_reinsurance_capital/notebook_11_raroc_assumption_grid.csv,FULL_CATALOG_2000000_YEARS,2022_USD
C2_GODA_ATKINSON09,STACKED_OCCURRENCE_PLUS_AGGREGATE,2.5,0.40000000000000002,1,earned_premium_2022_usd,308339.19354224624,307448.89991832117,890.29362392507028,0.28957450300247989,defined,data/metadata/phase_2/notebook_11_reinsurance_capital/notebook_11_raroc_assumption_grid.csv,FULL_CATALOG_2000000_YEARS,2022_USD
C2_GODA_ATKINSON09,STACKED_OCCURRENCE_PLUS_AGGREGATE,3,0.40000000000000002,1,earned_premium_2022_usd,370007.03225069551,368938.67990198539,1068.3523487101193,0.28957450300248933,defined,data/metadata/phase_2/notebook_11_reinsurance_capital/notebook_11_raroc_assumption_grid.csv,FULL_CATALOG_2000000_YEARS,2022_USD
C2_GODA_ATKINSON09,STACKED_OCCURRENCE_PLUS_AGGREGATE,1.25,0.20000000000000001,1.25,earned_premium_2022_usd,154169.59677112312,153724.44995916059,445.14681196253514,0.28957450300247989,defined,data/metadata/phase_2/notebook_11_reinsurance_capital/notebook_11_raroc_assumption_grid.csv,FULL_CATALOG_2000000_YEARS,2022_USD
C2_GODA_ATKINSON09,STACKED_OCCURRENCE_PLUS_AGGREGATE,1.5,0.20000000000000001,1.25,earned_premium_2022_usd,185003.51612534776,184469.3399509927,534.17617435505963,0.28957450300248933,defined,data/metadata/phase_2/notebook_11_reinsurance_capital/notebook_11_raroc_assumption_grid.csv,FULL_CATALOG_2000000_YEARS,2022_USD
C2_GODA_ATKINSON09,STACKED_OCCURRENCE_PLUS_AGGREGATE,2,0.20000000000000001,1.25,earned_premium_2022_usd,246671.354833797,245959.11993465692,712.23489914007951,0.28957450300248938,defined,data/metadata/phase_2/notebook_11_reinsurance_capital/notebook_11_raroc_assumption_grid.csv,FULL_CATALOG_2000000_YEARS,2022_USD
C2_GODA_ATKINSON09,STACKED_OCCURRENCE_PLUS_AGGREGATE,2.5,0.20000000000000001,1.25,earned_premium_2022_usd,308339.19354224624,307448.89991832117,890.29362392507028,0.28957450300247989,defined,data/metadata/phase_2/notebook_11_reinsurance_capital/notebook_11_raroc_assumption_grid.csv,FULL_CATALOG_2000000_YEARS,2022_USD
C2_GODA_ATKINSON09,STACKED_OCCURRENCE_PLUS_AGGREGATE,3,0.20000000000000001,1.25,earned_premium_2022_usd,370007.03225069551,368938.67990198539,1068.3523487101193,0.28957450300248933,defined,data/metadata/phase_2/notebook_11_reinsurance_capital/notebook_11_raroc_assumption_grid.csv,FULL_CATALOG_2000000_YEARS,2022_USD
C2_GODA_ATKINSON09,STACKED_OCCURRENCE_PLUS_AGGREGATE,1.25,0.29999999999999999,1.25,earned_premium_2022_usd,154169.59677112312,153724.44995916059,445.14681196253514,0.28957450300247989,defined,data/metadata/phase_2/notebook_11_reinsurance_capital/notebook_11_raroc_assumption_grid.csv,FULL_CATALOG_2000000_YEARS,2022_USD
C2_GODA_ATKINSON09,STACKED_OCCURRENCE_PLUS_AGGREGATE,1.5,0.29999999999999999,1.25,earned_premium_2022_usd,185003.51612534776,184469.3399509927,534.17617435505963,0.28957450300248933,defined,data/metadata/phase_2/notebook_11_reinsurance_capital/notebook_11_raroc_assumption_grid.csv,FULL_CATALOG_2000000_YEARS,2022_USD
C2_GODA_ATKINSON09,STACKED_OCCURRENCE_PLUS_AGGREGATE,2,0.29999999999999999,1.25,earned_premium_2022_usd,246671.354833797,245959.11993465692,712.23489914007951,0.28957450300248938,defined,data/metadata/phase_2/notebook_11_reinsurance_capital/notebook_11_raroc_assumption_grid.csv,FULL_CATALOG_2000000_YEARS,2022_USD
C2_GODA_ATKINSON09,STACKED_OCCURRENCE_PLUS_AGGREGATE,2.5,0.29999999999999999,1.25,earned_premium_2022_usd,308339.19354224624,307448.89991832117,890.29362392507028,0.28957450300247989,defined,data/metadata/phase_2/notebook_11_reinsurance_capital/notebook_11_raroc_assumption_grid.csv,FULL_CATALOG_2000000_YEARS,2022_USD
C2_GODA_ATKINSON09,STACKED_OCCURRENCE_PLUS_AGGREGATE,3,0.29999999999999999,1.25,earned_premium_2022_usd,370007.03225069551,368938.67990198539,1068.3523487101193,0.28957450300248933,defined,data/metadata/phase_2/notebook_11_reinsurance_capital/notebook_11_raroc_assumption_grid.csv,FULL_CATALOG_2000000_YEARS,2022_USD
C2_GODA_ATKINSON09,STACKED_OCCURRENCE_PLUS_AGGREGATE,1.25,0.40000000000000002,1.25,earned_premium_2022_usd,154169.59677112312,153724.44995916059,445.14681196253514,0.28957450300247989,defined,data/metadata/phase_2/notebook_11_reinsurance_capital/notebook_11_raroc_assumption_grid.csv,FULL_CATALOG_2000000_YEARS,2022_USD
C2_GODA_ATKINSON09,STACKED_OCCURRENCE_PLUS_AGGREGATE,1.5,0.40000000000000002,1.25,earned_premium_2022_usd,185003.51612534776,184469.3399509927,534.17617435505963,0.28957450300248933,defined,data/metadata/phase_2/notebook_11_reinsurance_capital/notebook_11_raroc_assumption_grid.csv,FULL_CATALOG_2000000_YEARS,2022_USD
C2_GODA_ATKINSON09,STACKED_OCCURRENCE_PLUS_AGGREGATE,2,0.40000000000000002,1.25,earned_premium_2022_usd,246671.354833797,245959.11993465692,712.23489914007951,0.28957450300248938,defined,data/metadata/phase_2/notebook_11_reinsurance_capital/notebook_11_raroc_assumption_grid.csv,FULL_CATALOG_2000000_YEARS,2022_USD
C2_GODA_ATKINSON09,STACKED_OCCURRENCE_PLUS_AGGREGATE,2.5,0.40000000000000002,1.25,earned_premium_2022_usd,308339.19354224624,307448.89991832117,890.29362392507028,0.28957450300247989,defined,data/metadata/phase_2/notebook_11_reinsurance_capital/notebook_11_raroc_assumption_grid.csv,FULL_CATALOG_2000000_YEARS,2022_USD
C2_GODA_ATKINSON09,STACKED_OCCURRENCE_PLUS_AGGREGATE,3,0.40000000000000002,1.25,earned_premium_2022_usd,370007.03225069551,368938.67990198539,1068.3523487101193,0.28957450300248933,defined,data/metadata/phase_2/notebook_11_reinsurance_capital/notebook_11_raroc_assumption_grid.csv,FULL_CATALOG_2000000_YEARS,2022_USD
C2_GODA_ATKINSON09,STACKED_OCCURRENCE_PLUS_AGGREGATE,1.25,0.20000000000000001,1.5,earned_premium_2022_usd,154169.59677112312,153724.44995916059,445.14681196253514,0.28957450300247989,defined,data/metadata/phase_2/notebook_11_reinsurance_capital/notebook_11_raroc_assumption_grid.csv,FULL_CATALOG_2000000_YEARS,2022_USD
C2_GODA_ATKINSON09,STACKED_OCCURRENCE_PLUS_AGGREGATE,1.5,0.20000000000000001,1.5,earned_premium_2022_usd,185003.51612534776,184469.3399509927,534.17617435505963,0.28957450300248933,defined,data/metadata/phase_2/notebook_11_reinsurance_capital/notebook_11_raroc_assumption_grid.csv,FULL_CATALOG_2000000_YEARS,2022_USD
C2_GODA_ATKINSON09,STACKED_OCCURRENCE_PLUS_AGGREGATE,2,0.20000000000000001,1.5,earned_premium_2022_usd,246671.354833797,245959.11993465692,712.23489914007951,0.28957450300248938,defined,data/metadata/phase_2/notebook_11_reinsurance_capital/notebook_11_raroc_assumption_grid.csv,FULL_CATALOG_2000000_YEARS,2022_USD
C2_GODA_ATKINSON09,STACKED_OCCURRENCE_PLUS_AGGREGATE,2.5,0.20000000000000001,1.5,earned_premium_2022_usd,308339.19354224624,307448.89991832117,890.29362392507028,0.28957450300247989,defined,data/metadata/phase_2/notebook_11_reinsurance_capital/notebook_11_raroc_assumption_grid.csv,FULL_CATALOG_2000000_YEARS,2022_USD
C2_GODA_ATKINSON09,STACKED_OCCURRENCE_PLUS_AGGREGATE,3,0.20000000000000001,1.5,earned_premium_2022_usd,370007.03225069551,368938.67990198539,1068.3523487101193,0.28957450300248933,defined,data/metadata/phase_2/notebook_11_reinsurance_capital/notebook_11_raroc_assumption_grid.csv,FULL_CATALOG_2000000_YEARS,2022_USD
C2_GODA_ATKINSON09,STACKED_OCCURRENCE_PLUS_AGGREGATE,1.25,0.29999999999999999,1.5,earned_premium_2022_usd,154169.59677112312,153724.44995916059,445.14681196253514,0.28957450300247989,defined,data/metadata/phase_2/notebook_11_reinsurance_capital/notebook_11_raroc_assumption_grid.csv,FULL_CATALOG_2000000_YEARS,2022_USD
C2_GODA_ATKINSON09,STACKED_OCCURRENCE_PLUS_AGGREGATE,1.5,0.29999999999999999,1.5,earned_premium_2022_usd,185003.51612534776,184469.3399509927,534.17617435505963,0.28957450300248933,defined,data/metadata/phase_2/notebook_11_reinsurance_capital/notebook_11_raroc_assumption_grid.csv,FULL_CATALOG_2000000_YEARS,2022_USD
C2_GODA_ATKINSON09,STACKED_OCCURRENCE_PLUS_AGGREGATE,2,0.29999999999999999,1.5,earned_premium_2022_usd,246671.354833797,245959.11993465692,712.23489914007951,0.28957450300248938,defined,data/metadata/phase_2/notebook_11_reinsurance_capital/notebook_11_raroc_assumption_grid.csv,FULL_CATALOG_2000000_YEARS,2022_USD
C2_GODA_ATKINSON09,STACKED_OCCURRENCE_PLUS_AGGREGATE,2.5,0.29999999999999999,1.5,earned_premium_2022_usd,308339.19354224624,307448.89991832117,890.29362392507028,0.28957450300247989,defined,data/metadata/phase_2/notebook_11_reinsurance_capital/notebook_11_raroc_assumption_grid.csv,FULL_CATALOG_2000000_YEARS,2022_USD
C2_GODA_ATKINSON09,STACKED_OCCURRENCE_PLUS_AGGREGATE,3,0.29999999999999999,1.5,earned_premium_2022_usd,370007.03225069551,368938.67990198539,1068.3523487101193,0.28957450300248933,defined,data/metadata/phase_2/notebook_11_reinsurance_capital/notebook_11_raroc_assumption_grid.csv,FULL_CATALOG_2000000_YEARS,2022_USD
C2_GODA_ATKINSON09,STACKED_OCCURRENCE_PLUS_AGGREGATE,1.25,0.40000000000000002,1.5,earned_premium_2022_usd,154169.59677112312,153724.44995916059,445.14681196253514,0.28957450300247989,defined,data/metadata/phase_2/notebook_11_reinsurance_capital/notebook_11_raroc_assumption_grid.csv,FULL_CATALOG_2000000_YEARS,2022_USD
C2_GODA_ATKINSON09,STACKED_OCCURRENCE_PLUS_AGGREGATE,1.5,0.40000000000000002,1.5,earned_premium_2022_usd,185003.51612534776,184469.3399509927,534.17617435505963,0.28957450300248933,defined,data/metadata/phase_2/notebook_11_reinsurance_capital/notebook_11_raroc_assumption_grid.csv,FULL_CATALOG_2000000_YEARS,2022_USD
C2_GODA_ATKINSON09,STACKED_OCCURRENCE_PLUS_AGGREGATE,2,0.40000000000000002,1.5,earned_premium_2022_usd,246671.354833797,245959.11993465692,712.23489914007951,0.28957450300248938,defined,data/metadata/phase_2/notebook_11_reinsurance_capital/notebook_11_raroc_assumption_grid.csv,FULL_CATALOG_2000000_YEARS,2022_USD
C2_GODA_ATKINSON09,STACKED_OCCURRENCE_PLUS_AGGREGATE,2.5,0.40000000000000002,1.5,earned_premium_2022_usd,308339.19354224624,307448.89991832117,890.29362392507028,0.28957450300247989,defined,data/metadata/phase_2/notebook_11_reinsurance_capital/notebook_11_raroc_assumption_grid.csv,FULL_CATALOG_2000000_YEARS,2022_USD
C2_GODA_ATKINSON09,STACKED_OCCURRENCE_PLUS_AGGREGATE,3,0.40000000000000002,1.5,earned_premium_2022_usd,370007.03225069551,368938.67990198539,1068.3523487101193,0.28957450300248933,defined,data/metadata/phase_2/notebook_11_reinsurance_capital/notebook_11_raroc_assumption_grid.csv,FULL_CATALOG_2000000_YEARS,2022_USD
C2_GODA_ATKINSON09,STACKED_OCCURRENCE_PLUS_AGGREGATE,1.25,0.20000000000000001,2,earned_premium_2022_usd,154169.59677112312,153724.44995916059,445.14681196253514,0.28957450300247989,defined,data/metadata/phase_2/notebook_11_reinsurance_capital/notebook_11_raroc_assumption_grid.csv,FULL_CATALOG_2000000_YEARS,2022_USD
C2_GODA_ATKINSON09,STACKED_OCCURRENCE_PLUS_AGGREGATE,1.5,0.20000000000000001,2,earned_premium_2022_usd,185003.51612534776,184469.3399509927,534.17617435505963,0.28957450300248933,defined,data/metadata/phase_2/notebook_11_reinsurance_capital/notebook_11_raroc_assumption_grid.csv,FULL_CATALOG_2000000_YEARS,2022_USD
C2_GODA_ATKINSON09,STACKED_OCCURRENCE_PLUS_AGGREGATE,2,0.20000000000000001,2,earned_premium_2022_usd,246671.354833797,245959.11993465692,712.23489914007951,0.28957450300248938,defined,data/metadata/phase_2/notebook_11_reinsurance_capital/notebook_11_raroc_assumption_grid.csv,FULL_CATALOG_2000000_YEARS,2022_USD
C2_GODA_ATKINSON09,STACKED_OCCURRENCE_PLUS_AGGREGATE,2.5,0.20000000000000001,2,earned_premium_2022_usd,308339.19354224624,307448.89991832117,890.29362392507028,0.28957450300247989,defined,data/metadata/phase_2/notebook_11_reinsurance_capital/notebook_11_raroc_assumption_grid.csv,FULL_CATALOG_2000000_YEARS,2022_USD
C2_GODA_ATKINSON09,STACKED_OCCURRENCE_PLUS_AGGREGATE,3,0.20000000000000001,2,earned_premium_2022_usd,370007.03225069551,368938.67990198539,1068.3523487101193,0.28957450300248933,defined,data/metadata/phase_2/notebook_11_reinsurance_capital/notebook_11_raroc_assumption_grid.csv,FULL_CATALOG_2000000_YEARS,2022_USD
C2_GODA_ATKINSON09,STACKED_OCCURRENCE_PLUS_AGGREGATE,1.25,0.29999999999999999,2,earned_premium_2022_usd,154169.59677112312,153724.44995916059,445.14681196253514,0.28957450300247989,defined,data/metadata/phase_2/notebook_11_reinsurance_capital/notebook_11_raroc_assumption_grid.csv,FULL_CATALOG_2000000_YEARS,2022_USD
C2_GODA_ATKINSON09,STACKED_OCCURRENCE_PLUS_AGGREGATE,1.5,0.29999999999999999,2,earned_premium_2022_usd,185003.51612534776,184469.3399509927,534.17617435505963,0.28957450300248933,defined,data/metadata/phase_2/notebook_11_reinsurance_capital/notebook_11_raroc_assumption_grid.csv,FULL_CATALOG_2000000_YEARS,2022_USD
C2_GODA_ATKINSON09,STACKED_OCCURRENCE_PLUS_AGGREGATE,2,0.29999999999999999,2,earned_premium_2022_usd,246671.354833797,245959.11993465692,712.23489914007951,0.28957450300248938,defined,data/metadata/phase_2/notebook_11_reinsurance_capital/notebook_11_raroc_assumption_grid.csv,FULL_CATALOG_2000000_YEARS,2022_USD
C2_GODA_ATKINSON09,STACKED_OCCURRENCE_PLUS_AGGREGATE,2.5,0.29999999999999999,2,earned_premium_2022_usd,308339.19354224624,307448.89991832117,890.29362392507028,0.28957450300247989,defined,data/metadata/phase_2/notebook_11_reinsurance_capital/notebook_11_raroc_assumption_grid.csv,FULL_CATALOG_2000000_YEARS,2022_USD
C2_GODA_ATKINSON09,STACKED_OCCURRENCE_PLUS_AGGREGATE,3,0.29999999999999999,2,earned_premium_2022_usd,370007.03225069551,368938.67990198539,1068.3523487101193,0.28957450300248933,defined,data/metadata/phase_2/notebook_11_reinsurance_capital/notebook_11_raroc_assumption_grid.csv,FULL_CATALOG_2000000_YEARS,2022_USD
C2_GODA_ATKINSON09,STACKED_OCCURRENCE_PLUS_AGGREGATE,1.25,0.40000000000000002,2,earned_premium_2022_usd,154169.59677112312,153724.44995916059,445.14681196253514,0.28957450300247989,defined,data/metadata/phase_2/notebook_11_reinsurance_capital/notebook_11_raroc_assumption_grid.csv,FULL_CATALOG_2000000_YEARS,2022_USD
C2_GODA_ATKINSON09,STACKED_OCCURRENCE_PLUS_AGGREGATE,1.5,0.40000000000000002,2,earned_premium_2022_usd,185003.51612534776,184469.3399509927,534.17617435505963,0.28957450300248933,defined,data/metadata/phase_2/notebook_11_reinsurance_capital/notebook_11_raroc_assumption_grid.csv,FULL_CATALOG_2000000_YEARS,2022_USD
C2_GODA_ATKINSON09,STACKED_OCCURRENCE_PLUS_AGGREGATE,2,0.40000000000000002,2,earned_premium_2022_usd,246671.354833797,245959.11993465692,712.23489914007951,0.28957450300248938,defined,data/metadata/phase_2/notebook_11_reinsurance_capital/notebook_11_raroc_assumption_grid.csv,FULL_CATALOG_2000000_YEARS,2022_USD
C2_GODA_ATKINSON09,STACKED_OCCURRENCE_PLUS_AGGREGATE,2.5,0.40000000000000002,2,earned_premium_2022_usd,308339.19354224624,307448.89991832117,890.29362392507028,0.28957450300247989,defined,data/metadata/phase_2/notebook_11_reinsurance_capital/notebook_11_raroc_assumption_grid.csv,FULL_CATALOG_2000000_YEARS,2022_USD
C2_GODA_ATKINSON09,STACKED_OCCURRENCE_PLUS_AGGREGATE,3,0.40000000000000002,2,earned_premium_2022_usd,370007.03225069551,368938.67990198539,1068.3523487101193,0.28957450300248933,defined,data/metadata/phase_2/notebook_11_reinsurance_capital/notebook_11_raroc_assumption_grid.csv,FULL_CATALOG_2000000_YEARS,2022_USD
I0_PHASE1_INDEPENDENT,NO_REINSURANCE,1.25,0.20000000000000001,0,underwriting_result_2022_usd,1.4551915228366852e-11,1.4551915228366852e-11,0,0,defined,data/metadata/phase_2/notebook_11_reinsurance_capital/notebook_11_raroc_assumption_grid.csv,FULL_CATALOG_2000000_YEARS,2022_USD
I0_PHASE1_INDEPENDENT,NO_REINSURANCE,1.5,0.20000000000000001,0,underwriting_result_2022_usd,24595.911993465692,24595.911993465692,0,0,defined,data/metadata/phase_2/notebook_11_reinsurance_capital/notebook_11_raroc_assumption_grid.csv,FULL_CATALOG_2000000_YEARS,2022_USD
I0_PHASE1_INDEPENDENT,NO_REINSURANCE,2,0.20000000000000001,0,underwriting_result_2022_usd,73787.735980397076,73787.735980397076,0,0,defined,data/metadata/phase_2/notebook_11_reinsurance_capital/notebook_11_raroc_assumption_grid.csv,FULL_CATALOG_2000000_YEARS,2022_USD
I0_PHASE1_INDEPENDENT,NO_REINSURANCE,2.5,0.20000000000000001,0,underwriting_result_2022_usd,122979.55996732849,122979.55996732849,0,0,defined,data/metadata/phase_2/notebook_11_reinsurance_capital/notebook_11_raroc_assumption_grid.csv,FULL_CATALOG_2000000_YEARS,2022_USD
I0_PHASE1_INDEPENDENT,NO_REINSURANCE,3,0.20000000000000001,0,underwriting_result_2022_usd,172171.38395425986,172171.38395425986,0,0,defined,data/metadata/phase_2/notebook_11_reinsurance_capital/notebook_11_raroc_assumption_grid.csv,FULL_CATALOG_2000000_YEARS,2022_USD
I0_PHASE1_INDEPENDENT,NO_REINSURANCE,1.25,0.29999999999999999,0,underwriting_result_2022_usd,-15372.444995916056,-15372.444995916056,0,-0,defined,data/metadata/phase_2/notebook_11_reinsurance_capital/notebook_11_raroc_assumption_grid.csv,FULL_CATALOG_2000000_YEARS,2022_USD
I0_PHASE1_INDEPENDENT,NO_REINSURANCE,1.5,0.29999999999999999,0,underwriting_result_2022_usd,6148.9779983664193,6148.9779983664193,0,0,defined,data/metadata/phase_2/notebook_11_reinsurance_capital/notebook_11_raroc_assumption_grid.csv,FULL_CATALOG_2000000_YEARS,2022_USD
I0_PHASE1_INDEPENDENT,NO_REINSURANCE,2,0.29999999999999999,0,underwriting_result_2022_usd,49191.823986931398,49191.823986931398,0,0,defined,data/metadata/phase_2/notebook_11_reinsurance_capital/notebook_11_raroc_assumption_grid.csv,FULL_CATALOG_2000000_YEARS,2022_USD
I0_PHASE1_INDEPENDENT,NO_REINSURANCE,2.5,0.29999999999999999,0,underwriting_result_2022_usd,92234.669975496348,92234.669975496348,0,0,defined,data/metadata/phase_2/notebook_11_reinsurance_capital/notebook_11_raroc_assumption_grid.csv,FULL_CATALOG_2000000_YEARS,2022_USD
I0_PHASE1_INDEPENDENT,NO_REINSURANCE,3,0.29999999999999999,0,underwriting_result_2022_usd,135277.51596406131,135277.51596406131,0,0,defined,data/metadata/phase_2/notebook_11_reinsurance_capital/notebook_11_raroc_assumption_grid.csv,FULL_CATALOG_2000000_YEARS,2022_USD
I0_PHASE1_INDEPENDENT,NO_REINSURANCE,1.25,0.40000000000000002,0,underwriting_result_2022_usd,-30744.889991832111,-30744.889991832111,0,-0,defined,data/metadata/phase_2/notebook_11_reinsurance_capital/notebook_11_raroc_assumption_grid.csv,FULL_CATALOG_2000000_YEARS,2022_USD
I0_PHASE1_INDEPENDENT,NO_REINSURANCE,1.5,0.40000000000000002,0,underwriting_result_2022_usd,-12297.955996732839,-12297.955996732839,0,-0,defined,data/metadata/phase_2/notebook_11_reinsurance_capital/notebook_11_raroc_assumption_grid.csv,FULL_CATALOG_2000000_YEARS,2022_USD
I0_PHASE1_INDEPENDENT,NO_REINSURANCE,2,0.40000000000000002,0,underwriting_result_2022_usd,24595.911993465692,24595.911993465692,0,0,defined,data/metadata/phase_2/notebook_11_reinsurance_capital/notebook_11_raroc_assumption_grid.csv,FULL_CATALOG_2000000_YEARS,2022_USD
I0_PHASE1_INDEPENDENT,NO_REINSURANCE,2.5,0.40000000000000002,0,underwriting_result_2022_usd,61489.779983664237,61489.779983664237,0,0,defined,data/metadata/phase_2/notebook_11_reinsurance_capital/notebook_11_raroc_assumption_grid.csv,FULL_CATALOG_2000000_YEARS,2022_USD
I0_PHASE1_INDEPENDENT,NO_REINSURANCE,3,0.40000000000000002,0,underwriting_result_2022_usd,98383.647973862782,98383.647973862782,0,0,defined,data/metadata/phase_2/notebook_11_reinsurance_capital/notebook_11_raroc_assumption_grid.csv,FULL_CATALOG_2000000_YEARS,2022_USD
I0_PHASE1_INDEPENDENT,FROZEN_OCCURRENCE_XOL,1.25,0.20000000000000001,1,underwriting_result_2022_usd,2.1827872842550278e-11,2.1827872842550278e-11,0,0,defined,data/metadata/phase_2/notebook_11_reinsurance_capital/notebook_11_raroc_assumption_grid.csv,FULL_CATALOG_2000000_YEARS,2022_USD
I0_PHASE1_INDEPENDENT,FROZEN_OCCURRENCE_XOL,1.5,0.20000000000000001,1,underwriting_result_2022_usd,24595.911993465699,24595.911993465699,0,0,defined,data/metadata/phase_2/notebook_11_reinsurance_capital/notebook_11_raroc_assumption_grid.csv,FULL_CATALOG_2000000_YEARS,2022_USD
I0_PHASE1_INDEPENDENT,FROZEN_OCCURRENCE_XOL,2,0.20000000000000001,1,underwriting_result_2022_usd,73787.73598039709,73787.73598039709,0,0,defined,data/metadata/phase_2/notebook_11_reinsurance_capital/notebook_11_raroc_assumption_grid.csv,FULL_CATALOG_2000000_YEARS,2022_USD
I0_PHASE1_INDEPENDENT,FROZEN_OCCURRENCE_XOL,2.5,0.20000000000000001,1,underwriting_result_2022_usd,122979.5599673285,122979.5599673285,0,0,defined,data/metadata/phase_2/notebook_11_reinsurance_capital/notebook_11_raroc_assumption_grid.csv,FULL_CATALOG_2000000_YEARS,2022_USD
I0_PHASE1_INDEPENDENT,FROZEN_OCCURRENCE_XOL,3,0.20000000000000001,1,underwriting_result_2022_usd,172171.38395425986,172171.38395425986,0,0,defined,data/metadata/phase_2/notebook_11_reinsurance_capital/notebook_11_raroc_assumption_grid.csv,FULL_CATALOG_2000000_YEARS,2022_USD
I0_PHASE1_INDEPENDENT,FROZEN_OCCURRENCE_XOL,1.25,0.29999999999999999,1,underwriting_result_2022_usd,-15372.444995916048,-15372.444995916048,0,-0,defined,data/metadata/phase_2/notebook_11_reinsurance_capital/notebook_11_raroc_assumption_grid.csv,FULL_CATALOG_2000000_YEARS,2022_USD
I0_PHASE1_INDEPENDENT,FROZEN_OCCURRENCE_XOL,1.5,0.29999999999999999,1,underwriting_result_2022_usd,6148.9779983664266,6148.9779983664266,0,0,defined,data/metadata/phase_2/notebook_11_reinsurance_capital/notebook_11_raroc_assumption_grid.csv,FULL_CATALOG_2000000_YEARS,2022_USD
I0_PHASE1_INDEPENDENT,FROZEN_OCCURRENCE_XOL,2,0.29999999999999999,1,underwriting_result_2022_usd,49191.823986931406,49191.823986931406,0,0,defined,data/metadata/phase_2/notebook_11_reinsurance_capital/notebook_11_raroc_assumption_grid.csv,FULL_CATALOG_2000000_YEARS,2022_USD
I0_PHASE1_INDEPENDENT,FROZEN_OCCURRENCE_XOL,2.5,0.29999999999999999,1,underwriting_result_2022_usd,92234.669975496363,92234.669975496363,0,0,defined,data/metadata/phase_2/notebook_11_reinsurance_capital/notebook_11_raroc_assumption_grid.csv,FULL_CATALOG_2000000_YEARS,2022_USD
I0_PHASE1_INDEPENDENT,FROZEN_OCCURRENCE_XOL,3,0.29999999999999999,1,underwriting_result_2022_usd,135277.51596406131,135277.51596406131,0,0,defined,data/metadata/phase_2/notebook_11_reinsurance_capital/notebook_11_raroc_assumption_grid.csv,FULL_CATALOG_2000000_YEARS,2022_USD
I0_PHASE1_INDEPENDENT,FROZEN_OCCURRENCE_XOL,1.25,0.40000000000000002,1,underwriting_result_2022_usd,-30744.889991832104,-30744.889991832104,0,-0,defined,data/metadata/phase_2/notebook_11_reinsurance_capital/notebook_11_raroc_assumption_grid.csv,FULL_CATALOG_2000000_YEARS,2022_USD
I0_PHASE1_INDEPENDENT,FROZEN_OCCURRENCE_XOL,1.5,0.40000000000000002,1,underwriting_result_2022_usd,-12297.955996732831,-12297.955996732831,0,-0,defined,data/metadata/phase_2/notebook_11_reinsurance_capital/notebook_11_raroc_assumption_grid.csv,FULL_CATALOG_2000000_YEARS,2022_USD
I0_PHASE1_INDEPENDENT,FROZEN_OCCURRENCE_XOL,2,0.40000000000000002,1,underwriting_result_2022_usd,24595.911993465699,24595.911993465699,0,0,defined,data/metadata/phase_2/notebook_11_reinsurance_capital/notebook_11_raroc_assumption_grid.csv,FULL_CATALOG_2000000_YEARS,2022_USD
I0_PHASE1_INDEPENDENT,FROZEN_OCCURRENCE_XOL,2.5,0.40000000000000002,1,underwriting_result_2022_usd,61489.779983664244,61489.779983664244,0,0,defined,data/metadata/phase_2/notebook_11_reinsurance_capital/notebook_11_raroc_assumption_grid.csv,FULL_CATALOG_2000000_YEARS,2022_USD
I0_PHASE1_INDEPENDENT,FROZEN_OCCURRENCE_XOL,3,0.40000000000000002,1,underwriting_result_2022_usd,98383.647973862768,98383.647973862768,0,0,defined,data/metadata/phase_2/notebook_11_reinsurance_capital/notebook_11_raroc_assumption_grid.csv,FULL_CATALOG_2000000_YEARS,2022_USD
I0_PHASE1_INDEPENDENT,FROZEN_OCCURRENCE_XOL,1.25,0.20000000000000001,1.25,underwriting_result_2022_usd,-15919.149331816487,-15919.149331816487,0,-0,defined,data/metadata/phase_2/notebook_11_reinsurance_capital/notebook_11_raroc_assumption_grid.csv,FULL_CATALOG_2000000_YEARS,2022_USD
I0_PHASE1_INDEPENDENT,FROZEN_OCCURRENCE_XOL,1.5,0.20000000000000001,1.25,underwriting_result_2022_usd,8676.7626616491907,8676.7626616491907,0,0,defined,data/metadata/phase_2/notebook_11_reinsurance_capital/notebook_11_raroc_assumption_grid.csv,FULL_CATALOG_2000000_YEARS,2022_USD
I0_PHASE1_INDEPENDENT,FROZEN_OCCURRENCE_XOL,2,0.20000000000000001,1.25,underwriting_result_2022_usd,57868.586648580589,57868.586648580589,0,0,defined,data/metadata/phase_2/notebook_11_reinsurance_capital/notebook_11_raroc_assumption_grid.csv,FULL_CATALOG_2000000_YEARS,2022_USD
I0_PHASE1_INDEPENDENT,FROZEN_OCCURRENCE_XOL,2.5,0.20000000000000001,1.25,underwriting_result_2022_usd,107060.410635512,107060.410635512,0,0,defined,data/metadata/phase_2/notebook_11_reinsurance_capital/notebook_11_raroc_assumption_grid.csv,FULL_CATALOG_2000000_YEARS,2022_USD
I0_PHASE1_INDEPENDENT,FROZEN_OCCURRENCE_XOL,3,0.20000000000000001,1.25,underwriting_result_2022_usd,156252.23462244336,156252.23462244336,0,0,defined,data/metadata/phase_2/notebook_11_reinsurance_capital/notebook_11_raroc_assumption_grid.csv,FULL_CATALOG_2000000_YEARS,2022_USD
I0_PHASE1_INDEPENDENT,FROZEN_OCCURRENCE_XOL,1.25,0.29999999999999999,1.25,underwriting_result_2022_usd,-31291.594327732557,-31291.594327732557,0,-0,defined,data/metadata/phase_2/notebook_11_reinsurance_capital/notebook_11_raroc_assumption_grid.csv,FULL_CATALOG_2000000_YEARS,2022_USD
I0_PHASE1_INDEPENDENT,FROZEN_OCCURRENCE_XOL,1.5,0.29999999999999999,1.25,underwriting_result_2022_usd,-9770.1713334500819,-9770.1713334500819,0,-0,defined,data/metadata/phase_2/notebook_11_reinsurance_capital/notebook_11_raroc_assumption_grid.csv,FULL_CATALOG_2000000_YEARS,2022_USD
I0_PHASE1_INDEPENDENT,FROZEN_OCCURRENCE_XOL,2,0.29999999999999999,1.25,underwriting_result_2022_usd,33272.674655114897,33272.674655114897,0,0,defined,data/metadata/phase_2/notebook_11_reinsurance_capital/notebook_11_raroc_assumption_grid.csv,FULL_CATALOG_2000000_YEARS,2022_USD
I0_PHASE1_INDEPENDENT,FROZEN_OCCURRENCE_XOL,2.5,0.29999999999999999,1.25,underwriting_result_2022_usd,76315.520643679862,76315.520643679862,0,0,defined,data/metadata/phase_2/notebook_11_reinsurance_capital/notebook_11_raroc_assumption_grid.csv,FULL_CATALOG_2000000_YEARS,2022_USD
I0_PHASE1_INDEPENDENT,FROZEN_OCCURRENCE_XOL,3,0.29999999999999999,1.25,underwriting_result_2022_usd,119358.36663224481,119358.36663224481,0,0,defined,data/metadata/phase_2/notebook_11_reinsurance_capital/notebook_11_raroc_assumption_grid.csv,FULL_CATALOG_2000000_YEARS,2022_USD
I0_PHASE1_INDEPENDENT,FROZEN_OCCURRENCE_XOL,1.25,0.40000000000000002,1.25,underwriting_result_2022_usd,-46664.039323648612,-46664.039323648612,0,-0,defined,data/metadata/phase_2/notebook_11_reinsurance_capital/notebook_11_raroc_assumption_grid.csv,FULL_CATALOG_2000000_YEARS,2022_USD
I0_PHASE1_INDEPENDENT,FROZEN_OCCURRENCE_XOL,1.5,0.40000000000000002,1.25,underwriting_result_2022_usd,-28217.10532854934,-28217.10532854934,0,-0,defined,data/metadata/phase_2/notebook_11_reinsurance_capital/notebook_11_raroc_assumption_grid.csv,FULL_CATALOG_2000000_YEARS,2022_USD
I0_PHASE1_INDEPENDENT,FROZEN_OCCURRENCE_XOL,2,0.40000000000000002,1.25,underwriting_result_2022_usd,8676.7626616491907,8676.7626616491907,0,0,defined,data/metadata/phase_2/notebook_11_reinsurance_capital/notebook_11_raroc_assumption_grid.csv,FULL_CATALOG_2000000_YEARS,2022_USD
I0_PHASE1_INDEPENDENT,FROZEN_OCCURRENCE_XOL,2.5,0.40000000000000002,1.25,underwriting_result_2022_usd,45570.630651847736,45570.630651847736,0,0,defined,data/metadata/phase_2/notebook_11_reinsurance_capital/notebook_11_raroc_assumption_grid.csv,FULL_CATALOG_2000000_YEARS,2022_USD
I0_PHASE1_INDEPENDENT,FROZEN_OCCURRENCE_XOL,3,0.40000000000000002,1.25,underwriting_result_2022_usd,82464.498642046266,82464.498642046266,0,0,defined,data/metadata/phase_2/notebook_11_reinsurance_capital/notebook_11_raroc_assumption_grid.csv,FULL_CATALOG_2000000_YEARS,2022_USD
I0_PHASE1_INDEPENDENT,FROZEN_OCCURRENCE_XOL,1.25,0.20000000000000001,1.5,underwriting_result_2022_usd,-31838.298663633002,-31838.298663633002,0,-0,defined,data/metadata/phase_2/notebook_11_reinsurance_capital/notebook_11_raroc_assumption_grid.csv,FULL_CATALOG_2000000_YEARS,2022_USD
I0_PHASE1_INDEPENDENT,FROZEN_OCCURRENCE_XOL,1.5,0.20000000000000001,1.5,underwriting_result_2022_usd,-7242.3866701673251,-7242.3866701673251,0,-0,defined,data/metadata/phase_2/notebook_11_reinsurance_capital/notebook_11_raroc_assumption_grid.csv,FULL_CATALOG_2000000_YEARS,2022_USD
I0_PHASE1_INDEPENDENT,FROZEN_OCCURRENCE_XOL,2,0.20000000000000001,1.5,underwriting_result_2022_usd,41949.437316764073,41949.437316764073,0,0,defined,data/metadata/phase_2/notebook_11_reinsurance_capital/notebook_11_raroc_assumption_grid.csv,FULL_CATALOG_2000000_YEARS,2022_USD
I0_PHASE1_INDEPENDENT,FROZEN_OCCURRENCE_XOL,2.5,0.20000000000000001,1.5,underwriting_result_2022_usd,91141.261303695486,91141.261303695486,0,0,defined,data/metadata/phase_2/notebook_11_reinsurance_capital/notebook_11_raroc_assumption_grid.csv,FULL_CATALOG_2000000_YEARS,2022_USD
I0_PHASE1_INDEPENDENT,FROZEN_OCCURRENCE_XOL,3,0.20000000000000001,1.5,underwriting_result_2022_usd,140333.08529062686,140333.08529062686,0,0,defined,data/metadata/phase_2/notebook_11_reinsurance_capital/notebook_11_raroc_assumption_grid.csv,FULL_CATALOG_2000000_YEARS,2022_USD
I0_PHASE1_INDEPENDENT,FROZEN_OCCURRENCE_XOL,1.25,0.29999999999999999,1.5,underwriting_result_2022_usd,-47210.743659549073,-47210.743659549073,0,-0,defined,data/metadata/phase_2/notebook_11_reinsurance_capital/notebook_11_raroc_assumption_grid.csv,FULL_CATALOG_2000000_YEARS,2022_USD
I0_PHASE1_INDEPENDENT,FROZEN_OCCURRENCE_XOL,1.5,0.29999999999999999,1.5,underwriting_result_2022_usd,-25689.320665266598,-25689.320665266598,0,-0,defined,data/metadata/phase_2/notebook_11_reinsurance_capital/notebook_11_raroc_assumption_grid.csv,FULL_CATALOG_2000000_YEARS,2022_USD
I0_PHASE1_INDEPENDENT,FROZEN_OCCURRENCE_XOL,2,0.29999999999999999,1.5,underwriting_result_2022_usd,17353.525323298381,17353.525323298381,0,0,defined,data/metadata/phase_2/notebook_11_reinsurance_capital/notebook_11_raroc_assumption_grid.csv,FULL_CATALOG_2000000_YEARS,2022_USD
I0_PHASE1_INDEPENDENT,FROZEN_OCCURRENCE_XOL,2.5,0.29999999999999999,1.5,underwriting_result_2022_usd,60396.371311863346,60396.371311863346,0,0,defined,data/metadata/phase_2/notebook_11_reinsurance_capital/notebook_11_raroc_assumption_grid.csv,FULL_CATALOG_2000000_YEARS,2022_USD
I0_PHASE1_INDEPENDENT,FROZEN_OCCURRENCE_XOL,3,0.29999999999999999,1.5,underwriting_result_2022_usd,103439.2173004283,103439.2173004283,0,0,defined,data/metadata/phase_2/notebook_11_reinsurance_capital/notebook_11_raroc_assumption_grid.csv,FULL_CATALOG_2000000_YEARS,2022_USD
I0_PHASE1_INDEPENDENT,FROZEN_OCCURRENCE_XOL,1.25,0.40000000000000002,1.5,underwriting_result_2022_usd,-62583.188655465128,-62583.188655465128,0,-0,defined,data/metadata/phase_2/notebook_11_reinsurance_capital/notebook_11_raroc_assumption_grid.csv,FULL_CATALOG_2000000_YEARS,2022_USD
I0_PHASE1_INDEPENDENT,FROZEN_OCCURRENCE_XOL,1.5,0.40000000000000002,1.5,underwriting_result_2022_usd,-44136.254660365856,-44136.254660365856,0,-0,defined,data/metadata/phase_2/notebook_11_reinsurance_capital/notebook_11_raroc_assumption_grid.csv,FULL_CATALOG_2000000_YEARS,2022_USD
I0_PHASE1_INDEPENDENT,FROZEN_OCCURRENCE_XOL,2,0.40000000000000002,1.5,underwriting_result_2022_usd,-7242.3866701673251,-7242.3866701673251,0,-0,defined,data/metadata/phase_2/notebook_11_reinsurance_capital/notebook_11_raroc_assumption_grid.csv,FULL_CATALOG_2000000_YEARS,2022_USD
I0_PHASE1_INDEPENDENT,FROZEN_OCCURRENCE_XOL,2.5,0.40000000000000002,1.5,underwriting_result_2022_usd,29651.48132003122,29651.48132003122,0,0,defined,data/metadata/phase_2/notebook_11_reinsurance_capital/notebook_11_raroc_assumption_grid.csv,FULL_CATALOG_2000000_YEARS,2022_USD
I0_PHASE1_INDEPENDENT,FROZEN_OCCURRENCE_XOL,3,0.40000000000000002,1.5,underwriting_result_2022_usd,66545.349310229751,66545.349310229751,0,0,defined,data/metadata/phase_2/notebook_11_reinsurance_capital/notebook_11_raroc_assumption_grid.csv,FULL_CATALOG_2000000_YEARS,2022_USD
I0_PHASE1_INDEPENDENT,FROZEN_OCCURRENCE_XOL,1.25,0.20000000000000001,2,underwriting_result_2022_usd,-63676.597327266034,-63676.597327266034,0,-0,defined,data/metadata/phase_2/notebook_11_reinsurance_capital/notebook_11_raroc_assumption_grid.csv,FULL_CATALOG_2000000_YEARS,2022_USD
I0_PHASE1_INDEPENDENT,FROZEN_OCCURRENCE_XOL,1.5,0.20000000000000001,2,underwriting_result_2022_usd,-39080.685333800357,-39080.685333800357,0,-0,defined,data/metadata/phase_2/notebook_11_reinsurance_capital/notebook_11_raroc_assumption_grid.csv,FULL_CATALOG_2000000_YEARS,2022_USD
I0_PHASE1_INDEPENDENT,FROZEN_OCCURRENCE_XOL,2,0.20000000000000001,2,underwriting_result_2022_usd,10111.138653131042,10111.138653131042,0,0,defined,data/metadata/phase_2/notebook_11_reinsurance_capital/notebook_11_raroc_assumption_grid.csv,FULL_CATALOG_2000000_YEARS,2022_USD
I0_PHASE1_INDEPENDENT,FROZEN_OCCURRENCE_XOL,2.5,0.20000000000000001,2,underwriting_result_2022_usd,59302.962640062455,59302.962640062455,0,0,defined,data/metadata/phase_2/notebook_11_reinsurance_capital/notebook_11_raroc_assumption_grid.csv,FULL_CATALOG_2000000_YEARS,2022_USD
I0_PHASE1_INDEPENDENT,FROZEN_OCCURRENCE_XOL,3,0.20000000000000001,2,underwriting_result_2022_usd,108494.78662699381,108494.78662699381,0,0,defined,data/metadata/phase_2/notebook_11_reinsurance_capital/notebook_11_raroc_assumption_grid.csv,FULL_CATALOG_2000000_YEARS,2022_USD
I0_PHASE1_INDEPENDENT,FROZEN_OCCURRENCE_XOL,1.25,0.29999999999999999,2,underwriting_result_2022_usd,-79049.042323182104,-79049.042323182104,0,-0,defined,data/metadata/phase_2/notebook_11_reinsurance_capital/notebook_11_raroc_assumption_grid.csv,FULL_CATALOG_2000000_YEARS,2022_USD
I0_PHASE1_INDEPENDENT,FROZEN_OCCURRENCE_XOL,1.5,0.29999999999999999,2,underwriting_result_2022_usd,-57527.619328899629,-57527.619328899629,0,-0,defined,data/metadata/phase_2/notebook_11_reinsurance_capital/notebook_11_raroc_assumption_grid.csv,FULL_CATALOG_2000000_YEARS,2022_USD
I0_PHASE1_INDEPENDENT,FROZEN_OCCURRENCE_XOL,2,0.29999999999999999,2,underwriting_result_2022_usd,-14484.77334033465,-14484.77334033465,0,-0,defined,data/metadata/phase_2/notebook_11_reinsurance_capital/notebook_11_raroc_assumption_grid.csv,FULL_CATALOG_2000000_YEARS,2022_USD
I0_PHASE1_INDEPENDENT,FROZEN_OCCURRENCE_XOL,2.5,0.29999999999999999,2,underwriting_result_2022_usd,28558.072648230314,28558.072648230314,0,0,defined,data/metadata/phase_2/notebook_11_reinsurance_capital/notebook_11_raroc_assumption_grid.csv,FULL_CATALOG_2000000_YEARS,2022_USD
I0_PHASE1_INDEPENDENT,FROZEN_OCCURRENCE_XOL,3,0.29999999999999999,2,underwriting_result_2022_usd,71600.918636795264,71600.918636795264,0,0,defined,data/metadata/phase_2/notebook_11_reinsurance_capital/notebook_11_raroc_assumption_grid.csv,FULL_CATALOG_2000000_YEARS,2022_USD
I0_PHASE1_INDEPENDENT,FROZEN_OCCURRENCE_XOL,1.25,0.40000000000000002,2,underwriting_result_2022_usd,-94421.48731909816,-94421.48731909816,0,-0,defined,data/metadata/phase_2/notebook_11_reinsurance_capital/notebook_11_raroc_assumption_grid.csv,FULL_CATALOG_2000000_YEARS,2022_USD
I0_PHASE1_INDEPENDENT,FROZEN_OCCURRENCE_XOL,1.5,0.40000000000000002,2,underwriting_result_2022_usd,-75974.553323998887,-75974.553323998887,0,-0,defined,data/metadata/phase_2/notebook_11_reinsurance_capital/notebook_11_raroc_assumption_grid.csv,FULL_CATALOG_2000000_YEARS,2022_USD
I0_PHASE1_INDEPENDENT,FROZEN_OCCURRENCE_XOL,2,0.40000000000000002,2,underwriting_result_2022_usd,-39080.685333800357,-39080.685333800357,0,-0,defined,data/metadata/phase_2/notebook_11_reinsurance_capital/notebook_11_raroc_assumption_grid.csv,FULL_CATALOG_2000000_YEARS,2022_USD
I0_PHASE1_INDEPENDENT,FROZEN_OCCURRENCE_XOL,2.5,0.40000000000000002,2,underwriting_result_2022_usd,-2186.8173436018114,-2186.8173436018114,0,-0,defined,data/metadata/phase_2/notebook_11_reinsurance_capital/notebook_11_raroc_assumption_grid.csv,FULL_CATALOG_2000000_YEARS,2022_USD
I0_PHASE1_INDEPENDENT,FROZEN_OCCURRENCE_XOL,3,0.40000000000000002,2,underwriting_result_2022_usd,34707.050646596719,34707.050646596719,0,0,defined,data/metadata/phase_2/notebook_11_reinsurance_capital/notebook_11_raroc_assumption_grid.csv,FULL_CATALOG_2000000_YEARS,2022_USD
I0_PHASE1_INDEPENDENT,STANDALONE_AGGREGATE,1.25,0.20000000000000001,1,underwriting_result_2022_usd,2.9103830456733704e-11,2.9103830456733704e-11,0,0,defined,data/metadata/phase_2/notebook_11_reinsurance_capital/notebook_11_raroc_assumption_grid.csv,FULL_CATALOG_2000000_YEARS,2022_USD
I0_PHASE1_INDEPENDENT,STANDALONE_AGGREGATE,1.5,0.20000000000000001,1,underwriting_result_2022_usd,24595.911993465699,24595.911993465699,0,0,defined,data/metadata/phase_2/notebook_11_reinsurance_capital/notebook_11_raroc_assumption_grid.csv,FULL_CATALOG_2000000_YEARS,2022_USD
I0_PHASE1_INDEPENDENT,STANDALONE_AGGREGATE,2,0.20000000000000001,1,underwriting_result_2022_usd,73787.73598039709,73787.73598039709,0,0,defined,data/metadata/phase_2/notebook_11_reinsurance_capital/notebook_11_raroc_assumption_grid.csv,FULL_CATALOG_2000000_YEARS,2022_USD
I0_PHASE1_INDEPENDENT,STANDALONE_AGGREGATE,2.5,0.20000000000000001,1,underwriting_result_2022_usd,122979.5599673285,122979.5599673285,0,0,defined,data/metadata/phase_2/notebook_11_reinsurance_capital/notebook_11_raroc_assumption_grid.csv,FULL_CATALOG_2000000_YEARS,2022_USD
I0_PHASE1_INDEPENDENT,STANDALONE_AGGREGATE,3,0.20000000000000001,1,underwriting_result_2022_usd,172171.38395425986,172171.38395425986,0,0,defined,data/metadata/phase_2/notebook_11_reinsurance_capital/notebook_11_raroc_assumption_grid.csv,FULL_CATALOG_2000000_YEARS,2022_USD
I0_PHASE1_INDEPENDENT,STANDALONE_AGGREGATE,1.25,0.29999999999999999,1,underwriting_result_2022_usd,-15372.444995916041,-15372.444995916041,0,-0,defined,data/metadata/phase_2/notebook_11_reinsurance_capital/notebook_11_raroc_assumption_grid.csv,FULL_CATALOG_2000000_YEARS,2022_USD
I0_PHASE1_INDEPENDENT,STANDALONE_AGGREGATE,1.5,0.29999999999999999,1,underwriting_result_2022_usd,6148.9779983664266,6148.9779983664266,0,0,defined,data/metadata/phase_2/notebook_11_reinsurance_capital/notebook_11_raroc_assumption_grid.csv,FULL_CATALOG_2000000_YEARS,2022_USD
I0_PHASE1_INDEPENDENT,STANDALONE_AGGREGATE,2,0.29999999999999999,1,underwriting_result_2022_usd,49191.823986931406,49191.823986931406,0,0,defined,data/metadata/phase_2/notebook_11_reinsurance_capital/notebook_11_raroc_assumption_grid.csv,FULL_CATALOG_2000000_YEARS,2022_USD
I0_PHASE1_INDEPENDENT,STANDALONE_AGGREGATE,2.5,0.29999999999999999,1,underwriting_result_2022_usd,92234.669975496363,92234.669975496363,0,0,defined,data/metadata/phase_2/notebook_11_reinsurance_capital/notebook_11_raroc_assumption_grid.csv,FULL_CATALOG_2000000_YEARS,2022_USD
I0_PHASE1_INDEPENDENT,STANDALONE_AGGREGATE,3,0.29999999999999999,1,underwriting_result_2022_usd,135277.51596406131,135277.51596406131,0,0,defined,data/metadata/phase_2/notebook_11_reinsurance_capital/notebook_11_raroc_assumption_grid.csv,FULL_CATALOG_2000000_YEARS,2022_USD
I0_PHASE1_INDEPENDENT,STANDALONE_AGGREGATE,1.25,0.40000000000000002,1,underwriting_result_2022_usd,-30744.889991832097,-30744.889991832097,0,-0,defined,data/metadata/phase_2/notebook_11_reinsurance_capital/notebook_11_raroc_assumption_grid.csv,FULL_CATALOG_2000000_YEARS,2022_USD
I0_PHASE1_INDEPENDENT,STANDALONE_AGGREGATE,1.5,0.40000000000000002,1,underwriting_result_2022_usd,-12297.955996732824,-12297.955996732824,0,-0,defined,data/metadata/phase_2/notebook_11_reinsurance_capital/notebook_11_raroc_assumption_grid.csv,FULL_CATALOG_2000000_YEARS,2022_USD
I0_PHASE1_INDEPENDENT,STANDALONE_AGGREGATE,2,0.40000000000000002,1,underwriting_result_2022_usd,24595.911993465699,24595.911993465699,0,0,defined,data/metadata/phase_2/notebook_11_reinsurance_capital/notebook_11_raroc_assumption_grid.csv,FULL_CATALOG_2000000_YEARS,2022_USD
I0_PHASE1_INDEPENDENT,STANDALONE_AGGREGATE,2.5,0.40000000000000002,1,underwriting_result_2022_usd,61489.779983664244,61489.779983664244,0,0,defined,data/metadata/phase_2/notebook_11_reinsurance_capital/notebook_11_raroc_assumption_grid.csv,FULL_CATALOG_2000000_YEARS,2022_USD
I0_PHASE1_INDEPENDENT,STANDALONE_AGGREGATE,3,0.40000000000000002,1,underwriting_result_2022_usd,98383.647973862797,98383.647973862797,0,0,defined,data/metadata/phase_2/notebook_11_reinsurance_capital/notebook_11_raroc_assumption_grid.csv,FULL_CATALOG_2000000_YEARS,2022_USD
I0_PHASE1_INDEPENDENT,STANDALONE_AGGREGATE,1.25,0.20000000000000001,1.25,underwriting_result_2022_usd,-15915.638476588116,-15915.638476588116,0,-0,defined,data/metadata/phase_2/notebook_11_reinsurance_capital/notebook_11_raroc_assumption_grid.csv,FULL_CATALOG_2000000_YEARS,2022_USD
I0_PHASE1_INDEPENDENT,STANDALONE_AGGREGATE,1.5,0.20000000000000001,1.25,underwriting_result_2022_usd,8680.2735168775544,8680.2735168775544,0,0,defined,data/metadata/phase_2/notebook_11_reinsurance_capital/notebook_11_raroc_assumption_grid.csv,FULL_CATALOG_2000000_YEARS,2022_USD
I0_PHASE1_INDEPENDENT,STANDALONE_AGGREGATE,2,0.20000000000000001,1.25,underwriting_result_2022_usd,57872.097503808938,57872.097503808938,0,0,defined,data/metadata/phase_2/notebook_11_reinsurance_capital/notebook_11_raroc_assumption_grid.csv,FULL_CATALOG_2000000_YEARS,2022_USD
I0_PHASE1_INDEPENDENT,STANDALONE_AGGREGATE,2.5,0.20000000000000001,1.25,underwriting_result_2022_usd,107063.92149074035,107063.92149074035,0,0,defined,data/metadata/phase_2/notebook_11_reinsurance_capital/notebook_11_raroc_assumption_grid.csv,FULL_CATALOG_2000000_YEARS,2022_USD
I0_PHASE1_INDEPENDENT,STANDALONE_AGGREGATE,3,0.20000000000000001,1.25,underwriting_result_2022_usd,156255.74547767171,156255.74547767171,0,0,defined,data/metadata/phase_2/notebook_11_reinsurance_capital/notebook_11_raroc_assumption_grid.csv,FULL_CATALOG_2000000_YEARS,2022_USD
I0_PHASE1_INDEPENDENT,STANDALONE_AGGREGATE,1.25,0.29999999999999999,1.25,underwriting_result_2022_usd,-31288.083472504186,-31288.083472504186,0,-0,defined,data/metadata/phase_2/notebook_11_reinsurance_capital/notebook_11_raroc_assumption_grid.csv,FULL_CATALOG_2000000_YEARS,2022_USD
I0_PHASE1_INDEPENDENT,STANDALONE_AGGREGATE,1.5,0.29999999999999999,1.25,underwriting_result_2022_usd,-9766.6604782217182,-9766.6604782217182,0,-0,defined,data/metadata/phase_2/notebook_11_reinsurance_capital/notebook_11_raroc_assumption_grid.csv,FULL_CATALOG_2000000_YEARS,2022_USD
I0_PHASE1_INDEPENDENT,STANDALONE_AGGREGATE,2,0.29999999999999999,1.25,underwriting_result_2022_usd,33276.185510343261,33276.185510343261,0,0,defined,data/metadata/phase_2/notebook_11_reinsurance_capital/notebook_11_raroc_assumption_grid.csv,FULL_CATALOG_2000000_YEARS,2022_USD
I0_PHASE1_INDEPENDENT,STANDALONE_AGGREGATE,2.5,0.29999999999999999,1.25,underwriting_result_2022_usd,76319.031498908211,76319.031498908211,0,0,defined,data/metadata/phase_2/notebook_11_reinsurance_capital/notebook_11_raroc_assumption_grid.csv,FULL_CATALOG_2000000_YEARS,2022_USD
I0_PHASE1_INDEPENDENT,STANDALONE_AGGREGATE,3,0.29999999999999999,1.25,underwriting_result_2022_usd,119361.87748747316,119361.87748747316,0,0,defined,data/metadata/phase_2/notebook_11_reinsurance_capital/notebook_11_raroc_assumption_grid.csv,FULL_CATALOG_2000000_YEARS,2022_USD
I0_PHASE1_INDEPENDENT,STANDALONE_AGGREGATE,1.25,0.40000000000000002,1.25,underwriting_result_2022_usd,-46660.528468420242,-46660.528468420242,0,-0,defined,data/metadata/phase_2/notebook_11_reinsurance_capital/notebook_11_raroc_assumption_grid.csv,FULL_CATALOG_2000000_YEARS,2022_USD
I0_PHASE1_INDEPENDENT,STANDALONE_AGGREGATE,1.5,0.40000000000000002,1.25,underwriting_result_2022_usd,-28213.594473320969,-28213.594473320969,0,-0,defined,data/metadata/phase_2/notebook_11_reinsurance_capital/notebook_11_raroc_assumption_grid.csv,FULL_CATALOG_2000000_YEARS,2022_USD
I0_PHASE1_INDEPENDENT,STANDALONE_AGGREGATE,2,0.40000000000000002,1.25,underwriting_result_2022_usd,8680.2735168775544,8680.2735168775544,0,0,defined,data/metadata/phase_2/notebook_11_reinsurance_capital/notebook_11_raroc_assumption_grid.csv,FULL_CATALOG_2000000_YEARS,2022_USD
I0_PHASE1_INDEPENDENT,STANDALONE_AGGREGATE,2.5,0.40000000000000002,1.25,underwriting_result_2022_usd,45574.1415070761,45574.1415070761,0,0,defined,data/metadata/phase_2/notebook_11_reinsurance_capital/notebook_11_raroc_assumption_grid.csv,FULL_CATALOG_2000000_YEARS,2022_USD
I0_PHASE1_INDEPENDENT,STANDALONE_AGGREGATE,3,0.40000000000000002,1.25,underwriting_result_2022_usd,82468.009497274645,82468.009497274645,0,0,defined,data/metadata/phase_2/notebook_11_reinsurance_capital/notebook_11_raroc_assumption_grid.csv,FULL_CATALOG_2000000_YEARS,2022_USD
I0_PHASE1_INDEPENDENT,STANDALONE_AGGREGATE,1.25,0.20000000000000001,1.5,underwriting_result_2022_usd,-31831.276953176268,-31831.276953176268,0,-0,defined,data/metadata/phase_2/notebook_11_reinsurance_capital/notebook_11_raroc_assumption_grid.csv,FULL_CATALOG_2000000_YEARS,2022_USD
I0_PHASE1_INDEPENDENT,STANDALONE_AGGREGATE,1.5,0.20000000000000001,1.5,underwriting_result_2022_usd,-7235.3649597105978,-7235.3649597105978,0,-0,defined,data/metadata/phase_2/notebook_11_reinsurance_capital/notebook_11_raroc_assumption_grid.csv,FULL_CATALOG_2000000_YEARS,2022_USD
I0_PHASE1_INDEPENDENT,STANDALONE_AGGREGATE,2,0.20000000000000001,1.5,underwriting_result_2022_usd,41956.459027220786,41956.459027220786,0,0,defined,data/metadata/phase_2/notebook_11_reinsurance_capital/notebook_11_raroc_assumption_grid.csv,FULL_CATALOG_2000000_YEARS,2022_USD
I0_PHASE1_INDEPENDENT,STANDALONE_AGGREGATE,2.5,0.20000000000000001,1.5,underwriting_result_2022_usd,91148.283014152199,91148.283014152199,0,0,defined,data/metadata/phase_2/notebook_11_reinsurance_capital/notebook_11_raroc_assumption_grid.csv,FULL_CATALOG_2000000_YEARS,2022_USD
I0_PHASE1_INDEPENDENT,STANDALONE_AGGREGATE,3,0.20000000000000001,1.5,underwriting_result_2022_usd,140340.10700108355,140340.10700108355,0,0,defined,data/metadata/phase_2/notebook_11_reinsurance_capital/notebook_11_raroc_assumption_grid.csv,FULL_CATALOG_2000000_YEARS,2022_USD
I0_PHASE1_INDEPENDENT,STANDALONE_AGGREGATE,1.25,0.29999999999999999,1.5,underwriting_result_2022_usd,-47203.721949092338,-47203.721949092338,0,-0,defined,data/metadata/phase_2/notebook_11_reinsurance_capital/notebook_11_raroc_assumption_grid.csv,FULL_CATALOG_2000000_YEARS,2022_USD
I0_PHASE1_INDEPENDENT,STANDALONE_AGGREGATE,1.5,0.29999999999999999,1.5,underwriting_result_2022_usd,-25682.29895480987,-25682.29895480987,0,-0,defined,data/metadata/phase_2/notebook_11_reinsurance_capital/notebook_11_raroc_assumption_grid.csv,FULL_CATALOG_2000000_YEARS,2022_USD
I0_PHASE1_INDEPENDENT,STANDALONE_AGGREGATE,2,0.29999999999999999,1.5,underwriting_result_2022_usd,17360.547033755109,17360.547033755109,0,0,defined,data/metadata/phase_2/notebook_11_reinsurance_capital/notebook_11_raroc_assumption_grid.csv,FULL_CATALOG_2000000_YEARS,2022_USD
I0_PHASE1_INDEPENDENT,STANDALONE_AGGREGATE,2.5,0.29999999999999999,1.5,underwriting_result_2022_usd,60403.393022320059,60403.393022320059,0,0,defined,data/metadata/phase_2/notebook_11_reinsurance_capital/notebook_11_raroc_assumption_grid.csv,FULL_CATALOG_2000000_YEARS,2022_USD
I0_PHASE1_INDEPENDENT,STANDALONE_AGGREGATE,3,0.29999999999999999,1.5,underwriting_result_2022_usd,103446.23901088501,103446.23901088501,0,0,defined,data/metadata/phase_2/notebook_11_reinsurance_capital/notebook_11_raroc_assumption_grid.csv,FULL_CATALOG_2000000_YEARS,2022_USD
I0_PHASE1_INDEPENDENT,STANDALONE_AGGREGATE,1.25,0.40000000000000002,1.5,underwriting_result_2022_usd,-62576.166945008394,-62576.166945008394,0,-0,defined,data/metadata/phase_2/notebook_11_reinsurance_capital/notebook_11_raroc_assumption_grid.csv,FULL_CATALOG_2000000_YEARS,2022_USD
I0_PHASE1_INDEPENDENT,STANDALONE_AGGREGATE,1.5,0.40000000000000002,1.5,underwriting_result_2022_usd,-44129.232949909121,-44129.232949909121,0,-0,defined,data/metadata/phase_2/notebook_11_reinsurance_capital/notebook_11_raroc_assumption_grid.csv,FULL_CATALOG_2000000_YEARS,2022_USD
I0_PHASE1_INDEPENDENT,STANDALONE_AGGREGATE,2,0.40000000000000002,1.5,underwriting_result_2022_usd,-7235.3649597105978,-7235.3649597105978,0,-0,defined,data/metadata/phase_2/notebook_11_reinsurance_capital/notebook_11_raroc_assumption_grid.csv,FULL_CATALOG_2000000_YEARS,2022_USD
I0_PHASE1_INDEPENDENT,STANDALONE_AGGREGATE,2.5,0.40000000000000002,1.5,underwriting_result_2022_usd,29658.503030487947,29658.503030487947,0,0,defined,data/metadata/phase_2/notebook_11_reinsurance_capital/notebook_11_raroc_assumption_grid.csv,FULL_CATALOG_2000000_YEARS,2022_USD
I0_PHASE1_INDEPENDENT,STANDALONE_AGGREGATE,3,0.40000000000000002,1.5,underwriting_result_2022_usd,66552.371020686493,66552.371020686493,0,0,defined,data/metadata/phase_2/notebook_11_reinsurance_capital/notebook_11_raroc_assumption_grid.csv,FULL_CATALOG_2000000_YEARS,2022_USD
I0_PHASE1_INDEPENDENT,STANDALONE_AGGREGATE,1.25,0.20000000000000001,2,underwriting_result_2022_usd,-63662.553906352558,-63662.553906352558,0,-0,defined,data/metadata/phase_2/notebook_11_reinsurance_capital/notebook_11_raroc_assumption_grid.csv,FULL_CATALOG_2000000_YEARS,2022_USD
I0_PHASE1_INDEPENDENT,STANDALONE_AGGREGATE,1.5,0.20000000000000001,2,underwriting_result_2022_usd,-39066.641912886887,-39066.641912886887,0,-0,defined,data/metadata/phase_2/notebook_11_reinsurance_capital/notebook_11_raroc_assumption_grid.csv,FULL_CATALOG_2000000_YEARS,2022_USD
I0_PHASE1_INDEPENDENT,STANDALONE_AGGREGATE,2,0.20000000000000001,2,underwriting_result_2022_usd,10125.182074044496,10125.182074044496,0,0,defined,data/metadata/phase_2/notebook_11_reinsurance_capital/notebook_11_raroc_assumption_grid.csv,FULL_CATALOG_2000000_YEARS,2022_USD
I0_PHASE1_INDEPENDENT,STANDALONE_AGGREGATE,2.5,0.20000000000000001,2,underwriting_result_2022_usd,59317.006060975909,59317.006060975909,0,0,defined,data/metadata/phase_2/notebook_11_reinsurance_capital/notebook_11_raroc_assumption_grid.csv,FULL_CATALOG_2000000_YEARS,2022_USD
I0_PHASE1_INDEPENDENT,STANDALONE_AGGREGATE,3,0.20000000000000001,2,underwriting_result_2022_usd,108508.83004790726,108508.83004790726,0,0,defined,data/metadata/phase_2/notebook_11_reinsurance_capital/notebook_11_raroc_assumption_grid.csv,FULL_CATALOG_2000000_YEARS,2022_USD
I0_PHASE1_INDEPENDENT,STANDALONE_AGGREGATE,1.25,0.29999999999999999,2,underwriting_result_2022_usd,-79034.99890226862,-79034.99890226862,0,-0,defined,data/metadata/phase_2/notebook_11_reinsurance_capital/notebook_11_raroc_assumption_grid.csv,FULL_CATALOG_2000000_YEARS,2022_USD
I0_PHASE1_INDEPENDENT,STANDALONE_AGGREGATE,1.5,0.29999999999999999,2,underwriting_result_2022_usd,-57513.57590798616,-57513.57590798616,0,-0,defined,data/metadata/phase_2/notebook_11_reinsurance_capital/notebook_11_raroc_assumption_grid.csv,FULL_CATALOG_2000000_YEARS,2022_USD
I0_PHASE1_INDEPENDENT,STANDALONE_AGGREGATE,2,0.29999999999999999,2,underwriting_result_2022_usd,-14470.729919421181,-14470.729919421181,0,-0,defined,data/metadata/phase_2/notebook_11_reinsurance_capital/notebook_11_raroc_assumption_grid.csv,FULL_CATALOG_2000000_YEARS,2022_USD
I0_PHASE1_INDEPENDENT,STANDALONE_AGGREGATE,2.5,0.29999999999999999,2,underwriting_result_2022_usd,28572.116069143769,28572.116069143769,0,0,defined,data/metadata/phase_2/notebook_11_reinsurance_capital/notebook_11_raroc_assumption_grid.csv,FULL_CATALOG_2000000_YEARS,2022_USD
I0_PHASE1_INDEPENDENT,STANDALONE_AGGREGATE,3,0.29999999999999999,2,underwriting_result_2022_usd,71614.962057708719,71614.962057708719,0,0,defined,data/metadata/phase_2/notebook_11_reinsurance_capital/notebook_11_raroc_assumption_grid.csv,FULL_CATALOG_2000000_YEARS,2022_USD
I0_PHASE1_INDEPENDENT,STANDALONE_AGGREGATE,1.25,0.40000000000000002,2,underwriting_result_2022_usd,-94407.443898184691,-94407.443898184691,0,-0,defined,data/metadata/phase_2/notebook_11_reinsurance_capital/notebook_11_raroc_assumption_grid.csv,FULL_CATALOG_2000000_YEARS,2022_USD
I0_PHASE1_INDEPENDENT,STANDALONE_AGGREGATE,1.5,0.40000000000000002,2,underwriting_result_2022_usd,-75960.509903085418,-75960.509903085418,0,-0,defined,data/metadata/phase_2/notebook_11_reinsurance_capital/notebook_11_raroc_assumption_grid.csv,FULL_CATALOG_2000000_YEARS,2022_USD
I0_PHASE1_INDEPENDENT,STANDALONE_AGGREGATE,2,0.40000000000000002,2,underwriting_result_2022_usd,-39066.641912886887,-39066.641912886887,0,-0,defined,data/metadata/phase_2/notebook_11_reinsurance_capital/notebook_11_raroc_assumption_grid.csv,FULL_CATALOG_2000000_YEARS,2022_USD
I0_PHASE1_INDEPENDENT,STANDALONE_AGGREGATE,2.5,0.40000000000000002,2,underwriting_result_2022_usd,-2172.7739226883423,-2172.7739226883423,0,-0,defined,data/metadata/phase_2/notebook_11_reinsurance_capital/notebook_11_raroc_assumption_grid.csv,FULL_CATALOG_2000000_YEARS,2022_USD
I0_PHASE1_INDEPENDENT,STANDALONE_AGGREGATE,3,0.40000000000000002,2,underwriting_result_2022_usd,34721.094067510203,34721.094067510203,0,0,defined,data/metadata/phase_2/notebook_11_reinsurance_capital/notebook_11_raroc_assumption_grid.csv,FULL_CATALOG_2000000_YEARS,2022_USD
I0_PHASE1_INDEPENDENT,STACKED_OCCURRENCE_PLUS_AGGREGATE,1.25,0.20000000000000001,1,underwriting_result_2022_usd,2.9103830456733704e-11,2.9103830456733704e-11,0,0,defined,data/metadata/phase_2/notebook_11_reinsurance_capital/notebook_11_raroc_assumption_grid.csv,FULL_CATALOG_2000000_YEARS,2022_USD
I0_PHASE1_INDEPENDENT,STACKED_OCCURRENCE_PLUS_AGGREGATE,1.5,0.20000000000000001,1,underwriting_result_2022_usd,24595.911993465706,24595.911993465706,0,0,defined,data/metadata/phase_2/notebook_11_reinsurance_capital/notebook_11_raroc_assumption_grid.csv,FULL_CATALOG_2000000_YEARS,2022_USD
I0_PHASE1_INDEPENDENT,STACKED_OCCURRENCE_PLUS_AGGREGATE,2,0.20000000000000001,1,underwriting_result_2022_usd,73787.73598039709,73787.73598039709,0,0,defined,data/metadata/phase_2/notebook_11_reinsurance_capital/notebook_11_raroc_assumption_grid.csv,FULL_CATALOG_2000000_YEARS,2022_USD
I0_PHASE1_INDEPENDENT,STACKED_OCCURRENCE_PLUS_AGGREGATE,2.5,0.20000000000000001,1,underwriting_result_2022_usd,122979.5599673285,122979.5599673285,0,0,defined,data/metadata/phase_2/notebook_11_reinsurance_capital/notebook_11_raroc_assumption_grid.csv,FULL_CATALOG_2000000_YEARS,2022_USD
I0_PHASE1_INDEPENDENT,STACKED_OCCURRENCE_PLUS_AGGREGATE,3,0.20000000000000001,1,underwriting_result_2022_usd,172171.38395425986,172171.38395425986,0,0,defined,data/metadata/phase_2/notebook_11_reinsurance_capital/notebook_11_raroc_assumption_grid.csv,FULL_CATALOG_2000000_YEARS,2022_USD
I0_PHASE1_INDEPENDENT,STACKED_OCCURRENCE_PLUS_AGGREGATE,1.25,0.29999999999999999,1,underwriting_result_2022_usd,-15372.444995916041,-15372.444995916041,0,-0,defined,data/metadata/phase_2/notebook_11_reinsurance_capital/notebook_11_raroc_assumption_grid.csv,FULL_CATALOG_2000000_YEARS,2022_USD
I0_PHASE1_INDEPENDENT,STACKED_OCCURRENCE_PLUS_AGGREGATE,1.5,0.29999999999999999,1,underwriting_result_2022_usd,6148.9779983664339,6148.9779983664339,0,0,defined,data/metadata/phase_2/notebook_11_reinsurance_capital/notebook_11_raroc_assumption_grid.csv,FULL_CATALOG_2000000_YEARS,2022_USD
I0_PHASE1_INDEPENDENT,STACKED_OCCURRENCE_PLUS_AGGREGATE,2,0.29999999999999999,1,underwriting_result_2022_usd,49191.823986931413,49191.823986931413,0,0,defined,data/metadata/phase_2/notebook_11_reinsurance_capital/notebook_11_raroc_assumption_grid.csv,FULL_CATALOG_2000000_YEARS,2022_USD
I0_PHASE1_INDEPENDENT,STACKED_OCCURRENCE_PLUS_AGGREGATE,2.5,0.29999999999999999,1,underwriting_result_2022_usd,92234.669975496363,92234.669975496363,0,0,defined,data/metadata/phase_2/notebook_11_reinsurance_capital/notebook_11_raroc_assumption_grid.csv,FULL_CATALOG_2000000_YEARS,2022_USD
I0_PHASE1_INDEPENDENT,STACKED_OCCURRENCE_PLUS_AGGREGATE,3,0.29999999999999999,1,underwriting_result_2022_usd,135277.51596406131,135277.51596406131,0,0,defined,data/metadata/phase_2/notebook_11_reinsurance_capital/notebook_11_raroc_assumption_grid.csv,FULL_CATALOG_2000000_YEARS,2022_USD
I0_PHASE1_INDEPENDENT,STACKED_OCCURRENCE_PLUS_AGGREGATE,1.25,0.40000000000000002,1,underwriting_result_2022_usd,-30744.889991832097,-30744.889991832097,0,-0,defined,data/metadata/phase_2/notebook_11_reinsurance_capital/notebook_11_raroc_assumption_grid.csv,FULL_CATALOG_2000000_YEARS,2022_USD
I0_PHASE1_INDEPENDENT,STACKED_OCCURRENCE_PLUS_AGGREGATE,1.5,0.40000000000000002,1,underwriting_result_2022_usd,-12297.955996732824,-12297.955996732824,0,-0,defined,data/metadata/phase_2/notebook_11_reinsurance_capital/notebook_11_raroc_assumption_grid.csv,FULL_CATALOG_2000000_YEARS,2022_USD
I0_PHASE1_INDEPENDENT,STACKED_OCCURRENCE_PLUS_AGGREGATE,2,0.40000000000000002,1,underwriting_result_2022_usd,24595.911993465706,24595.911993465706,0,0,defined,data/metadata/phase_2/notebook_11_reinsurance_capital/notebook_11_raroc_assumption_grid.csv,FULL_CATALOG_2000000_YEARS,2022_USD
I0_PHASE1_INDEPENDENT,STACKED_OCCURRENCE_PLUS_AGGREGATE,2.5,0.40000000000000002,1,underwriting_result_2022_usd,61489.779983664252,61489.779983664252,0,0,defined,data/metadata/phase_2/notebook_11_reinsurance_capital/notebook_11_raroc_assumption_grid.csv,FULL_CATALOG_2000000_YEARS,2022_USD
I0_PHASE1_INDEPENDENT,STACKED_OCCURRENCE_PLUS_AGGREGATE,3,0.40000000000000002,1,underwriting_result_2022_usd,98383.647973862797,98383.647973862797,0,0,defined,data/metadata/phase_2/notebook_11_reinsurance_capital/notebook_11_raroc_assumption_grid.csv,FULL_CATALOG_2000000_YEARS,2022_USD
I0_PHASE1_INDEPENDENT,STACKED_OCCURRENCE_PLUS_AGGREGATE,1.25,0.20000000000000001,1.25,underwriting_result_2022_usd,-18564.693372460228,-18564.693372460228,0,-0,defined,data/metadata/phase_2/notebook_11_reinsurance_capital/notebook_11_raroc_assumption_grid.csv,FULL_CATALOG_2000000_YEARS,2022_USD
I0_PHASE1_INDEPENDENT,STACKED_OCCURRENCE_PLUS_AGGREGATE,1.5,0.20000000000000001,1.25,underwriting_result_2022_usd,6031.2186210054497,6031.2186210054497,0,0,defined,data/metadata/phase_2/notebook_11_reinsurance_capital/notebook_11_raroc_assumption_grid.csv,FULL_CATALOG_2000000_YEARS,2022_USD
I0_PHASE1_INDEPENDENT,STACKED_OCCURRENCE_PLUS_AGGREGATE,2,0.20000000000000001,1.25,underwriting_result_2022_usd,55223.042607936834,55223.042607936834,0,0,defined,data/metadata/phase_2/notebook_11_reinsurance_capital/notebook_11_raroc_assumption_grid.csv,FULL_CATALOG_2000000_YEARS,2022_USD
I0_PHASE1_INDEPENDENT,STACKED_OCCURRENCE_PLUS_AGGREGATE,2.5,0.20000000000000001,1.25,underwriting_result_2022_usd,104414.86659486825,104414.86659486825,0,0,defined,data/metadata/phase_2/notebook_11_reinsurance_capital/notebook_11_raroc_assumption_grid.csv,FULL_CATALOG_2000000_YEARS,2022_USD
I0_PHASE1_INDEPENDENT,STACKED_OCCURRENCE_PLUS_AGGREGATE,3,0.20000000000000001,1.25,underwriting_result_2022_usd,153606.6905817996,153606.6905817996,0,0,defined,data/metadata/phase_2/notebook_11_reinsurance_capital/notebook_11_raroc_assumption_grid.csv,FULL_CATALOG_2000000_YEARS,2022_USD
I0_PHASE1_INDEPENDENT,STACKED_OCCURRENCE_PLUS_AGGREGATE,1.25,0.29999999999999999,1.25,underwriting_result_2022_usd,-33937.138368376298,-33937.138368376298,0,-0,defined,data/metadata/phase_2/notebook_11_reinsurance_capital/notebook_11_raroc_assumption_grid.csv,FULL_CATALOG_2000000_YEARS,2022_USD
I0_PHASE1_INDEPENDENT,STACKED_OCCURRENCE_PLUS_AGGREGATE,1.5,0.29999999999999999,1.25,underwriting_result_2022_usd,-12415.715374093823,-12415.715374093823,0,-0,defined,data/metadata/phase_2/notebook_11_reinsurance_capital/notebook_11_raroc_assumption_grid.csv,FULL_CATALOG_2000000_YEARS,2022_USD
I0_PHASE1_INDEPENDENT,STACKED_OCCURRENCE_PLUS_AGGREGATE,2,0.29999999999999999,1.25,underwriting_result_2022_usd,30627.130614471156,30627.130614471156,0,0,defined,data/metadata/phase_2/notebook_11_reinsurance_capital/notebook_11_raroc_assumption_grid.csv,FULL_CATALOG_2000000_YEARS,2022_USD
I0_PHASE1_INDEPENDENT,STACKED_OCCURRENCE_PLUS_AGGREGATE,2.5,0.29999999999999999,1.25,underwriting_result_2022_usd,73669.976603036106,73669.976603036106,0,0,defined,data/metadata/phase_2/notebook_11_reinsurance_capital/notebook_11_raroc_assumption_grid.csv,FULL_CATALOG_2000000_YEARS,2022_USD
I0_PHASE1_INDEPENDENT,STACKED_OCCURRENCE_PLUS_AGGREGATE,3,0.29999999999999999,1.25,underwriting_result_2022_usd,116712.82259160106,116712.82259160106,0,0,defined,data/metadata/phase_2/notebook_11_reinsurance_capital/notebook_11_raroc_assumption_grid.csv,FULL_CATALOG_2000000_YEARS,2022_USD
I0_PHASE1_INDEPENDENT,STACKED_OCCURRENCE_PLUS_AGGREGATE,1.25,0.40000000000000002,1.25,underwriting_result_2022_usd,-49309.583364292354,-49309.583364292354,0,-0,defined,data/metadata/phase_2/notebook_11_reinsurance_capital/notebook_11_raroc_assumption_grid.csv,FULL_CATALOG_2000000_YEARS,2022_USD
I0_PHASE1_INDEPENDENT,STACKED_OCCURRENCE_PLUS_AGGREGATE,1.5,0.40000000000000002,1.25,underwriting_result_2022_usd,-30862.649369193081,-30862.649369193081,0,-0,defined,data/metadata/phase_2/notebook_11_reinsurance_capital/notebook_11_raroc_assumption_grid.csv,FULL_CATALOG_2000000_YEARS,2022_USD
I0_PHASE1_INDEPENDENT,STACKED_OCCURRENCE_PLUS_AGGREGATE,2,0.40000000000000002,1.25,underwriting_result_2022_usd,6031.2186210054497,6031.2186210054497,0,0,defined,data/metadata/phase_2/notebook_11_reinsurance_capital/notebook_11_raroc_assumption_grid.csv,FULL_CATALOG_2000000_YEARS,2022_USD
I0_PHASE1_INDEPENDENT,STACKED_OCCURRENCE_PLUS_AGGREGATE,2.5,0.40000000000000002,1.25,underwriting_result_2022_usd,42925.086611203995,42925.086611203995,0,0,defined,data/metadata/phase_2/notebook_11_reinsurance_capital/notebook_11_raroc_assumption_grid.csv,FULL_CATALOG_2000000_YEARS,2022_USD
I0_PHASE1_INDEPENDENT,STACKED_OCCURRENCE_PLUS_AGGREGATE,3,0.40000000000000002,1.25,underwriting_result_2022_usd,79818.95460140254,79818.95460140254,0,0,defined,data/metadata/phase_2/notebook_11_reinsurance_capital/notebook_11_raroc_assumption_grid.csv,FULL_CATALOG_2000000_YEARS,2022_USD
I0_PHASE1_INDEPENDENT,STACKED_OCCURRENCE_PLUS_AGGREGATE,1.25,0.20000000000000001,1.5,underwriting_result_2022_usd,-37129.386744920484,-37129.386744920484,0,-0,defined,data/metadata/phase_2/notebook_11_reinsurance_capital/notebook_11_raroc_assumption_grid.csv,FULL_CATALOG_2000000_YEARS,2022_USD
I0_PHASE1_INDEPENDENT,STACKED_OCCURRENCE_PLUS_AGGREGATE,1.5,0.20000000000000001,1.5,underwriting_result_2022_usd,-12533.474751454807,-12533.474751454807,0,-0,defined,data/metadata/phase_2/notebook_11_reinsurance_capital/notebook_11_raroc_assumption_grid.csv,FULL_CATALOG_2000000_YEARS,2022_USD
I0_PHASE1_INDEPENDENT,STACKED_OCCURRENCE_PLUS_AGGREGATE,2,0.20000000000000001,1.5,underwriting_result_2022_usd,36658.349235476577,36658.349235476577,0,0,defined,data/metadata/phase_2/notebook_11_reinsurance_capital/notebook_11_raroc_assumption_grid.csv,FULL_CATALOG_2000000_YEARS,2022_USD
I0_PHASE1_INDEPENDENT,STACKED_OCCURRENCE_PLUS_AGGREGATE,2.5,0.20000000000000001,1.5,underwriting_result_2022_usd,85850.17322240799,85850.17322240799,0,0,defined,data/metadata/phase_2/notebook_11_reinsurance_capital/notebook_11_raroc_assumption_grid.csv,FULL_CATALOG_2000000_YEARS,2022_USD
I0_PHASE1_INDEPENDENT,STACKED_OCCURRENCE_PLUS_AGGREGATE,3,0.20000000000000001,1.5,underwriting_result_2022_usd,135041.99720933934,135041.99720933934,0,0,defined,data/metadata/phase_2/notebook_11_reinsurance_capital/notebook_11_raroc_assumption_grid.csv,FULL_CATALOG_2000000_YEARS,2022_USD
I0_PHASE1_INDEPENDENT,STACKED_OCCURRENCE_PLUS_AGGREGATE,1.25,0.29999999999999999,1.5,underwriting_result_2022_usd,-52501.831740836555,-52501.831740836555,0,-0,defined,data/metadata/phase_2/notebook_11_reinsurance_capital/notebook_11_raroc_assumption_grid.csv,FULL_CATALOG_2000000_YEARS,2022_USD
I0_PHASE1_INDEPENDENT,STACKED_OCCURRENCE_PLUS_AGGREGATE,1.5,0.29999999999999999,1.5,underwriting_result_2022_usd,-30980.40874655408,-30980.40874655408,0,-0,defined,data/metadata/phase_2/notebook_11_reinsurance_capital/notebook_11_raroc_assumption_grid.csv,FULL_CATALOG_2000000_YEARS,2022_USD
I0_PHASE1_INDEPENDENT,STACKED_OCCURRENCE_PLUS_AGGREGATE,2,0.29999999999999999,1.5,underwriting_result_2022_usd,12062.437242010899,12062.437242010899,0,0,defined,data/metadata/phase_2/notebook_11_reinsurance_capital/notebook_11_raroc_assumption_grid.csv,FULL_CATALOG_2000000_YEARS,2022_USD
I0_PHASE1_INDEPENDENT,STACKED_OCCURRENCE_PLUS_AGGREGATE,2.5,0.29999999999999999,1.5,underwriting_result_2022_usd,55105.283230575849,55105.283230575849,0,0,defined,data/metadata/phase_2/notebook_11_reinsurance_capital/notebook_11_raroc_assumption_grid.csv,FULL_CATALOG_2000000_YEARS,2022_USD
I0_PHASE1_INDEPENDENT,STACKED_OCCURRENCE_PLUS_AGGREGATE,3,0.29999999999999999,1.5,underwriting_result_2022_usd,98148.129219140799,98148.129219140799,0,0,defined,data/metadata/phase_2/notebook_11_reinsurance_capital/notebook_11_raroc_assumption_grid.csv,FULL_CATALOG_2000000_YEARS,2022_USD
I0_PHASE1_INDEPENDENT,STACKED_OCCURRENCE_PLUS_AGGREGATE,1.25,0.40000000000000002,1.5,underwriting_result_2022_usd,-67874.27673675261,-67874.27673675261,0,-0,defined,data/metadata/phase_2/notebook_11_reinsurance_capital/notebook_11_raroc_assumption_grid.csv,FULL_CATALOG_2000000_YEARS,2022_USD
I0_PHASE1_INDEPENDENT,STACKED_OCCURRENCE_PLUS_AGGREGATE,1.5,0.40000000000000002,1.5,underwriting_result_2022_usd,-49427.342741653338,-49427.342741653338,0,-0,defined,data/metadata/phase_2/notebook_11_reinsurance_capital/notebook_11_raroc_assumption_grid.csv,FULL_CATALOG_2000000_YEARS,2022_USD
I0_PHASE1_INDEPENDENT,STACKED_OCCURRENCE_PLUS_AGGREGATE,2,0.40000000000000002,1.5,underwriting_result_2022_usd,-12533.474751454807,-12533.474751454807,0,-0,defined,data/metadata/phase_2/notebook_11_reinsurance_capital/notebook_11_raroc_assumption_grid.csv,FULL_CATALOG_2000000_YEARS,2022_USD
I0_PHASE1_INDEPENDENT,STACKED_OCCURRENCE_PLUS_AGGREGATE,2.5,0.40000000000000002,1.5,underwriting_result_2022_usd,24360.393238743738,24360.393238743738,0,0,defined,data/metadata/phase_2/notebook_11_reinsurance_capital/notebook_11_raroc_assumption_grid.csv,FULL_CATALOG_2000000_YEARS,2022_USD
I0_PHASE1_INDEPENDENT,STACKED_OCCURRENCE_PLUS_AGGREGATE,3,0.40000000000000002,1.5,underwriting_result_2022_usd,61254.261228942283,61254.261228942283,0,0,defined,data/metadata/phase_2/notebook_11_reinsurance_capital/notebook_11_raroc_assumption_grid.csv,FULL_CATALOG_2000000_YEARS,2022_USD
I0_PHASE1_INDEPENDENT,STACKED_OCCURRENCE_PLUS_AGGREGATE,1.25,0.20000000000000001,2,underwriting_result_2022_usd,-74258.773489840998,-74258.773489840998,0,-0,defined,data/metadata/phase_2/notebook_11_reinsurance_capital/notebook_11_raroc_assumption_grid.csv,FULL_CATALOG_2000000_YEARS,2022_USD
I0_PHASE1_INDEPENDENT,STACKED_OCCURRENCE_PLUS_AGGREGATE,1.5,0.20000000000000001,2,underwriting_result_2022_usd,-49662.861496375321,-49662.861496375321,0,-0,defined,data/metadata/phase_2/notebook_11_reinsurance_capital/notebook_11_raroc_assumption_grid.csv,FULL_CATALOG_2000000_YEARS,2022_USD
I0_PHASE1_INDEPENDENT,STACKED_OCCURRENCE_PLUS_AGGREGATE,2,0.20000000000000001,2,underwriting_result_2022_usd,-471.03750944393687,-471.03750944393687,0,-0,defined,data/metadata/phase_2/notebook_11_reinsurance_capital/notebook_11_raroc_assumption_grid.csv,FULL_CATALOG_2000000_YEARS,2022_USD
I0_PHASE1_INDEPENDENT,STACKED_OCCURRENCE_PLUS_AGGREGATE,2.5,0.20000000000000001,2,underwriting_result_2022_usd,48720.786477487476,48720.786477487476,0,0,defined,data/metadata/phase_2/notebook_11_reinsurance_capital/notebook_11_raroc_assumption_grid.csv,FULL_CATALOG_2000000_YEARS,2022_USD
I0_PHASE1_INDEPENDENT,STACKED_OCCURRENCE_PLUS_AGGREGATE,3,0.20000000000000001,2,underwriting_result_2022_usd,97912.610464418831,97912.610464418831,0,0,defined,data/metadata/phase_2/notebook_11_reinsurance_capital/notebook_11_raroc_assumption_grid.csv,FULL_CATALOG_2000000_YEARS,2022_USD
I0_PHASE1_INDEPENDENT,STACKED_OCCURRENCE_PLUS_AGGREGATE,1.25,0.29999999999999999,2,underwriting_result_2022_usd,-89631.218485757068,-89631.218485757068,0,-0,defined,data/metadata/phase_2/notebook_11_reinsurance_capital/notebook_11_raroc_assumption_grid.csv,FULL_CATALOG_2000000_YEARS,2022_USD
I0_PHASE1_INDEPENDENT,STACKED_OCCURRENCE_PLUS_AGGREGATE,1.5,0.29999999999999999,2,underwriting_result_2022_usd,-68109.795491474593,-68109.795491474593,0,-0,defined,data/metadata/phase_2/notebook_11_reinsurance_capital/notebook_11_raroc_assumption_grid.csv,FULL_CATALOG_2000000_YEARS,2022_USD
I0_PHASE1_INDEPENDENT,STACKED_OCCURRENCE_PLUS_AGGREGATE,2,0.29999999999999999,2,underwriting_result_2022_usd,-25066.949502909614,-25066.949502909614,0,-0,defined,data/metadata/phase_2/notebook_11_reinsurance_capital/notebook_11_raroc_assumption_grid.csv,FULL_CATALOG_2000000_YEARS,2022_USD
I0_PHASE1_INDEPENDENT,STACKED_OCCURRENCE_PLUS_AGGREGATE,2.5,0.29999999999999999,2,underwriting_result_2022_usd,17975.896485655336,17975.896485655336,0,0,defined,data/metadata/phase_2/notebook_11_reinsurance_capital/notebook_11_raroc_assumption_grid.csv,FULL_CATALOG_2000000_YEARS,2022_USD
I0_PHASE1_INDEPENDENT,STACKED_OCCURRENCE_PLUS_AGGREGATE,3,0.29999999999999999,2,underwriting_result_2022_usd,61018.742474220286,61018.742474220286,0,0,defined,data/metadata/phase_2/notebook_11_reinsurance_capital/notebook_11_raroc_assumption_grid.csv,FULL_CATALOG_2000000_YEARS,2022_USD
I0_PHASE1_INDEPENDENT,STACKED_OCCURRENCE_PLUS_AGGREGATE,1.25,0.40000000000000002,2,underwriting_result_2022_usd,-105003.66348167312,-105003.66348167312,0,-0,defined,data/metadata/phase_2/notebook_11_reinsurance_capital/notebook_11_raroc_assumption_grid.csv,FULL_CATALOG_2000000_YEARS,2022_USD
I0_PHASE1_INDEPENDENT,STACKED_OCCURRENCE_PLUS_AGGREGATE,1.5,0.40000000000000002,2,underwriting_result_2022_usd,-86556.729486573851,-86556.729486573851,0,-0,defined,data/metadata/phase_2/notebook_11_reinsurance_capital/notebook_11_raroc_assumption_grid.csv,FULL_CATALOG_2000000_YEARS,2022_USD
I0_PHASE1_INDEPENDENT,STACKED_OCCURRENCE_PLUS_AGGREGATE,2,0.40000000000000002,2,underwriting_result_2022_usd,-49662.861496375321,-49662.861496375321,0,-0,defined,data/metadata/phase_2/notebook_11_reinsurance_capital/notebook_11_raroc_assumption_grid.csv,FULL_CATALOG_2000000_YEARS,2022_USD
I0_PHASE1_INDEPENDENT,STACKED_OCCURRENCE_PLUS_AGGREGATE,2.5,0.40000000000000002,2,underwriting_result_2022_usd,-12768.993506176776,-12768.993506176776,0,-0,defined,data/metadata/phase_2/notebook_11_reinsurance_capital/notebook_11_raroc_assumption_grid.csv,FULL_CATALOG_2000000_YEARS,2022_USD
I0_PHASE1_INDEPENDENT,STACKED_OCCURRENCE_PLUS_AGGREGATE,3,0.40000000000000002,2,underwriting_result_2022_usd,24124.87448402177,24124.87448402177,0,0,defined,data/metadata/phase_2/notebook_11_reinsurance_capital/notebook_11_raroc_assumption_grid.csv,FULL_CATALOG_2000000_YEARS,2022_USD
C1_ALDEA22_SUBDUCTION,NO_REINSURANCE,1.25,0.20000000000000001,0,underwriting_result_2022_usd,1.4551915228366852e-11,1.4551915228366852e-11,0,0,defined,data/metadata/phase_2/notebook_11_reinsurance_capital/notebook_11_raroc_assumption_grid.csv,FULL_CATALOG_2000000_YEARS,2022_USD
C1_ALDEA22_SUBDUCTION,NO_REINSURANCE,1.5,0.20000000000000001,0,underwriting_result_2022_usd,24688.685845633139,24595.911993465692,92.77385216744733,0.37719216181979437,defined,data/metadata/phase_2/notebook_11_reinsurance_capital/notebook_11_raroc_assumption_grid.csv,FULL_CATALOG_2000000_YEARS,2022_USD
C1_ALDEA22_SUBDUCTION,NO_REINSURANCE,2,0.20000000000000001,0,underwriting_result_2022_usd,74066.057536899389,73787.735980397076,278.32155650231289,0.37719216181975496,defined,data/metadata/phase_2/notebook_11_reinsurance_capital/notebook_11_raroc_assumption_grid.csv,FULL_CATALOG_2000000_YEARS,2022_USD
C1_ALDEA22_SUBDUCTION,NO_REINSURANCE,2.5,0.20000000000000001,0,underwriting_result_2022_usd,123443.4292281657,122979.55996732849,463.86926083720755,0.37719216181977067,defined,data/metadata/phase_2/notebook_11_reinsurance_capital/notebook_11_raroc_assumption_grid.csv,FULL_CATALOG_2000000_YEARS,2022_USD
C1_ALDEA22_SUBDUCTION,NO_REINSURANCE,3,0.20000000000000001,0,underwriting_result_2022_usd,172820.80091943196,172171.38395425986,649.41696517210221,0.37719216181977744,defined,data/metadata/phase_2/notebook_11_reinsurance_capital/notebook_11_raroc_assumption_grid.csv,FULL_CATALOG_2000000_YEARS,2022_USD
C1_ALDEA22_SUBDUCTION,NO_REINSURANCE,1.25,0.29999999999999999,0,underwriting_result_2022_usd,-15430.428653520692,-15372.444995916056,-57.983657604636392,0.37719216181967613,defined,data/metadata/phase_2/notebook_11_reinsurance_capital/notebook_11_raroc_assumption_grid.csv,FULL_CATALOG_2000000_YEARS,2022_USD
C1_ALDEA22_SUBDUCTION,NO_REINSURANCE,1.5,0.29999999999999999,0,underwriting_result_2022_usd,6172.1714614082885,6148.9779983664193,23.193463041869109,0.37719216181991294,defined,data/metadata/phase_2/notebook_11_reinsurance_capital/notebook_11_raroc_assumption_grid.csv,FULL_CATALOG_2000000_YEARS,2022_USD
C1_ALDEA22_SUBDUCTION,NO_REINSURANCE,2,0.29999999999999999,0,underwriting_result_2022_usd,49377.371691266264,49191.823986931398,185.54770433486556,0.37719216181973514,defined,data/metadata/phase_2/notebook_11_reinsurance_capital/notebook_11_raroc_assumption_grid.csv,FULL_CATALOG_2000000_YEARS,2022_USD
C1_ALDEA22_SUBDUCTION,NO_REINSURANCE,2.5,0.29999999999999999,0,underwriting_result_2022_usd,92582.571921124283,92234.669975496348,347.90194562793477,0.37719216181980225,defined,data/metadata/phase_2/notebook_11_reinsurance_capital/notebook_11_raroc_assumption_grid.csv,FULL_CATALOG_2000000_YEARS,2022_USD
C1_ALDEA22_SUBDUCTION,NO_REINSURANCE,3,0.29999999999999999,0,underwriting_result_2022_usd,135787.77215098223,135277.51596406131,510.25618692091666,0.37719216181976212,defined,data/metadata/phase_2/notebook_11_reinsurance_capital/notebook_11_raroc_assumption_grid.csv,FULL_CATALOG_2000000_YEARS,2022_USD
C1_ALDEA22_SUBDUCTION,NO_REINSURANCE,1.25,0.40000000000000002,0,underwriting_result_2022_usd,-30860.857307041413,-30744.889991832111,-115.96731520930189,0.37719216181977078,defined,data/metadata/phase_2/notebook_11_reinsurance_capital/notebook_11_raroc_assumption_grid.csv,FULL_CATALOG_2000000_YEARS,2022_USD
C1_ALDEA22_SUBDUCTION,NO_REINSURANCE,1.5,0.40000000000000002,0,underwriting_result_2022_usd,-12344.342922816562,-12297.955996732839,-46.386926083723665,0.37719216181979465,defined,data/metadata/phase_2/notebook_11_reinsurance_capital/notebook_11_raroc_assumption_grid.csv,FULL_CATALOG_2000000_YEARS,2022_USD
C1_ALDEA22_SUBDUCTION,NO_REINSURANCE,2,0.40000000000000002,0,underwriting_result_2022_usd,24688.685845633139,24595.911993465692,92.77385216744733,0.37719216181979437,defined,data/metadata/phase_2/notebook_11_reinsurance_capital/notebook_11_raroc_assumption_grid.csv,FULL_CATALOG_2000000_YEARS,2022_USD
C1_ALDEA22_SUBDUCTION,NO_REINSURANCE,2.5,0.40000000000000002,0,underwriting_result_2022_usd,61721.714614082841,61489.779983664237,231.93463041860377,0.37719216181977067,defined,data/metadata/phase_2/notebook_11_reinsurance_capital/notebook_11_raroc_assumption_grid.csv,FULL_CATALOG_2000000_YEARS,2022_USD
C1_ALDEA22_SUBDUCTION,NO_REINSURANCE,3,0.40000000000000002,0,underwriting_result_2022_usd,98754.743382532542,98383.647973862782,371.09540866976022,0.37719216181976478,defined,data/metadata/phase_2/notebook_11_reinsurance_capital/notebook_11_raroc_assumption_grid.csv,FULL_CATALOG_2000000_YEARS,2022_USD
C1_ALDEA22_SUBDUCTION,FROZEN_OCCURRENCE_XOL,1.25,0.20000000000000001,1,underwriting_result_2022_usd,1.4551915228366852e-11,2.1827872842550278e-11,-7.2759576141834259e-12,-33.333333333333336,defined,data/metadata/phase_2/notebook_11_reinsurance_capital/notebook_11_raroc_assumption_grid.csv,FULL_CATALOG_2000000_YEARS,2022_USD
C1_ALDEA22_SUBDUCTION,FROZEN_OCCURRENCE_XOL,1.5,0.20000000000000001,1,underwriting_result_2022_usd,24688.685845633139,24595.911993465699,92.773852167440054,0.37719216181976473,defined,data/metadata/phase_2/notebook_11_reinsurance_capital/notebook_11_raroc_assumption_grid.csv,FULL_CATALOG_2000000_YEARS,2022_USD
C1_ALDEA22_SUBDUCTION,FROZEN_OCCURRENCE_XOL,2,0.20000000000000001,1,underwriting_result_2022_usd,74066.057536899403,73787.73598039709,278.32155650231289,0.3771921618197549,defined,data/metadata/phase_2/notebook_11_reinsurance_capital/notebook_11_raroc_assumption_grid.csv,FULL_CATALOG_2000000_YEARS,2022_USD
C1_ALDEA22_SUBDUCTION,FROZEN_OCCURRENCE_XOL,2.5,0.20000000000000001,1,underwriting_result_2022_usd,123443.42922816571,122979.5599673285,463.86926083720755,0.37719216181977061,defined,data/metadata/phase_2/notebook_11_reinsurance_capital/notebook_11_raroc_assumption_grid.csv,FULL_CATALOG_2000000_YEARS,2022_USD
C1_ALDEA22_SUBDUCTION,FROZEN_OCCURRENCE_XOL,3,0.20000000000000001,1,underwriting_result_2022_usd,172820.80091943196,172171.38395425986,649.41696517210221,0.37719216181977744,defined,data/metadata/phase_2/notebook_11_reinsurance_capital/notebook_11_raroc_assumption_grid.csv,FULL_CATALOG_2000000_YEARS,2022_USD
C1_ALDEA22_SUBDUCTION,FROZEN_OCCURRENCE_XOL,1.25,0.29999999999999999,1,underwriting_result_2022_usd,-15430.428653520692,-15372.444995916048,-57.983657604643668,0.37719216181972365,defined,data/metadata/phase_2/notebook_11_reinsurance_capital/notebook_11_raroc_assumption_grid.csv,FULL_CATALOG_2000000_YEARS,2022_USD
C1_ALDEA22_SUBDUCTION,FROZEN_OCCURRENCE_XOL,1.5,0.29999999999999999,1,underwriting_result_2022_usd,6172.1714614082885,6148.9779983664266,23.193463041861833,0.37719216181979415,defined,data/metadata/phase_2/notebook_11_reinsurance_capital/notebook_11_raroc_assumption_grid.csv,FULL_CATALOG_2000000_YEARS,2022_USD
C1_ALDEA22_SUBDUCTION,FROZEN_OCCURRENCE_XOL,2,0.29999999999999999,1,underwriting_result_2022_usd,49377.371691266264,49191.823986931406,185.54770433485828,0.37719216181972026,defined,data/metadata/phase_2/notebook_11_reinsurance_capital/notebook_11_raroc_assumption_grid.csv,FULL_CATALOG_2000000_YEARS,2022_USD
C1_ALDEA22_SUBDUCTION,FROZEN_OCCURRENCE_XOL,2.5,0.29999999999999999,1,underwriting_result_2022_usd,92582.571921124298,92234.669975496363,347.90194562793477,0.3771921618198022,defined,data/metadata/phase_2/notebook_11_reinsurance_capital/notebook_11_raroc_assumption_grid.csv,FULL_CATALOG_2000000_YEARS,2022_USD
C1_ALDEA22_SUBDUCTION,FROZEN_OCCURRENCE_XOL,3,0.29999999999999999,1,underwriting_result_2022_usd,135787.77215098223,135277.51596406131,510.25618692091666,0.37719216181976212,defined,data/metadata/phase_2/notebook_11_reinsurance_capital/notebook_11_raroc_assumption_grid.csv,FULL_CATALOG_2000000_YEARS,2022_USD
C1_ALDEA22_SUBDUCTION,FROZEN_OCCURRENCE_XOL,1.25,0.40000000000000002,1,underwriting_result_2022_usd,-30860.857307041413,-30744.889991832104,-115.96731520930916,0.37719216181979454,defined,data/metadata/phase_2/notebook_11_reinsurance_capital/notebook_11_raroc_assumption_grid.csv,FULL_CATALOG_2000000_YEARS,2022_USD
C1_ALDEA22_SUBDUCTION,FROZEN_OCCURRENCE_XOL,1.5,0.40000000000000002,1,underwriting_result_2022_usd,-12344.342922816562,-12297.955996732831,-46.386926083730941,0.37719216181985399,defined,data/metadata/phase_2/notebook_11_reinsurance_capital/notebook_11_raroc_assumption_grid.csv,FULL_CATALOG_2000000_YEARS,2022_USD
C1_ALDEA22_SUBDUCTION,FROZEN_OCCURRENCE_XOL,2,0.40000000000000002,1,underwriting_result_2022_usd,24688.685845633139,24595.911993465699,92.773852167440054,0.37719216181976473,defined,data/metadata/phase_2/notebook_11_reinsurance_capital/notebook_11_raroc_assumption_grid.csv,FULL_CATALOG_2000000_YEARS,2022_USD
C1_ALDEA22_SUBDUCTION,FROZEN_OCCURRENCE_XOL,2.5,0.40000000000000002,1,underwriting_result_2022_usd,61721.714614082841,61489.779983664244,231.9346304185965,0.37719216181975879,defined,data/metadata/phase_2/notebook_11_reinsurance_capital/notebook_11_raroc_assumption_grid.csv,FULL_CATALOG_2000000_YEARS,2022_USD
C1_ALDEA22_SUBDUCTION,FROZEN_OCCURRENCE_XOL,3,0.40000000000000002,1,underwriting_result_2022_usd,98754.743382532557,98383.647973862768,371.09540866978932,0.37719216181979437,defined,data/metadata/phase_2/notebook_11_reinsurance_capital/notebook_11_raroc_assumption_grid.csv,FULL_CATALOG_2000000_YEARS,2022_USD
C1_ALDEA22_SUBDUCTION,FROZEN_OCCURRENCE_XOL,1.25,0.20000000000000001,1.25,underwriting_result_2022_usd,-14663.673582687727,-15919.149331816487,1255.4757491287601,-7.8865756138082626,defined,data/metadata/phase_2/notebook_11_reinsurance_capital/notebook_11_raroc_assumption_grid.csv,FULL_CATALOG_2000000_YEARS,2022_USD
C1_ALDEA22_SUBDUCTION,FROZEN_OCCURRENCE_XOL,1.5,0.20000000000000001,1.25,underwriting_result_2022_usd,10025.012262945398,8676.7626616491907,1348.2496012962074,15.538624875097666,defined,data/metadata/phase_2/notebook_11_reinsurance_capital/notebook_11_raroc_assumption_grid.csv,FULL_CATALOG_2000000_YEARS,2022_USD
C1_ALDEA22_SUBDUCTION,FROZEN_OCCURRENCE_XOL,2,0.20000000000000001,1.25,underwriting_result_2022_usd,59402.383954211662,57868.586648580589,1533.797305631073,2.6504834392195997,defined,data/metadata/phase_2/notebook_11_reinsurance_capital/notebook_11_raroc_assumption_grid.csv,FULL_CATALOG_2000000_YEARS,2022_USD
C1_ALDEA22_SUBDUCTION,FROZEN_OCCURRENCE_XOL,2.5,0.20000000000000001,1.25,underwriting_result_2022_usd,108779.75564547797,107060.410635512,1719.3450099659676,1.605957795005561,defined,data/metadata/phase_2/notebook_11_reinsurance_capital/notebook_11_raroc_assumption_grid.csv,FULL_CATALOG_2000000_YEARS,2022_USD
C1_ALDEA22_SUBDUCTION,FROZEN_OCCURRENCE_XOL,3,0.20000000000000001,1.25,underwriting_result_2022_usd,158157.12733674422,156252.23462244336,1904.8927143008623,1.2191139018931203,defined,data/metadata/phase_2/notebook_11_reinsurance_capital/notebook_11_raroc_assumption_grid.csv,FULL_CATALOG_2000000_YEARS,2022_USD
C1_ALDEA22_SUBDUCTION,FROZEN_OCCURRENCE_XOL,1.25,0.29999999999999999,1.25,underwriting_result_2022_usd,-30094.102236208433,-31291.594327732557,1197.4920915241237,-3.8268810434591112,defined,data/metadata/phase_2/notebook_11_reinsurance_capital/notebook_11_raroc_assumption_grid.csv,FULL_CATALOG_2000000_YEARS,2022_USD
C1_ALDEA22_SUBDUCTION,FROZEN_OCCURRENCE_XOL,1.5,0.29999999999999999,1.25,underwriting_result_2022_usd,-8491.5021212794527,-9770.1713334500819,1278.6692121706292,-13.087479927735314,defined,data/metadata/phase_2/notebook_11_reinsurance_capital/notebook_11_raroc_assumption_grid.csv,FULL_CATALOG_2000000_YEARS,2022_USD
C1_ALDEA22_SUBDUCTION,FROZEN_OCCURRENCE_XOL,2,0.29999999999999999,1.25,underwriting_result_2022_usd,34713.698108578523,33272.674655114897,1441.0234534636256,4.3309516544745277,defined,data/metadata/phase_2/notebook_11_reinsurance_capital/notebook_11_raroc_assumption_grid.csv,FULL_CATALOG_2000000_YEARS,2022_USD
C1_ALDEA22_SUBDUCTION,FROZEN_OCCURRENCE_XOL,2.5,0.29999999999999999,1.25,underwriting_result_2022_usd,77918.898338436557,76315.520643679862,1603.3776947566948,2.1009850699216583,defined,data/metadata/phase_2/notebook_11_reinsurance_capital/notebook_11_raroc_assumption_grid.csv,FULL_CATALOG_2000000_YEARS,2022_USD
C1_ALDEA22_SUBDUCTION,FROZEN_OCCURRENCE_XOL,3,0.29999999999999999,1.25,underwriting_result_2022_usd,121124.09856829449,119358.36663224481,1765.7319360496767,1.4793533003765671,defined,data/metadata/phase_2/notebook_11_reinsurance_capital/notebook_11_raroc_assumption_grid.csv,FULL_CATALOG_2000000_YEARS,2022_USD
C1_ALDEA22_SUBDUCTION,FROZEN_OCCURRENCE_XOL,1.25,0.40000000000000002,1.25,underwriting_result_2022_usd,-45524.530889729154,-46664.039323648612,1139.5084339194582,-2.4419412687704747,defined,data/metadata/phase_2/notebook_11_reinsurance_capital/notebook_11_raroc_assumption_grid.csv,FULL_CATALOG_2000000_YEARS,2022_USD
C1_ALDEA22_SUBDUCTION,FROZEN_OCCURRENCE_XOL,1.5,0.40000000000000002,1.25,underwriting_result_2022_usd,-27008.016505504303,-28217.10532854934,1209.0888230450364,-4.2849498875482155,defined,data/metadata/phase_2/notebook_11_reinsurance_capital/notebook_11_raroc_assumption_grid.csv,FULL_CATALOG_2000000_YEARS,2022_USD
C1_ALDEA22_SUBDUCTION,FROZEN_OCCURRENCE_XOL,2,0.40000000000000002,1.25,underwriting_result_2022_usd,10025.012262945398,8676.7626616491907,1348.2496012962074,15.538624875097666,defined,data/metadata/phase_2/notebook_11_reinsurance_capital/notebook_11_raroc_assumption_grid.csv,FULL_CATALOG_2000000_YEARS,2022_USD
C1_ALDEA22_SUBDUCTION,FROZEN_OCCURRENCE_XOL,2.5,0.40000000000000002,1.25,underwriting_result_2022_usd,47058.0410313951,45570.630651847736,1487.4103795473638,3.2639670732471076,defined,data/metadata/phase_2/notebook_11_reinsurance_capital/notebook_11_raroc_assumption_grid.csv,FULL_CATALOG_2000000_YEARS,2022_USD
C1_ALDEA22_SUBDUCTION,FROZEN_OCCURRENCE_XOL,3,0.40000000000000002,1.25,underwriting_result_2022_usd,84091.069799844816,82464.498642046266,1626.5711577985494,1.9724501871514535,defined,data/metadata/phase_2/notebook_11_reinsurance_capital/notebook_11_raroc_assumption_grid.csv,FULL_CATALOG_2000000_YEARS,2022_USD
C1_ALDEA22_SUBDUCTION,FROZEN_OCCURRENCE_XOL,1.25,0.20000000000000001,1.5,underwriting_result_2022_usd,-29327.347165375468,-31838.298663633002,2510.9514982575347,-7.8865756138083016,defined,data/metadata/phase_2/notebook_11_reinsurance_capital/notebook_11_raroc_assumption_grid.csv,FULL_CATALOG_2000000_YEARS,2022_USD
C1_ALDEA22_SUBDUCTION,FROZEN_OCCURRENCE_XOL,1.5,0.20000000000000001,1.5,underwriting_result_2022_usd,-4638.661319742343,-7242.3866701673251,2603.725350424982,-35.9512059905637,defined,data/metadata/phase_2/notebook_11_reinsurance_capital/notebook_11_raroc_assumption_grid.csv,FULL_CATALOG_2000000_YEARS,2022_USD
C1_ALDEA22_SUBDUCTION,FROZEN_OCCURRENCE_XOL,2,0.20000000000000001,1.5,underwriting_result_2022_usd,44738.710371523921,41949.437316764073,2789.2730547598476,6.6491310329094269,defined,data/metadata/phase_2/notebook_11_reinsurance_capital/notebook_11_raroc_assumption_grid.csv,FULL_CATALOG_2000000_YEARS,2022_USD
C1_ALDEA22_SUBDUCTION,FROZEN_OCCURRENCE_XOL,2.5,0.20000000000000001,1.5,underwriting_result_2022_usd,94116.082062790229,91141.261303695486,2974.8207590947422,3.2639670732471231,defined,data/metadata/phase_2/notebook_11_reinsurance_capital/notebook_11_raroc_assumption_grid.csv,FULL_CATALOG_2000000_YEARS,2022_USD
C1_ALDEA22_SUBDUCTION,FROZEN_OCCURRENCE_XOL,3,0.20000000000000001,1.5,underwriting_result_2022_usd,143493.45375405648,140333.08529062686,3160.3684634296224,2.2520480162497432,defined,data/metadata/phase_2/notebook_11_reinsurance_capital/notebook_11_raroc_assumption_grid.csv,FULL_CATALOG_2000000_YEARS,2022_USD
C1_ALDEA22_SUBDUCTION,FROZEN_OCCURRENCE_XOL,1.25,0.29999999999999999,1.5,underwriting_result_2022_usd,-44757.775818896174,-47210.743659549073,2452.9678406528983,-5.1957831004357615,defined,data/metadata/phase_2/notebook_11_reinsurance_capital/notebook_11_raroc_assumption_grid.csv,FULL_CATALOG_2000000_YEARS,2022_USD
C1_ALDEA22_SUBDUCTION,FROZEN_OCCURRENCE_XOL,1.5,0.29999999999999999,1.5,underwriting_result_2022_usd,-23155.175703967194,-25689.320665266598,2534.1449612994038,-9.8645853439235154,defined,data/metadata/phase_2/notebook_11_reinsurance_capital/notebook_11_raroc_assumption_grid.csv,FULL_CATALOG_2000000_YEARS,2022_USD
C1_ALDEA22_SUBDUCTION,FROZEN_OCCURRENCE_XOL,2,0.29999999999999999,1.5,underwriting_result_2022_usd,20050.024525890782,17353.525323298381,2696.4992025924003,15.538624875097581,defined,data/metadata/phase_2/notebook_11_reinsurance_capital/notebook_11_raroc_assumption_grid.csv,FULL_CATALOG_2000000_YEARS,2022_USD
C1_ALDEA22_SUBDUCTION,FROZEN_OCCURRENCE_XOL,2.5,0.29999999999999999,1.5,underwriting_result_2022_usd,63255.224755748815,60396.371311863346,2858.8534438854695,4.7334854425665132,defined,data/metadata/phase_2/notebook_11_reinsurance_capital/notebook_11_raroc_assumption_grid.csv,FULL_CATALOG_2000000_YEARS,2022_USD
C1_ALDEA22_SUBDUCTION,FROZEN_OCCURRENCE_XOL,3,0.29999999999999999,1.5,underwriting_result_2022_usd,106460.42498560675,103439.2173004283,3021.2076851784514,2.920756521584722,defined,data/metadata/phase_2/notebook_11_reinsurance_capital/notebook_11_raroc_assumption_grid.csv,FULL_CATALOG_2000000_YEARS,2022_USD
C1_ALDEA22_SUBDUCTION,FROZEN_OCCURRENCE_XOL,1.25,0.40000000000000002,1.5,underwriting_result_2022_usd,-60188.204472416895,-62583.188655465128,2394.9841830482328,-3.8268810434590868,defined,data/metadata/phase_2/notebook_11_reinsurance_capital/notebook_11_raroc_assumption_grid.csv,FULL_CATALOG_2000000_YEARS,2022_USD
C1_ALDEA22_SUBDUCTION,FROZEN_OCCURRENCE_XOL,1.5,0.40000000000000002,1.5,underwriting_result_2022_usd,-41671.690088192045,-44136.254660365856,2464.564572173811,-5.5839911907771782,defined,data/metadata/phase_2/notebook_11_reinsurance_capital/notebook_11_raroc_assumption_grid.csv,FULL_CATALOG_2000000_YEARS,2022_USD
C1_ALDEA22_SUBDUCTION,FROZEN_OCCURRENCE_XOL,2,0.40000000000000002,1.5,underwriting_result_2022_usd,-4638.661319742343,-7242.3866701673251,2603.725350424982,-35.9512059905637,defined,data/metadata/phase_2/notebook_11_reinsurance_capital/notebook_11_raroc_assumption_grid.csv,FULL_CATALOG_2000000_YEARS,2022_USD
C1_ALDEA22_SUBDUCTION,FROZEN_OCCURRENCE_XOL,2.5,0.40000000000000002,1.5,underwriting_result_2022_usd,32394.367448707359,29651.48132003122,2742.8861286761385,9.2504185510056356,defined,data/metadata/phase_2/notebook_11_reinsurance_capital/notebook_11_raroc_assumption_grid.csv,FULL_CATALOG_2000000_YEARS,2022_USD
C1_ALDEA22_SUBDUCTION,FROZEN_OCCURRENCE_XOL,3,0.40000000000000002,1.5,underwriting_result_2022_usd,69427.396217157075,66545.349310229751,2882.046906927324,4.3309516544746405,defined,data/metadata/phase_2/notebook_11_reinsurance_capital/notebook_11_raroc_assumption_grid.csv,FULL_CATALOG_2000000_YEARS,2022_USD
C1_ALDEA22_SUBDUCTION,FROZEN_OCCURRENCE_XOL,1.25,0.20000000000000001,2,underwriting_result_2022_usd,-58654.69433075095,-63676.597327266034,5021.9029965150839,-7.8865756138083203,defined,data/metadata/phase_2/notebook_11_reinsurance_capital/notebook_11_raroc_assumption_grid.csv,FULL_CATALOG_2000000_YEARS,2022_USD
C1_ALDEA22_SUBDUCTION,FROZEN_OCCURRENCE_XOL,1.5,0.20000000000000001,2,underwriting_result_2022_usd,-33966.008485117825,-39080.685333800357,5114.6768486825313,-13.087479927735341,defined,data/metadata/phase_2/notebook_11_reinsurance_capital/notebook_11_raroc_assumption_grid.csv,FULL_CATALOG_2000000_YEARS,2022_USD
C1_ALDEA22_SUBDUCTION,FROZEN_OCCURRENCE_XOL,2,0.20000000000000001,2,underwriting_result_2022_usd,15411.363206148439,10111.138653131042,5300.2245530173968,52.419660483798388,defined,data/metadata/phase_2/notebook_11_reinsurance_capital/notebook_11_raroc_assumption_grid.csv,FULL_CATALOG_2000000_YEARS,2022_USD
C1_ALDEA22_SUBDUCTION,FROZEN_OCCURRENCE_XOL,2.5,0.20000000000000001,2,underwriting_result_2022_usd,64788.734897414746,59302.962640062455,5485.7722573522915,9.2504185510056587,defined,data/metadata/phase_2/notebook_11_reinsurance_capital/notebook_11_raroc_assumption_grid.csv,FULL_CATALOG_2000000_YEARS,2022_USD
C1_ALDEA22_SUBDUCTION,FROZEN_OCCURRENCE_XOL,3,0.20000000000000001,2,underwriting_result_2022_usd,114166.106588681,108494.78662699381,5671.3199616871862,5.227274174182436,defined,data/metadata/phase_2/notebook_11_reinsurance_capital/notebook_11_raroc_assumption_grid.csv,FULL_CATALOG_2000000_YEARS,2022_USD
C1_ALDEA22_SUBDUCTION,FROZEN_OCCURRENCE_XOL,1.25,0.29999999999999999,2,underwriting_result_2022_usd,-74085.122984271657,-79049.042323182104,4963.9193389104476,-6.2795439299771472,defined,data/metadata/phase_2/notebook_11_reinsurance_capital/notebook_11_raroc_assumption_grid.csv,FULL_CATALOG_2000000_YEARS,2022_USD
C1_ALDEA22_SUBDUCTION,FROZEN_OCCURRENCE_XOL,1.5,0.29999999999999999,2,underwriting_result_2022_usd,-52482.522869342676,-57527.619328899629,5045.0964595569531,-8.7698683144054481,defined,data/metadata/phase_2/notebook_11_reinsurance_capital/notebook_11_raroc_assumption_grid.csv,FULL_CATALOG_2000000_YEARS,2022_USD
C1_ALDEA22_SUBDUCTION,FROZEN_OCCURRENCE_XOL,2,0.29999999999999999,2,underwriting_result_2022_usd,-9277.3226394847006,-14484.77334033465,5207.4507008499495,-35.951205990563594,defined,data/metadata/phase_2/notebook_11_reinsurance_capital/notebook_11_raroc_assumption_grid.csv,FULL_CATALOG_2000000_YEARS,2022_USD
C1_ALDEA22_SUBDUCTION,FROZEN_OCCURRENCE_XOL,2.5,0.29999999999999999,2,underwriting_result_2022_usd,33927.877590373333,28558.072648230314,5369.8049421430187,18.803106947330267,defined,data/metadata/phase_2/notebook_11_reinsurance_capital/notebook_11_raroc_assumption_grid.csv,FULL_CATALOG_2000000_YEARS,2022_USD
C1_ALDEA22_SUBDUCTION,FROZEN_OCCURRENCE_XOL,3,0.29999999999999999,2,underwriting_result_2022_usd,77133.077820231265,71600.918636795264,5532.1591834360006,7.726380176068103,defined,data/metadata/phase_2/notebook_11_reinsurance_capital/notebook_11_raroc_assumption_grid.csv,FULL_CATALOG_2000000_YEARS,2022_USD
C1_ALDEA22_SUBDUCTION,FROZEN_OCCURRENCE_XOL,1.25,0.40000000000000002,2,underwriting_result_2022_usd,-89515.551637792378,-94421.48731909816,4905.9356813057821,-5.1957831004357447,defined,data/metadata/phase_2/notebook_11_reinsurance_capital/notebook_11_raroc_assumption_grid.csv,FULL_CATALOG_2000000_YEARS,2022_USD
C1_ALDEA22_SUBDUCTION,FROZEN_OCCURRENCE_XOL,1.5,0.40000000000000002,2,underwriting_result_2022_usd,-70999.037253567527,-75974.553323998887,4975.5160704313603,-6.5489244131688649,defined,data/metadata/phase_2/notebook_11_reinsurance_capital/notebook_11_raroc_assumption_grid.csv,FULL_CATALOG_2000000_YEARS,2022_USD
C1_ALDEA22_SUBDUCTION,FROZEN_OCCURRENCE_XOL,2,0.40000000000000002,2,underwriting_result_2022_usd,-33966.008485117825,-39080.685333800357,5114.6768486825313,-13.087479927735341,defined,data/metadata/phase_2/notebook_11_reinsurance_capital/notebook_11_raroc_assumption_grid.csv,FULL_CATALOG_2000000_YEARS,2022_USD
C1_ALDEA22_SUBDUCTION,FROZEN_OCCURRENCE_XOL,2.5,0.40000000000000002,2,underwriting_result_2022_usd,3067.0202833318763,-2186.8173436018114,5253.8376269336877,-240.25040967895021,defined,data/metadata/phase_2/notebook_11_reinsurance_capital/notebook_11_raroc_assumption_grid.csv,FULL_CATALOG_2000000_YEARS,2022_USD
C1_ALDEA22_SUBDUCTION,FROZEN_OCCURRENCE_XOL,3,0.40000000000000002,2,underwriting_result_2022_usd,40100.049051781592,34707.050646596719,5392.9984051848733,15.538624875097812,defined,data/metadata/phase_2/notebook_11_reinsurance_capital/notebook_11_raroc_assumption_grid.csv,FULL_CATALOG_2000000_YEARS,2022_USD
C1_ALDEA22_SUBDUCTION,STANDALONE_AGGREGATE,1.25,0.20000000000000001,1,underwriting_result_2022_usd,2.1827872842550278e-11,2.9103830456733704e-11,-7.2759576141834259e-12,-25,defined,data/metadata/phase_2/notebook_11_reinsurance_capital/notebook_11_raroc_assumption_grid.csv,FULL_CATALOG_2000000_YEARS,2022_USD
C1_ALDEA22_SUBDUCTION,STANDALONE_AGGREGATE,1.5,0.20000000000000001,1,underwriting_result_2022_usd,24688.685845633147,24595.911993465699,92.77385216744733,0.37719216181979426,defined,data/metadata/phase_2/notebook_11_reinsurance_capital/notebook_11_raroc_assumption_grid.csv,FULL_CATALOG_2000000_YEARS,2022_USD
C1_ALDEA22_SUBDUCTION,STANDALONE_AGGREGATE,2,0.20000000000000001,1,underwriting_result_2022_usd,74066.057536899403,73787.73598039709,278.32155650231289,0.3771921618197549,defined,data/metadata/phase_2/notebook_11_reinsurance_capital/notebook_11_raroc_assumption_grid.csv,FULL_CATALOG_2000000_YEARS,2022_USD
C1_ALDEA22_SUBDUCTION,STANDALONE_AGGREGATE,2.5,0.20000000000000001,1,underwriting_result_2022_usd,123443.42922816571,122979.5599673285,463.86926083720755,0.37719216181977061,defined,data/metadata/phase_2/notebook_11_reinsurance_capital/notebook_11_raroc_assumption_grid.csv,FULL_CATALOG_2000000_YEARS,2022_USD
C1_ALDEA22_SUBDUCTION,STANDALONE_AGGREGATE,3,0.20000000000000001,1,underwriting_result_2022_usd,172820.80091943196,172171.38395425986,649.41696517210221,0.37719216181977744,defined,data/metadata/phase_2/notebook_11_reinsurance_capital/notebook_11_raroc_assumption_grid.csv,FULL_CATALOG_2000000_YEARS,2022_USD
C1_ALDEA22_SUBDUCTION,STANDALONE_AGGREGATE,1.25,0.29999999999999999,1,underwriting_result_2022_usd,-15430.428653520685,-15372.444995916041,-57.983657604643668,0.37719216181972381,defined,data/metadata/phase_2/notebook_11_reinsurance_capital/notebook_11_raroc_assumption_grid.csv,FULL_CATALOG_2000000_YEARS,2022_USD
C1_ALDEA22_SUBDUCTION,STANDALONE_AGGREGATE,1.5,0.29999999999999999,1,underwriting_result_2022_usd,6172.1714614082957,6148.9779983664266,23.193463041869109,0.3771921618199125,defined,data/metadata/phase_2/notebook_11_reinsurance_capital/notebook_11_raroc_assumption_grid.csv,FULL_CATALOG_2000000_YEARS,2022_USD
C1_ALDEA22_SUBDUCTION,STANDALONE_AGGREGATE,2,0.29999999999999999,1,underwriting_result_2022_usd,49377.371691266271,49191.823986931406,185.54770433486556,0.37719216181973508,defined,data/metadata/phase_2/notebook_11_reinsurance_capital/notebook_11_raroc_assumption_grid.csv,FULL_CATALOG_2000000_YEARS,2022_USD
C1_ALDEA22_SUBDUCTION,STANDALONE_AGGREGATE,2.5,0.29999999999999999,1,underwriting_result_2022_usd,92582.571921124298,92234.669975496363,347.90194562793477,0.3771921618198022,defined,data/metadata/phase_2/notebook_11_reinsurance_capital/notebook_11_raroc_assumption_grid.csv,FULL_CATALOG_2000000_YEARS,2022_USD
C1_ALDEA22_SUBDUCTION,STANDALONE_AGGREGATE,3,0.29999999999999999,1,underwriting_result_2022_usd,135787.77215098226,135277.51596406131,510.25618692094577,0.3771921618197836,defined,data/metadata/phase_2/notebook_11_reinsurance_capital/notebook_11_raroc_assumption_grid.csv,FULL_CATALOG_2000000_YEARS,2022_USD
C1_ALDEA22_SUBDUCTION,STANDALONE_AGGREGATE,1.25,0.40000000000000002,1,underwriting_result_2022_usd,-30860.857307041406,-30744.889991832097,-115.96731520930916,0.37719216181979465,defined,data/metadata/phase_2/notebook_11_reinsurance_capital/notebook_11_raroc_assumption_grid.csv,FULL_CATALOG_2000000_YEARS,2022_USD
C1_ALDEA22_SUBDUCTION,STANDALONE_AGGREGATE,1.5,0.40000000000000002,1,underwriting_result_2022_usd,-12344.342922816555,-12297.955996732824,-46.386926083730941,0.37719216181985421,defined,data/metadata/phase_2/notebook_11_reinsurance_capital/notebook_11_raroc_assumption_grid.csv,FULL_CATALOG_2000000_YEARS,2022_USD
C1_ALDEA22_SUBDUCTION,STANDALONE_AGGREGATE,2,0.40000000000000002,1,underwriting_result_2022_usd,24688.685845633147,24595.911993465699,92.77385216744733,0.37719216181979426,defined,data/metadata/phase_2/notebook_11_reinsurance_capital/notebook_11_raroc_assumption_grid.csv,FULL_CATALOG_2000000_YEARS,2022_USD
C1_ALDEA22_SUBDUCTION,STANDALONE_AGGREGATE,2.5,0.40000000000000002,1,underwriting_result_2022_usd,61721.714614082848,61489.779983664244,231.93463041860377,0.37719216181977067,defined,data/metadata/phase_2/notebook_11_reinsurance_capital/notebook_11_raroc_assumption_grid.csv,FULL_CATALOG_2000000_YEARS,2022_USD
C1_ALDEA22_SUBDUCTION,STANDALONE_AGGREGATE,3,0.40000000000000002,1,underwriting_result_2022_usd,98754.743382532557,98383.647973862797,371.09540866976022,0.37719216181976473,defined,data/metadata/phase_2/notebook_11_reinsurance_capital/notebook_11_raroc_assumption_grid.csv,FULL_CATALOG_2000000_YEARS,2022_USD
C1_ALDEA22_SUBDUCTION,STANDALONE_AGGREGATE,1.25,0.20000000000000001,1.25,underwriting_result_2022_usd,-14646.29499712988,-15915.638476588116,1269.3434794582354,-7.9754480558567478,defined,data/metadata/phase_2/notebook_11_reinsurance_capital/notebook_11_raroc_assumption_grid.csv,FULL_CATALOG_2000000_YEARS,2022_USD
C1_ALDEA22_SUBDUCTION,STANDALONE_AGGREGATE,1.5,0.20000000000000001,1.25,underwriting_result_2022_usd,10042.390848503244,8680.2735168775544,1362.11733162569,15.692101510133835,defined,data/metadata/phase_2/notebook_11_reinsurance_capital/notebook_11_raroc_assumption_grid.csv,FULL_CATALOG_2000000_YEARS,2022_USD
C1_ALDEA22_SUBDUCTION,STANDALONE_AGGREGATE,2,0.20000000000000001,1.25,underwriting_result_2022_usd,59419.762539769494,57872.097503808938,1547.6650359605555,2.6742853684518582,defined,data/metadata/phase_2/notebook_11_reinsurance_capital/notebook_11_raroc_assumption_grid.csv,FULL_CATALOG_2000000_YEARS,2022_USD
C1_ALDEA22_SUBDUCTION,STANDALONE_AGGREGATE,2.5,0.20000000000000001,1.25,underwriting_result_2022_usd,108797.1342310358,107063.92149074035,1733.2127402954502,1.6188578899058454,defined,data/metadata/phase_2/notebook_11_reinsurance_capital/notebook_11_raroc_assumption_grid.csv,FULL_CATALOG_2000000_YEARS,2022_USD
C1_ALDEA22_SUBDUCTION,STANDALONE_AGGREGATE,3,0.20000000000000001,1.25,underwriting_result_2022_usd,158174.50592230205,156255.74547767171,1918.7604446303449,1.2279615311198446,defined,data/metadata/phase_2/notebook_11_reinsurance_capital/notebook_11_raroc_assumption_grid.csv,FULL_CATALOG_2000000_YEARS,2022_USD
C1_ALDEA22_SUBDUCTION,STANDALONE_AGGREGATE,1.25,0.29999999999999999,1.25,underwriting_result_2022_usd,-30076.723650650587,-31288.083472504186,1211.359821853599,-3.8716331823843926,defined,data/metadata/phase_2/notebook_11_reinsurance_capital/notebook_11_raroc_assumption_grid.csv,FULL_CATALOG_2000000_YEARS,2022_USD
C1_ALDEA22_SUBDUCTION,STANDALONE_AGGREGATE,1.5,0.29999999999999999,1.25,underwriting_result_2022_usd,-8474.1235357216065,-9766.6604782217182,1292.5369425001118,-13.234175032318239,defined,data/metadata/phase_2/notebook_11_reinsurance_capital/notebook_11_raroc_assumption_grid.csv,FULL_CATALOG_2000000_YEARS,2022_USD
C1_ALDEA22_SUBDUCTION,STANDALONE_AGGREGATE,2,0.29999999999999999,1.25,underwriting_result_2022_usd,34731.076694136369,33276.185510343261,1454.8911837931082,4.3721693501825305,defined,data/metadata/phase_2/notebook_11_reinsurance_capital/notebook_11_raroc_assumption_grid.csv,FULL_CATALOG_2000000_YEARS,2022_USD
C1_ALDEA22_SUBDUCTION,STANDALONE_AGGREGATE,2.5,0.29999999999999999,1.25,underwriting_result_2022_usd,77936.276923994388,76319.031498908211,1617.2454250861774,2.1190591564429289,defined,data/metadata/phase_2/notebook_11_reinsurance_capital/notebook_11_raroc_assumption_grid.csv,FULL_CATALOG_2000000_YEARS,2022_USD
C1_ALDEA22_SUBDUCTION,STANDALONE_AGGREGATE,3,0.29999999999999999,1.25,underwriting_result_2022_usd,121141.47715385235,119361.87748747316,1779.5996663791884,1.4909280113878525,defined,data/metadata/phase_2/notebook_11_reinsurance_capital/notebook_11_raroc_assumption_grid.csv,FULL_CATALOG_2000000_YEARS,2022_USD
C1_ALDEA22_SUBDUCTION,STANDALONE_AGGREGATE,1.25,0.40000000000000002,1.25,underwriting_result_2022_usd,-45507.152304171308,-46660.528468420242,1153.3761642489335,-2.4718454807676178,defined,data/metadata/phase_2/notebook_11_reinsurance_capital/notebook_11_raroc_assumption_grid.csv,FULL_CATALOG_2000000_YEARS,2022_USD
C1_ALDEA22_SUBDUCTION,STANDALONE_AGGREGATE,1.5,0.40000000000000002,1.25,underwriting_result_2022_usd,-26990.637919946457,-28213.594473320969,1222.9565533745117,-4.3346357534519413,defined,data/metadata/phase_2/notebook_11_reinsurance_capital/notebook_11_raroc_assumption_grid.csv,FULL_CATALOG_2000000_YEARS,2022_USD
C1_ALDEA22_SUBDUCTION,STANDALONE_AGGREGATE,2,0.40000000000000002,1.25,underwriting_result_2022_usd,10042.390848503244,8680.2735168775544,1362.11733162569,15.692101510133835,defined,data/metadata/phase_2/notebook_11_reinsurance_capital/notebook_11_raroc_assumption_grid.csv,FULL_CATALOG_2000000_YEARS,2022_USD
C1_ALDEA22_SUBDUCTION,STANDALONE_AGGREGATE,2.5,0.40000000000000002,1.25,underwriting_result_2022_usd,47075.419616952946,45574.1415070761,1501.2781098768464,3.2941445746021336,defined,data/metadata/phase_2/notebook_11_reinsurance_capital/notebook_11_raroc_assumption_grid.csv,FULL_CATALOG_2000000_YEARS,2022_USD
C1_ALDEA22_SUBDUCTION,STANDALONE_AGGREGATE,3,0.40000000000000002,1.25,underwriting_result_2022_usd,84108.448385402648,82468.009497274645,1640.4388881280029,1.9891821060410282,defined,data/metadata/phase_2/notebook_11_reinsurance_capital/notebook_11_raroc_assumption_grid.csv,FULL_CATALOG_2000000_YEARS,2022_USD
C1_ALDEA22_SUBDUCTION,STANDALONE_AGGREGATE,1.25,0.20000000000000001,1.5,underwriting_result_2022_usd,-29292.589994259775,-31831.276953176268,2538.6869589164926,-7.9754480558568073,defined,data/metadata/phase_2/notebook_11_reinsurance_capital/notebook_11_raroc_assumption_grid.csv,FULL_CATALOG_2000000_YEARS,2022_USD
C1_ALDEA22_SUBDUCTION,STANDALONE_AGGREGATE,1.5,0.20000000000000001,1.5,underwriting_result_2022_usd,-4603.9041486266506,-7235.3649597105978,2631.4608110839472,-36.369427468233766,defined,data/metadata/phase_2/notebook_11_reinsurance_capital/notebook_11_raroc_assumption_grid.csv,FULL_CATALOG_2000000_YEARS,2022_USD
C1_ALDEA22_SUBDUCTION,STANDALONE_AGGREGATE,2,0.20000000000000001,1.5,underwriting_result_2022_usd,44773.467542639599,41956.459027220786,2817.0085154188127,6.7141235955855461,defined,data/metadata/phase_2/notebook_11_reinsurance_capital/notebook_11_raroc_assumption_grid.csv,FULL_CATALOG_2000000_YEARS,2022_USD
C1_ALDEA22_SUBDUCTION,STANDALONE_AGGREGATE,2.5,0.20000000000000001,1.5,underwriting_result_2022_usd,94150.839233905906,91148.283014152199,3002.5562197537074,3.2941445746021496,defined,data/metadata/phase_2/notebook_11_reinsurance_capital/notebook_11_raroc_assumption_grid.csv,FULL_CATALOG_2000000_YEARS,2022_USD
C1_ALDEA22_SUBDUCTION,STANDALONE_AGGREGATE,3,0.20000000000000001,1.5,underwriting_result_2022_usd,143528.21092517214,140340.10700108355,3188.1039240885875,2.271698370633259,defined,data/metadata/phase_2/notebook_11_reinsurance_capital/notebook_11_raroc_assumption_grid.csv,FULL_CATALOG_2000000_YEARS,2022_USD
C1_ALDEA22_SUBDUCTION,STANDALONE_AGGREGATE,1.25,0.29999999999999999,1.5,underwriting_result_2022_usd,-44723.018647780482,-47203.721949092338,2480.7033013118562,-5.2553129263561313,defined,data/metadata/phase_2/notebook_11_reinsurance_capital/notebook_11_raroc_assumption_grid.csv,FULL_CATALOG_2000000_YEARS,2022_USD
C1_ALDEA22_SUBDUCTION,STANDALONE_AGGREGATE,1.5,0.29999999999999999,1.5,underwriting_result_2022_usd,-23120.418532851501,-25682.29895480987,2561.880421958369,-9.975276849110001,defined,data/metadata/phase_2/notebook_11_reinsurance_capital/notebook_11_raroc_assumption_grid.csv,FULL_CATALOG_2000000_YEARS,2022_USD
C1_ALDEA22_SUBDUCTION,STANDALONE_AGGREGATE,2,0.29999999999999999,1.5,underwriting_result_2022_usd,20084.781697006474,17360.547033755109,2724.2346632513654,15.69210151013375,defined,data/metadata/phase_2/notebook_11_reinsurance_capital/notebook_11_raroc_assumption_grid.csv,FULL_CATALOG_2000000_YEARS,2022_USD
C1_ALDEA22_SUBDUCTION,STANDALONE_AGGREGATE,2.5,0.29999999999999999,1.5,underwriting_result_2022_usd,63289.981926864493,60403.393022320059,2886.5889045444346,4.7788522467236101,defined,data/metadata/phase_2/notebook_11_reinsurance_capital/notebook_11_raroc_assumption_grid.csv,FULL_CATALOG_2000000_YEARS,2022_USD
C1_ALDEA22_SUBDUCTION,STANDALONE_AGGREGATE,3,0.29999999999999999,1.5,underwriting_result_2022_usd,106495.18215672245,103446.23901088501,3048.9431458374456,2.9473697400604619,defined,data/metadata/phase_2/notebook_11_reinsurance_capital/notebook_11_raroc_assumption_grid.csv,FULL_CATALOG_2000000_YEARS,2022_USD
C1_ALDEA22_SUBDUCTION,STANDALONE_AGGREGATE,1.25,0.40000000000000002,1.5,underwriting_result_2022_usd,-60153.447301301203,-62576.166945008394,2422.7196437071907,-3.8716331823843797,defined,data/metadata/phase_2/notebook_11_reinsurance_capital/notebook_11_raroc_assumption_grid.csv,FULL_CATALOG_2000000_YEARS,2022_USD
C1_ALDEA22_SUBDUCTION,STANDALONE_AGGREGATE,1.5,0.40000000000000002,1.5,underwriting_result_2022_usd,-41636.932917076352,-44129.232949909121,2492.3000328327689,-5.6477302373729596,defined,data/metadata/phase_2/notebook_11_reinsurance_capital/notebook_11_raroc_assumption_grid.csv,FULL_CATALOG_2000000_YEARS,2022_USD
C1_ALDEA22_SUBDUCTION,STANDALONE_AGGREGATE,2,0.40000000000000002,1.5,underwriting_result_2022_usd,-4603.9041486266506,-7235.3649597105978,2631.4608110839472,-36.369427468233766,defined,data/metadata/phase_2/notebook_11_reinsurance_capital/notebook_11_raroc_assumption_grid.csv,FULL_CATALOG_2000000_YEARS,2022_USD
C1_ALDEA22_SUBDUCTION,STANDALONE_AGGREGATE,2.5,0.40000000000000002,1.5,underwriting_result_2022_usd,32429.124619823051,29658.503030487947,2770.6215893351036,9.3417445461997772,defined,data/metadata/phase_2/notebook_11_reinsurance_capital/notebook_11_raroc_assumption_grid.csv,FULL_CATALOG_2000000_YEARS,2022_USD
C1_ALDEA22_SUBDUCTION,STANDALONE_AGGREGATE,3,0.40000000000000002,1.5,underwriting_result_2022_usd,69462.153388272753,66552.371020686493,2909.7823675862601,4.372169350182598,defined,data/metadata/phase_2/notebook_11_reinsurance_capital/notebook_11_raroc_assumption_grid.csv,FULL_CATALOG_2000000_YEARS,2022_USD
C1_ALDEA22_SUBDUCTION,STANDALONE_AGGREGATE,1.25,0.20000000000000001,2,underwriting_result_2022_usd,-58585.179988519565,-63662.553906352558,5077.3739178329924,-7.9754480558568162,defined,data/metadata/phase_2/notebook_11_reinsurance_capital/notebook_11_raroc_assumption_grid.csv,FULL_CATALOG_2000000_YEARS,2022_USD
C1_ALDEA22_SUBDUCTION,STANDALONE_AGGREGATE,1.5,0.20000000000000001,2,underwriting_result_2022_usd,-33896.49414288644,-39066.641912886887,5170.1477700004471,-13.234175032318234,defined,data/metadata/phase_2/notebook_11_reinsurance_capital/notebook_11_raroc_assumption_grid.csv,FULL_CATALOG_2000000_YEARS,2022_USD
C1_ALDEA22_SUBDUCTION,STANDALONE_AGGREGATE,2,0.20000000000000001,2,underwriting_result_2022_usd,15480.877548379809,10125.182074044496,5355.6954743353126,52.894806583917401,defined,data/metadata/phase_2/notebook_11_reinsurance_capital/notebook_11_raroc_assumption_grid.csv,FULL_CATALOG_2000000_YEARS,2022_USD
C1_ALDEA22_SUBDUCTION,STANDALONE_AGGREGATE,2.5,0.20000000000000001,2,underwriting_result_2022_usd,64858.249239646117,59317.006060975909,5541.2431786702073,9.3417445461997755,defined,data/metadata/phase_2/notebook_11_reinsurance_capital/notebook_11_raroc_assumption_grid.csv,FULL_CATALOG_2000000_YEARS,2022_USD
C1_ALDEA22_SUBDUCTION,STANDALONE_AGGREGATE,3,0.20000000000000001,2,underwriting_result_2022_usd,114235.62093091237,108508.83004790726,5726.7908830051019,5.2777187630506122,defined,data/metadata/phase_2/notebook_11_reinsurance_capital/notebook_11_raroc_assumption_grid.csv,FULL_CATALOG_2000000_YEARS,2022_USD
C1_ALDEA22_SUBDUCTION,STANDALONE_AGGREGATE,1.25,0.29999999999999999,2,underwriting_result_2022_usd,-74015.608642040272,-79034.99890226862,5019.3902602283488,-6.3508449800007174,defined,data/metadata/phase_2/notebook_11_reinsurance_capital/notebook_11_raroc_assumption_grid.csv,FULL_CATALOG_2000000_YEARS,2022_USD
C1_ALDEA22_SUBDUCTION,STANDALONE_AGGREGATE,1.5,0.29999999999999999,2,underwriting_result_2022_usd,-52413.008527111291,-57513.57590798616,5100.5673808748688,-8.8684580994147844,defined,data/metadata/phase_2/notebook_11_reinsurance_capital/notebook_11_raroc_assumption_grid.csv,FULL_CATALOG_2000000_YEARS,2022_USD
C1_ALDEA22_SUBDUCTION,STANDALONE_AGGREGATE,2,0.29999999999999999,2,underwriting_result_2022_usd,-9207.8082972533157,-14470.729919421181,5262.9216221678653,-36.369427468233603,defined,data/metadata/phase_2/notebook_11_reinsurance_capital/notebook_11_raroc_assumption_grid.csv,FULL_CATALOG_2000000_YEARS,2022_USD
C1_ALDEA22_SUBDUCTION,STANDALONE_AGGREGATE,2.5,0.29999999999999999,2,underwriting_result_2022_usd,33997.391932604703,28572.116069143769,5425.2758634609345,18.988008624674173,defined,data/metadata/phase_2/notebook_11_reinsurance_capital/notebook_11_raroc_assumption_grid.csv,FULL_CATALOG_2000000_YEARS,2022_USD
C1_ALDEA22_SUBDUCTION,STANDALONE_AGGREGATE,3,0.29999999999999999,2,underwriting_result_2022_usd,77202.592162462664,71614.962057708719,5587.6301047539455,7.8023222301665474,defined,data/metadata/phase_2/notebook_11_reinsurance_capital/notebook_11_raroc_assumption_grid.csv,FULL_CATALOG_2000000_YEARS,2022_USD
C1_ALDEA22_SUBDUCTION,STANDALONE_AGGREGATE,1.25,0.40000000000000002,2,underwriting_result_2022_usd,-89446.037295560993,-94407.443898184691,4961.4066026236978,-5.2553129263561154,defined,data/metadata/phase_2/notebook_11_reinsurance_capital/notebook_11_raroc_assumption_grid.csv,FULL_CATALOG_2000000_YEARS,2022_USD
C1_ALDEA22_SUBDUCTION,STANDALONE_AGGREGATE,1.5,0.40000000000000002,2,underwriting_result_2022_usd,-70929.522911336142,-75960.509903085418,5030.9869917492761,-6.6231611638311607,defined,data/metadata/phase_2/notebook_11_reinsurance_capital/notebook_11_raroc_assumption_grid.csv,FULL_CATALOG_2000000_YEARS,2022_USD
C1_ALDEA22_SUBDUCTION,STANDALONE_AGGREGATE,2,0.40000000000000002,2,underwriting_result_2022_usd,-33896.49414288644,-39066.641912886887,5170.1477700004471,-13.234175032318234,defined,data/metadata/phase_2/notebook_11_reinsurance_capital/notebook_11_raroc_assumption_grid.csv,FULL_CATALOG_2000000_YEARS,2022_USD
C1_ALDEA22_SUBDUCTION,STANDALONE_AGGREGATE,2.5,0.40000000000000002,2,underwriting_result_2022_usd,3136.5346255632612,-2172.7739226883423,5309.3085482516035,-244.35623480249023,defined,data/metadata/phase_2/notebook_11_reinsurance_capital/notebook_11_raroc_assumption_grid.csv,FULL_CATALOG_2000000_YEARS,2022_USD
C1_ALDEA22_SUBDUCTION,STANDALONE_AGGREGATE,3,0.40000000000000002,2,underwriting_result_2022_usd,40169.563394012963,34721.094067510203,5448.4693265027599,15.69210151013384,defined,data/metadata/phase_2/notebook_11_reinsurance_capital/notebook_11_raroc_assumption_grid.csv,FULL_CATALOG_2000000_YEARS,2022_USD
C1_ALDEA22_SUBDUCTION,STACKED_OCCURRENCE_PLUS_AGGREGATE,1.25,0.20000000000000001,1,underwriting_result_2022_usd,1.4551915228366852e-11,2.9103830456733704e-11,-1.4551915228366852e-11,-50,defined,data/metadata/phase_2/notebook_11_reinsurance_capital/notebook_11_raroc_assumption_grid.csv,FULL_CATALOG_2000000_YEARS,2022_USD
C1_ALDEA22_SUBDUCTION,STACKED_OCCURRENCE_PLUS_AGGREGATE,1.5,0.20000000000000001,1,underwriting_result_2022_usd,24688.685845633139,24595.911993465706,92.773852167432779,0.37719216181973503,defined,data/metadata/phase_2/notebook_11_reinsurance_capital/notebook_11_raroc_assumption_grid.csv,FULL_CATALOG_2000000_YEARS,2022_USD
C1_ALDEA22_SUBDUCTION,STACKED_OCCURRENCE_PLUS_AGGREGATE,2,0.20000000000000001,1,underwriting_result_2022_usd,74066.057536899389,73787.73598039709,278.32155650229834,0.37719216181973514,defined,data/metadata/phase_2/notebook_11_reinsurance_capital/notebook_11_raroc_assumption_grid.csv,FULL_CATALOG_2000000_YEARS,2022_USD
C1_ALDEA22_SUBDUCTION,STACKED_OCCURRENCE_PLUS_AGGREGATE,2.5,0.20000000000000001,1,underwriting_result_2022_usd,123443.4292281657,122979.5599673285,463.869260837193,0.37719216181975879,defined,data/metadata/phase_2/notebook_11_reinsurance_capital/notebook_11_raroc_assumption_grid.csv,FULL_CATALOG_2000000_YEARS,2022_USD
C1_ALDEA22_SUBDUCTION,STACKED_OCCURRENCE_PLUS_AGGREGATE,3,0.20000000000000001,1,underwriting_result_2022_usd,172820.80091943196,172171.38395425986,649.41696517210221,0.37719216181977744,defined,data/metadata/phase_2/notebook_11_reinsurance_capital/notebook_11_raroc_assumption_grid.csv,FULL_CATALOG_2000000_YEARS,2022_USD
C1_ALDEA22_SUBDUCTION,STACKED_OCCURRENCE_PLUS_AGGREGATE,1.25,0.29999999999999999,1,underwriting_result_2022_usd,-15430.428653520699,-15372.444995916041,-57.983657604658219,0.37719216181981846,defined,data/metadata/phase_2/notebook_11_reinsurance_capital/notebook_11_raroc_assumption_grid.csv,FULL_CATALOG_2000000_YEARS,2022_USD
C1_ALDEA22_SUBDUCTION,STACKED_OCCURRENCE_PLUS_AGGREGATE,1.5,0.29999999999999999,1,underwriting_result_2022_usd,6172.1714614082739,6148.9779983664339,23.193463041840005,0.37719216181943876,defined,data/metadata/phase_2/notebook_11_reinsurance_capital/notebook_11_raroc_assumption_grid.csv,FULL_CATALOG_2000000_YEARS,2022_USD
C1_ALDEA22_SUBDUCTION,STACKED_OCCURRENCE_PLUS_AGGREGATE,2,0.29999999999999999,1,underwriting_result_2022_usd,49377.371691266264,49191.823986931413,185.54770433485101,0.37719216181970544,defined,data/metadata/phase_2/notebook_11_reinsurance_capital/notebook_11_raroc_assumption_grid.csv,FULL_CATALOG_2000000_YEARS,2022_USD
C1_ALDEA22_SUBDUCTION,STACKED_OCCURRENCE_PLUS_AGGREGATE,2.5,0.29999999999999999,1,underwriting_result_2022_usd,92582.571921124283,92234.669975496363,347.90194562792021,0.37719216181978643,defined,data/metadata/phase_2/notebook_11_reinsurance_capital/notebook_11_raroc_assumption_grid.csv,FULL_CATALOG_2000000_YEARS,2022_USD
C1_ALDEA22_SUBDUCTION,STACKED_OCCURRENCE_PLUS_AGGREGATE,3,0.29999999999999999,1,underwriting_result_2022_usd,135787.77215098223,135277.51596406131,510.25618692091666,0.37719216181976212,defined,data/metadata/phase_2/notebook_11_reinsurance_capital/notebook_11_raroc_assumption_grid.csv,FULL_CATALOG_2000000_YEARS,2022_USD
C1_ALDEA22_SUBDUCTION,STACKED_OCCURRENCE_PLUS_AGGREGATE,1.25,0.40000000000000002,1,underwriting_result_2022_usd,-30860.85730704142,-30744.889991832097,-115.96731520932371,0.37719216181984194,defined,data/metadata/phase_2/notebook_11_reinsurance_capital/notebook_11_raroc_assumption_grid.csv,FULL_CATALOG_2000000_YEARS,2022_USD
C1_ALDEA22_SUBDUCTION,STACKED_OCCURRENCE_PLUS_AGGREGATE,1.5,0.40000000000000002,1,underwriting_result_2022_usd,-12344.342922816562,-12297.955996732824,-46.386926083738217,0.37719216181991339,defined,data/metadata/phase_2/notebook_11_reinsurance_capital/notebook_11_raroc_assumption_grid.csv,FULL_CATALOG_2000000_YEARS,2022_USD
C1_ALDEA22_SUBDUCTION,STACKED_OCCURRENCE_PLUS_AGGREGATE,2,0.40000000000000002,1,underwriting_result_2022_usd,24688.685845633139,24595.911993465706,92.773852167432779,0.37719216181973503,defined,data/metadata/phase_2/notebook_11_reinsurance_capital/notebook_11_raroc_assumption_grid.csv,FULL_CATALOG_2000000_YEARS,2022_USD
C1_ALDEA22_SUBDUCTION,STACKED_OCCURRENCE_PLUS_AGGREGATE,2.5,0.40000000000000002,1,underwriting_result_2022_usd,61721.714614082841,61489.779983664252,231.93463041858922,0.37719216181974691,defined,data/metadata/phase_2/notebook_11_reinsurance_capital/notebook_11_raroc_assumption_grid.csv,FULL_CATALOG_2000000_YEARS,2022_USD
C1_ALDEA22_SUBDUCTION,STACKED_OCCURRENCE_PLUS_AGGREGATE,3,0.40000000000000002,1,underwriting_result_2022_usd,98754.743382532542,98383.647973862797,371.09540866974567,0.3771921618197499,defined,data/metadata/phase_2/notebook_11_reinsurance_capital/notebook_11_raroc_assumption_grid.csv,FULL_CATALOG_2000000_YEARS,2022_USD
C1_ALDEA22_SUBDUCTION,STACKED_OCCURRENCE_PLUS_AGGREGATE,1.25,0.20000000000000001,1.25,underwriting_result_2022_usd,-19471.618947067487,-18564.693372460228,-906.92557460725948,4.8852170968395159,defined,data/metadata/phase_2/notebook_11_reinsurance_capital/notebook_11_raroc_assumption_grid.csv,FULL_CATALOG_2000000_YEARS,2022_USD
C1_ALDEA22_SUBDUCTION,STACKED_OCCURRENCE_PLUS_AGGREGATE,1.5,0.20000000000000001,1.25,underwriting_result_2022_usd,5217.0668985656375,6031.2186210054497,-814.15172243981215,-13.498958893718346,defined,data/metadata/phase_2/notebook_11_reinsurance_capital/notebook_11_raroc_assumption_grid.csv,FULL_CATALOG_2000000_YEARS,2022_USD
C1_ALDEA22_SUBDUCTION,STACKED_OCCURRENCE_PLUS_AGGREGATE,2,0.20000000000000001,1.25,underwriting_result_2022_usd,54594.438589831887,55223.042607936834,-628.60401810494659,-1.1383002247228615,defined,data/metadata/phase_2/notebook_11_reinsurance_capital/notebook_11_raroc_assumption_grid.csv,FULL_CATALOG_2000000_YEARS,2022_USD
C1_ALDEA22_SUBDUCTION,STACKED_OCCURRENCE_PLUS_AGGREGATE,2.5,0.20000000000000001,1.25,underwriting_result_2022_usd,103971.81028109819,104414.86659486825,-443.05631377005193,-0.42432301856891624,defined,data/metadata/phase_2/notebook_11_reinsurance_capital/notebook_11_raroc_assumption_grid.csv,FULL_CATALOG_2000000_YEARS,2022_USD
C1_ALDEA22_SUBDUCTION,STACKED_OCCURRENCE_PLUS_AGGREGATE,3,0.20000000000000001,1.25,underwriting_result_2022_usd,153349.18197236443,153606.6905817996,-257.50860943517182,-0.16764153205816365,defined,data/metadata/phase_2/notebook_11_reinsurance_capital/notebook_11_raroc_assumption_grid.csv,FULL_CATALOG_2000000_YEARS,2022_USD
C1_ALDEA22_SUBDUCTION,STACKED_OCCURRENCE_PLUS_AGGREGATE,1.25,0.29999999999999999,1.25,underwriting_result_2022_usd,-34902.047600588201,-33937.138368376298,-964.90923221190315,2.8432250879203069,defined,data/metadata/phase_2/notebook_11_reinsurance_capital/notebook_11_raroc_assumption_grid.csv,FULL_CATALOG_2000000_YEARS,2022_USD
C1_ALDEA22_SUBDUCTION,STACKED_OCCURRENCE_PLUS_AGGREGATE,1.5,0.29999999999999999,1.25,underwriting_result_2022_usd,-13299.447485659228,-12415.715374093823,-883.73211156540492,7.1178509247189092,defined,data/metadata/phase_2/notebook_11_reinsurance_capital/notebook_11_raroc_assumption_grid.csv,FULL_CATALOG_2000000_YEARS,2022_USD
C1_ALDEA22_SUBDUCTION,STACKED_OCCURRENCE_PLUS_AGGREGATE,2,0.29999999999999999,1.25,underwriting_result_2022_usd,29905.752744198762,30627.130614471156,-721.37787027239392,-2.3553557117477624,defined,data/metadata/phase_2/notebook_11_reinsurance_capital/notebook_11_raroc_assumption_grid.csv,FULL_CATALOG_2000000_YEARS,2022_USD
C1_ALDEA22_SUBDUCTION,STACKED_OCCURRENCE_PLUS_AGGREGATE,2.5,0.29999999999999999,1.25,underwriting_result_2022_usd,73110.952974056781,73669.976603036106,-559.02362897932471,-0.7588215101405178,defined,data/metadata/phase_2/notebook_11_reinsurance_capital/notebook_11_raroc_assumption_grid.csv,FULL_CATALOG_2000000_YEARS,2022_USD
C1_ALDEA22_SUBDUCTION,STACKED_OCCURRENCE_PLUS_AGGREGATE,3,0.29999999999999999,1.25,underwriting_result_2022_usd,116316.15320391474,116712.82259160106,-396.66938768631371,-0.33986787302225613,defined,data/metadata/phase_2/notebook_11_reinsurance_capital/notebook_11_raroc_assumption_grid.csv,FULL_CATALOG_2000000_YEARS,2022_USD
C1_ALDEA22_SUBDUCTION,STACKED_OCCURRENCE_PLUS_AGGREGATE,1.25,0.40000000000000002,1.25,underwriting_result_2022_usd,-50332.476254108922,-49309.583364292354,-1022.8928898165686,2.0744302020554057,defined,data/metadata/phase_2/notebook_11_reinsurance_capital/notebook_11_raroc_assumption_grid.csv,FULL_CATALOG_2000000_YEARS,2022_USD
C1_ALDEA22_SUBDUCTION,STACKED_OCCURRENCE_PLUS_AGGREGATE,1.5,0.40000000000000002,1.25,underwriting_result_2022_usd,-31815.961869884064,-30862.649369193081,-953.31250069098314,3.0888874421862633,defined,data/metadata/phase_2/notebook_11_reinsurance_capital/notebook_11_raroc_assumption_grid.csv,FULL_CATALOG_2000000_YEARS,2022_USD
C1_ALDEA22_SUBDUCTION,STACKED_OCCURRENCE_PLUS_AGGREGATE,2,0.40000000000000002,1.25,underwriting_result_2022_usd,5217.0668985656375,6031.2186210054497,-814.15172243981215,-13.498958893718346,defined,data/metadata/phase_2/notebook_11_reinsurance_capital/notebook_11_raroc_assumption_grid.csv,FULL_CATALOG_2000000_YEARS,2022_USD
C1_ALDEA22_SUBDUCTION,STACKED_OCCURRENCE_PLUS_AGGREGATE,2.5,0.40000000000000002,1.25,underwriting_result_2022_usd,42250.095667015339,42925.086611203995,-674.9909441886557,-1.5724859225152372,defined,data/metadata/phase_2/notebook_11_reinsurance_capital/notebook_11_raroc_assumption_grid.csv,FULL_CATALOG_2000000_YEARS,2022_USD
C1_ALDEA22_SUBDUCTION,STACKED_OCCURRENCE_PLUS_AGGREGATE,3,0.40000000000000002,1.25,underwriting_result_2022_usd,79283.124435465041,79818.95460140254,-535.83016593749926,-0.67130692028392458,defined,data/metadata/phase_2/notebook_11_reinsurance_capital/notebook_11_raroc_assumption_grid.csv,FULL_CATALOG_2000000_YEARS,2022_USD
C1_ALDEA22_SUBDUCTION,STACKED_OCCURRENCE_PLUS_AGGREGATE,1.25,0.20000000000000001,1.5,underwriting_result_2022_usd,-38943.237894135003,-37129.386744920484,-1813.851149214519,4.8852170968395114,defined,data/metadata/phase_2/notebook_11_reinsurance_capital/notebook_11_raroc_assumption_grid.csv,FULL_CATALOG_2000000_YEARS,2022_USD
C1_ALDEA22_SUBDUCTION,STACKED_OCCURRENCE_PLUS_AGGREGATE,1.5,0.20000000000000001,1.5,underwriting_result_2022_usd,-14254.552048501879,-12533.474751454807,-1721.0772970470716,13.731844769123581,defined,data/metadata/phase_2/notebook_11_reinsurance_capital/notebook_11_raroc_assumption_grid.csv,FULL_CATALOG_2000000_YEARS,2022_USD
C1_ALDEA22_SUBDUCTION,STACKED_OCCURRENCE_PLUS_AGGREGATE,2,0.20000000000000001,1.5,underwriting_result_2022_usd,35122.819642764371,36658.349235476577,-1535.5295927122061,-4.1887581539710412,defined,data/metadata/phase_2/notebook_11_reinsurance_capital/notebook_11_raroc_assumption_grid.csv,FULL_CATALOG_2000000_YEARS,2022_USD
C1_ALDEA22_SUBDUCTION,STACKED_OCCURRENCE_PLUS_AGGREGATE,2.5,0.20000000000000001,1.5,underwriting_result_2022_usd,84500.191334030678,85850.17322240799,-1349.9818883773114,-1.5724859225152372,defined,data/metadata/phase_2/notebook_11_reinsurance_capital/notebook_11_raroc_assumption_grid.csv,FULL_CATALOG_2000000_YEARS,2022_USD
C1_ALDEA22_SUBDUCTION,STACKED_OCCURRENCE_PLUS_AGGREGATE,3,0.20000000000000001,1.5,underwriting_result_2022_usd,133877.56302529693,135041.99720933934,-1164.4341840424167,-0.86227559433776346,defined,data/metadata/phase_2/notebook_11_reinsurance_capital/notebook_11_raroc_assumption_grid.csv,FULL_CATALOG_2000000_YEARS,2022_USD
C1_ALDEA22_SUBDUCTION,STACKED_OCCURRENCE_PLUS_AGGREGATE,1.25,0.29999999999999999,1.5,underwriting_result_2022_usd,-54373.666547655717,-52501.831740836555,-1871.8348068191626,3.5652752385079682,defined,data/metadata/phase_2/notebook_11_reinsurance_capital/notebook_11_raroc_assumption_grid.csv,FULL_CATALOG_2000000_YEARS,2022_USD
C1_ALDEA22_SUBDUCTION,STACKED_OCCURRENCE_PLUS_AGGREGATE,1.5,0.29999999999999999,1.5,underwriting_result_2022_usd,-32771.066432726744,-30980.40874655408,-1790.6576861726644,5.779967917214254,defined,data/metadata/phase_2/notebook_11_reinsurance_capital/notebook_11_raroc_assumption_grid.csv,FULL_CATALOG_2000000_YEARS,2022_USD
C1_ALDEA22_SUBDUCTION,STACKED_OCCURRENCE_PLUS_AGGREGATE,2,0.29999999999999999,1.5,underwriting_result_2022_usd,10434.133797131246,12062.437242010899,-1628.3034448796534,-13.498958893718587,defined,data/metadata/phase_2/notebook_11_reinsurance_capital/notebook_11_raroc_assumption_grid.csv,FULL_CATALOG_2000000_YEARS,2022_USD
C1_ALDEA22_SUBDUCTION,STACKED_OCCURRENCE_PLUS_AGGREGATE,2.5,0.29999999999999999,1.5,underwriting_result_2022_usd,53639.334026989265,55105.283230575849,-1465.9492035865842,-2.6602697920136706,defined,data/metadata/phase_2/notebook_11_reinsurance_capital/notebook_11_raroc_assumption_grid.csv,FULL_CATALOG_2000000_YEARS,2022_USD
C1_ALDEA22_SUBDUCTION,STACKED_OCCURRENCE_PLUS_AGGREGATE,3,0.29999999999999999,1.5,underwriting_result_2022_usd,96844.534256847226,98148.129219140799,-1303.5949622935732,-1.3281913498146909,defined,data/metadata/phase_2/notebook_11_reinsurance_capital/notebook_11_raroc_assumption_grid.csv,FULL_CATALOG_2000000_YEARS,2022_USD
C1_ALDEA22_SUBDUCTION,STACKED_OCCURRENCE_PLUS_AGGREGATE,1.25,0.40000000000000002,1.5,underwriting_result_2022_usd,-69804.095201176446,-67874.27673675261,-1929.8184644238354,2.8432250879203491,defined,data/metadata/phase_2/notebook_11_reinsurance_capital/notebook_11_raroc_assumption_grid.csv,FULL_CATALOG_2000000_YEARS,2022_USD
C1_ALDEA22_SUBDUCTION,STACKED_OCCURRENCE_PLUS_AGGREGATE,1.5,0.40000000000000002,1.5,underwriting_result_2022_usd,-51287.58081695158,-49427.342741653338,-1860.2380752982426,3.7635809900227257,defined,data/metadata/phase_2/notebook_11_reinsurance_capital/notebook_11_raroc_assumption_grid.csv,FULL_CATALOG_2000000_YEARS,2022_USD
C1_ALDEA22_SUBDUCTION,STACKED_OCCURRENCE_PLUS_AGGREGATE,2,0.40000000000000002,1.5,underwriting_result_2022_usd,-14254.552048501879,-12533.474751454807,-1721.0772970470716,13.731844769123581,defined,data/metadata/phase_2/notebook_11_reinsurance_capital/notebook_11_raroc_assumption_grid.csv,FULL_CATALOG_2000000_YEARS,2022_USD
C1_ALDEA22_SUBDUCTION,STACKED_OCCURRENCE_PLUS_AGGREGATE,2.5,0.40000000000000002,1.5,underwriting_result_2022_usd,22778.476719947823,24360.393238743738,-1581.9165187959152,-6.4938053474439492,defined,data/metadata/phase_2/notebook_11_reinsurance_capital/notebook_11_raroc_assumption_grid.csv,FULL_CATALOG_2000000_YEARS,2022_USD
C1_ALDEA22_SUBDUCTION,STACKED_OCCURRENCE_PLUS_AGGREGATE,3,0.40000000000000002,1.5,underwriting_result_2022_usd,59811.505488397524,61254.261228942283,-1442.7557405447587,-2.3553557117477157,defined,data/metadata/phase_2/notebook_11_reinsurance_capital/notebook_11_raroc_assumption_grid.csv,FULL_CATALOG_2000000_YEARS,2022_USD
C1_ALDEA22_SUBDUCTION,STACKED_OCCURRENCE_PLUS_AGGREGATE,1.25,0.20000000000000001,2,underwriting_result_2022_usd,-77886.475788270007,-74258.773489840998,-3627.7022984290088,4.8852170968394706,defined,data/metadata/phase_2/notebook_11_reinsurance_capital/notebook_11_raroc_assumption_grid.csv,FULL_CATALOG_2000000_YEARS,2022_USD
C1_ALDEA22_SUBDUCTION,STACKED_OCCURRENCE_PLUS_AGGREGATE,1.5,0.20000000000000001,2,underwriting_result_2022_usd,-53197.789942636882,-49662.861496375321,-3534.9284462615615,7.1178509247187876,defined,data/metadata/phase_2/notebook_11_reinsurance_capital/notebook_11_raroc_assumption_grid.csv,FULL_CATALOG_2000000_YEARS,2022_USD
C1_ALDEA22_SUBDUCTION,STACKED_OCCURRENCE_PLUS_AGGREGATE,2,0.20000000000000001,2,underwriting_result_2022_usd,-3820.4182513706328,-471.03750944393687,-3349.3807419266959,711.06454895294087,defined,data/metadata/phase_2/notebook_11_reinsurance_capital/notebook_11_raroc_assumption_grid.csv,FULL_CATALOG_2000000_YEARS,2022_USD
C1_ALDEA22_SUBDUCTION,STACKED_OCCURRENCE_PLUS_AGGREGATE,2.5,0.20000000000000001,2,underwriting_result_2022_usd,45556.953439895675,48720.786477487476,-3163.8330375918013,-6.4938053474438897,defined,data/metadata/phase_2/notebook_11_reinsurance_capital/notebook_11_raroc_assumption_grid.csv,FULL_CATALOG_2000000_YEARS,2022_USD
C1_ALDEA22_SUBDUCTION,STACKED_OCCURRENCE_PLUS_AGGREGATE,3,0.20000000000000001,2,underwriting_result_2022_usd,94934.325131161924,97912.610464418831,-2978.2853332569066,-3.0417791121391939,defined,data/metadata/phase_2/notebook_11_reinsurance_capital/notebook_11_raroc_assumption_grid.csv,FULL_CATALOG_2000000_YEARS,2022_USD
C1_ALDEA22_SUBDUCTION,STACKED_OCCURRENCE_PLUS_AGGREGATE,1.25,0.29999999999999999,2,underwriting_result_2022_usd,-93316.904441790713,-89631.218485757068,-3685.6859560336452,4.1120560651747944,defined,data/metadata/phase_2/notebook_11_reinsurance_capital/notebook_11_raroc_assumption_grid.csv,FULL_CATALOG_2000000_YEARS,2022_USD
C1_ALDEA22_SUBDUCTION,STACKED_OCCURRENCE_PLUS_AGGREGATE,1.5,0.29999999999999999,2,underwriting_result_2022_usd,-71714.304326861748,-68109.795491474593,-3604.5088353871542,5.2922032864396664,defined,data/metadata/phase_2/notebook_11_reinsurance_capital/notebook_11_raroc_assumption_grid.csv,FULL_CATALOG_2000000_YEARS,2022_USD
C1_ALDEA22_SUBDUCTION,STACKED_OCCURRENCE_PLUS_AGGREGATE,2,0.29999999999999999,2,underwriting_result_2022_usd,-28509.104097003757,-25066.949502909614,-3442.1545940941432,13.731844769123581,defined,data/metadata/phase_2/notebook_11_reinsurance_capital/notebook_11_raroc_assumption_grid.csv,FULL_CATALOG_2000000_YEARS,2022_USD
C1_ALDEA22_SUBDUCTION,STACKED_OCCURRENCE_PLUS_AGGREGATE,2.5,0.29999999999999999,2,underwriting_result_2022_usd,14696.096132854262,17975.896485655336,-3279.800352801074,-18.245545391398622,defined,data/metadata/phase_2/notebook_11_reinsurance_capital/notebook_11_raroc_assumption_grid.csv,FULL_CATALOG_2000000_YEARS,2022_USD
C1_ALDEA22_SUBDUCTION,STACKED_OCCURRENCE_PLUS_AGGREGATE,3,0.29999999999999999,2,underwriting_result_2022_usd,57901.296362712223,61018.742474220286,-3117.446111508063,-5.108997637611342,defined,data/metadata/phase_2/notebook_11_reinsurance_capital/notebook_11_raroc_assumption_grid.csv,FULL_CATALOG_2000000_YEARS,2022_USD
C1_ALDEA22_SUBDUCTION,STACKED_OCCURRENCE_PLUS_AGGREGATE,1.25,0.40000000000000002,2,underwriting_result_2022_usd,-108747.33309531145,-105003.66348167312,-3743.6696136383252,3.5652752385079678,defined,data/metadata/phase_2/notebook_11_reinsurance_capital/notebook_11_raroc_assumption_grid.csv,FULL_CATALOG_2000000_YEARS,2022_USD
C1_ALDEA22_SUBDUCTION,STACKED_OCCURRENCE_PLUS_AGGREGATE,1.5,0.40000000000000002,2,underwriting_result_2022_usd,-90230.818711086584,-86556.729486573851,-3674.0892245127325,4.2447181707375332,defined,data/metadata/phase_2/notebook_11_reinsurance_capital/notebook_11_raroc_assumption_grid.csv,FULL_CATALOG_2000000_YEARS,2022_USD
C1_ALDEA22_SUBDUCTION,STACKED_OCCURRENCE_PLUS_AGGREGATE,2,0.40000000000000002,2,underwriting_result_2022_usd,-53197.789942636882,-49662.861496375321,-3534.9284462615615,7.1178509247187876,defined,data/metadata/phase_2/notebook_11_reinsurance_capital/notebook_11_raroc_assumption_grid.csv,FULL_CATALOG_2000000_YEARS,2022_USD
C1_ALDEA22_SUBDUCTION,STACKED_OCCURRENCE_PLUS_AGGREGATE,2.5,0.40000000000000002,2,underwriting_result_2022_usd,-16164.761174187181,-12768.993506176776,-3395.767668010405,26.593855391717149,defined,data/metadata/phase_2/notebook_11_reinsurance_capital/notebook_11_raroc_assumption_grid.csv,FULL_CATALOG_2000000_YEARS,2022_USD
C1_ALDEA22_SUBDUCTION,STACKED_OCCURRENCE_PLUS_AGGREGATE,3,0.40000000000000002,2,underwriting_result_2022_usd,20868.267594262521,24124.87448402177,-3256.6068897592486,-13.498958893718363,defined,data/metadata/phase_2/notebook_11_reinsurance_capital/notebook_11_raroc_assumption_grid.csv,FULL_CATALOG_2000000_YEARS,2022_USD
C2_GODA_ATKINSON09,NO_REINSURANCE,1.25,0.20000000000000001,0,underwriting_result_2022_usd,0,1.4551915228366852e-11,-1.4551915228366852e-11,-100,defined,data/metadata/phase_2/notebook_11_reinsurance_capital/notebook_11_raroc_assumption_grid.csv,FULL_CATALOG_2000000_YEARS,2022_USD
C2_GODA_ATKINSON09,NO_REINSURANCE,1.5,0.20000000000000001,0,underwriting_result_2022_usd,24667.135483379694,24595.911993465692,71.22348991400213,0.28957450300246568,defined,data/metadata/phase_2/notebook_11_reinsurance_capital/notebook_11_raroc_assumption_grid.csv,FULL_CATALOG_2000000_YEARS,2022_USD
C2_GODA_ATKINSON09,NO_REINSURANCE,2,0.20000000000000001,0,underwriting_result_2022_usd,74001.406450139111,73787.735980397076,213.67046974203549,0.28957450300250515,defined,data/metadata/phase_2/notebook_11_reinsurance_capital/notebook_11_raroc_assumption_grid.csv,FULL_CATALOG_2000000_YEARS,2022_USD
C2_GODA_ATKINSON09,NO_REINSURANCE,2.5,0.20000000000000001,0,underwriting_result_2022_usd,123335.6774168985,122979.55996732849,356.11744957001065,0.28957450300246562,defined,data/metadata/phase_2/notebook_11_reinsurance_capital/notebook_11_raroc_assumption_grid.csv,FULL_CATALOG_2000000_YEARS,2022_USD
C2_GODA_ATKINSON09,NO_REINSURANCE,3,0.20000000000000001,0,underwriting_result_2022_usd,172669.9483836579,172171.38395425986,498.56442939804401,0.28957450300248255,defined,data/metadata/phase_2/notebook_11_reinsurance_capital/notebook_11_raroc_assumption_grid.csv,FULL_CATALOG_2000000_YEARS,2022_USD
C2_GODA_ATKINSON09,NO_REINSURANCE,1.25,0.29999999999999999,0,underwriting_result_2022_usd,-15416.959677112303,-15372.444995916056,-44.514681196247693,0.28957450300244209,defined,data/metadata/phase_2/notebook_11_reinsurance_capital/notebook_11_raroc_assumption_grid.csv,FULL_CATALOG_2000000_YEARS,2022_USD
C2_GODA_ATKINSON09,NO_REINSURANCE,1.5,0.29999999999999999,0,underwriting_result_2022_usd,6166.7838708449417,6148.9779983664193,17.80587247852236,0.28957450300282084,defined,data/metadata/phase_2/notebook_11_reinsurance_capital/notebook_11_raroc_assumption_grid.csv,FULL_CATALOG_2000000_YEARS,2022_USD
C2_GODA_ATKINSON09,NO_REINSURANCE,2,0.29999999999999999,0,underwriting_result_2022_usd,49334.270966759403,49191.823986931398,142.44697982800426,0.28957450300246562,defined,data/metadata/phase_2/notebook_11_reinsurance_capital/notebook_11_raroc_assumption_grid.csv,FULL_CATALOG_2000000_YEARS,2022_USD
C2_GODA_ATKINSON09,NO_REINSURANCE,2.5,0.29999999999999999,0,underwriting_result_2022_usd,92501.758062673893,92234.669975496348,267.08808717754437,0.28957450300250515,defined,data/metadata/phase_2/notebook_11_reinsurance_capital/notebook_11_raroc_assumption_grid.csv,FULL_CATALOG_2000000_YEARS,2022_USD
C2_GODA_ATKINSON09,NO_REINSURANCE,3,0.29999999999999999,0,underwriting_result_2022_usd,135669.2451585884,135277.51596406131,391.72919452708447,0.28957450300251947,defined,data/metadata/phase_2/notebook_11_reinsurance_capital/notebook_11_raroc_assumption_grid.csv,FULL_CATALOG_2000000_YEARS,2022_USD
C2_GODA_ATKINSON09,NO_REINSURANCE,1.25,0.40000000000000002,0,underwriting_result_2022_usd,-30833.919354224621,-30744.889991832111,-89.029362392509938,0.28957450300248938,defined,data/metadata/phase_2/notebook_11_reinsurance_capital/notebook_11_raroc_assumption_grid.csv,FULL_CATALOG_2000000_YEARS,2022_USD
C2_GODA_ATKINSON09,NO_REINSURANCE,1.5,0.40000000000000002,0,underwriting_result_2022_usd,-12333.567741689854,-12297.955996732839,-35.611744957015617,0.28957450300258419,defined,data/metadata/phase_2/notebook_11_reinsurance_capital/notebook_11_raroc_assumption_grid.csv,FULL_CATALOG_2000000_YEARS,2022_USD
C2_GODA_ATKINSON09,NO_REINSURANCE,2,0.40000000000000002,0,underwriting_result_2022_usd,24667.135483379694,24595.911993465692,71.22348991400213,0.28957450300246568,defined,data/metadata/phase_2/notebook_11_reinsurance_capital/notebook_11_raroc_assumption_grid.csv,FULL_CATALOG_2000000_YEARS,2022_USD
C2_GODA_ATKINSON09,NO_REINSURANCE,2.5,0.40000000000000002,0,underwriting_result_2022_usd,61667.838708449257,61489.779983664237,178.05872478501988,0.28957450300248933,defined,data/metadata/phase_2/notebook_11_reinsurance_capital/notebook_11_raroc_assumption_grid.csv,FULL_CATALOG_2000000_YEARS,2022_USD
C2_GODA_ATKINSON09,NO_REINSURANCE,3,0.40000000000000002,0,underwriting_result_2022_usd,98668.541933518791,98383.647973862782,284.89395965600852,0.28957450300246568,defined,data/metadata/phase_2/notebook_11_reinsurance_capital/notebook_11_raroc_assumption_grid.csv,FULL_CATALOG_2000000_YEARS,2022_USD
C2_GODA_ATKINSON09,FROZEN_OCCURRENCE_XOL,1.25,0.20000000000000001,1,underwriting_result_2022_usd,1.4551915228366852e-11,2.1827872842550278e-11,-7.2759576141834259e-12,-33.333333333333336,defined,data/metadata/phase_2/notebook_11_reinsurance_capital/notebook_11_raroc_assumption_grid.csv,FULL_CATALOG_2000000_YEARS,2022_USD
C2_GODA_ATKINSON09,FROZEN_OCCURRENCE_XOL,1.5,0.20000000000000001,1,underwriting_result_2022_usd,24667.135483379709,24595.911993465699,71.223489914009406,0.28957450300249521,defined,data/metadata/phase_2/notebook_11_reinsurance_capital/notebook_11_raroc_assumption_grid.csv,FULL_CATALOG_2000000_YEARS,2022_USD
C2_GODA_ATKINSON09,FROZEN_OCCURRENCE_XOL,2,0.20000000000000001,1,underwriting_result_2022_usd,74001.406450139126,73787.73598039709,213.67046974203549,0.28957450300250509,defined,data/metadata/phase_2/notebook_11_reinsurance_capital/notebook_11_raroc_assumption_grid.csv,FULL_CATALOG_2000000_YEARS,2022_USD
C2_GODA_ATKINSON09,FROZEN_OCCURRENCE_XOL,2.5,0.20000000000000001,1,underwriting_result_2022_usd,123335.67741689851,122979.5599673285,356.11744957001065,0.28957450300246557,defined,data/metadata/phase_2/notebook_11_reinsurance_capital/notebook_11_raroc_assumption_grid.csv,FULL_CATALOG_2000000_YEARS,2022_USD
C2_GODA_ATKINSON09,FROZEN_OCCURRENCE_XOL,3,0.20000000000000001,1,underwriting_result_2022_usd,172669.9483836579,172171.38395425986,498.56442939804401,0.28957450300248255,defined,data/metadata/phase_2/notebook_11_reinsurance_capital/notebook_11_raroc_assumption_grid.csv,FULL_CATALOG_2000000_YEARS,2022_USD
C2_GODA_ATKINSON09,FROZEN_OCCURRENCE_XOL,1.25,0.29999999999999999,1,underwriting_result_2022_usd,-15416.959677112289,-15372.444995916048,-44.514681196240417,0.28957450300239485,defined,data/metadata/phase_2/notebook_11_reinsurance_capital/notebook_11_raroc_assumption_grid.csv,FULL_CATALOG_2000000_YEARS,2022_USD
C2_GODA_ATKINSON09,FROZEN_OCCURRENCE_XOL,1.5,0.29999999999999999,1,underwriting_result_2022_usd,6166.7838708449563,6148.9779983664266,17.805872478529636,0.28957450300293885,defined,data/metadata/phase_2/notebook_11_reinsurance_capital/notebook_11_raroc_assumption_grid.csv,FULL_CATALOG_2000000_YEARS,2022_USD
C2_GODA_ATKINSON09,FROZEN_OCCURRENCE_XOL,2,0.29999999999999999,1,underwriting_result_2022_usd,49334.270966759417,49191.823986931406,142.44697982801154,0.28957450300248033,defined,data/metadata/phase_2/notebook_11_reinsurance_capital/notebook_11_raroc_assumption_grid.csv,FULL_CATALOG_2000000_YEARS,2022_USD
C2_GODA_ATKINSON09,FROZEN_OCCURRENCE_XOL,2.5,0.29999999999999999,1,underwriting_result_2022_usd,92501.758062673907,92234.669975496363,267.08808717754437,0.28957450300250509,defined,data/metadata/phase_2/notebook_11_reinsurance_capital/notebook_11_raroc_assumption_grid.csv,FULL_CATALOG_2000000_YEARS,2022_USD
C2_GODA_ATKINSON09,FROZEN_OCCURRENCE_XOL,3,0.29999999999999999,1,underwriting_result_2022_usd,135669.2451585884,135277.51596406131,391.72919452708447,0.28957450300251947,defined,data/metadata/phase_2/notebook_11_reinsurance_capital/notebook_11_raroc_assumption_grid.csv,FULL_CATALOG_2000000_YEARS,2022_USD
C2_GODA_ATKINSON09,FROZEN_OCCURRENCE_XOL,1.25,0.40000000000000002,1,underwriting_result_2022_usd,-30833.919354224607,-30744.889991832104,-89.029362392502662,0.28957450300246579,defined,data/metadata/phase_2/notebook_11_reinsurance_capital/notebook_11_raroc_assumption_grid.csv,FULL_CATALOG_2000000_YEARS,2022_USD
C2_GODA_ATKINSON09,FROZEN_OCCURRENCE_XOL,1.5,0.40000000000000002,1,underwriting_result_2022_usd,-12333.56774168984,-12297.955996732831,-35.611744957008341,0.28957450300252519,defined,data/metadata/phase_2/notebook_11_reinsurance_capital/notebook_11_raroc_assumption_grid.csv,FULL_CATALOG_2000000_YEARS,2022_USD
C2_GODA_ATKINSON09,FROZEN_OCCURRENCE_XOL,2,0.40000000000000002,1,underwriting_result_2022_usd,24667.135483379709,24595.911993465699,71.223489914009406,0.28957450300249521,defined,data/metadata/phase_2/notebook_11_reinsurance_capital/notebook_11_raroc_assumption_grid.csv,FULL_CATALOG_2000000_YEARS,2022_USD
C2_GODA_ATKINSON09,FROZEN_OCCURRENCE_XOL,2.5,0.40000000000000002,1,underwriting_result_2022_usd,61667.838708449272,61489.779983664244,178.05872478502715,0.28957450300250115,defined,data/metadata/phase_2/notebook_11_reinsurance_capital/notebook_11_raroc_assumption_grid.csv,FULL_CATALOG_2000000_YEARS,2022_USD
C2_GODA_ATKINSON09,FROZEN_OCCURRENCE_XOL,3,0.40000000000000002,1,underwriting_result_2022_usd,98668.541933518805,98383.647973862768,284.89395965603762,0.28957450300249526,defined,data/metadata/phase_2/notebook_11_reinsurance_capital/notebook_11_raroc_assumption_grid.csv,FULL_CATALOG_2000000_YEARS,2022_USD
C2_GODA_ATKINSON09,FROZEN_OCCURRENCE_XOL,1.25,0.20000000000000001,1.25,underwriting_result_2022_usd,-14651.036001841654,-15919.149331816487,1268.1133299748326,-7.9659616449501076,defined,data/metadata/phase_2/notebook_11_reinsurance_capital/notebook_11_raroc_assumption_grid.csv,FULL_CATALOG_2000000_YEARS,2022_USD
C2_GODA_ATKINSON09,FROZEN_OCCURRENCE_XOL,1.5,0.20000000000000001,1.25,underwriting_result_2022_usd,10016.09948153804,8676.7626616491907,1339.3368198888493,15.435904750612156,defined,data/metadata/phase_2/notebook_11_reinsurance_capital/notebook_11_raroc_assumption_grid.csv,FULL_CATALOG_2000000_YEARS,2022_USD
C2_GODA_ATKINSON09,FROZEN_OCCURRENCE_XOL,2,0.20000000000000001,1.25,underwriting_result_2022_usd,59350.370448297457,57868.586648580589,1481.7837997168681,2.5606013305894582,defined,data/metadata/phase_2/notebook_11_reinsurance_capital/notebook_11_raroc_assumption_grid.csv,FULL_CATALOG_2000000_YEARS,2022_USD
C2_GODA_ATKINSON09,FROZEN_OCCURRENCE_XOL,2.5,0.20000000000000001,1.25,underwriting_result_2022_usd,108684.64141505685,107060.410635512,1624.2307795448432,1.5171161495676955,defined,data/metadata/phase_2/notebook_11_reinsurance_capital/notebook_11_raroc_assumption_grid.csv,FULL_CATALOG_2000000_YEARS,2022_USD
C2_GODA_ATKINSON09,FROZEN_OCCURRENCE_XOL,3,0.20000000000000001,1.25,underwriting_result_2022_usd,158018.91238181625,156252.23462244336,1766.6777593728912,1.1306575958044787,defined,data/metadata/phase_2/notebook_11_reinsurance_capital/notebook_11_raroc_assumption_grid.csv,FULL_CATALOG_2000000_YEARS,2022_USD
C2_GODA_ATKINSON09,FROZEN_OCCURRENCE_XOL,1.25,0.29999999999999999,1.25,underwriting_result_2022_usd,-30067.995678953957,-31291.594327732557,1223.5986487785995,-3.9103109798856437,defined,data/metadata/phase_2/notebook_11_reinsurance_capital/notebook_11_raroc_assumption_grid.csv,FULL_CATALOG_2000000_YEARS,2022_USD
C2_GODA_ATKINSON09,FROZEN_OCCURRENCE_XOL,1.5,0.29999999999999999,1.25,underwriting_result_2022_usd,-8484.2521309967124,-9770.1713334500819,1285.9192024533695,-13.161685282332511,defined,data/metadata/phase_2/notebook_11_reinsurance_capital/notebook_11_raroc_assumption_grid.csv,FULL_CATALOG_2000000_YEARS,2022_USD
C2_GODA_ATKINSON09,FROZEN_OCCURRENCE_XOL,2,0.29999999999999999,1.25,underwriting_result_2022_usd,34683.234964917749,33272.674655114897,1410.5603098028514,4.2393956134392417,defined,data/metadata/phase_2/notebook_11_reinsurance_capital/notebook_11_raroc_assumption_grid.csv,FULL_CATALOG_2000000_YEARS,2022_USD
C2_GODA_ATKINSON09,FROZEN_OCCURRENCE_XOL,2.5,0.29999999999999999,1.25,underwriting_result_2022_usd,77850.722060832239,76315.520643679862,1535.201417152377,2.0116503225081726,defined,data/metadata/phase_2/notebook_11_reinsurance_capital/notebook_11_raroc_assumption_grid.csv,FULL_CATALOG_2000000_YEARS,2022_USD
C2_GODA_ATKINSON09,FROZEN_OCCURRENCE_XOL,3,0.29999999999999999,1.25,underwriting_result_2022_usd,121018.20915674673,119358.36663224481,1659.8425245019171,1.3906377670331729,defined,data/metadata/phase_2/notebook_11_reinsurance_capital/notebook_11_raroc_assumption_grid.csv,FULL_CATALOG_2000000_YEARS,2022_USD
C2_GODA_ATKINSON09,FROZEN_OCCURRENCE_XOL,1.25,0.40000000000000002,1.25,underwriting_result_2022_usd,-45484.955356066275,-46664.039323648612,1179.0839675823372,-2.5267507585542335,defined,data/metadata/phase_2/notebook_11_reinsurance_capital/notebook_11_raroc_assumption_grid.csv,FULL_CATALOG_2000000_YEARS,2022_USD
C2_GODA_ATKINSON09,FROZEN_OCCURRENCE_XOL,1.5,0.40000000000000002,1.25,underwriting_result_2022_usd,-26984.603743531508,-28217.10532854934,1232.5015850178315,-4.3679235366882878,defined,data/metadata/phase_2/notebook_11_reinsurance_capital/notebook_11_raroc_assumption_grid.csv,FULL_CATALOG_2000000_YEARS,2022_USD
C2_GODA_ATKINSON09,FROZEN_OCCURRENCE_XOL,2,0.40000000000000002,1.25,underwriting_result_2022_usd,10016.09948153804,8676.7626616491907,1339.3368198888493,15.435904750612156,defined,data/metadata/phase_2/notebook_11_reinsurance_capital/notebook_11_raroc_assumption_grid.csv,FULL_CATALOG_2000000_YEARS,2022_USD
C2_GODA_ATKINSON09,FROZEN_OCCURRENCE_XOL,2.5,0.40000000000000002,1.25,underwriting_result_2022_usd,47016.802706607603,45570.630651847736,1446.172054759867,3.1734738669920723,defined,data/metadata/phase_2/notebook_11_reinsurance_capital/notebook_11_raroc_assumption_grid.csv,FULL_CATALOG_2000000_YEARS,2022_USD
C2_GODA_ATKINSON09,FROZEN_OCCURRENCE_XOL,3,0.40000000000000002,1.25,underwriting_result_2022_usd,84017.505931677137,82464.498642046266,1553.0072896308702,1.8832434747126889,defined,data/metadata/phase_2/notebook_11_reinsurance_capital/notebook_11_raroc_assumption_grid.csv,FULL_CATALOG_2000000_YEARS,2022_USD
C2_GODA_ATKINSON09,FROZEN_OCCURRENCE_XOL,1.25,0.20000000000000001,1.5,underwriting_result_2022_usd,-29302.072003683323,-31838.298663633002,2536.2266599496797,-7.9659616449501458,defined,data/metadata/phase_2/notebook_11_reinsurance_capital/notebook_11_raroc_assumption_grid.csv,FULL_CATALOG_2000000_YEARS,2022_USD
C2_GODA_ATKINSON09,FROZEN_OCCURRENCE_XOL,1.5,0.20000000000000001,1.5,underwriting_result_2022_usd,-4634.9365203036286,-7242.3866701673251,2607.4501498636964,-36.002636542512235,defined,data/metadata/phase_2/notebook_11_reinsurance_capital/notebook_11_raroc_assumption_grid.csv,FULL_CATALOG_2000000_YEARS,2022_USD
C2_GODA_ATKINSON09,FROZEN_OCCURRENCE_XOL,2,0.20000000000000001,1.5,underwriting_result_2022_usd,44699.334446455789,41949.437316764073,2749.8971296917152,6.5552658285425576,defined,data/metadata/phase_2/notebook_11_reinsurance_capital/notebook_11_raroc_assumption_grid.csv,FULL_CATALOG_2000000_YEARS,2022_USD
C2_GODA_ATKINSON09,FROZEN_OCCURRENCE_XOL,2.5,0.20000000000000001,1.5,underwriting_result_2022_usd,94033.605413215177,91141.261303695486,2892.3441095196904,3.1734738669920239,defined,data/metadata/phase_2/notebook_11_reinsurance_capital/notebook_11_raroc_assumption_grid.csv,FULL_CATALOG_2000000_YEARS,2022_USD
C2_GODA_ATKINSON09,FROZEN_OCCURRENCE_XOL,3,0.20000000000000001,1.5,underwriting_result_2022_usd,143367.87637997456,140333.08529062686,3034.7910893477092,2.1625627934159084,defined,data/metadata/phase_2/notebook_11_reinsurance_capital/notebook_11_raroc_assumption_grid.csv,FULL_CATALOG_2000000_YEARS,2022_USD
C2_GODA_ATKINSON09,FROZEN_OCCURRENCE_XOL,1.25,0.29999999999999999,1.5,underwriting_result_2022_usd,-44719.031680795626,-47210.743659549073,2491.7119787534466,-5.2778494588476175,defined,data/metadata/phase_2/notebook_11_reinsurance_capital/notebook_11_raroc_assumption_grid.csv,FULL_CATALOG_2000000_YEARS,2022_USD
C2_GODA_ATKINSON09,FROZEN_OCCURRENCE_XOL,1.5,0.29999999999999999,1.5,underwriting_result_2022_usd,-23135.288132838381,-25689.320665266598,2554.0325324282167,-9.9420010583674632,defined,data/metadata/phase_2/notebook_11_reinsurance_capital/notebook_11_raroc_assumption_grid.csv,FULL_CATALOG_2000000_YEARS,2022_USD
C2_GODA_ATKINSON09,FROZEN_OCCURRENCE_XOL,2,0.29999999999999999,1.5,underwriting_result_2022_usd,20032.19896307608,17353.525323298381,2678.6736397776986,15.435904750612156,defined,data/metadata/phase_2/notebook_11_reinsurance_capital/notebook_11_raroc_assumption_grid.csv,FULL_CATALOG_2000000_YEARS,2022_USD
C2_GODA_ATKINSON09,FROZEN_OCCURRENCE_XOL,2.5,0.29999999999999999,1.5,underwriting_result_2022_usd,63199.68605899057,60396.371311863346,2803.3147471272241,4.6415284333093432,defined,data/metadata/phase_2/notebook_11_reinsurance_capital/notebook_11_raroc_assumption_grid.csv,FULL_CATALOG_2000000_YEARS,2022_USD
C2_GODA_ATKINSON09,FROZEN_OCCURRENCE_XOL,3,0.29999999999999999,1.5,underwriting_result_2022_usd,106367.17315490506,103439.2173004283,2927.9558544767642,2.8306051910397052,defined,data/metadata/phase_2/notebook_11_reinsurance_capital/notebook_11_raroc_assumption_grid.csv,FULL_CATALOG_2000000_YEARS,2022_USD
C2_GODA_ATKINSON09,FROZEN_OCCURRENCE_XOL,1.25,0.40000000000000002,1.5,underwriting_result_2022_usd,-60135.991357907944,-62583.188655465128,2447.1972975571844,-3.9103109798856197,defined,data/metadata/phase_2/notebook_11_reinsurance_capital/notebook_11_raroc_assumption_grid.csv,FULL_CATALOG_2000000_YEARS,2022_USD
C2_GODA_ATKINSON09,FROZEN_OCCURRENCE_XOL,1.5,0.40000000000000002,1.5,underwriting_result_2022_usd,-41635.639745373177,-44136.254660365856,2500.6149149926787,-5.6656708509483451,defined,data/metadata/phase_2/notebook_11_reinsurance_capital/notebook_11_raroc_assumption_grid.csv,FULL_CATALOG_2000000_YEARS,2022_USD
C2_GODA_ATKINSON09,FROZEN_OCCURRENCE_XOL,2,0.40000000000000002,1.5,underwriting_result_2022_usd,-4634.9365203036286,-7242.3866701673251,2607.4501498636964,-36.002636542512235,defined,data/metadata/phase_2/notebook_11_reinsurance_capital/notebook_11_raroc_assumption_grid.csv,FULL_CATALOG_2000000_YEARS,2022_USD
C2_GODA_ATKINSON09,FROZEN_OCCURRENCE_XOL,2.5,0.40000000000000002,1.5,underwriting_result_2022_usd,32365.766704765934,29651.48132003122,2714.2853847347142,9.1539621762541206,defined,data/metadata/phase_2/notebook_11_reinsurance_capital/notebook_11_raroc_assumption_grid.csv,FULL_CATALOG_2000000_YEARS,2022_USD
C2_GODA_ATKINSON09,FROZEN_OCCURRENCE_XOL,3,0.40000000000000002,1.5,underwriting_result_2022_usd,69366.469929835468,66545.349310229751,2821.1206196057174,4.2393956134392665,defined,data/metadata/phase_2/notebook_11_reinsurance_capital/notebook_11_raroc_assumption_grid.csv,FULL_CATALOG_2000000_YEARS,2022_USD
C2_GODA_ATKINSON09,FROZEN_OCCURRENCE_XOL,1.25,0.20000000000000001,2,underwriting_result_2022_usd,-58604.14400736666,-63676.597327266034,5072.453319899374,-7.9659616449501645,defined,data/metadata/phase_2/notebook_11_reinsurance_capital/notebook_11_raroc_assumption_grid.csv,FULL_CATALOG_2000000_YEARS,2022_USD
C2_GODA_ATKINSON09,FROZEN_OCCURRENCE_XOL,1.5,0.20000000000000001,2,underwriting_result_2022_usd,-33937.008523986966,-39080.685333800357,5143.6768098133907,-13.161685282332279,defined,data/metadata/phase_2/notebook_11_reinsurance_capital/notebook_11_raroc_assumption_grid.csv,FULL_CATALOG_2000000_YEARS,2022_USD
C2_GODA_ATKINSON09,FROZEN_OCCURRENCE_XOL,2,0.20000000000000001,2,underwriting_result_2022_usd,15397.262442772451,10111.138653131042,5286.1237896414095,52.280202764349347,defined,data/metadata/phase_2/notebook_11_reinsurance_capital/notebook_11_raroc_assumption_grid.csv,FULL_CATALOG_2000000_YEARS,2022_USD
C2_GODA_ATKINSON09,FROZEN_OCCURRENCE_XOL,2.5,0.20000000000000001,2,underwriting_result_2022_usd,64731.533409531839,59302.962640062455,5428.5707694693847,9.1539621762540442,defined,data/metadata/phase_2/notebook_11_reinsurance_capital/notebook_11_raroc_assumption_grid.csv,FULL_CATALOG_2000000_YEARS,2022_USD
C2_GODA_ATKINSON09,FROZEN_OCCURRENCE_XOL,3,0.20000000000000001,2,underwriting_result_2022_usd,114065.80437629123,108494.78662699381,5571.017749297418,5.1348252966758992,defined,data/metadata/phase_2/notebook_11_reinsurance_capital/notebook_11_raroc_assumption_grid.csv,FULL_CATALOG_2000000_YEARS,2022_USD
C2_GODA_ATKINSON09,FROZEN_OCCURRENCE_XOL,1.25,0.29999999999999999,2,underwriting_result_2022_usd,-74021.103684478963,-79049.042323182104,5027.9386387031409,-6.3605307426079163,defined,data/metadata/phase_2/notebook_11_reinsurance_capital/notebook_11_raroc_assumption_grid.csv,FULL_CATALOG_2000000_YEARS,2022_USD
C2_GODA_ATKINSON09,FROZEN_OCCURRENCE_XOL,1.5,0.29999999999999999,2,underwriting_result_2022_usd,-52437.360136521718,-57527.619328899629,5090.2591923779109,-8.8483744882186759,defined,data/metadata/phase_2/notebook_11_reinsurance_capital/notebook_11_raroc_assumption_grid.csv,FULL_CATALOG_2000000_YEARS,2022_USD
C2_GODA_ATKINSON09,FROZEN_OCCURRENCE_XOL,2,0.29999999999999999,2,underwriting_result_2022_usd,-9269.8730406072573,-14484.77334033465,5214.9002997273928,-36.002636542512235,defined,data/metadata/phase_2/notebook_11_reinsurance_capital/notebook_11_raroc_assumption_grid.csv,FULL_CATALOG_2000000_YEARS,2022_USD
C2_GODA_ATKINSON09,FROZEN_OCCURRENCE_XOL,2.5,0.29999999999999999,2,underwriting_result_2022_usd,33897.614055307233,28558.072648230314,5339.5414070769184,18.697135037254693,defined,data/metadata/phase_2/notebook_11_reinsurance_capital/notebook_11_raroc_assumption_grid.csv,FULL_CATALOG_2000000_YEARS,2022_USD
C2_GODA_ATKINSON09,FROZEN_OCCURRENCE_XOL,3,0.29999999999999999,2,underwriting_result_2022_usd,77065.101151221723,71600.918636795264,5464.1825144264585,7.6314419122807875,defined,data/metadata/phase_2/notebook_11_reinsurance_capital/notebook_11_raroc_assumption_grid.csv,FULL_CATALOG_2000000_YEARS,2022_USD
C2_GODA_ATKINSON09,FROZEN_OCCURRENCE_XOL,1.25,0.40000000000000002,2,underwriting_result_2022_usd,-89438.063361591281,-94421.48731909816,4983.4239575068787,-5.2778494588476015,defined,data/metadata/phase_2/notebook_11_reinsurance_capital/notebook_11_raroc_assumption_grid.csv,FULL_CATALOG_2000000_YEARS,2022_USD
C2_GODA_ATKINSON09,FROZEN_OCCURRENCE_XOL,1.5,0.40000000000000002,2,underwriting_result_2022_usd,-70937.711749056514,-75974.553323998887,5036.841574942373,-6.6296428930123534,defined,data/metadata/phase_2/notebook_11_reinsurance_capital/notebook_11_raroc_assumption_grid.csv,FULL_CATALOG_2000000_YEARS,2022_USD
C2_GODA_ATKINSON09,FROZEN_OCCURRENCE_XOL,2,0.40000000000000002,2,underwriting_result_2022_usd,-33937.008523986966,-39080.685333800357,5143.6768098133907,-13.161685282332279,defined,data/metadata/phase_2/notebook_11_reinsurance_capital/notebook_11_raroc_assumption_grid.csv,FULL_CATALOG_2000000_YEARS,2022_USD
C2_GODA_ATKINSON09,FROZEN_OCCURRENCE_XOL,2.5,0.40000000000000002,2,underwriting_result_2022_usd,3063.694701082597,-2186.8173436018114,5250.5120446844085,-240.0983356038561,defined,data/metadata/phase_2/notebook_11_reinsurance_capital/notebook_11_raroc_assumption_grid.csv,FULL_CATALOG_2000000_YEARS,2022_USD
C2_GODA_ATKINSON09,FROZEN_OCCURRENCE_XOL,3,0.40000000000000002,2,underwriting_result_2022_usd,40064.397926152131,34707.050646596719,5357.3472795554117,15.435904750612217,defined,data/metadata/phase_2/notebook_11_reinsurance_capital/notebook_11_raroc_assumption_grid.csv,FULL_CATALOG_2000000_YEARS,2022_USD
C2_GODA_ATKINSON09,STANDALONE_AGGREGATE,1.25,0.20000000000000001,1,underwriting_result_2022_usd,1.4551915228366852e-11,2.9103830456733704e-11,-1.4551915228366852e-11,-50,defined,data/metadata/phase_2/notebook_11_reinsurance_capital/notebook_11_raroc_assumption_grid.csv,FULL_CATALOG_2000000_YEARS,2022_USD
C2_GODA_ATKINSON09,STANDALONE_AGGREGATE,1.5,0.20000000000000001,1,underwriting_result_2022_usd,24667.135483379709,24595.911993465699,71.223489914009406,0.28957450300249521,defined,data/metadata/phase_2/notebook_11_reinsurance_capital/notebook_11_raroc_assumption_grid.csv,FULL_CATALOG_2000000_YEARS,2022_USD
C2_GODA_ATKINSON09,STANDALONE_AGGREGATE,2,0.20000000000000001,1,underwriting_result_2022_usd,74001.406450139126,73787.73598039709,213.67046974203549,0.28957450300250509,defined,data/metadata/phase_2/notebook_11_reinsurance_capital/notebook_11_raroc_assumption_grid.csv,FULL_CATALOG_2000000_YEARS,2022_USD
C2_GODA_ATKINSON09,STANDALONE_AGGREGATE,2.5,0.20000000000000001,1,underwriting_result_2022_usd,123335.67741689851,122979.5599673285,356.11744957001065,0.28957450300246557,defined,data/metadata/phase_2/notebook_11_reinsurance_capital/notebook_11_raroc_assumption_grid.csv,FULL_CATALOG_2000000_YEARS,2022_USD
C2_GODA_ATKINSON09,STANDALONE_AGGREGATE,3,0.20000000000000001,1,underwriting_result_2022_usd,172669.9483836579,172171.38395425986,498.56442939804401,0.28957450300248255,defined,data/metadata/phase_2/notebook_11_reinsurance_capital/notebook_11_raroc_assumption_grid.csv,FULL_CATALOG_2000000_YEARS,2022_USD
C2_GODA_ATKINSON09,STANDALONE_AGGREGATE,1.25,0.29999999999999999,1,underwriting_result_2022_usd,-15416.959677112289,-15372.444995916041,-44.514681196247693,0.28957450300244236,defined,data/metadata/phase_2/notebook_11_reinsurance_capital/notebook_11_raroc_assumption_grid.csv,FULL_CATALOG_2000000_YEARS,2022_USD
C2_GODA_ATKINSON09,STANDALONE_AGGREGATE,1.5,0.29999999999999999,1,underwriting_result_2022_usd,6166.7838708449563,6148.9779983664266,17.805872478529636,0.28957450300293885,defined,data/metadata/phase_2/notebook_11_reinsurance_capital/notebook_11_raroc_assumption_grid.csv,FULL_CATALOG_2000000_YEARS,2022_USD
C2_GODA_ATKINSON09,STANDALONE_AGGREGATE,2,0.29999999999999999,1,underwriting_result_2022_usd,49334.270966759417,49191.823986931406,142.44697982801154,0.28957450300248033,defined,data/metadata/phase_2/notebook_11_reinsurance_capital/notebook_11_raroc_assumption_grid.csv,FULL_CATALOG_2000000_YEARS,2022_USD
C2_GODA_ATKINSON09,STANDALONE_AGGREGATE,2.5,0.29999999999999999,1,underwriting_result_2022_usd,92501.758062673907,92234.669975496363,267.08808717754437,0.28957450300250509,defined,data/metadata/phase_2/notebook_11_reinsurance_capital/notebook_11_raroc_assumption_grid.csv,FULL_CATALOG_2000000_YEARS,2022_USD
C2_GODA_ATKINSON09,STANDALONE_AGGREGATE,3,0.29999999999999999,1,underwriting_result_2022_usd,135669.2451585884,135277.51596406131,391.72919452708447,0.28957450300251947,defined,data/metadata/phase_2/notebook_11_reinsurance_capital/notebook_11_raroc_assumption_grid.csv,FULL_CATALOG_2000000_YEARS,2022_USD
C2_GODA_ATKINSON09,STANDALONE_AGGREGATE,1.25,0.40000000000000002,1,underwriting_result_2022_usd,-30833.919354224607,-30744.889991832097,-89.029362392509938,0.28957450300248955,defined,data/metadata/phase_2/notebook_11_reinsurance_capital/notebook_11_raroc_assumption_grid.csv,FULL_CATALOG_2000000_YEARS,2022_USD
C2_GODA_ATKINSON09,STANDALONE_AGGREGATE,1.5,0.40000000000000002,1,underwriting_result_2022_usd,-12333.56774168984,-12297.955996732824,-35.611744957015617,0.28957450300258453,defined,data/metadata/phase_2/notebook_11_reinsurance_capital/notebook_11_raroc_assumption_grid.csv,FULL_CATALOG_2000000_YEARS,2022_USD
C2_GODA_ATKINSON09,STANDALONE_AGGREGATE,2,0.40000000000000002,1,underwriting_result_2022_usd,24667.135483379709,24595.911993465699,71.223489914009406,0.28957450300249521,defined,data/metadata/phase_2/notebook_11_reinsurance_capital/notebook_11_raroc_assumption_grid.csv,FULL_CATALOG_2000000_YEARS,2022_USD
C2_GODA_ATKINSON09,STANDALONE_AGGREGATE,2.5,0.40000000000000002,1,underwriting_result_2022_usd,61667.838708449272,61489.779983664244,178.05872478502715,0.28957450300250115,defined,data/metadata/phase_2/notebook_11_reinsurance_capital/notebook_11_raroc_assumption_grid.csv,FULL_CATALOG_2000000_YEARS,2022_USD
C2_GODA_ATKINSON09,STANDALONE_AGGREGATE,3,0.40000000000000002,1,underwriting_result_2022_usd,98668.541933518805,98383.647973862797,284.89395965600852,0.28957450300246562,defined,data/metadata/phase_2/notebook_11_reinsurance_capital/notebook_11_raroc_assumption_grid.csv,FULL_CATALOG_2000000_YEARS,2022_USD
C2_GODA_ATKINSON09,STANDALONE_AGGREGATE,1.25,0.20000000000000001,1.25,underwriting_result_2022_usd,-14634.398395519238,-15915.638476588116,1281.2400810688778,-8.0501959312130662,defined,data/metadata/phase_2/notebook_11_reinsurance_capital/notebook_11_raroc_assumption_grid.csv,FULL_CATALOG_2000000_YEARS,2022_USD
C2_GODA_ATKINSON09,STANDALONE_AGGREGATE,1.5,0.20000000000000001,1.25,underwriting_result_2022_usd,10032.737087860456,8680.2735168775544,1352.4635709829017,15.580886574060473,defined,data/metadata/phase_2/notebook_11_reinsurance_capital/notebook_11_raroc_assumption_grid.csv,FULL_CATALOG_2000000_YEARS,2022_USD
C2_GODA_ATKINSON09,STANDALONE_AGGREGATE,2,0.20000000000000001,1.25,underwriting_result_2022_usd,59367.008054619873,57872.097503808938,1494.9105508109351,2.583128338682636,defined,data/metadata/phase_2/notebook_11_reinsurance_capital/notebook_11_raroc_assumption_grid.csv,FULL_CATALOG_2000000_YEARS,2022_USD
C2_GODA_ATKINSON09,STANDALONE_AGGREGATE,2.5,0.20000000000000001,1.25,underwriting_result_2022_usd,108701.27902137926,107063.92149074035,1637.3575306389102,1.5293270672702948,defined,data/metadata/phase_2/notebook_11_reinsurance_capital/notebook_11_raroc_assumption_grid.csv,FULL_CATALOG_2000000_YEARS,2022_USD
C2_GODA_ATKINSON09,STANDALONE_AGGREGATE,3,0.20000000000000001,1.25,underwriting_result_2022_usd,158035.54998813866,156255.74547767171,1779.8045104669582,1.1390330032512532,defined,data/metadata/phase_2/notebook_11_reinsurance_capital/notebook_11_raroc_assumption_grid.csv,FULL_CATALOG_2000000_YEARS,2022_USD
C2_GODA_ATKINSON09,STANDALONE_AGGREGATE,1.25,0.29999999999999999,1.25,underwriting_result_2022_usd,-30051.358072631541,-31288.083472504186,1236.7253998726446,-3.952704233097156,defined,data/metadata/phase_2/notebook_11_reinsurance_capital/notebook_11_raroc_assumption_grid.csv,FULL_CATALOG_2000000_YEARS,2022_USD
C2_GODA_ATKINSON09,STANDALONE_AGGREGATE,1.5,0.29999999999999999,1.25,underwriting_result_2022_usd,-8467.6145246742963,-9766.6604782217182,1299.045953547422,-13.300820238853516,defined,data/metadata/phase_2/notebook_11_reinsurance_capital/notebook_11_raroc_assumption_grid.csv,FULL_CATALOG_2000000_YEARS,2022_USD
C2_GODA_ATKINSON09,STANDALONE_AGGREGATE,2,0.29999999999999999,1.25,underwriting_result_2022_usd,34699.872571240165,33276.185510343261,1423.6870608969039,4.2783962135755562,defined,data/metadata/phase_2/notebook_11_reinsurance_capital/notebook_11_raroc_assumption_grid.csv,FULL_CATALOG_2000000_YEARS,2022_USD
C2_GODA_ATKINSON09,STANDALONE_AGGREGATE,2.5,0.29999999999999999,1.25,underwriting_result_2022_usd,77867.359667154655,76319.031498908211,1548.328168246444,2.0287576215751555,defined,data/metadata/phase_2/notebook_11_reinsurance_capital/notebook_11_raroc_assumption_grid.csv,FULL_CATALOG_2000000_YEARS,2022_USD
C2_GODA_ATKINSON09,STANDALONE_AGGREGATE,3,0.29999999999999999,1.25,underwriting_result_2022_usd,121034.84676306914,119361.87748747316,1672.9692755959841,1.4015943036515655,defined,data/metadata/phase_2/notebook_11_reinsurance_capital/notebook_11_raroc_assumption_grid.csv,FULL_CATALOG_2000000_YEARS,2022_USD
C2_GODA_ATKINSON09,STANDALONE_AGGREGATE,1.25,0.40000000000000002,1.25,underwriting_result_2022_usd,-45468.317749743859,-46660.528468420242,1192.2107186763824,-2.5550733303058673,defined,data/metadata/phase_2/notebook_11_reinsurance_capital/notebook_11_raroc_assumption_grid.csv,FULL_CATALOG_2000000_YEARS,2022_USD
C2_GODA_ATKINSON09,STANDALONE_AGGREGATE,1.5,0.40000000000000002,1.25,underwriting_result_2022_usd,-26967.966137209092,-28213.594473320969,1245.6283361118767,-4.4149934078401607,defined,data/metadata/phase_2/notebook_11_reinsurance_capital/notebook_11_raroc_assumption_grid.csv,FULL_CATALOG_2000000_YEARS,2022_USD
C2_GODA_ATKINSON09,STANDALONE_AGGREGATE,2,0.40000000000000002,1.25,underwriting_result_2022_usd,10032.737087860456,8680.2735168775544,1352.4635709829017,15.580886574060473,defined,data/metadata/phase_2/notebook_11_reinsurance_capital/notebook_11_raroc_assumption_grid.csv,FULL_CATALOG_2000000_YEARS,2022_USD
C2_GODA_ATKINSON09,STANDALONE_AGGREGATE,2.5,0.40000000000000002,1.25,underwriting_result_2022_usd,47033.440312930019,45574.1415070761,1459.2988058539195,3.2020324631399593,defined,data/metadata/phase_2/notebook_11_reinsurance_capital/notebook_11_raroc_assumption_grid.csv,FULL_CATALOG_2000000_YEARS,2022_USD
C2_GODA_ATKINSON09,STANDALONE_AGGREGATE,3,0.40000000000000002,1.25,underwriting_result_2022_usd,84034.143537999553,82468.009497274645,1566.1340407249081,1.899080686283164,defined,data/metadata/phase_2/notebook_11_reinsurance_capital/notebook_11_raroc_assumption_grid.csv,FULL_CATALOG_2000000_YEARS,2022_USD
C2_GODA_ATKINSON09,STANDALONE_AGGREGATE,1.25,0.20000000000000001,1.5,underwriting_result_2022_usd,-29268.79679103849,-31831.276953176268,2562.4801621377774,-8.0501959312131266,defined,data/metadata/phase_2/notebook_11_reinsurance_capital/notebook_11_raroc_assumption_grid.csv,FULL_CATALOG_2000000_YEARS,2022_USD
C2_GODA_ATKINSON09,STANDALONE_AGGREGATE,1.5,0.20000000000000001,1.5,underwriting_result_2022_usd,-4601.6613076587964,-7235.3649597105978,2633.7036520518013,-36.400425779726596,defined,data/metadata/phase_2/notebook_11_reinsurance_capital/notebook_11_raroc_assumption_grid.csv,FULL_CATALOG_2000000_YEARS,2022_USD
C2_GODA_ATKINSON09,STANDALONE_AGGREGATE,2,0.20000000000000001,1.5,underwriting_result_2022_usd,44732.609659100621,41956.459027220786,2776.1506318798347,6.6167419659478544,defined,data/metadata/phase_2/notebook_11_reinsurance_capital/notebook_11_raroc_assumption_grid.csv,FULL_CATALOG_2000000_YEARS,2022_USD
C2_GODA_ATKINSON09,STANDALONE_AGGREGATE,2.5,0.20000000000000001,1.5,underwriting_result_2022_usd,94066.880625860009,91148.283014152199,2918.5976117078098,3.2020324631399277,defined,data/metadata/phase_2/notebook_11_reinsurance_capital/notebook_11_raroc_assumption_grid.csv,FULL_CATALOG_2000000_YEARS,2022_USD
C2_GODA_ATKINSON09,STANDALONE_AGGREGATE,3,0.20000000000000001,1.5,underwriting_result_2022_usd,143401.1515926194,140340.10700108355,3061.0445915358432,2.1811616486171048,defined,data/metadata/phase_2/notebook_11_reinsurance_capital/notebook_11_raroc_assumption_grid.csv,FULL_CATALOG_2000000_YEARS,2022_USD
C2_GODA_ATKINSON09,STANDALONE_AGGREGATE,1.25,0.29999999999999999,1.5,underwriting_result_2022_usd,-44685.756468150794,-47203.721949092338,2517.9654809415442,-5.3342519974528431,defined,data/metadata/phase_2/notebook_11_reinsurance_capital/notebook_11_raroc_assumption_grid.csv,FULL_CATALOG_2000000_YEARS,2022_USD
C2_GODA_ATKINSON09,STANDALONE_AGGREGATE,1.5,0.29999999999999999,1.5,underwriting_result_2022_usd,-23102.012920193549,-25682.29895480987,2580.2860346163216,-10.046943379782894,defined,data/metadata/phase_2/notebook_11_reinsurance_capital/notebook_11_raroc_assumption_grid.csv,FULL_CATALOG_2000000_YEARS,2022_USD
C2_GODA_ATKINSON09,STANDALONE_AGGREGATE,2,0.29999999999999999,1.5,underwriting_result_2022_usd,20065.474175720912,17360.547033755109,2704.9271419658035,15.580886574060473,defined,data/metadata/phase_2/notebook_11_reinsurance_capital/notebook_11_raroc_assumption_grid.csv,FULL_CATALOG_2000000_YEARS,2022_USD
C2_GODA_ATKINSON09,STANDALONE_AGGREGATE,2.5,0.29999999999999999,1.5,underwriting_result_2022_usd,63232.961271635402,60403.393022320059,2829.5682493153436,4.6844524913853283,defined,data/metadata/phase_2/notebook_11_reinsurance_capital/notebook_11_raroc_assumption_grid.csv,FULL_CATALOG_2000000_YEARS,2022_USD
C2_GODA_ATKINSON09,STANDALONE_AGGREGATE,3,0.29999999999999999,1.5,underwriting_result_2022_usd,106400.44836754989,103446.23901088501,2954.2093566648837,2.8557919407336119,defined,data/metadata/phase_2/notebook_11_reinsurance_capital/notebook_11_raroc_assumption_grid.csv,FULL_CATALOG_2000000_YEARS,2022_USD
C2_GODA_ATKINSON09,STANDALONE_AGGREGATE,1.25,0.40000000000000002,1.5,underwriting_result_2022_usd,-60102.716145263112,-62576.166945008394,2473.450799745282,-3.9527042330971431,defined,data/metadata/phase_2/notebook_11_reinsurance_capital/notebook_11_raroc_assumption_grid.csv,FULL_CATALOG_2000000_YEARS,2022_USD
C2_GODA_ATKINSON09,STANDALONE_AGGREGATE,1.5,0.40000000000000002,1.5,underwriting_result_2022_usd,-41602.364532728345,-44129.232949909121,2526.8684171807763,-5.7260646702130815,defined,data/metadata/phase_2/notebook_11_reinsurance_capital/notebook_11_raroc_assumption_grid.csv,FULL_CATALOG_2000000_YEARS,2022_USD
C2_GODA_ATKINSON09,STANDALONE_AGGREGATE,2,0.40000000000000002,1.5,underwriting_result_2022_usd,-4601.6613076587964,-7235.3649597105978,2633.7036520518013,-36.400425779726596,defined,data/metadata/phase_2/notebook_11_reinsurance_capital/notebook_11_raroc_assumption_grid.csv,FULL_CATALOG_2000000_YEARS,2022_USD
C2_GODA_ATKINSON09,STANDALONE_AGGREGATE,2.5,0.40000000000000002,1.5,underwriting_result_2022_usd,32399.041917410766,29658.503030487947,2740.5388869228191,9.2403142670607377,defined,data/metadata/phase_2/notebook_11_reinsurance_capital/notebook_11_raroc_assumption_grid.csv,FULL_CATALOG_2000000_YEARS,2022_USD
C2_GODA_ATKINSON09,STANDALONE_AGGREGATE,3,0.40000000000000002,1.5,underwriting_result_2022_usd,69399.7451424803,66552.371020686493,2847.3741217938077,4.278396213575558,defined,data/metadata/phase_2/notebook_11_reinsurance_capital/notebook_11_raroc_assumption_grid.csv,FULL_CATALOG_2000000_YEARS,2022_USD
C2_GODA_ATKINSON09,STANDALONE_AGGREGATE,1.25,0.20000000000000001,2,underwriting_result_2022_usd,-58537.593582076996,-63662.553906352558,5124.960324275562,-8.0501959312131355,defined,data/metadata/phase_2/notebook_11_reinsurance_capital/notebook_11_raroc_assumption_grid.csv,FULL_CATALOG_2000000_YEARS,2022_USD
C2_GODA_ATKINSON09,STANDALONE_AGGREGATE,1.5,0.20000000000000001,2,underwriting_result_2022_usd,-33870.458098697301,-39066.641912886887,5196.183814189586,-13.300820238853252,defined,data/metadata/phase_2/notebook_11_reinsurance_capital/notebook_11_raroc_assumption_grid.csv,FULL_CATALOG_2000000_YEARS,2022_USD
C2_GODA_ATKINSON09,STANDALONE_AGGREGATE,2,0.20000000000000001,2,underwriting_result_2022_usd,15463.812868062116,10125.182074044496,5338.6307940176193,52.726269562134476,defined,data/metadata/phase_2/notebook_11_reinsurance_capital/notebook_11_raroc_assumption_grid.csv,FULL_CATALOG_2000000_YEARS,2022_USD
C2_GODA_ATKINSON09,STANDALONE_AGGREGATE,2.5,0.20000000000000001,2,underwriting_result_2022_usd,64798.083834821504,59317.006060975909,5481.0777738455945,9.2403142670606613,defined,data/metadata/phase_2/notebook_11_reinsurance_capital/notebook_11_raroc_assumption_grid.csv,FULL_CATALOG_2000000_YEARS,2022_USD
C2_GODA_ATKINSON09,STANDALONE_AGGREGATE,3,0.20000000000000001,2,underwriting_result_2022_usd,114132.35480158089,108508.83004790726,5623.5247536736279,5.1825503520688692,defined,data/metadata/phase_2/notebook_11_reinsurance_capital/notebook_11_raroc_assumption_grid.csv,FULL_CATALOG_2000000_YEARS,2022_USD
C2_GODA_ATKINSON09,STANDALONE_AGGREGATE,1.25,0.29999999999999999,2,underwriting_result_2022_usd,-73954.553259189299,-79034.99890226862,5080.4456430793216,-6.4280960506643243,defined,data/metadata/phase_2/notebook_11_reinsurance_capital/notebook_11_raroc_assumption_grid.csv,FULL_CATALOG_2000000_YEARS,2022_USD
C2_GODA_ATKINSON09,STANDALONE_AGGREGATE,1.5,0.29999999999999999,2,underwriting_result_2022_usd,-52370.809711232054,-57513.57590798616,5142.7661967541062,-8.9418300211098458,defined,data/metadata/phase_2/notebook_11_reinsurance_capital/notebook_11_raroc_assumption_grid.csv,FULL_CATALOG_2000000_YEARS,2022_USD
C2_GODA_ATKINSON09,STANDALONE_AGGREGATE,2,0.29999999999999999,2,underwriting_result_2022_usd,-9203.3226153175929,-14470.729919421181,5267.4073041035881,-36.40042577972654,defined,data/metadata/phase_2/notebook_11_reinsurance_capital/notebook_11_raroc_assumption_grid.csv,FULL_CATALOG_2000000_YEARS,2022_USD
C2_GODA_ATKINSON09,STANDALONE_AGGREGATE,2.5,0.29999999999999999,2,underwriting_result_2022_usd,33964.164480596897,28572.116069143769,5392.0484114531282,18.871715340944693,defined,data/metadata/phase_2/notebook_11_reinsurance_capital/notebook_11_raroc_assumption_grid.csv,FULL_CATALOG_2000000_YEARS,2022_USD
C2_GODA_ATKINSON09,STANDALONE_AGGREGATE,3,0.29999999999999999,2,underwriting_result_2022_usd,77131.651576511387,71614.962057708719,5516.6895188026683,7.7032638994589062,defined,data/metadata/phase_2/notebook_11_reinsurance_capital/notebook_11_raroc_assumption_grid.csv,FULL_CATALOG_2000000_YEARS,2022_USD
C2_GODA_ATKINSON09,STANDALONE_AGGREGATE,1.25,0.40000000000000002,2,underwriting_result_2022_usd,-89371.512936301617,-94407.443898184691,5035.9309618830739,-5.3342519974528271,defined,data/metadata/phase_2/notebook_11_reinsurance_capital/notebook_11_raroc_assumption_grid.csv,FULL_CATALOG_2000000_YEARS,2022_USD
C2_GODA_ATKINSON09,STANDALONE_AGGREGATE,1.5,0.40000000000000002,2,underwriting_result_2022_usd,-70871.16132376685,-75960.509903085418,5089.3485793185682,-6.6999926485641526,defined,data/metadata/phase_2/notebook_11_reinsurance_capital/notebook_11_raroc_assumption_grid.csv,FULL_CATALOG_2000000_YEARS,2022_USD
C2_GODA_ATKINSON09,STANDALONE_AGGREGATE,2,0.40000000000000002,2,underwriting_result_2022_usd,-33870.458098697301,-39066.641912886887,5196.183814189586,-13.300820238853252,defined,data/metadata/phase_2/notebook_11_reinsurance_capital/notebook_11_raroc_assumption_grid.csv,FULL_CATALOG_2000000_YEARS,2022_USD
C2_GODA_ATKINSON09,STANDALONE_AGGREGATE,2.5,0.40000000000000002,2,underwriting_result_2022_usd,3130.2451263722614,-2172.7739226883423,5303.0190490606037,-244.06676615941953,defined,data/metadata/phase_2/notebook_11_reinsurance_capital/notebook_11_raroc_assumption_grid.csv,FULL_CATALOG_2000000_YEARS,2022_USD
C2_GODA_ATKINSON09,STANDALONE_AGGREGATE,3,0.40000000000000002,2,underwriting_result_2022_usd,40130.948351441795,34721.094067510203,5409.8542839315924,15.58088657406044,defined,data/metadata/phase_2/notebook_11_reinsurance_capital/notebook_11_raroc_assumption_grid.csv,FULL_CATALOG_2000000_YEARS,2022_USD
C2_GODA_ATKINSON09,STACKED_OCCURRENCE_PLUS_AGGREGATE,1.25,0.20000000000000001,1,underwriting_result_2022_usd,0,2.9103830456733704e-11,-2.9103830456733704e-11,-100,defined,data/metadata/phase_2/notebook_11_reinsurance_capital/notebook_11_raroc_assumption_grid.csv,FULL_CATALOG_2000000_YEARS,2022_USD
C2_GODA_ATKINSON09,STACKED_OCCURRENCE_PLUS_AGGREGATE,1.5,0.20000000000000001,1,underwriting_result_2022_usd,24667.135483379694,24595.911993465706,71.223489913987578,0.28957450300240634,defined,data/metadata/phase_2/notebook_11_reinsurance_capital/notebook_11_raroc_assumption_grid.csv,FULL_CATALOG_2000000_YEARS,2022_USD
C2_GODA_ATKINSON09,STACKED_OCCURRENCE_PLUS_AGGREGATE,2,0.20000000000000001,1,underwriting_result_2022_usd,74001.406450139111,73787.73598039709,213.67046974202094,0.28957450300248538,defined,data/metadata/phase_2/notebook_11_reinsurance_capital/notebook_11_raroc_assumption_grid.csv,FULL_CATALOG_2000000_YEARS,2022_USD
C2_GODA_ATKINSON09,STACKED_OCCURRENCE_PLUS_AGGREGATE,2.5,0.20000000000000001,1,underwriting_result_2022_usd,123335.6774168985,122979.5599673285,356.1174495699961,0.28957450300245374,defined,data/metadata/phase_2/notebook_11_reinsurance_capital/notebook_11_raroc_assumption_grid.csv,FULL_CATALOG_2000000_YEARS,2022_USD
C2_GODA_ATKINSON09,STACKED_OCCURRENCE_PLUS_AGGREGATE,3,0.20000000000000001,1,underwriting_result_2022_usd,172669.9483836579,172171.38395425986,498.56442939804401,0.28957450300248255,defined,data/metadata/phase_2/notebook_11_reinsurance_capital/notebook_11_raroc_assumption_grid.csv,FULL_CATALOG_2000000_YEARS,2022_USD
C2_GODA_ATKINSON09,STACKED_OCCURRENCE_PLUS_AGGREGATE,1.25,0.29999999999999999,1,underwriting_result_2022_usd,-15416.959677112303,-15372.444995916041,-44.514681196262245,0.28957450300253701,defined,data/metadata/phase_2/notebook_11_reinsurance_capital/notebook_11_raroc_assumption_grid.csv,FULL_CATALOG_2000000_YEARS,2022_USD
C2_GODA_ATKINSON09,STACKED_OCCURRENCE_PLUS_AGGREGATE,1.5,0.29999999999999999,1,underwriting_result_2022_usd,6166.7838708449417,6148.9779983664339,17.805872478507808,0.28957450300258353,defined,data/metadata/phase_2/notebook_11_reinsurance_capital/notebook_11_raroc_assumption_grid.csv,FULL_CATALOG_2000000_YEARS,2022_USD
C2_GODA_ATKINSON09,STACKED_OCCURRENCE_PLUS_AGGREGATE,2,0.29999999999999999,1,underwriting_result_2022_usd,49334.270966759403,49191.823986931413,142.44697982798971,0.28957450300243592,defined,data/metadata/phase_2/notebook_11_reinsurance_capital/notebook_11_raroc_assumption_grid.csv,FULL_CATALOG_2000000_YEARS,2022_USD
C2_GODA_ATKINSON09,STACKED_OCCURRENCE_PLUS_AGGREGATE,2.5,0.29999999999999999,1,underwriting_result_2022_usd,92501.758062673893,92234.669975496363,267.08808717752981,0.28957450300248933,defined,data/metadata/phase_2/notebook_11_reinsurance_capital/notebook_11_raroc_assumption_grid.csv,FULL_CATALOG_2000000_YEARS,2022_USD
C2_GODA_ATKINSON09,STACKED_OCCURRENCE_PLUS_AGGREGATE,3,0.29999999999999999,1,underwriting_result_2022_usd,135669.2451585884,135277.51596406131,391.72919452708447,0.28957450300251947,defined,data/metadata/phase_2/notebook_11_reinsurance_capital/notebook_11_raroc_assumption_grid.csv,FULL_CATALOG_2000000_YEARS,2022_USD
C2_GODA_ATKINSON09,STACKED_OCCURRENCE_PLUS_AGGREGATE,1.25,0.40000000000000002,1,underwriting_result_2022_usd,-30833.919354224621,-30744.889991832097,-89.02936239252449,0.28957450300253684,defined,data/metadata/phase_2/notebook_11_reinsurance_capital/notebook_11_raroc_assumption_grid.csv,FULL_CATALOG_2000000_YEARS,2022_USD
C2_GODA_ATKINSON09,STACKED_OCCURRENCE_PLUS_AGGREGATE,1.5,0.40000000000000002,1,underwriting_result_2022_usd,-12333.567741689854,-12297.955996732824,-35.611744957030169,0.28957450300270288,defined,data/metadata/phase_2/notebook_11_reinsurance_capital/notebook_11_raroc_assumption_grid.csv,FULL_CATALOG_2000000_YEARS,2022_USD
C2_GODA_ATKINSON09,STACKED_OCCURRENCE_PLUS_AGGREGATE,2,0.40000000000000002,1,underwriting_result_2022_usd,24667.135483379694,24595.911993465706,71.223489913987578,0.28957450300240634,defined,data/metadata/phase_2/notebook_11_reinsurance_capital/notebook_11_raroc_assumption_grid.csv,FULL_CATALOG_2000000_YEARS,2022_USD
C2_GODA_ATKINSON09,STACKED_OCCURRENCE_PLUS_AGGREGATE,2.5,0.40000000000000002,1,underwriting_result_2022_usd,61667.838708449257,61489.779983664252,178.05872478500532,0.28957450300246557,defined,data/metadata/phase_2/notebook_11_reinsurance_capital/notebook_11_raroc_assumption_grid.csv,FULL_CATALOG_2000000_YEARS,2022_USD
C2_GODA_ATKINSON09,STACKED_OCCURRENCE_PLUS_AGGREGATE,3,0.40000000000000002,1,underwriting_result_2022_usd,98668.541933518791,98383.647973862797,284.89395965599397,0.2895745030024508,defined,data/metadata/phase_2/notebook_11_reinsurance_capital/notebook_11_raroc_assumption_grid.csv,FULL_CATALOG_2000000_YEARS,2022_USD
C2_GODA_ATKINSON09,STACKED_OCCURRENCE_PLUS_AGGREGATE,1.25,0.20000000000000001,1.25,underwriting_result_2022_usd,-19468.533815934483,-18564.693372460228,-903.84044347425515,4.8685988254190944,defined,data/metadata/phase_2/notebook_11_reinsurance_capital/notebook_11_raroc_assumption_grid.csv,FULL_CATALOG_2000000_YEARS,2022_USD
C2_GODA_ATKINSON09,STACKED_OCCURRENCE_PLUS_AGGREGATE,1.5,0.20000000000000001,1.25,underwriting_result_2022_usd,5198.6016674452112,6031.2186210054497,-832.61695356023847,-13.805119759055177,defined,data/metadata/phase_2/notebook_11_reinsurance_capital/notebook_11_raroc_assumption_grid.csv,FULL_CATALOG_2000000_YEARS,2022_USD
C2_GODA_ATKINSON09,STACKED_OCCURRENCE_PLUS_AGGREGATE,2,0.20000000000000001,1.25,underwriting_result_2022_usd,54532.872634204628,55223.042607936834,-690.16997373220511,-1.2497862144832483,defined,data/metadata/phase_2/notebook_11_reinsurance_capital/notebook_11_raroc_assumption_grid.csv,FULL_CATALOG_2000000_YEARS,2022_USD
C2_GODA_ATKINSON09,STACKED_OCCURRENCE_PLUS_AGGREGATE,2.5,0.20000000000000001,1.25,underwriting_result_2022_usd,103867.14360096402,104414.86659486825,-547.72299390422995,-0.52456418493489632,defined,data/metadata/phase_2/notebook_11_reinsurance_capital/notebook_11_raroc_assumption_grid.csv,FULL_CATALOG_2000000_YEARS,2022_USD
C2_GODA_ATKINSON09,STACKED_OCCURRENCE_PLUS_AGGREGATE,3,0.20000000000000001,1.25,underwriting_result_2022_usd,153201.4145677234,153606.6905817996,-405.27601407619659,-0.26384007919262897,defined,data/metadata/phase_2/notebook_11_reinsurance_capital/notebook_11_raroc_assumption_grid.csv,FULL_CATALOG_2000000_YEARS,2022_USD
C2_GODA_ATKINSON09,STACKED_OCCURRENCE_PLUS_AGGREGATE,1.25,0.29999999999999999,1.25,underwriting_result_2022_usd,-34885.493493046786,-33937.138368376298,-948.35512467048829,2.7944463507099813,defined,data/metadata/phase_2/notebook_11_reinsurance_capital/notebook_11_raroc_assumption_grid.csv,FULL_CATALOG_2000000_YEARS,2022_USD
C2_GODA_ATKINSON09,STACKED_OCCURRENCE_PLUS_AGGREGATE,1.5,0.29999999999999999,1.25,underwriting_result_2022_usd,-13301.749945089541,-12415.715374093823,-886.03457099571824,7.1363956429323885,defined,data/metadata/phase_2/notebook_11_reinsurance_capital/notebook_11_raroc_assumption_grid.csv,FULL_CATALOG_2000000_YEARS,2022_USD
C2_GODA_ATKINSON09,STACKED_OCCURRENCE_PLUS_AGGREGATE,2,0.29999999999999999,1.25,underwriting_result_2022_usd,29865.73715082492,30627.130614471156,-761.39346364623634,-2.4860097840392594,defined,data/metadata/phase_2/notebook_11_reinsurance_capital/notebook_11_raroc_assumption_grid.csv,FULL_CATALOG_2000000_YEARS,2022_USD
C2_GODA_ATKINSON09,STACKED_OCCURRENCE_PLUS_AGGREGATE,2.5,0.29999999999999999,1.25,underwriting_result_2022_usd,73033.22424673941,73669.976603036106,-636.75235629669623,-0.86433087895192062,defined,data/metadata/phase_2/notebook_11_reinsurance_capital/notebook_11_raroc_assumption_grid.csv,FULL_CATALOG_2000000_YEARS,2022_USD
C2_GODA_ATKINSON09,STACKED_OCCURRENCE_PLUS_AGGREGATE,3,0.29999999999999999,1.25,underwriting_result_2022_usd,116200.7113426539,116712.82259160106,-512.11124894715613,-0.43877890841448036,defined,data/metadata/phase_2/notebook_11_reinsurance_capital/notebook_11_raroc_assumption_grid.csv,FULL_CATALOG_2000000_YEARS,2022_USD
C2_GODA_ATKINSON09,STACKED_OCCURRENCE_PLUS_AGGREGATE,1.25,0.40000000000000002,1.25,underwriting_result_2022_usd,-50302.453170159104,-49309.583364292354,-992.86980586675054,2.0135432873799934,defined,data/metadata/phase_2/notebook_11_reinsurance_capital/notebook_11_raroc_assumption_grid.csv,FULL_CATALOG_2000000_YEARS,2022_USD
C2_GODA_ATKINSON09,STACKED_OCCURRENCE_PLUS_AGGREGATE,1.5,0.40000000000000002,1.25,underwriting_result_2022_usd,-31802.101557624337,-30862.649369193081,-939.45218843125622,3.0439777777763046,defined,data/metadata/phase_2/notebook_11_reinsurance_capital/notebook_11_raroc_assumption_grid.csv,FULL_CATALOG_2000000_YEARS,2022_USD
C2_GODA_ATKINSON09,STACKED_OCCURRENCE_PLUS_AGGREGATE,2,0.40000000000000002,1.25,underwriting_result_2022_usd,5198.6016674452112,6031.2186210054497,-832.61695356023847,-13.805119759055177,defined,data/metadata/phase_2/notebook_11_reinsurance_capital/notebook_11_raroc_assumption_grid.csv,FULL_CATALOG_2000000_YEARS,2022_USD
C2_GODA_ATKINSON09,STACKED_OCCURRENCE_PLUS_AGGREGATE,2.5,0.40000000000000002,1.25,underwriting_result_2022_usd,42199.304892514774,42925.086611203995,-725.78171868922072,-1.6908101438746601,defined,data/metadata/phase_2/notebook_11_reinsurance_capital/notebook_11_raroc_assumption_grid.csv,FULL_CATALOG_2000000_YEARS,2022_USD
C2_GODA_ATKINSON09,STACKED_OCCURRENCE_PLUS_AGGREGATE,3,0.40000000000000002,1.25,underwriting_result_2022_usd,79200.008117584308,79818.95460140254,-618.94648381823208,-0.77543797323468866,defined,data/metadata/phase_2/notebook_11_reinsurance_capital/notebook_11_raroc_assumption_grid.csv,FULL_CATALOG_2000000_YEARS,2022_USD
C2_GODA_ATKINSON09,STACKED_OCCURRENCE_PLUS_AGGREGATE,1.25,0.20000000000000001,1.5,underwriting_result_2022_usd,-38937.06763186898,-37129.386744920484,-1807.6808869484958,4.8685988254190518,defined,data/metadata/phase_2/notebook_11_reinsurance_capital/notebook_11_raroc_assumption_grid.csv,FULL_CATALOG_2000000_YEARS,2022_USD
C2_GODA_ATKINSON09,STACKED_OCCURRENCE_PLUS_AGGREGATE,1.5,0.20000000000000001,1.5,underwriting_result_2022_usd,-14269.932148489286,-12533.474751454807,-1736.4573970344791,13.85455694824711,defined,data/metadata/phase_2/notebook_11_reinsurance_capital/notebook_11_raroc_assumption_grid.csv,FULL_CATALOG_2000000_YEARS,2022_USD
C2_GODA_ATKINSON09,STACKED_OCCURRENCE_PLUS_AGGREGATE,2,0.20000000000000001,1.5,underwriting_result_2022_usd,35064.338818270131,36658.349235476577,-1594.0104172064457,-4.3482874991649165,defined,data/metadata/phase_2/notebook_11_reinsurance_capital/notebook_11_raroc_assumption_grid.csv,FULL_CATALOG_2000000_YEARS,2022_USD
C2_GODA_ATKINSON09,STACKED_OCCURRENCE_PLUS_AGGREGATE,2.5,0.20000000000000001,1.5,underwriting_result_2022_usd,84398.609785029519,85850.17322240799,-1451.5634373784706,-1.6908101438746941,defined,data/metadata/phase_2/notebook_11_reinsurance_capital/notebook_11_raroc_assumption_grid.csv,FULL_CATALOG_2000000_YEARS,2022_USD
C2_GODA_ATKINSON09,STACKED_OCCURRENCE_PLUS_AGGREGATE,3,0.20000000000000001,1.5,underwriting_result_2022_usd,133732.88075178891,135041.99720933934,-1309.1164575504372,-0.96941431895521479,defined,data/metadata/phase_2/notebook_11_reinsurance_capital/notebook_11_raroc_assumption_grid.csv,FULL_CATALOG_2000000_YEARS,2022_USD
C2_GODA_ATKINSON09,STACKED_OCCURRENCE_PLUS_AGGREGATE,1.25,0.29999999999999999,1.5,underwriting_result_2022_usd,-54354.027308981284,-52501.831740836555,-1852.1955681447289,3.527868469975818,defined,data/metadata/phase_2/notebook_11_reinsurance_capital/notebook_11_raroc_assumption_grid.csv,FULL_CATALOG_2000000_YEARS,2022_USD
C2_GODA_ATKINSON09,STACKED_OCCURRENCE_PLUS_AGGREGATE,1.5,0.29999999999999999,1.5,underwriting_result_2022_usd,-32770.283761024039,-30980.40874655408,-1789.8750144699588,5.777441573197593,defined,data/metadata/phase_2/notebook_11_reinsurance_capital/notebook_11_raroc_assumption_grid.csv,FULL_CATALOG_2000000_YEARS,2022_USD
C2_GODA_ATKINSON09,STACKED_OCCURRENCE_PLUS_AGGREGATE,2,0.29999999999999999,1.5,underwriting_result_2022_usd,10397.203334890422,12062.437242010899,-1665.2339071204769,-13.805119759055177,defined,data/metadata/phase_2/notebook_11_reinsurance_capital/notebook_11_raroc_assumption_grid.csv,FULL_CATALOG_2000000_YEARS,2022_USD
C2_GODA_ATKINSON09,STACKED_OCCURRENCE_PLUS_AGGREGATE,2.5,0.29999999999999999,1.5,underwriting_result_2022_usd,53564.690430804912,55105.283230575849,-1540.5927997709368,-2.7957261254327785,defined,data/metadata/phase_2/notebook_11_reinsurance_capital/notebook_11_raroc_assumption_grid.csv,FULL_CATALOG_2000000_YEARS,2022_USD
C2_GODA_ATKINSON09,STACKED_OCCURRENCE_PLUS_AGGREGATE,3,0.29999999999999999,1.5,underwriting_result_2022_usd,96732.177526719403,98148.129219140799,-1415.9516924213967,-1.4426680403249688,defined,data/metadata/phase_2/notebook_11_reinsurance_capital/notebook_11_raroc_assumption_grid.csv,FULL_CATALOG_2000000_YEARS,2022_USD
C2_GODA_ATKINSON09,STACKED_OCCURRENCE_PLUS_AGGREGATE,1.25,0.40000000000000002,1.5,underwriting_result_2022_usd,-69770.986986093601,-67874.27673675261,-1896.7102493409911,2.7944463507100021,defined,data/metadata/phase_2/notebook_11_reinsurance_capital/notebook_11_raroc_assumption_grid.csv,FULL_CATALOG_2000000_YEARS,2022_USD
C2_GODA_ATKINSON09,STACKED_OCCURRENCE_PLUS_AGGREGATE,1.5,0.40000000000000002,1.5,underwriting_result_2022_usd,-51270.635373558835,-49427.342741653338,-1843.2926319054968,3.7292974488635013,defined,data/metadata/phase_2/notebook_11_reinsurance_capital/notebook_11_raroc_assumption_grid.csv,FULL_CATALOG_2000000_YEARS,2022_USD
C2_GODA_ATKINSON09,STACKED_OCCURRENCE_PLUS_AGGREGATE,2,0.40000000000000002,1.5,underwriting_result_2022_usd,-14269.932148489286,-12533.474751454807,-1736.4573970344791,13.85455694824711,defined,data/metadata/phase_2/notebook_11_reinsurance_capital/notebook_11_raroc_assumption_grid.csv,FULL_CATALOG_2000000_YEARS,2022_USD
C2_GODA_ATKINSON09,STACKED_OCCURRENCE_PLUS_AGGREGATE,2.5,0.40000000000000002,1.5,underwriting_result_2022_usd,22730.771076580277,24360.393238743738,-1629.6221621634613,-6.689638160568137,defined,data/metadata/phase_2/notebook_11_reinsurance_capital/notebook_11_raroc_assumption_grid.csv,FULL_CATALOG_2000000_YEARS,2022_USD
C2_GODA_ATKINSON09,STACKED_OCCURRENCE_PLUS_AGGREGATE,3,0.40000000000000002,1.5,underwriting_result_2022_usd,59731.474301649811,61254.261228942283,-1522.7869272924727,-2.4860097840392608,defined,data/metadata/phase_2/notebook_11_reinsurance_capital/notebook_11_raroc_assumption_grid.csv,FULL_CATALOG_2000000_YEARS,2022_USD
C2_GODA_ATKINSON09,STACKED_OCCURRENCE_PLUS_AGGREGATE,1.25,0.20000000000000001,2,underwriting_result_2022_usd,-77874.135263737946,-74258.773489840998,-3615.3617738969479,4.8685988254189914,defined,data/metadata/phase_2/notebook_11_reinsurance_capital/notebook_11_raroc_assumption_grid.csv,FULL_CATALOG_2000000_YEARS,2022_USD
C2_GODA_ATKINSON09,STACKED_OCCURRENCE_PLUS_AGGREGATE,1.5,0.20000000000000001,2,underwriting_result_2022_usd,-53206.999780358252,-49662.861496375321,-3544.1382839829312,7.1363956429325013,defined,data/metadata/phase_2/notebook_11_reinsurance_capital/notebook_11_raroc_assumption_grid.csv,FULL_CATALOG_2000000_YEARS,2022_USD
C2_GODA_ATKINSON09,STACKED_OCCURRENCE_PLUS_AGGREGATE,2,0.20000000000000001,2,underwriting_result_2022_usd,-3872.7288135988347,-471.03750944393687,-3401.6913041548978,722.16994102457329,defined,data/metadata/phase_2/notebook_11_reinsurance_capital/notebook_11_raroc_assumption_grid.csv,FULL_CATALOG_2000000_YEARS,2022_USD
C2_GODA_ATKINSON09,STACKED_OCCURRENCE_PLUS_AGGREGATE,2.5,0.20000000000000001,2,underwriting_result_2022_usd,45461.542153160553,48720.786477487476,-3259.2443243269227,-6.689638160568137,defined,data/metadata/phase_2/notebook_11_reinsurance_capital/notebook_11_raroc_assumption_grid.csv,FULL_CATALOG_2000000_YEARS,2022_USD
C2_GODA_ATKINSON09,STACKED_OCCURRENCE_PLUS_AGGREGATE,3,0.20000000000000001,2,underwriting_result_2022_usd,94795.813119919942,97912.610464418831,-3116.7973444988893,-3.1832440476413657,defined,data/metadata/phase_2/notebook_11_reinsurance_capital/notebook_11_raroc_assumption_grid.csv,FULL_CATALOG_2000000_YEARS,2022_USD
C2_GODA_ATKINSON09,STACKED_OCCURRENCE_PLUS_AGGREGATE,1.25,0.29999999999999999,2,underwriting_result_2022_usd,-93291.094940850249,-89631.218485757068,-3659.876455093181,4.0832608514351021,defined,data/metadata/phase_2/notebook_11_reinsurance_capital/notebook_11_raroc_assumption_grid.csv,FULL_CATALOG_2000000_YEARS,2022_USD
C2_GODA_ATKINSON09,STACKED_OCCURRENCE_PLUS_AGGREGATE,1.5,0.29999999999999999,2,underwriting_result_2022_usd,-71707.351392893004,-68109.795491474593,-3597.5559014184109,5.2819948664634042,defined,data/metadata/phase_2/notebook_11_reinsurance_capital/notebook_11_raroc_assumption_grid.csv,FULL_CATALOG_2000000_YEARS,2022_USD
C2_GODA_ATKINSON09,STACKED_OCCURRENCE_PLUS_AGGREGATE,2,0.29999999999999999,2,underwriting_result_2022_usd,-28539.864296978543,-25066.949502909614,-3472.914794068929,13.854556948246993,defined,data/metadata/phase_2/notebook_11_reinsurance_capital/notebook_11_raroc_assumption_grid.csv,FULL_CATALOG_2000000_YEARS,2022_USD
C2_GODA_ATKINSON09,STACKED_OCCURRENCE_PLUS_AGGREGATE,2.5,0.29999999999999999,2,underwriting_result_2022_usd,14627.622798935947,17975.896485655336,-3348.2736867193889,-18.626462882623365,defined,data/metadata/phase_2/notebook_11_reinsurance_capital/notebook_11_raroc_assumption_grid.csv,FULL_CATALOG_2000000_YEARS,2022_USD
C2_GODA_ATKINSON09,STACKED_OCCURRENCE_PLUS_AGGREGATE,3,0.29999999999999999,2,underwriting_result_2022_usd,57795.109894850437,61018.742474220286,-3223.6325793698488,-5.2830203453173361,defined,data/metadata/phase_2/notebook_11_reinsurance_capital/notebook_11_raroc_assumption_grid.csv,FULL_CATALOG_2000000_YEARS,2022_USD
C2_GODA_ATKINSON09,STACKED_OCCURRENCE_PLUS_AGGREGATE,1.25,0.40000000000000002,2,underwriting_result_2022_usd,-108708.05461796257,-105003.66348167312,-3704.3911362894432,3.5278684699758034,defined,data/metadata/phase_2/notebook_11_reinsurance_capital/notebook_11_raroc_assumption_grid.csv,FULL_CATALOG_2000000_YEARS,2022_USD
C2_GODA_ATKINSON09,STACKED_OCCURRENCE_PLUS_AGGREGATE,1.5,0.40000000000000002,2,underwriting_result_2022_usd,-90207.7030054278,-86556.729486573851,-3650.9735188539489,4.2180123261476341,defined,data/metadata/phase_2/notebook_11_reinsurance_capital/notebook_11_raroc_assumption_grid.csv,FULL_CATALOG_2000000_YEARS,2022_USD
C2_GODA_ATKINSON09,STACKED_OCCURRENCE_PLUS_AGGREGATE,2,0.40000000000000002,2,underwriting_result_2022_usd,-53206.999780358252,-49662.861496375321,-3544.1382839829312,7.1363956429325013,defined,data/metadata/phase_2/notebook_11_reinsurance_capital/notebook_11_raroc_assumption_grid.csv,FULL_CATALOG_2000000_YEARS,2022_USD
C2_GODA_ATKINSON09,STACKED_OCCURRENCE_PLUS_AGGREGATE,2.5,0.40000000000000002,2,underwriting_result_2022_usd,-16206.296555288689,-12768.993506176776,-3437.3030491119134,26.919138516666788,defined,data/metadata/phase_2/notebook_11_reinsurance_capital/notebook_11_raroc_assumption_grid.csv,FULL_CATALOG_2000000_YEARS,2022_USD
C2_GODA_ATKINSON09,STACKED_OCCURRENCE_PLUS_AGGREGATE,3,0.40000000000000002,2,underwriting_result_2022_usd,20794.406669780845,24124.87448402177,-3330.4678142409248,-13.805119759055072,defined,data/metadata/phase_2/notebook_11_reinsurance_capital/notebook_11_raroc_assumption_grid.csv,FULL_CATALOG_2000000_YEARS,2022_USD
I0_PHASE1_INDEPENDENT,NO_REINSURANCE,1.25,0.20000000000000001,0,raroc_using_tvar99_5_tail_capital,5.9467241094591009e-19,5.9467241094591009e-19,0,,undefined_zero_or_missing_baseline,data/metadata/phase_2/notebook_11_reinsurance_capital/notebook_11_raroc_assumption_grid.csv,FULL_CATALOG_2000000_YEARS,ratio
I0_PHASE1_INDEPENDENT,NO_REINSURANCE,1.5,0.20000000000000001,0,raroc_using_tvar99_5_tail_capital,0.0010051261332292127,0.0010051261332292127,0,0,defined,data/metadata/phase_2/notebook_11_reinsurance_capital/notebook_11_raroc_assumption_grid.csv,FULL_CATALOG_2000000_YEARS,ratio
I0_PHASE1_INDEPENDENT,NO_REINSURANCE,2,0.20000000000000001,0,raroc_using_tvar99_5_tail_capital,0.0030153783996876376,0.0030153783996876376,0,0,defined,data/metadata/phase_2/notebook_11_reinsurance_capital/notebook_11_raroc_assumption_grid.csv,FULL_CATALOG_2000000_YEARS,ratio
I0_PHASE1_INDEPENDENT,NO_REINSURANCE,2.5,0.20000000000000001,0,raroc_using_tvar99_5_tail_capital,0.0050256306661460642,0.0050256306661460642,0,0,defined,data/metadata/phase_2/notebook_11_reinsurance_capital/notebook_11_raroc_assumption_grid.csv,FULL_CATALOG_2000000_YEARS,ratio
I0_PHASE1_INDEPENDENT,NO_REINSURANCE,3,0.20000000000000001,0,raroc_using_tvar99_5_tail_capital,0.0070358829326044887,0.0070358829326044887,0,0,defined,data/metadata/phase_2/notebook_11_reinsurance_capital/notebook_11_raroc_assumption_grid.csv,FULL_CATALOG_2000000_YEARS,ratio
I0_PHASE1_INDEPENDENT,NO_REINSURANCE,1.25,0.29999999999999999,0,raroc_using_tvar99_5_tail_capital,-0.00062820383326825781,-0.00062820383326825781,0,-0,defined,data/metadata/phase_2/notebook_11_reinsurance_capital/notebook_11_raroc_assumption_grid.csv,FULL_CATALOG_2000000_YEARS,ratio
I0_PHASE1_INDEPENDENT,NO_REINSURANCE,1.5,0.29999999999999999,0,raroc_using_tvar99_5_tail_capital,0.000251281533307303,0.000251281533307303,0,0,defined,data/metadata/phase_2/notebook_11_reinsurance_capital/notebook_11_raroc_assumption_grid.csv,FULL_CATALOG_2000000_YEARS,ratio
I0_PHASE1_INDEPENDENT,NO_REINSURANCE,2,0.29999999999999999,0,raroc_using_tvar99_5_tail_capital,0.0020102522664584258,0.0020102522664584258,0,0,defined,data/metadata/phase_2/notebook_11_reinsurance_capital/notebook_11_raroc_assumption_grid.csv,FULL_CATALOG_2000000_YEARS,ratio
I0_PHASE1_INDEPENDENT,NO_REINSURANCE,2.5,0.29999999999999999,0,raroc_using_tvar99_5_tail_capital,0.0037692229996095475,0.0037692229996095475,0,0,defined,data/metadata/phase_2/notebook_11_reinsurance_capital/notebook_11_raroc_assumption_grid.csv,FULL_CATALOG_2000000_YEARS,ratio
I0_PHASE1_INDEPENDENT,NO_REINSURANCE,3,0.29999999999999999,0,raroc_using_tvar99_5_tail_capital,0.0055281937327606697,0.0055281937327606697,0,0,defined,data/metadata/phase_2/notebook_11_reinsurance_capital/notebook_11_raroc_assumption_grid.csv,FULL_CATALOG_2000000_YEARS,ratio
I0_PHASE1_INDEPENDENT,NO_REINSURANCE,1.25,0.40000000000000002,0,raroc_using_tvar99_5_tail_capital,-0.0012564076665365156,-0.0012564076665365156,0,-0,defined,data/metadata/phase_2/notebook_11_reinsurance_capital/notebook_11_raroc_assumption_grid.csv,FULL_CATALOG_2000000_YEARS,ratio
I0_PHASE1_INDEPENDENT,NO_REINSURANCE,1.5,0.40000000000000002,0,raroc_using_tvar99_5_tail_capital,-0.00050256306661460601,-0.00050256306661460601,0,-0,defined,data/metadata/phase_2/notebook_11_reinsurance_capital/notebook_11_raroc_assumption_grid.csv,FULL_CATALOG_2000000_YEARS,ratio
I0_PHASE1_INDEPENDENT,NO_REINSURANCE,2,0.40000000000000002,0,raroc_using_tvar99_5_tail_capital,0.0010051261332292127,0.0010051261332292127,0,0,defined,data/metadata/phase_2/notebook_11_reinsurance_capital/notebook_11_raroc_assumption_grid.csv,FULL_CATALOG_2000000_YEARS,ratio
I0_PHASE1_INDEPENDENT,NO_REINSURANCE,2.5,0.40000000000000002,0,raroc_using_tvar99_5_tail_capital,0.0025128153330730317,0.0025128153330730317,0,0,defined,data/metadata/phase_2/notebook_11_reinsurance_capital/notebook_11_raroc_assumption_grid.csv,FULL_CATALOG_2000000_YEARS,ratio
I0_PHASE1_INDEPENDENT,NO_REINSURANCE,3,0.40000000000000002,0,raroc_using_tvar99_5_tail_capital,0.0040205045329168507,0.0040205045329168507,0,0,defined,data/metadata/phase_2/notebook_11_reinsurance_capital/notebook_11_raroc_assumption_grid.csv,FULL_CATALOG_2000000_YEARS,ratio
I0_PHASE1_INDEPENDENT,FROZEN_OCCURRENCE_XOL,1.25,0.20000000000000001,1,raroc_using_tvar99_5_tail_capital,1.8498034878977522e-18,1.8498034878977522e-18,0,,undefined_zero_or_missing_baseline,data/metadata/phase_2/notebook_11_reinsurance_capital/notebook_11_raroc_assumption_grid.csv,FULL_CATALOG_2000000_YEARS,ratio
I0_PHASE1_INDEPENDENT,FROZEN_OCCURRENCE_XOL,1.5,0.20000000000000001,1,raroc_using_tvar99_5_tail_capital,0.0020843810169558995,0.0020843810169558995,0,0,defined,data/metadata/phase_2/notebook_11_reinsurance_capital/notebook_11_raroc_assumption_grid.csv,FULL_CATALOG_2000000_YEARS,ratio
I0_PHASE1_INDEPENDENT,FROZEN_OCCURRENCE_XOL,2,0.20000000000000001,1,raroc_using_tvar99_5_tail_capital,0.0062531430508676981,0.0062531430508676981,0,0,defined,data/metadata/phase_2/notebook_11_reinsurance_capital/notebook_11_raroc_assumption_grid.csv,FULL_CATALOG_2000000_YEARS,ratio
I0_PHASE1_INDEPENDENT,FROZEN_OCCURRENCE_XOL,2.5,0.20000000000000001,1,raroc_using_tvar99_5_tail_capital,0.010421905084779498,0.010421905084779498,0,0,defined,data/metadata/phase_2/notebook_11_reinsurance_capital/notebook_11_raroc_assumption_grid.csv,FULL_CATALOG_2000000_YEARS,ratio
I0_PHASE1_INDEPENDENT,FROZEN_OCCURRENCE_XOL,3,0.20000000000000001,1,raroc_using_tvar99_5_tail_capital,0.014590667118691293,0.014590667118691293,0,0,defined,data/metadata/phase_2/notebook_11_reinsurance_capital/notebook_11_raroc_assumption_grid.csv,FULL_CATALOG_2000000_YEARS,ratio
I0_PHASE1_INDEPENDENT,FROZEN_OCCURRENCE_XOL,1.25,0.29999999999999999,1,raroc_using_tvar99_5_tail_capital,-0.001302738135597436,-0.001302738135597436,0,-0,defined,data/metadata/phase_2/notebook_11_reinsurance_capital/notebook_11_raroc_assumption_grid.csv,FULL_CATALOG_2000000_YEARS,ratio
I0_PHASE1_INDEPENDENT,FROZEN_OCCURRENCE_XOL,1.5,0.29999999999999999,1,raroc_using_tvar99_5_tail_capital,0.00052109525423897499,0.00052109525423897499,0,0,defined,data/metadata/phase_2/notebook_11_reinsurance_capital/notebook_11_raroc_assumption_grid.csv,FULL_CATALOG_2000000_YEARS,ratio
I0_PHASE1_INDEPENDENT,FROZEN_OCCURRENCE_XOL,2,0.29999999999999999,1,raroc_using_tvar99_5_tail_capital,0.0041687620339117999,0.0041687620339117999,0,0,defined,data/metadata/phase_2/notebook_11_reinsurance_capital/notebook_11_raroc_assumption_grid.csv,FULL_CATALOG_2000000_YEARS,ratio
I0_PHASE1_INDEPENDENT,FROZEN_OCCURRENCE_XOL,2.5,0.29999999999999999,1,raroc_using_tvar99_5_tail_capital,0.0078164288135846218,0.0078164288135846218,0,0,defined,data/metadata/phase_2/notebook_11_reinsurance_capital/notebook_11_raroc_assumption_grid.csv,FULL_CATALOG_2000000_YEARS,ratio
I0_PHASE1_INDEPENDENT,FROZEN_OCCURRENCE_XOL,3,0.29999999999999999,1,raroc_using_tvar99_5_tail_capital,0.011464095593257444,0.011464095593257444,0,0,defined,data/metadata/phase_2/notebook_11_reinsurance_capital/notebook_11_raroc_assumption_grid.csv,FULL_CATALOG_2000000_YEARS,ratio
I0_PHASE1_INDEPENDENT,FROZEN_OCCURRENCE_XOL,1.25,0.40000000000000002,1,raroc_using_tvar99_5_tail_capital,-0.0026054762711948728,-0.0026054762711948728,0,-0,defined,data/metadata/phase_2/notebook_11_reinsurance_capital/notebook_11_raroc_assumption_grid.csv,FULL_CATALOG_2000000_YEARS,ratio
I0_PHASE1_INDEPENDENT,FROZEN_OCCURRENCE_XOL,1.5,0.40000000000000002,1,raroc_using_tvar99_5_tail_capital,-0.0010421905084779482,-0.0010421905084779482,0,-0,defined,data/metadata/phase_2/notebook_11_reinsurance_capital/notebook_11_raroc_assumption_grid.csv,FULL_CATALOG_2000000_YEARS,ratio
I0_PHASE1_INDEPENDENT,FROZEN_OCCURRENCE_XOL,2,0.40000000000000002,1,raroc_using_tvar99_5_tail_capital,0.0020843810169558995,0.0020843810169558995,0,0,defined,data/metadata/phase_2/notebook_11_reinsurance_capital/notebook_11_raroc_assumption_grid.csv,FULL_CATALOG_2000000_YEARS,ratio
I0_PHASE1_INDEPENDENT,FROZEN_OCCURRENCE_XOL,2.5,0.40000000000000002,1,raroc_using_tvar99_5_tail_capital,0.0052109525423897482,0.0052109525423897482,0,0,defined,data/metadata/phase_2/notebook_11_reinsurance_capital/notebook_11_raroc_assumption_grid.csv,FULL_CATALOG_2000000_YEARS,ratio
I0_PHASE1_INDEPENDENT,FROZEN_OCCURRENCE_XOL,3,0.40000000000000002,1,raroc_using_tvar99_5_tail_capital,0.0083375240678235946,0.0083375240678235946,0,0,defined,data/metadata/phase_2/notebook_11_reinsurance_capital/notebook_11_raroc_assumption_grid.csv,FULL_CATALOG_2000000_YEARS,ratio
I0_PHASE1_INDEPENDENT,FROZEN_OCCURRENCE_XOL,1.25,0.20000000000000001,1.25,raroc_using_tvar99_5_tail_capital,-0.0013490686046583552,-0.0013490686046583552,0,-0,defined,data/metadata/phase_2/notebook_11_reinsurance_capital/notebook_11_raroc_assumption_grid.csv,FULL_CATALOG_2000000_YEARS,ratio
I0_PHASE1_INDEPENDENT,FROZEN_OCCURRENCE_XOL,1.5,0.20000000000000001,1.25,raroc_using_tvar99_5_tail_capital,0.00073531241229754236,0.00073531241229754236,0,0,defined,data/metadata/phase_2/notebook_11_reinsurance_capital/notebook_11_raroc_assumption_grid.csv,FULL_CATALOG_2000000_YEARS,ratio
I0_PHASE1_INDEPENDENT,FROZEN_OCCURRENCE_XOL,2,0.20000000000000001,1.25,raroc_using_tvar99_5_tail_capital,0.0049040744462093416,0.0049040744462093416,0,0,defined,data/metadata/phase_2/notebook_11_reinsurance_capital/notebook_11_raroc_assumption_grid.csv,FULL_CATALOG_2000000_YEARS,ratio
I0_PHASE1_INDEPENDENT,FROZEN_OCCURRENCE_XOL,2.5,0.20000000000000001,1.25,raroc_using_tvar99_5_tail_capital,0.0090728364801211416,0.0090728364801211416,0,0,defined,data/metadata/phase_2/notebook_11_reinsurance_capital/notebook_11_raroc_assumption_grid.csv,FULL_CATALOG_2000000_YEARS,ratio
I0_PHASE1_INDEPENDENT,FROZEN_OCCURRENCE_XOL,3,0.20000000000000001,1.25,raroc_using_tvar99_5_tail_capital,0.013241598514032936,0.013241598514032936,0,0,defined,data/metadata/phase_2/notebook_11_reinsurance_capital/notebook_11_raroc_assumption_grid.csv,FULL_CATALOG_2000000_YEARS,ratio
I0_PHASE1_INDEPENDENT,FROZEN_OCCURRENCE_XOL,1.25,0.29999999999999999,1.25,raroc_using_tvar99_5_tail_capital,-0.0026518067402557929,-0.0026518067402557929,0,-0,defined,data/metadata/phase_2/notebook_11_reinsurance_capital/notebook_11_raroc_assumption_grid.csv,FULL_CATALOG_2000000_YEARS,ratio
I0_PHASE1_INDEPENDENT,FROZEN_OCCURRENCE_XOL,1.5,0.29999999999999999,1.25,raroc_using_tvar99_5_tail_capital,-0.00082797335041938206,-0.00082797335041938206,0,-0,defined,data/metadata/phase_2/notebook_11_reinsurance_capital/notebook_11_raroc_assumption_grid.csv,FULL_CATALOG_2000000_YEARS,ratio
I0_PHASE1_INDEPENDENT,FROZEN_OCCURRENCE_XOL,2,0.29999999999999999,1.25,raroc_using_tvar99_5_tail_capital,0.0028196934292534425,0.0028196934292534425,0,0,defined,data/metadata/phase_2/notebook_11_reinsurance_capital/notebook_11_raroc_assumption_grid.csv,FULL_CATALOG_2000000_YEARS,ratio
I0_PHASE1_INDEPENDENT,FROZEN_OCCURRENCE_XOL,2.5,0.29999999999999999,1.25,raroc_using_tvar99_5_tail_capital,0.0064673602089262662,0.0064673602089262662,0,0,defined,data/metadata/phase_2/notebook_11_reinsurance_capital/notebook_11_raroc_assumption_grid.csv,FULL_CATALOG_2000000_YEARS,ratio
I0_PHASE1_INDEPENDENT,FROZEN_OCCURRENCE_XOL,3,0.29999999999999999,1.25,raroc_using_tvar99_5_tail_capital,0.010115026988599087,0.010115026988599087,0,0,defined,data/metadata/phase_2/notebook_11_reinsurance_capital/notebook_11_raroc_assumption_grid.csv,FULL_CATALOG_2000000_YEARS,ratio
I0_PHASE1_INDEPENDENT,FROZEN_OCCURRENCE_XOL,1.25,0.40000000000000002,1.25,raroc_using_tvar99_5_tail_capital,-0.0039545448758532302,-0.0039545448758532302,0,-0,defined,data/metadata/phase_2/notebook_11_reinsurance_capital/notebook_11_raroc_assumption_grid.csv,FULL_CATALOG_2000000_YEARS,ratio
I0_PHASE1_INDEPENDENT,FROZEN_OCCURRENCE_XOL,1.5,0.40000000000000002,1.25,raroc_using_tvar99_5_tail_capital,-0.0023912591131363052,-0.0023912591131363052,0,-0,defined,data/metadata/phase_2/notebook_11_reinsurance_capital/notebook_11_raroc_assumption_grid.csv,FULL_CATALOG_2000000_YEARS,ratio
I0_PHASE1_INDEPENDENT,FROZEN_OCCURRENCE_XOL,2,0.40000000000000002,1.25,raroc_using_tvar99_5_tail_capital,0.00073531241229754236,0.00073531241229754236,0,0,defined,data/metadata/phase_2/notebook_11_reinsurance_capital/notebook_11_raroc_assumption_grid.csv,FULL_CATALOG_2000000_YEARS,ratio
I0_PHASE1_INDEPENDENT,FROZEN_OCCURRENCE_XOL,2.5,0.40000000000000002,1.25,raroc_using_tvar99_5_tail_capital,0.0038618839377313912,0.0038618839377313912,0,0,defined,data/metadata/phase_2/notebook_11_reinsurance_capital/notebook_11_raroc_assumption_grid.csv,FULL_CATALOG_2000000_YEARS,ratio
I0_PHASE1_INDEPENDENT,FROZEN_OCCURRENCE_XOL,3,0.40000000000000002,1.25,raroc_using_tvar99_5_tail_capital,0.006988455463165239,0.006988455463165239,0,0,defined,data/metadata/phase_2/notebook_11_reinsurance_capital/notebook_11_raroc_assumption_grid.csv,FULL_CATALOG_2000000_YEARS,ratio
I0_PHASE1_INDEPENDENT,FROZEN_OCCURRENCE_XOL,1.25,0.20000000000000001,1.5,raroc_using_tvar99_5_tail_capital,-0.002698137209316713,-0.002698137209316713,0,-0,defined,data/metadata/phase_2/notebook_11_reinsurance_capital/notebook_11_raroc_assumption_grid.csv,FULL_CATALOG_2000000_YEARS,ratio
I0_PHASE1_INDEPENDENT,FROZEN_OCCURRENCE_XOL,1.5,0.20000000000000001,1.5,raroc_using_tvar99_5_tail_capital,-0.00061375619236081534,-0.00061375619236081534,0,-0,defined,data/metadata/phase_2/notebook_11_reinsurance_capital/notebook_11_raroc_assumption_grid.csv,FULL_CATALOG_2000000_YEARS,ratio
I0_PHASE1_INDEPENDENT,FROZEN_OCCURRENCE_XOL,2,0.20000000000000001,1.5,raroc_using_tvar99_5_tail_capital,0.0035550058415509834,0.0035550058415509834,0,0,defined,data/metadata/phase_2/notebook_11_reinsurance_capital/notebook_11_raroc_assumption_grid.csv,FULL_CATALOG_2000000_YEARS,ratio
I0_PHASE1_INDEPENDENT,FROZEN_OCCURRENCE_XOL,2.5,0.20000000000000001,1.5,raroc_using_tvar99_5_tail_capital,0.0077237678754627833,0.0077237678754627833,0,0,defined,data/metadata/phase_2/notebook_11_reinsurance_capital/notebook_11_raroc_assumption_grid.csv,FULL_CATALOG_2000000_YEARS,ratio
I0_PHASE1_INDEPENDENT,FROZEN_OCCURRENCE_XOL,3,0.20000000000000001,1.5,raroc_using_tvar99_5_tail_capital,0.01189252990937458,0.01189252990937458,0,0,defined,data/metadata/phase_2/notebook_11_reinsurance_capital/notebook_11_raroc_assumption_grid.csv,FULL_CATALOG_2000000_YEARS,ratio
I0_PHASE1_INDEPENDENT,FROZEN_OCCURRENCE_XOL,1.25,0.29999999999999999,1.5,raroc_using_tvar99_5_tail_capital,-0.0040008753449141512,-0.0040008753449141512,0,-0,defined,data/metadata/phase_2/notebook_11_reinsurance_capital/notebook_11_raroc_assumption_grid.csv,FULL_CATALOG_2000000_YEARS,ratio
I0_PHASE1_INDEPENDENT,FROZEN_OCCURRENCE_XOL,1.5,0.29999999999999999,1.5,raroc_using_tvar99_5_tail_capital,-0.0021770419550777398,-0.0021770419550777398,0,-0,defined,data/metadata/phase_2/notebook_11_reinsurance_capital/notebook_11_raroc_assumption_grid.csv,FULL_CATALOG_2000000_YEARS,ratio
I0_PHASE1_INDEPENDENT,FROZEN_OCCURRENCE_XOL,2,0.29999999999999999,1.5,raroc_using_tvar99_5_tail_capital,0.0014706248245950847,0.0014706248245950847,0,0,defined,data/metadata/phase_2/notebook_11_reinsurance_capital/notebook_11_raroc_assumption_grid.csv,FULL_CATALOG_2000000_YEARS,ratio
I0_PHASE1_INDEPENDENT,FROZEN_OCCURRENCE_XOL,2.5,0.29999999999999999,1.5,raroc_using_tvar99_5_tail_capital,0.0051182916042679079,0.0051182916042679079,0,0,defined,data/metadata/phase_2/notebook_11_reinsurance_capital/notebook_11_raroc_assumption_grid.csv,FULL_CATALOG_2000000_YEARS,ratio
I0_PHASE1_INDEPENDENT,FROZEN_OCCURRENCE_XOL,3,0.29999999999999999,1.5,raroc_using_tvar99_5_tail_capital,0.0087659583839407307,0.0087659583839407307,0,0,defined,data/metadata/phase_2/notebook_11_reinsurance_capital/notebook_11_raroc_assumption_grid.csv,FULL_CATALOG_2000000_YEARS,ratio
I0_PHASE1_INDEPENDENT,FROZEN_OCCURRENCE_XOL,1.25,0.40000000000000002,1.5,raroc_using_tvar99_5_tail_capital,-0.0053036134805115875,-0.0053036134805115875,0,-0,defined,data/metadata/phase_2/notebook_11_reinsurance_capital/notebook_11_raroc_assumption_grid.csv,FULL_CATALOG_2000000_YEARS,ratio
I0_PHASE1_INDEPENDENT,FROZEN_OCCURRENCE_XOL,1.5,0.40000000000000002,1.5,raroc_using_tvar99_5_tail_capital,-0.003740327717794663,-0.003740327717794663,0,-0,defined,data/metadata/phase_2/notebook_11_reinsurance_capital/notebook_11_raroc_assumption_grid.csv,FULL_CATALOG_2000000_YEARS,ratio
I0_PHASE1_INDEPENDENT,FROZEN_OCCURRENCE_XOL,2,0.40000000000000002,1.5,raroc_using_tvar99_5_tail_capital,-0.00061375619236081534,-0.00061375619236081534,0,-0,defined,data/metadata/phase_2/notebook_11_reinsurance_capital/notebook_11_raroc_assumption_grid.csv,FULL_CATALOG_2000000_YEARS,ratio
I0_PHASE1_INDEPENDENT,FROZEN_OCCURRENCE_XOL,2.5,0.40000000000000002,1.5,raroc_using_tvar99_5_tail_capital,0.0025128153330730334,0.0025128153330730334,0,0,defined,data/metadata/phase_2/notebook_11_reinsurance_capital/notebook_11_raroc_assumption_grid.csv,FULL_CATALOG_2000000_YEARS,ratio
I0_PHASE1_INDEPENDENT,FROZEN_OCCURRENCE_XOL,3,0.40000000000000002,1.5,raroc_using_tvar99_5_tail_capital,0.0056393868585068816,0.0056393868585068816,0,0,defined,data/metadata/phase_2/notebook_11_reinsurance_capital/notebook_11_raroc_assumption_grid.csv,FULL_CATALOG_2000000_YEARS,ratio
I0_PHASE1_INDEPENDENT,FROZEN_OCCURRENCE_XOL,1.25,0.20000000000000001,2,raroc_using_tvar99_5_tail_capital,-0.0053962744186334287,-0.0053962744186334287,0,-0,defined,data/metadata/phase_2/notebook_11_reinsurance_capital/notebook_11_raroc_assumption_grid.csv,FULL_CATALOG_2000000_YEARS,ratio
I0_PHASE1_INDEPENDENT,FROZEN_OCCURRENCE_XOL,1.5,0.20000000000000001,2,raroc_using_tvar99_5_tail_capital,-0.0033118934016775309,-0.0033118934016775309,0,-0,defined,data/metadata/phase_2/notebook_11_reinsurance_capital/notebook_11_raroc_assumption_grid.csv,FULL_CATALOG_2000000_YEARS,ratio
I0_PHASE1_INDEPENDENT,FROZEN_OCCURRENCE_XOL,2,0.20000000000000001,2,raroc_using_tvar99_5_tail_capital,0.00085686863223426808,0.00085686863223426808,0,0,defined,data/metadata/phase_2/notebook_11_reinsurance_capital/notebook_11_raroc_assumption_grid.csv,FULL_CATALOG_2000000_YEARS,ratio
I0_PHASE1_INDEPENDENT,FROZEN_OCCURRENCE_XOL,2.5,0.20000000000000001,2,raroc_using_tvar99_5_tail_capital,0.0050256306661460685,0.0050256306661460685,0,0,defined,data/metadata/phase_2/notebook_11_reinsurance_capital/notebook_11_raroc_assumption_grid.csv,FULL_CATALOG_2000000_YEARS,ratio
I0_PHASE1_INDEPENDENT,FROZEN_OCCURRENCE_XOL,3,0.20000000000000001,2,raroc_using_tvar99_5_tail_capital,0.0091943927000578633,0.0091943927000578633,0,0,defined,data/metadata/phase_2/notebook_11_reinsurance_capital/notebook_11_raroc_assumption_grid.csv,FULL_CATALOG_2000000_YEARS,ratio
I0_PHASE1_INDEPENDENT,FROZEN_OCCURRENCE_XOL,1.25,0.29999999999999999,2,raroc_using_tvar99_5_tail_capital,-0.0066990125542308659,-0.0066990125542308659,0,-0,defined,data/metadata/phase_2/notebook_11_reinsurance_capital/notebook_11_raroc_assumption_grid.csv,FULL_CATALOG_2000000_YEARS,ratio
I0_PHASE1_INDEPENDENT,FROZEN_OCCURRENCE_XOL,1.5,0.29999999999999999,2,raroc_using_tvar99_5_tail_capital,-0.004875179164394455,-0.004875179164394455,0,-0,defined,data/metadata/phase_2/notebook_11_reinsurance_capital/notebook_11_raroc_assumption_grid.csv,FULL_CATALOG_2000000_YEARS,ratio
I0_PHASE1_INDEPENDENT,FROZEN_OCCURRENCE_XOL,2,0.29999999999999999,2,raroc_using_tvar99_5_tail_capital,-0.0012275123847216307,-0.0012275123847216307,0,-0,defined,data/metadata/phase_2/notebook_11_reinsurance_capital/notebook_11_raroc_assumption_grid.csv,FULL_CATALOG_2000000_YEARS,ratio
I0_PHASE1_INDEPENDENT,FROZEN_OCCURRENCE_XOL,2.5,0.29999999999999999,2,raroc_using_tvar99_5_tail_capital,0.0024201543949511927,0.0024201543949511927,0,0,defined,data/metadata/phase_2/notebook_11_reinsurance_capital/notebook_11_raroc_assumption_grid.csv,FULL_CATALOG_2000000_YEARS,ratio
I0_PHASE1_INDEPENDENT,FROZEN_OCCURRENCE_XOL,3,0.29999999999999999,2,raroc_using_tvar99_5_tail_capital,0.0060678211746240151,0.0060678211746240151,0,0,defined,data/metadata/phase_2/notebook_11_reinsurance_capital/notebook_11_raroc_assumption_grid.csv,FULL_CATALOG_2000000_YEARS,ratio
I0_PHASE1_INDEPENDENT,FROZEN_OCCURRENCE_XOL,1.25,0.40000000000000002,2,raroc_using_tvar99_5_tail_capital,-0.0080017506898283023,-0.0080017506898283023,0,-0,defined,data/metadata/phase_2/notebook_11_reinsurance_capital/notebook_11_raroc_assumption_grid.csv,FULL_CATALOG_2000000_YEARS,ratio
I0_PHASE1_INDEPENDENT,FROZEN_OCCURRENCE_XOL,1.5,0.40000000000000002,2,raroc_using_tvar99_5_tail_capital,-0.0064384649271113786,-0.0064384649271113786,0,-0,defined,data/metadata/phase_2/notebook_11_reinsurance_capital/notebook_11_raroc_assumption_grid.csv,FULL_CATALOG_2000000_YEARS,ratio
I0_PHASE1_INDEPENDENT,FROZEN_OCCURRENCE_XOL,2,0.40000000000000002,2,raroc_using_tvar99_5_tail_capital,-0.0033118934016775309,-0.0033118934016775309,0,-0,defined,data/metadata/phase_2/notebook_11_reinsurance_capital/notebook_11_raroc_assumption_grid.csv,FULL_CATALOG_2000000_YEARS,ratio
I0_PHASE1_INDEPENDENT,FROZEN_OCCURRENCE_XOL,2.5,0.40000000000000002,2,raroc_using_tvar99_5_tail_capital,-0.00018532187624368193,-0.00018532187624368193,0,-0,defined,data/metadata/phase_2/notebook_11_reinsurance_capital/notebook_11_raroc_assumption_grid.csv,FULL_CATALOG_2000000_YEARS,ratio
I0_PHASE1_INDEPENDENT,FROZEN_OCCURRENCE_XOL,3,0.40000000000000002,2,raroc_using_tvar99_5_tail_capital,0.0029412496491901655,0.0029412496491901655,0,0,defined,data/metadata/phase_2/notebook_11_reinsurance_capital/notebook_11_raroc_assumption_grid.csv,FULL_CATALOG_2000000_YEARS,ratio
I0_PHASE1_INDEPENDENT,STANDALONE_AGGREGATE,1.25,0.20000000000000001,1,raroc_using_tvar99_5_tail_capital,2.4658207242510049e-18,2.4658207242510049e-18,0,,undefined_zero_or_missing_baseline,data/metadata/phase_2/notebook_11_reinsurance_capital/notebook_11_raroc_assumption_grid.csv,FULL_CATALOG_2000000_YEARS,ratio
I0_PHASE1_INDEPENDENT,STANDALONE_AGGREGATE,1.5,0.20000000000000001,1,raroc_using_tvar99_5_tail_capital,0.0020838875355429129,0.0020838875355429129,0,0,defined,data/metadata/phase_2/notebook_11_reinsurance_capital/notebook_11_raroc_assumption_grid.csv,FULL_CATALOG_2000000_YEARS,ratio
I0_PHASE1_INDEPENDENT,STANDALONE_AGGREGATE,2,0.20000000000000001,1,raroc_using_tvar99_5_tail_capital,0.0062516626066287384,0.0062516626066287384,0,0,defined,data/metadata/phase_2/notebook_11_reinsurance_capital/notebook_11_raroc_assumption_grid.csv,FULL_CATALOG_2000000_YEARS,ratio
I0_PHASE1_INDEPENDENT,STANDALONE_AGGREGATE,2.5,0.20000000000000001,1,raroc_using_tvar99_5_tail_capital,0.010419437677714565,0.010419437677714565,0,0,defined,data/metadata/phase_2/notebook_11_reinsurance_capital/notebook_11_raroc_assumption_grid.csv,FULL_CATALOG_2000000_YEARS,ratio
I0_PHASE1_INDEPENDENT,STANDALONE_AGGREGATE,3,0.20000000000000001,1,raroc_using_tvar99_5_tail_capital,0.014587212748800388,0.014587212748800388,0,0,defined,data/metadata/phase_2/notebook_11_reinsurance_capital/notebook_11_raroc_assumption_grid.csv,FULL_CATALOG_2000000_YEARS,ratio
I0_PHASE1_INDEPENDENT,STANDALONE_AGGREGATE,1.25,0.29999999999999999,1,raroc_using_tvar99_5_tail_capital,-0.0013024297097143189,-0.0013024297097143189,0,-0,defined,data/metadata/phase_2/notebook_11_reinsurance_capital/notebook_11_raroc_assumption_grid.csv,FULL_CATALOG_2000000_YEARS,ratio
I0_PHASE1_INDEPENDENT,STANDALONE_AGGREGATE,1.5,0.29999999999999999,1,raroc_using_tvar99_5_tail_capital,0.00052097188388572845,0.00052097188388572845,0,0,defined,data/metadata/phase_2/notebook_11_reinsurance_capital/notebook_11_raroc_assumption_grid.csv,FULL_CATALOG_2000000_YEARS,ratio
I0_PHASE1_INDEPENDENT,STANDALONE_AGGREGATE,2,0.29999999999999999,1,raroc_using_tvar99_5_tail_capital,0.0041677750710858268,0.0041677750710858268,0,0,defined,data/metadata/phase_2/notebook_11_reinsurance_capital/notebook_11_raroc_assumption_grid.csv,FULL_CATALOG_2000000_YEARS,ratio
I0_PHASE1_INDEPENDENT,STANDALONE_AGGREGATE,2.5,0.29999999999999999,1,raroc_using_tvar99_5_tail_capital,0.007814578258285923,0.007814578258285923,0,0,defined,data/metadata/phase_2/notebook_11_reinsurance_capital/notebook_11_raroc_assumption_grid.csv,FULL_CATALOG_2000000_YEARS,ratio
I0_PHASE1_INDEPENDENT,STANDALONE_AGGREGATE,3,0.29999999999999999,1,raroc_using_tvar99_5_tail_capital,0.011461381445486019,0.011461381445486019,0,0,defined,data/metadata/phase_2/notebook_11_reinsurance_capital/notebook_11_raroc_assumption_grid.csv,FULL_CATALOG_2000000_YEARS,ratio
I0_PHASE1_INDEPENDENT,STANDALONE_AGGREGATE,1.25,0.40000000000000002,1,raroc_using_tvar99_5_tail_capital,-0.0026048594194286391,-0.0026048594194286391,0,-0,defined,data/metadata/phase_2/notebook_11_reinsurance_capital/notebook_11_raroc_assumption_grid.csv,FULL_CATALOG_2000000_YEARS,ratio
I0_PHASE1_INDEPENDENT,STANDALONE_AGGREGATE,1.5,0.40000000000000002,1,raroc_using_tvar99_5_tail_capital,-0.0010419437677714543,-0.0010419437677714543,0,-0,defined,data/metadata/phase_2/notebook_11_reinsurance_capital/notebook_11_raroc_assumption_grid.csv,FULL_CATALOG_2000000_YEARS,ratio
I0_PHASE1_INDEPENDENT,STANDALONE_AGGREGATE,2,0.40000000000000002,1,raroc_using_tvar99_5_tail_capital,0.0020838875355429129,0.0020838875355429129,0,0,defined,data/metadata/phase_2/notebook_11_reinsurance_capital/notebook_11_raroc_assumption_grid.csv,FULL_CATALOG_2000000_YEARS,ratio
I0_PHASE1_INDEPENDENT,STANDALONE_AGGREGATE,2.5,0.40000000000000002,1,raroc_using_tvar99_5_tail_capital,0.0052097188388572826,0.0052097188388572826,0,0,defined,data/metadata/phase_2/notebook_11_reinsurance_capital/notebook_11_raroc_assumption_grid.csv,FULL_CATALOG_2000000_YEARS,ratio
I0_PHASE1_INDEPENDENT,STANDALONE_AGGREGATE,3,0.40000000000000002,1,raroc_using_tvar99_5_tail_capital,0.0083355501421716518,0.0083355501421716518,0,0,defined,data/metadata/phase_2/notebook_11_reinsurance_capital/notebook_11_raroc_assumption_grid.csv,FULL_CATALOG_2000000_YEARS,ratio
I0_PHASE1_INDEPENDENT,STANDALONE_AGGREGATE,1.25,0.20000000000000001,1.25,raroc_using_tvar99_5_tail_capital,-0.0013484517528921213,-0.0013484517528921213,0,-0,defined,data/metadata/phase_2/notebook_11_reinsurance_capital/notebook_11_raroc_assumption_grid.csv,FULL_CATALOG_2000000_YEARS,ratio
I0_PHASE1_INDEPENDENT,STANDALONE_AGGREGATE,1.5,0.20000000000000001,1.25,raroc_using_tvar99_5_tail_capital,0.00073543578265078922,0.00073543578265078922,0,0,defined,data/metadata/phase_2/notebook_11_reinsurance_capital/notebook_11_raroc_assumption_grid.csv,FULL_CATALOG_2000000_YEARS,ratio
I0_PHASE1_INDEPENDENT,STANDALONE_AGGREGATE,2,0.20000000000000001,1.25,raroc_using_tvar99_5_tail_capital,0.0049032108537366142,0.0049032108537366142,0,0,defined,data/metadata/phase_2/notebook_11_reinsurance_capital/notebook_11_raroc_assumption_grid.csv,FULL_CATALOG_2000000_YEARS,ratio
I0_PHASE1_INDEPENDENT,STANDALONE_AGGREGATE,2.5,0.20000000000000001,1.25,raroc_using_tvar99_5_tail_capital,0.009070985924822441,0.009070985924822441,0,0,defined,data/metadata/phase_2/notebook_11_reinsurance_capital/notebook_11_raroc_assumption_grid.csv,FULL_CATALOG_2000000_YEARS,ratio
I0_PHASE1_INDEPENDENT,STANDALONE_AGGREGATE,3,0.20000000000000001,1.25,raroc_using_tvar99_5_tail_capital,0.013238760995908264,0.013238760995908264,0,0,defined,data/metadata/phase_2/notebook_11_reinsurance_capital/notebook_11_raroc_assumption_grid.csv,FULL_CATALOG_2000000_YEARS,ratio
I0_PHASE1_INDEPENDENT,STANDALONE_AGGREGATE,1.25,0.29999999999999999,1.25,raroc_using_tvar99_5_tail_capital,-0.0026508814626064426,-0.0026508814626064426,0,-0,defined,data/metadata/phase_2/notebook_11_reinsurance_capital/notebook_11_raroc_assumption_grid.csv,FULL_CATALOG_2000000_YEARS,ratio
I0_PHASE1_INDEPENDENT,STANDALONE_AGGREGATE,1.5,0.29999999999999999,1.25,raroc_using_tvar99_5_tail_capital,-0.00082747986900639538,-0.00082747986900639538,0,-0,defined,data/metadata/phase_2/notebook_11_reinsurance_capital/notebook_11_raroc_assumption_grid.csv,FULL_CATALOG_2000000_YEARS,ratio
I0_PHASE1_INDEPENDENT,STANDALONE_AGGREGATE,2,0.29999999999999999,1.25,raroc_using_tvar99_5_tail_capital,0.002819323318193703,0.002819323318193703,0,0,defined,data/metadata/phase_2/notebook_11_reinsurance_capital/notebook_11_raroc_assumption_grid.csv,FULL_CATALOG_2000000_YEARS,ratio
I0_PHASE1_INDEPENDENT,STANDALONE_AGGREGATE,2.5,0.29999999999999999,1.25,raroc_using_tvar99_5_tail_capital,0.0064661265053937989,0.0064661265053937989,0,0,defined,data/metadata/phase_2/notebook_11_reinsurance_capital/notebook_11_raroc_assumption_grid.csv,FULL_CATALOG_2000000_YEARS,ratio
I0_PHASE1_INDEPENDENT,STANDALONE_AGGREGATE,3,0.29999999999999999,1.25,raroc_using_tvar99_5_tail_capital,0.010112929692593895,0.010112929692593895,0,0,defined,data/metadata/phase_2/notebook_11_reinsurance_capital/notebook_11_raroc_assumption_grid.csv,FULL_CATALOG_2000000_YEARS,ratio
I0_PHASE1_INDEPENDENT,STANDALONE_AGGREGATE,1.25,0.40000000000000002,1.25,raroc_using_tvar99_5_tail_capital,-0.0039533111723207628,-0.0039533111723207628,0,-0,defined,data/metadata/phase_2/notebook_11_reinsurance_capital/notebook_11_raroc_assumption_grid.csv,FULL_CATALOG_2000000_YEARS,ratio
I0_PHASE1_INDEPENDENT,STANDALONE_AGGREGATE,1.5,0.40000000000000002,1.25,raroc_using_tvar99_5_tail_capital,-0.0023903955206635782,-0.0023903955206635782,0,-0,defined,data/metadata/phase_2/notebook_11_reinsurance_capital/notebook_11_raroc_assumption_grid.csv,FULL_CATALOG_2000000_YEARS,ratio
I0_PHASE1_INDEPENDENT,STANDALONE_AGGREGATE,2,0.40000000000000002,1.25,raroc_using_tvar99_5_tail_capital,0.00073543578265078922,0.00073543578265078922,0,0,defined,data/metadata/phase_2/notebook_11_reinsurance_capital/notebook_11_raroc_assumption_grid.csv,FULL_CATALOG_2000000_YEARS,ratio
I0_PHASE1_INDEPENDENT,STANDALONE_AGGREGATE,2.5,0.40000000000000002,1.25,raroc_using_tvar99_5_tail_capital,0.0038612670859651584,0.0038612670859651584,0,0,defined,data/metadata/phase_2/notebook_11_reinsurance_capital/notebook_11_raroc_assumption_grid.csv,FULL_CATALOG_2000000_YEARS,ratio
I0_PHASE1_INDEPENDENT,STANDALONE_AGGREGATE,3,0.40000000000000002,1.25,raroc_using_tvar99_5_tail_capital,0.0069870983892795276,0.0069870983892795276,0,0,defined,data/metadata/phase_2/notebook_11_reinsurance_capital/notebook_11_raroc_assumption_grid.csv,FULL_CATALOG_2000000_YEARS,ratio
I0_PHASE1_INDEPENDENT,STANDALONE_AGGREGATE,1.25,0.20000000000000001,1.5,raroc_using_tvar99_5_tail_capital,-0.0026969035057842457,-0.0026969035057842457,0,-0,defined,data/metadata/phase_2/notebook_11_reinsurance_capital/notebook_11_raroc_assumption_grid.csv,FULL_CATALOG_2000000_YEARS,ratio
I0_PHASE1_INDEPENDENT,STANDALONE_AGGREGATE,1.5,0.20000000000000001,1.5,raroc_using_tvar99_5_tail_capital,-0.00061301597024133504,-0.00061301597024133504,0,-0,defined,data/metadata/phase_2/notebook_11_reinsurance_capital/notebook_11_raroc_assumption_grid.csv,FULL_CATALOG_2000000_YEARS,ratio
I0_PHASE1_INDEPENDENT,STANDALONE_AGGREGATE,2,0.20000000000000001,1.5,raroc_using_tvar99_5_tail_capital,0.0035547591008444897,0.0035547591008444897,0,0,defined,data/metadata/phase_2/notebook_11_reinsurance_capital/notebook_11_raroc_assumption_grid.csv,FULL_CATALOG_2000000_YEARS,ratio
I0_PHASE1_INDEPENDENT,STANDALONE_AGGREGATE,2.5,0.20000000000000001,1.5,raroc_using_tvar99_5_tail_capital,0.0077225341719303169,0.0077225341719303169,0,0,defined,data/metadata/phase_2/notebook_11_reinsurance_capital/notebook_11_raroc_assumption_grid.csv,FULL_CATALOG_2000000_YEARS,ratio
I0_PHASE1_INDEPENDENT,STANDALONE_AGGREGATE,3,0.20000000000000001,1.5,raroc_using_tvar99_5_tail_capital,0.011890309243016138,0.011890309243016138,0,0,defined,data/metadata/phase_2/notebook_11_reinsurance_capital/notebook_11_raroc_assumption_grid.csv,FULL_CATALOG_2000000_YEARS,ratio
I0_PHASE1_INDEPENDENT,STANDALONE_AGGREGATE,1.25,0.29999999999999999,1.5,raroc_using_tvar99_5_tail_capital,-0.0039993332154985668,-0.0039993332154985668,0,-0,defined,data/metadata/phase_2/notebook_11_reinsurance_capital/notebook_11_raroc_assumption_grid.csv,FULL_CATALOG_2000000_YEARS,ratio
I0_PHASE1_INDEPENDENT,STANDALONE_AGGREGATE,1.5,0.29999999999999999,1.5,raroc_using_tvar99_5_tail_capital,-0.0021759316218985195,-0.0021759316218985195,0,-0,defined,data/metadata/phase_2/notebook_11_reinsurance_capital/notebook_11_raroc_assumption_grid.csv,FULL_CATALOG_2000000_YEARS,ratio
I0_PHASE1_INDEPENDENT,STANDALONE_AGGREGATE,2,0.29999999999999999,1.5,raroc_using_tvar99_5_tail_capital,0.0014708715653015784,0.0014708715653015784,0,0,defined,data/metadata/phase_2/notebook_11_reinsurance_capital/notebook_11_raroc_assumption_grid.csv,FULL_CATALOG_2000000_YEARS,ratio
I0_PHASE1_INDEPENDENT,STANDALONE_AGGREGATE,2.5,0.29999999999999999,1.5,raroc_using_tvar99_5_tail_capital,0.0051176747525016747,0.0051176747525016747,0,0,defined,data/metadata/phase_2/notebook_11_reinsurance_capital/notebook_11_raroc_assumption_grid.csv,FULL_CATALOG_2000000_YEARS,ratio
I0_PHASE1_INDEPENDENT,STANDALONE_AGGREGATE,3,0.29999999999999999,1.5,raroc_using_tvar99_5_tail_capital,0.0087644779397017692,0.0087644779397017692,0,0,defined,data/metadata/phase_2/notebook_11_reinsurance_capital/notebook_11_raroc_assumption_grid.csv,FULL_CATALOG_2000000_YEARS,ratio
I0_PHASE1_INDEPENDENT,STANDALONE_AGGREGATE,1.25,0.40000000000000002,1.5,raroc_using_tvar99_5_tail_capital,-0.005301762925212887,-0.005301762925212887,0,-0,defined,data/metadata/phase_2/notebook_11_reinsurance_capital/notebook_11_raroc_assumption_grid.csv,FULL_CATALOG_2000000_YEARS,ratio
I0_PHASE1_INDEPENDENT,STANDALONE_AGGREGATE,1.5,0.40000000000000002,1.5,raroc_using_tvar99_5_tail_capital,-0.0037388472735557024,-0.0037388472735557024,0,-0,defined,data/metadata/phase_2/notebook_11_reinsurance_capital/notebook_11_raroc_assumption_grid.csv,FULL_CATALOG_2000000_YEARS,ratio
I0_PHASE1_INDEPENDENT,STANDALONE_AGGREGATE,2,0.40000000000000002,1.5,raroc_using_tvar99_5_tail_capital,-0.00061301597024133504,-0.00061301597024133504,0,-0,defined,data/metadata/phase_2/notebook_11_reinsurance_capital/notebook_11_raroc_assumption_grid.csv,FULL_CATALOG_2000000_YEARS,ratio
I0_PHASE1_INDEPENDENT,STANDALONE_AGGREGATE,2.5,0.40000000000000002,1.5,raroc_using_tvar99_5_tail_capital,0.0025128153330730343,0.0025128153330730343,0,0,defined,data/metadata/phase_2/notebook_11_reinsurance_capital/notebook_11_raroc_assumption_grid.csv,FULL_CATALOG_2000000_YEARS,ratio
I0_PHASE1_INDEPENDENT,STANDALONE_AGGREGATE,3,0.40000000000000002,1.5,raroc_using_tvar99_5_tail_capital,0.0056386466363874035,0.0056386466363874035,0,0,defined,data/metadata/phase_2/notebook_11_reinsurance_capital/notebook_11_raroc_assumption_grid.csv,FULL_CATALOG_2000000_YEARS,ratio
I0_PHASE1_INDEPENDENT,STANDALONE_AGGREGATE,1.25,0.20000000000000001,2,raroc_using_tvar99_5_tail_capital,-0.0053938070115684932,-0.0053938070115684932,0,-0,defined,data/metadata/phase_2/notebook_11_reinsurance_capital/notebook_11_raroc_assumption_grid.csv,FULL_CATALOG_2000000_YEARS,ratio
I0_PHASE1_INDEPENDENT,STANDALONE_AGGREGATE,1.5,0.20000000000000001,2,raroc_using_tvar99_5_tail_capital,-0.0033099194760255824,-0.0033099194760255824,0,-0,defined,data/metadata/phase_2/notebook_11_reinsurance_capital/notebook_11_raroc_assumption_grid.csv,FULL_CATALOG_2000000_YEARS,ratio
I0_PHASE1_INDEPENDENT,STANDALONE_AGGREGATE,2,0.20000000000000001,2,raroc_using_tvar99_5_tail_capital,0.00085785559506024222,0.00085785559506024222,0,0,defined,data/metadata/phase_2/notebook_11_reinsurance_capital/notebook_11_raroc_assumption_grid.csv,FULL_CATALOG_2000000_YEARS,ratio
I0_PHASE1_INDEPENDENT,STANDALONE_AGGREGATE,2.5,0.20000000000000001,2,raroc_using_tvar99_5_tail_capital,0.0050256306661460694,0.0050256306661460694,0,0,defined,data/metadata/phase_2/notebook_11_reinsurance_capital/notebook_11_raroc_assumption_grid.csv,FULL_CATALOG_2000000_YEARS,ratio
I0_PHASE1_INDEPENDENT,STANDALONE_AGGREGATE,3,0.20000000000000001,2,raroc_using_tvar99_5_tail_capital,0.0091934057372318918,0.0091934057372318918,0,0,defined,data/metadata/phase_2/notebook_11_reinsurance_capital/notebook_11_raroc_assumption_grid.csv,FULL_CATALOG_2000000_YEARS,ratio
I0_PHASE1_INDEPENDENT,STANDALONE_AGGREGATE,1.25,0.29999999999999999,2,raroc_using_tvar99_5_tail_capital,-0.0066962367212828134,-0.0066962367212828134,0,-0,defined,data/metadata/phase_2/notebook_11_reinsurance_capital/notebook_11_raroc_assumption_grid.csv,FULL_CATALOG_2000000_YEARS,ratio
I0_PHASE1_INDEPENDENT,STANDALONE_AGGREGATE,1.5,0.29999999999999999,2,raroc_using_tvar99_5_tail_capital,-0.004872835127682767,-0.004872835127682767,0,-0,defined,data/metadata/phase_2/notebook_11_reinsurance_capital/notebook_11_raroc_assumption_grid.csv,FULL_CATALOG_2000000_YEARS,ratio
I0_PHASE1_INDEPENDENT,STANDALONE_AGGREGATE,2,0.29999999999999999,2,raroc_using_tvar99_5_tail_capital,-0.001226031940482669,-0.001226031940482669,0,-0,defined,data/metadata/phase_2/notebook_11_reinsurance_capital/notebook_11_raroc_assumption_grid.csv,FULL_CATALOG_2000000_YEARS,ratio
I0_PHASE1_INDEPENDENT,STANDALONE_AGGREGATE,2.5,0.29999999999999999,2,raroc_using_tvar99_5_tail_capital,0.0024207712467174268,0.0024207712467174268,0,0,defined,data/metadata/phase_2/notebook_11_reinsurance_capital/notebook_11_raroc_assumption_grid.csv,FULL_CATALOG_2000000_YEARS,ratio
I0_PHASE1_INDEPENDENT,STANDALONE_AGGREGATE,3,0.29999999999999999,2,raroc_using_tvar99_5_tail_capital,0.0060675744339175226,0.0060675744339175226,0,0,defined,data/metadata/phase_2/notebook_11_reinsurance_capital/notebook_11_raroc_assumption_grid.csv,FULL_CATALOG_2000000_YEARS,ratio
I0_PHASE1_INDEPENDENT,STANDALONE_AGGREGATE,1.25,0.40000000000000002,2,raroc_using_tvar99_5_tail_capital,-0.0079986664309971353,-0.0079986664309971353,0,-0,defined,data/metadata/phase_2/notebook_11_reinsurance_capital/notebook_11_raroc_assumption_grid.csv,FULL_CATALOG_2000000_YEARS,ratio
I0_PHASE1_INDEPENDENT,STANDALONE_AGGREGATE,1.5,0.40000000000000002,2,raroc_using_tvar99_5_tail_capital,-0.0064357507793399507,-0.0064357507793399507,0,-0,defined,data/metadata/phase_2/notebook_11_reinsurance_capital/notebook_11_raroc_assumption_grid.csv,FULL_CATALOG_2000000_YEARS,ratio
I0_PHASE1_INDEPENDENT,STANDALONE_AGGREGATE,2,0.40000000000000002,2,raroc_using_tvar99_5_tail_capital,-0.0033099194760255824,-0.0033099194760255824,0,-0,defined,data/metadata/phase_2/notebook_11_reinsurance_capital/notebook_11_raroc_assumption_grid.csv,FULL_CATALOG_2000000_YEARS,ratio
I0_PHASE1_INDEPENDENT,STANDALONE_AGGREGATE,2.5,0.40000000000000002,2,raroc_using_tvar99_5_tail_capital,-0.00018408817271121334,-0.00018408817271121334,0,-0,defined,data/metadata/phase_2/notebook_11_reinsurance_capital/notebook_11_raroc_assumption_grid.csv,FULL_CATALOG_2000000_YEARS,ratio
I0_PHASE1_INDEPENDENT,STANDALONE_AGGREGATE,3,0.40000000000000002,2,raroc_using_tvar99_5_tail_capital,0.002941743130603156,0.002941743130603156,0,0,defined,data/metadata/phase_2/notebook_11_reinsurance_capital/notebook_11_raroc_assumption_grid.csv,FULL_CATALOG_2000000_YEARS,ratio
I0_PHASE1_INDEPENDENT,STACKED_OCCURRENCE_PLUS_AGGREGATE,1.25,0.20000000000000001,1,raroc_using_tvar99_5_tail_capital,3.0021088209087496e-18,3.0021088209087496e-18,0,,undefined_zero_or_missing_baseline,data/metadata/phase_2/notebook_11_reinsurance_capital/notebook_11_raroc_assumption_grid.csv,FULL_CATALOG_2000000_YEARS,ratio
I0_PHASE1_INDEPENDENT,STACKED_OCCURRENCE_PLUS_AGGREGATE,1.5,0.20000000000000001,1,raroc_using_tvar99_5_tail_capital,0.0025371094867959057,0.0025371094867959057,0,0,defined,data/metadata/phase_2/notebook_11_reinsurance_capital/notebook_11_raroc_assumption_grid.csv,FULL_CATALOG_2000000_YEARS,ratio
I0_PHASE1_INDEPENDENT,STACKED_OCCURRENCE_PLUS_AGGREGATE,2,0.20000000000000001,1,raroc_using_tvar99_5_tail_capital,0.0076113284603877146,0.0076113284603877146,0,0,defined,data/metadata/phase_2/notebook_11_reinsurance_capital/notebook_11_raroc_assumption_grid.csv,FULL_CATALOG_2000000_YEARS,ratio
I0_PHASE1_INDEPENDENT,STACKED_OCCURRENCE_PLUS_AGGREGATE,2.5,0.20000000000000001,1,raroc_using_tvar99_5_tail_capital,0.012685547433979526,0.012685547433979526,0,0,defined,data/metadata/phase_2/notebook_11_reinsurance_capital/notebook_11_raroc_assumption_grid.csv,FULL_CATALOG_2000000_YEARS,ratio
I0_PHASE1_INDEPENDENT,STACKED_OCCURRENCE_PLUS_AGGREGATE,3,0.20000000000000001,1,raroc_using_tvar99_5_tail_capital,0.017759766407571334,0.017759766407571334,0,0,defined,data/metadata/phase_2/notebook_11_reinsurance_capital/notebook_11_raroc_assumption_grid.csv,FULL_CATALOG_2000000_YEARS,ratio
I0_PHASE1_INDEPENDENT,STACKED_OCCURRENCE_PLUS_AGGREGATE,1.25,0.29999999999999999,1,raroc_using_tvar99_5_tail_capital,-0.0015856934292474386,-0.0015856934292474386,0,-0,defined,data/metadata/phase_2/notebook_11_reinsurance_capital/notebook_11_raroc_assumption_grid.csv,FULL_CATALOG_2000000_YEARS,ratio
I0_PHASE1_INDEPENDENT,STACKED_OCCURRENCE_PLUS_AGGREGATE,1.5,0.29999999999999999,1,raroc_using_tvar99_5_tail_capital,0.00063427737169897719,0.00063427737169897719,0,0,defined,data/metadata/phase_2/notebook_11_reinsurance_capital/notebook_11_raroc_assumption_grid.csv,FULL_CATALOG_2000000_YEARS,ratio
I0_PHASE1_INDEPENDENT,STACKED_OCCURRENCE_PLUS_AGGREGATE,2,0.29999999999999999,1,raroc_using_tvar99_5_tail_capital,0.0050742189735918115,0.0050742189735918115,0,0,defined,data/metadata/phase_2/notebook_11_reinsurance_capital/notebook_11_raroc_assumption_grid.csv,FULL_CATALOG_2000000_YEARS,ratio
I0_PHASE1_INDEPENDENT,STACKED_OCCURRENCE_PLUS_AGGREGATE,2.5,0.29999999999999999,1,raroc_using_tvar99_5_tail_capital,0.0095141605754846433,0.0095141605754846433,0,0,defined,data/metadata/phase_2/notebook_11_reinsurance_capital/notebook_11_raroc_assumption_grid.csv,FULL_CATALOG_2000000_YEARS,ratio
I0_PHASE1_INDEPENDENT,STACKED_OCCURRENCE_PLUS_AGGREGATE,3,0.29999999999999999,1,raroc_using_tvar99_5_tail_capital,0.013954102177377475,0.013954102177377475,0,0,defined,data/metadata/phase_2/notebook_11_reinsurance_capital/notebook_11_raroc_assumption_grid.csv,FULL_CATALOG_2000000_YEARS,ratio
I0_PHASE1_INDEPENDENT,STACKED_OCCURRENCE_PLUS_AGGREGATE,1.25,0.40000000000000002,1,raroc_using_tvar99_5_tail_capital,-0.0031713868584948785,-0.0031713868584948785,0,-0,defined,data/metadata/phase_2/notebook_11_reinsurance_capital/notebook_11_raroc_assumption_grid.csv,FULL_CATALOG_2000000_YEARS,ratio
I0_PHASE1_INDEPENDENT,STACKED_OCCURRENCE_PLUS_AGGREGATE,1.5,0.40000000000000002,1,raroc_using_tvar99_5_tail_capital,-0.00126855474339795,-0.00126855474339795,0,-0,defined,data/metadata/phase_2/notebook_11_reinsurance_capital/notebook_11_raroc_assumption_grid.csv,FULL_CATALOG_2000000_YEARS,ratio
I0_PHASE1_INDEPENDENT,STACKED_OCCURRENCE_PLUS_AGGREGATE,2,0.40000000000000002,1,raroc_using_tvar99_5_tail_capital,0.0025371094867959057,0.0025371094867959057,0,0,defined,data/metadata/phase_2/notebook_11_reinsurance_capital/notebook_11_raroc_assumption_grid.csv,FULL_CATALOG_2000000_YEARS,ratio
I0_PHASE1_INDEPENDENT,STACKED_OCCURRENCE_PLUS_AGGREGATE,2.5,0.40000000000000002,1,raroc_using_tvar99_5_tail_capital,0.006342773716989763,0.006342773716989763,0,0,defined,data/metadata/phase_2/notebook_11_reinsurance_capital/notebook_11_raroc_assumption_grid.csv,FULL_CATALOG_2000000_YEARS,ratio
I0_PHASE1_INDEPENDENT,STACKED_OCCURRENCE_PLUS_AGGREGATE,3,0.40000000000000002,1,raroc_using_tvar99_5_tail_capital,0.010148437947183621,0.010148437947183621,0,0,defined,data/metadata/phase_2/notebook_11_reinsurance_capital/notebook_11_raroc_assumption_grid.csv,FULL_CATALOG_2000000_YEARS,ratio
I0_PHASE1_INDEPENDENT,STACKED_OCCURRENCE_PLUS_AGGREGATE,1.25,0.20000000000000001,1.25,raroc_using_tvar99_5_tail_capital,-0.0019149791919583613,-0.0019149791919583613,0,-0,defined,data/metadata/phase_2/notebook_11_reinsurance_capital/notebook_11_raroc_assumption_grid.csv,FULL_CATALOG_2000000_YEARS,ratio
I0_PHASE1_INDEPENDENT,STACKED_OCCURRENCE_PLUS_AGGREGATE,1.5,0.20000000000000001,1.25,raroc_using_tvar99_5_tail_capital,0.00062213029483754168,0.00062213029483754168,0,0,defined,data/metadata/phase_2/notebook_11_reinsurance_capital/notebook_11_raroc_assumption_grid.csv,FULL_CATALOG_2000000_YEARS,ratio
I0_PHASE1_INDEPENDENT,STACKED_OCCURRENCE_PLUS_AGGREGATE,2,0.20000000000000001,1.25,raroc_using_tvar99_5_tail_capital,0.0056963492684293507,0.0056963492684293507,0,0,defined,data/metadata/phase_2/notebook_11_reinsurance_capital/notebook_11_raroc_assumption_grid.csv,FULL_CATALOG_2000000_YEARS,ratio
I0_PHASE1_INDEPENDENT,STACKED_OCCURRENCE_PLUS_AGGREGATE,2.5,0.20000000000000001,1.25,raroc_using_tvar99_5_tail_capital,0.010770568242021163,0.010770568242021163,0,0,defined,data/metadata/phase_2/notebook_11_reinsurance_capital/notebook_11_raroc_assumption_grid.csv,FULL_CATALOG_2000000_YEARS,ratio
I0_PHASE1_INDEPENDENT,STACKED_OCCURRENCE_PLUS_AGGREGATE,3,0.20000000000000001,1.25,raroc_using_tvar99_5_tail_capital,0.015844787215612968,0.015844787215612968,0,0,defined,data/metadata/phase_2/notebook_11_reinsurance_capital/notebook_11_raroc_assumption_grid.csv,FULL_CATALOG_2000000_YEARS,ratio
I0_PHASE1_INDEPENDENT,STACKED_OCCURRENCE_PLUS_AGGREGATE,1.25,0.29999999999999999,1.25,raroc_using_tvar99_5_tail_capital,-0.0035006726212058028,-0.0035006726212058028,0,-0,defined,data/metadata/phase_2/notebook_11_reinsurance_capital/notebook_11_raroc_assumption_grid.csv,FULL_CATALOG_2000000_YEARS,ratio
I0_PHASE1_INDEPENDENT,STACKED_OCCURRENCE_PLUS_AGGREGATE,1.5,0.29999999999999999,1.25,raroc_using_tvar99_5_tail_capital,-0.0012807018202593871,-0.0012807018202593871,0,-0,defined,data/metadata/phase_2/notebook_11_reinsurance_capital/notebook_11_raroc_assumption_grid.csv,FULL_CATALOG_2000000_YEARS,ratio
I0_PHASE1_INDEPENDENT,STACKED_OCCURRENCE_PLUS_AGGREGATE,2,0.29999999999999999,1.25,raroc_using_tvar99_5_tail_capital,0.0031592397816334475,0.0031592397816334475,0,0,defined,data/metadata/phase_2/notebook_11_reinsurance_capital/notebook_11_raroc_assumption_grid.csv,FULL_CATALOG_2000000_YEARS,ratio
I0_PHASE1_INDEPENDENT,STACKED_OCCURRENCE_PLUS_AGGREGATE,2.5,0.29999999999999999,1.25,raroc_using_tvar99_5_tail_capital,0.0075991813835262793,0.0075991813835262793,0,0,defined,data/metadata/phase_2/notebook_11_reinsurance_capital/notebook_11_raroc_assumption_grid.csv,FULL_CATALOG_2000000_YEARS,ratio
I0_PHASE1_INDEPENDENT,STACKED_OCCURRENCE_PLUS_AGGREGATE,3,0.29999999999999999,1.25,raroc_using_tvar99_5_tail_capital,0.01203912298541911,0.01203912298541911,0,0,defined,data/metadata/phase_2/notebook_11_reinsurance_capital/notebook_11_raroc_assumption_grid.csv,FULL_CATALOG_2000000_YEARS,ratio
I0_PHASE1_INDEPENDENT,STACKED_OCCURRENCE_PLUS_AGGREGATE,1.25,0.40000000000000002,1.25,raroc_using_tvar99_5_tail_capital,-0.0050863660504532433,-0.0050863660504532433,0,-0,defined,data/metadata/phase_2/notebook_11_reinsurance_capital/notebook_11_raroc_assumption_grid.csv,FULL_CATALOG_2000000_YEARS,ratio
I0_PHASE1_INDEPENDENT,STACKED_OCCURRENCE_PLUS_AGGREGATE,1.5,0.40000000000000002,1.25,raroc_using_tvar99_5_tail_capital,-0.0031835339353563142,-0.0031835339353563142,0,-0,defined,data/metadata/phase_2/notebook_11_reinsurance_capital/notebook_11_raroc_assumption_grid.csv,FULL_CATALOG_2000000_YEARS,ratio
I0_PHASE1_INDEPENDENT,STACKED_OCCURRENCE_PLUS_AGGREGATE,2,0.40000000000000002,1.25,raroc_using_tvar99_5_tail_capital,0.00062213029483754168,0.00062213029483754168,0,0,defined,data/metadata/phase_2/notebook_11_reinsurance_capital/notebook_11_raroc_assumption_grid.csv,FULL_CATALOG_2000000_YEARS,ratio
I0_PHASE1_INDEPENDENT,STACKED_OCCURRENCE_PLUS_AGGREGATE,2.5,0.40000000000000002,1.25,raroc_using_tvar99_5_tail_capital,0.0044277945250313991,0.0044277945250313991,0,0,defined,data/metadata/phase_2/notebook_11_reinsurance_capital/notebook_11_raroc_assumption_grid.csv,FULL_CATALOG_2000000_YEARS,ratio
I0_PHASE1_INDEPENDENT,STACKED_OCCURRENCE_PLUS_AGGREGATE,3,0.40000000000000002,1.25,raroc_using_tvar99_5_tail_capital,0.0082334587552252564,0.0082334587552252564,0,0,defined,data/metadata/phase_2/notebook_11_reinsurance_capital/notebook_11_raroc_assumption_grid.csv,FULL_CATALOG_2000000_YEARS,ratio
I0_PHASE1_INDEPENDENT,STACKED_OCCURRENCE_PLUS_AGGREGATE,1.25,0.20000000000000001,1.5,raroc_using_tvar99_5_tail_capital,-0.0038299583839167253,-0.0038299583839167253,0,-0,defined,data/metadata/phase_2/notebook_11_reinsurance_capital/notebook_11_raroc_assumption_grid.csv,FULL_CATALOG_2000000_YEARS,ratio
I0_PHASE1_INDEPENDENT,STACKED_OCCURRENCE_PLUS_AGGREGATE,1.5,0.20000000000000001,1.5,raroc_using_tvar99_5_tail_capital,-0.0012928488971208226,-0.0012928488971208226,0,-0,defined,data/metadata/phase_2/notebook_11_reinsurance_capital/notebook_11_raroc_assumption_grid.csv,FULL_CATALOG_2000000_YEARS,ratio
I0_PHASE1_INDEPENDENT,STACKED_OCCURRENCE_PLUS_AGGREGATE,2,0.20000000000000001,1.5,raroc_using_tvar99_5_tail_capital,0.0037813700764709863,0.0037813700764709863,0,0,defined,data/metadata/phase_2/notebook_11_reinsurance_capital/notebook_11_raroc_assumption_grid.csv,FULL_CATALOG_2000000_YEARS,ratio
I0_PHASE1_INDEPENDENT,STACKED_OCCURRENCE_PLUS_AGGREGATE,2.5,0.20000000000000001,1.5,raroc_using_tvar99_5_tail_capital,0.0088555890500627982,0.0088555890500627982,0,0,defined,data/metadata/phase_2/notebook_11_reinsurance_capital/notebook_11_raroc_assumption_grid.csv,FULL_CATALOG_2000000_YEARS,ratio
I0_PHASE1_INDEPENDENT,STACKED_OCCURRENCE_PLUS_AGGREGATE,3,0.20000000000000001,1.5,raroc_using_tvar99_5_tail_capital,0.013929808023654604,0.013929808023654604,0,0,defined,data/metadata/phase_2/notebook_11_reinsurance_capital/notebook_11_raroc_assumption_grid.csv,FULL_CATALOG_2000000_YEARS,ratio
I0_PHASE1_INDEPENDENT,STACKED_OCCURRENCE_PLUS_AGGREGATE,1.25,0.29999999999999999,1.5,raroc_using_tvar99_5_tail_capital,-0.0054156518131641667,-0.0054156518131641667,0,-0,defined,data/metadata/phase_2/notebook_11_reinsurance_capital/notebook_11_raroc_assumption_grid.csv,FULL_CATALOG_2000000_YEARS,ratio
I0_PHASE1_INDEPENDENT,STACKED_OCCURRENCE_PLUS_AGGREGATE,1.5,0.29999999999999999,1.5,raroc_using_tvar99_5_tail_capital,-0.0031956810122177512,-0.0031956810122177512,0,-0,defined,data/metadata/phase_2/notebook_11_reinsurance_capital/notebook_11_raroc_assumption_grid.csv,FULL_CATALOG_2000000_YEARS,ratio
I0_PHASE1_INDEPENDENT,STACKED_OCCURRENCE_PLUS_AGGREGATE,2,0.29999999999999999,1.5,raroc_using_tvar99_5_tail_capital,0.0012442605896750834,0.0012442605896750834,0,0,defined,data/metadata/phase_2/notebook_11_reinsurance_capital/notebook_11_raroc_assumption_grid.csv,FULL_CATALOG_2000000_YEARS,ratio
I0_PHASE1_INDEPENDENT,STACKED_OCCURRENCE_PLUS_AGGREGATE,2.5,0.29999999999999999,1.5,raroc_using_tvar99_5_tail_capital,0.0056842021915679154,0.0056842021915679154,0,0,defined,data/metadata/phase_2/notebook_11_reinsurance_capital/notebook_11_raroc_assumption_grid.csv,FULL_CATALOG_2000000_YEARS,ratio
I0_PHASE1_INDEPENDENT,STACKED_OCCURRENCE_PLUS_AGGREGATE,3,0.29999999999999999,1.5,raroc_using_tvar99_5_tail_capital,0.010124143793460747,0.010124143793460747,0,0,defined,data/metadata/phase_2/notebook_11_reinsurance_capital/notebook_11_raroc_assumption_grid.csv,FULL_CATALOG_2000000_YEARS,ratio
I0_PHASE1_INDEPENDENT,STACKED_OCCURRENCE_PLUS_AGGREGATE,1.25,0.40000000000000002,1.5,raroc_using_tvar99_5_tail_capital,-0.0070013452424116072,-0.0070013452424116072,0,-0,defined,data/metadata/phase_2/notebook_11_reinsurance_capital/notebook_11_raroc_assumption_grid.csv,FULL_CATALOG_2000000_YEARS,ratio
I0_PHASE1_INDEPENDENT,STACKED_OCCURRENCE_PLUS_AGGREGATE,1.5,0.40000000000000002,1.5,raroc_using_tvar99_5_tail_capital,-0.0050985131273146786,-0.0050985131273146786,0,-0,defined,data/metadata/phase_2/notebook_11_reinsurance_capital/notebook_11_raroc_assumption_grid.csv,FULL_CATALOG_2000000_YEARS,ratio
I0_PHASE1_INDEPENDENT,STACKED_OCCURRENCE_PLUS_AGGREGATE,2,0.40000000000000002,1.5,raroc_using_tvar99_5_tail_capital,-0.0012928488971208226,-0.0012928488971208226,0,-0,defined,data/metadata/phase_2/notebook_11_reinsurance_capital/notebook_11_raroc_assumption_grid.csv,FULL_CATALOG_2000000_YEARS,ratio
I0_PHASE1_INDEPENDENT,STACKED_OCCURRENCE_PLUS_AGGREGATE,2.5,0.40000000000000002,1.5,raroc_using_tvar99_5_tail_capital,0.0025128153330730347,0.0025128153330730347,0,0,defined,data/metadata/phase_2/notebook_11_reinsurance_capital/notebook_11_raroc_assumption_grid.csv,FULL_CATALOG_2000000_YEARS,ratio
I0_PHASE1_INDEPENDENT,STACKED_OCCURRENCE_PLUS_AGGREGATE,3,0.40000000000000002,1.5,raroc_using_tvar99_5_tail_capital,0.0063184795632668924,0.0063184795632668924,0,0,defined,data/metadata/phase_2/notebook_11_reinsurance_capital/notebook_11_raroc_assumption_grid.csv,FULL_CATALOG_2000000_YEARS,ratio
I0_PHASE1_INDEPENDENT,STACKED_OCCURRENCE_PLUS_AGGREGATE,1.25,0.20000000000000001,2,raroc_using_tvar99_5_tail_capital,-0.0076599167678334541,-0.0076599167678334541,0,-0,defined,data/metadata/phase_2/notebook_11_reinsurance_capital/notebook_11_raroc_assumption_grid.csv,FULL_CATALOG_2000000_YEARS,ratio
I0_PHASE1_INDEPENDENT,STACKED_OCCURRENCE_PLUS_AGGREGATE,1.5,0.20000000000000001,2,raroc_using_tvar99_5_tail_capital,-0.0051228072810375509,-0.0051228072810375509,0,-0,defined,data/metadata/phase_2/notebook_11_reinsurance_capital/notebook_11_raroc_assumption_grid.csv,FULL_CATALOG_2000000_YEARS,ratio
I0_PHASE1_INDEPENDENT,STACKED_OCCURRENCE_PLUS_AGGREGATE,2,0.20000000000000001,2,raroc_using_tvar99_5_tail_capital,-4.8588307445742147e-05,-4.8588307445742147e-05,0,-0,defined,data/metadata/phase_2/notebook_11_reinsurance_capital/notebook_11_raroc_assumption_grid.csv,FULL_CATALOG_2000000_YEARS,ratio
I0_PHASE1_INDEPENDENT,STACKED_OCCURRENCE_PLUS_AGGREGATE,2.5,0.20000000000000001,2,raroc_using_tvar99_5_tail_capital,0.0050256306661460694,0.0050256306661460694,0,0,defined,data/metadata/phase_2/notebook_11_reinsurance_capital/notebook_11_raroc_assumption_grid.csv,FULL_CATALOG_2000000_YEARS,ratio
I0_PHASE1_INDEPENDENT,STACKED_OCCURRENCE_PLUS_AGGREGATE,3,0.20000000000000001,2,raroc_using_tvar99_5_tail_capital,0.010099849639737875,0.010099849639737875,0,0,defined,data/metadata/phase_2/notebook_11_reinsurance_capital/notebook_11_raroc_assumption_grid.csv,FULL_CATALOG_2000000_YEARS,ratio
I0_PHASE1_INDEPENDENT,STACKED_OCCURRENCE_PLUS_AGGREGATE,1.25,0.29999999999999999,2,raroc_using_tvar99_5_tail_capital,-0.0092456101970808963,-0.0092456101970808963,0,-0,defined,data/metadata/phase_2/notebook_11_reinsurance_capital/notebook_11_raroc_assumption_grid.csv,FULL_CATALOG_2000000_YEARS,ratio
I0_PHASE1_INDEPENDENT,STACKED_OCCURRENCE_PLUS_AGGREGATE,1.5,0.29999999999999999,2,raroc_using_tvar99_5_tail_capital,-0.0070256393961344796,-0.0070256393961344796,0,-0,defined,data/metadata/phase_2/notebook_11_reinsurance_capital/notebook_11_raroc_assumption_grid.csv,FULL_CATALOG_2000000_YEARS,ratio
I0_PHASE1_INDEPENDENT,STACKED_OCCURRENCE_PLUS_AGGREGATE,2,0.29999999999999999,2,raroc_using_tvar99_5_tail_capital,-0.0025856977942416452,-0.0025856977942416452,0,-0,defined,data/metadata/phase_2/notebook_11_reinsurance_capital/notebook_11_raroc_assumption_grid.csv,FULL_CATALOG_2000000_YEARS,ratio
I0_PHASE1_INDEPENDENT,STACKED_OCCURRENCE_PLUS_AGGREGATE,2.5,0.29999999999999999,2,raroc_using_tvar99_5_tail_capital,0.0018542438076511866,0.0018542438076511866,0,0,defined,data/metadata/phase_2/notebook_11_reinsurance_capital/notebook_11_raroc_assumption_grid.csv,FULL_CATALOG_2000000_YEARS,ratio
I0_PHASE1_INDEPENDENT,STACKED_OCCURRENCE_PLUS_AGGREGATE,3,0.29999999999999999,2,raroc_using_tvar99_5_tail_capital,0.0062941854095440184,0.0062941854095440184,0,0,defined,data/metadata/phase_2/notebook_11_reinsurance_capital/notebook_11_raroc_assumption_grid.csv,FULL_CATALOG_2000000_YEARS,ratio
I0_PHASE1_INDEPENDENT,STACKED_OCCURRENCE_PLUS_AGGREGATE,1.25,0.40000000000000002,2,raroc_using_tvar99_5_tail_capital,-0.010831303626328335,-0.010831303626328335,0,-0,defined,data/metadata/phase_2/notebook_11_reinsurance_capital/notebook_11_raroc_assumption_grid.csv,FULL_CATALOG_2000000_YEARS,ratio
I0_PHASE1_INDEPENDENT,STACKED_OCCURRENCE_PLUS_AGGREGATE,1.5,0.40000000000000002,2,raroc_using_tvar99_5_tail_capital,-0.0089284715112314065,-0.0089284715112314065,0,-0,defined,data/metadata/phase_2/notebook_11_reinsurance_capital/notebook_11_raroc_assumption_grid.csv,FULL_CATALOG_2000000_YEARS,ratio
I0_PHASE1_INDEPENDENT,STACKED_OCCURRENCE_PLUS_AGGREGATE,2,0.40000000000000002,2,raroc_using_tvar99_5_tail_capital,-0.0051228072810375509,-0.0051228072810375509,0,-0,defined,data/metadata/phase_2/notebook_11_reinsurance_capital/notebook_11_raroc_assumption_grid.csv,FULL_CATALOG_2000000_YEARS,ratio
I0_PHASE1_INDEPENDENT,STACKED_OCCURRENCE_PLUS_AGGREGATE,2.5,0.40000000000000002,2,raroc_using_tvar99_5_tail_capital,-0.0013171430508436936,-0.0013171430508436936,0,-0,defined,data/metadata/phase_2/notebook_11_reinsurance_capital/notebook_11_raroc_assumption_grid.csv,FULL_CATALOG_2000000_YEARS,ratio
I0_PHASE1_INDEPENDENT,STACKED_OCCURRENCE_PLUS_AGGREGATE,3,0.40000000000000002,2,raroc_using_tvar99_5_tail_capital,0.0024885211793501637,0.0024885211793501637,0,0,defined,data/metadata/phase_2/notebook_11_reinsurance_capital/notebook_11_raroc_assumption_grid.csv,FULL_CATALOG_2000000_YEARS,ratio
C1_ALDEA22_SUBDUCTION,NO_REINSURANCE,1.25,0.20000000000000001,0,raroc_using_tvar99_5_tail_capital,5.9243778206828952e-19,5.9467241094591009e-19,-2.2346288776205713e-21,,undefined_zero_or_missing_baseline,data/metadata/phase_2/notebook_11_reinsurance_capital/notebook_11_raroc_assumption_grid.csv,FULL_CATALOG_2000000_YEARS,ratio
C1_ALDEA22_SUBDUCTION,NO_REINSURANCE,1.5,0.20000000000000001,0,raroc_using_tvar99_5_tail_capital,0.0010051261332292127,0.0010051261332292127,0,0,defined,data/metadata/phase_2/notebook_11_reinsurance_capital/notebook_11_raroc_assumption_grid.csv,FULL_CATALOG_2000000_YEARS,ratio
C1_ALDEA22_SUBDUCTION,NO_REINSURANCE,2,0.20000000000000001,0,raroc_using_tvar99_5_tail_capital,0.0030153783996876371,0.0030153783996876376,-4.3368086899420177e-19,-1.4382303363290215e-14,defined,data/metadata/phase_2/notebook_11_reinsurance_capital/notebook_11_raroc_assumption_grid.csv,FULL_CATALOG_2000000_YEARS,ratio
C1_ALDEA22_SUBDUCTION,NO_REINSURANCE,2.5,0.20000000000000001,0,raroc_using_tvar99_5_tail_capital,0.0050256306661460633,0.0050256306661460642,-8.6736173798840355e-19,-1.7258764035948252e-14,defined,data/metadata/phase_2/notebook_11_reinsurance_capital/notebook_11_raroc_assumption_grid.csv,FULL_CATALOG_2000000_YEARS,ratio
C1_ALDEA22_SUBDUCTION,NO_REINSURANCE,3,0.20000000000000001,0,raroc_using_tvar99_5_tail_capital,0.0070358829326044887,0.0070358829326044887,0,0,defined,data/metadata/phase_2/notebook_11_reinsurance_capital/notebook_11_raroc_assumption_grid.csv,FULL_CATALOG_2000000_YEARS,ratio
C1_ALDEA22_SUBDUCTION,NO_REINSURANCE,1.25,0.29999999999999999,0,raroc_using_tvar99_5_tail_capital,-0.00062820383326825716,-0.00062820383326825781,6.5052130349130266e-19,-1.0355258421568955e-13,defined,data/metadata/phase_2/notebook_11_reinsurance_capital/notebook_11_raroc_assumption_grid.csv,FULL_CATALOG_2000000_YEARS,ratio
C1_ALDEA22_SUBDUCTION,NO_REINSURANCE,1.5,0.29999999999999999,0,raroc_using_tvar99_5_tail_capital,0.00025128153330730333,0.000251281533307303,3.2526065174565133e-19,1.2944073026961199e-13,defined,data/metadata/phase_2/notebook_11_reinsurance_capital/notebook_11_raroc_assumption_grid.csv,FULL_CATALOG_2000000_YEARS,ratio
C1_ALDEA22_SUBDUCTION,NO_REINSURANCE,2,0.29999999999999999,0,raroc_using_tvar99_5_tail_capital,0.0020102522664584249,0.0020102522664584258,-8.6736173798840355e-19,-4.314691008987063e-14,defined,data/metadata/phase_2/notebook_11_reinsurance_capital/notebook_11_raroc_assumption_grid.csv,FULL_CATALOG_2000000_YEARS,ratio
C1_ALDEA22_SUBDUCTION,NO_REINSURANCE,2.5,0.29999999999999999,0,raroc_using_tvar99_5_tail_capital,0.0037692229996095484,0.0037692229996095475,8.6736173798840355e-19,2.3011685381264343e-14,defined,data/metadata/phase_2/notebook_11_reinsurance_capital/notebook_11_raroc_assumption_grid.csv,FULL_CATALOG_2000000_YEARS,ratio
C1_ALDEA22_SUBDUCTION,NO_REINSURANCE,3,0.29999999999999999,0,raroc_using_tvar99_5_tail_capital,0.0055281937327606688,0.0055281937327606697,-8.6736173798840355e-19,-1.5689785487225686e-14,defined,data/metadata/phase_2/notebook_11_reinsurance_capital/notebook_11_raroc_assumption_grid.csv,FULL_CATALOG_2000000_YEARS,ratio
C1_ALDEA22_SUBDUCTION,NO_REINSURANCE,1.25,0.40000000000000002,0,raroc_using_tvar99_5_tail_capital,-0.0012564076665365154,-0.0012564076665365156,2.1684043449710089e-19,-1.7258764035948258e-14,defined,data/metadata/phase_2/notebook_11_reinsurance_capital/notebook_11_raroc_assumption_grid.csv,FULL_CATALOG_2000000_YEARS,ratio
C1_ALDEA22_SUBDUCTION,NO_REINSURANCE,1.5,0.40000000000000002,0,raroc_using_tvar99_5_tail_capital,-0.00050256306661460612,-0.00050256306661460601,-1.0842021724855044e-19,2.1573455044935334e-14,defined,data/metadata/phase_2/notebook_11_reinsurance_capital/notebook_11_raroc_assumption_grid.csv,FULL_CATALOG_2000000_YEARS,ratio
C1_ALDEA22_SUBDUCTION,NO_REINSURANCE,2,0.40000000000000002,0,raroc_using_tvar99_5_tail_capital,0.0010051261332292127,0.0010051261332292127,0,0,defined,data/metadata/phase_2/notebook_11_reinsurance_capital/notebook_11_raroc_assumption_grid.csv,FULL_CATALOG_2000000_YEARS,ratio
C1_ALDEA22_SUBDUCTION,NO_REINSURANCE,2.5,0.40000000000000002,0,raroc_using_tvar99_5_tail_capital,0.0025128153330730317,0.0025128153330730317,0,0,defined,data/metadata/phase_2/notebook_11_reinsurance_capital/notebook_11_raroc_assumption_grid.csv,FULL_CATALOG_2000000_YEARS,ratio
C1_ALDEA22_SUBDUCTION,NO_REINSURANCE,3,0.40000000000000002,0,raroc_using_tvar99_5_tail_capital,0.0040205045329168507,0.0040205045329168507,0,0,defined,data/metadata/phase_2/notebook_11_reinsurance_capital/notebook_11_raroc_assumption_grid.csv,FULL_CATALOG_2000000_YEARS,ratio
C1_ALDEA22_SUBDUCTION,FROZEN_OCCURRENCE_XOL,1.25,0.20000000000000001,1,raroc_using_tvar99_5_tail_capital,1.1287849892212755e-18,1.8498034878977522e-18,-7.2101849867647675e-19,,undefined_zero_or_missing_baseline,data/metadata/phase_2/notebook_11_reinsurance_capital/notebook_11_raroc_assumption_grid.csv,FULL_CATALOG_2000000_YEARS,ratio
C1_ALDEA22_SUBDUCTION,FROZEN_OCCURRENCE_XOL,1.5,0.20000000000000001,1,raroc_using_tvar99_5_tail_capital,0.0019150893575730433,0.0020843810169558995,-0.00016929165938285628,-8.1219152355405502,defined,data/metadata/phase_2/notebook_11_reinsurance_capital/notebook_11_raroc_assumption_grid.csv,FULL_CATALOG_2000000_YEARS,ratio
C1_ALDEA22_SUBDUCTION,FROZEN_OCCURRENCE_XOL,2,0.20000000000000001,1,raroc_using_tvar99_5_tail_capital,0.0057452680727191289,0.0062531430508676981,-0.00050787497814856926,-8.1219152355405591,defined,data/metadata/phase_2/notebook_11_reinsurance_capital/notebook_11_raroc_assumption_grid.csv,FULL_CATALOG_2000000_YEARS,ratio
C1_ALDEA22_SUBDUCTION,FROZEN_OCCURRENCE_XOL,2.5,0.20000000000000001,1,raroc_using_tvar99_5_tail_capital,0.0095754467878652171,0.010421905084779498,-0.00084645829691428094,-8.1219152355405448,defined,data/metadata/phase_2/notebook_11_reinsurance_capital/notebook_11_raroc_assumption_grid.csv,FULL_CATALOG_2000000_YEARS,ratio
C1_ALDEA22_SUBDUCTION,FROZEN_OCCURRENCE_XOL,3,0.20000000000000001,1,raroc_using_tvar99_5_tail_capital,0.013405625503011302,0.014590667118691293,-0.0011850416156799909,-8.1219152355405324,defined,data/metadata/phase_2/notebook_11_reinsurance_capital/notebook_11_raroc_assumption_grid.csv,FULL_CATALOG_2000000_YEARS,ratio
C1_ALDEA22_SUBDUCTION,FROZEN_OCCURRENCE_XOL,1.25,0.29999999999999999,1,raroc_using_tvar99_5_tail_capital,-0.0011969308484831506,-0.001302738135597436,0.00010580728711428533,-8.1219152355405715,defined,data/metadata/phase_2/notebook_11_reinsurance_capital/notebook_11_raroc_assumption_grid.csv,FULL_CATALOG_2000000_YEARS,ratio
C1_ALDEA22_SUBDUCTION,FROZEN_OCCURRENCE_XOL,1.5,0.29999999999999999,1,raroc_using_tvar99_5_tail_capital,0.00047877233939326114,0.00052109525423897499,-4.2322914845713852e-05,-8.1219152355405075,defined,data/metadata/phase_2/notebook_11_reinsurance_capital/notebook_11_raroc_assumption_grid.csv,FULL_CATALOG_2000000_YEARS,ratio
C1_ALDEA22_SUBDUCTION,FROZEN_OCCURRENCE_XOL,2,0.29999999999999999,1,raroc_using_tvar99_5_tail_capital,0.0038301787151460856,0.0041687620339117999,-0.00033858331876571428,-8.121915235540591,defined,data/metadata/phase_2/notebook_11_reinsurance_capital/notebook_11_raroc_assumption_grid.csv,FULL_CATALOG_2000000_YEARS,ratio
C1_ALDEA22_SUBDUCTION,FROZEN_OCCURRENCE_XOL,2.5,0.29999999999999999,1,raroc_using_tvar99_5_tail_capital,0.0071815850908989141,0.0078164288135846218,-0.00063484372268570767,-8.1219152355405075,defined,data/metadata/phase_2/notebook_11_reinsurance_capital/notebook_11_raroc_assumption_grid.csv,FULL_CATALOG_2000000_YEARS,ratio
C1_ALDEA22_SUBDUCTION,FROZEN_OCCURRENCE_XOL,3,0.29999999999999999,1,raroc_using_tvar99_5_tail_capital,0.010532991466651735,0.011464095593257444,-0.00093110412660570886,-8.1219152355405466,defined,data/metadata/phase_2/notebook_11_reinsurance_capital/notebook_11_raroc_assumption_grid.csv,FULL_CATALOG_2000000_YEARS,ratio
C1_ALDEA22_SUBDUCTION,FROZEN_OCCURRENCE_XOL,1.25,0.40000000000000002,1,raroc_using_tvar99_5_tail_capital,-0.0023938616969663034,-0.0026054762711948728,0.00021161457422856937,-8.1219152355405182,defined,data/metadata/phase_2/notebook_11_reinsurance_capital/notebook_11_raroc_assumption_grid.csv,FULL_CATALOG_2000000_YEARS,ratio
C1_ALDEA22_SUBDUCTION,FROZEN_OCCURRENCE_XOL,1.5,0.40000000000000002,1,raroc_using_tvar99_5_tail_capital,-0.00095754467878652108,-0.0010421905084779482,8.4645829691427162e-05,-8.1219152355404685,defined,data/metadata/phase_2/notebook_11_reinsurance_capital/notebook_11_raroc_assumption_grid.csv,FULL_CATALOG_2000000_YEARS,ratio
C1_ALDEA22_SUBDUCTION,FROZEN_OCCURRENCE_XOL,2,0.40000000000000002,1,raroc_using_tvar99_5_tail_capital,0.0019150893575730433,0.0020843810169558995,-0.00016929165938285628,-8.1219152355405502,defined,data/metadata/phase_2/notebook_11_reinsurance_capital/notebook_11_raroc_assumption_grid.csv,FULL_CATALOG_2000000_YEARS,ratio
C1_ALDEA22_SUBDUCTION,FROZEN_OCCURRENCE_XOL,2.5,0.40000000000000002,1,raroc_using_tvar99_5_tail_capital,0.0047877233939326077,0.0052109525423897482,-0.00042322914845714047,-8.1219152355405466,defined,data/metadata/phase_2/notebook_11_reinsurance_capital/notebook_11_raroc_assumption_grid.csv,FULL_CATALOG_2000000_YEARS,ratio
C1_ALDEA22_SUBDUCTION,FROZEN_OCCURRENCE_XOL,3,0.40000000000000002,1,raroc_using_tvar99_5_tail_capital,0.007660357430292173,0.0083375240678235946,-0.00067716663753142163,-8.1219152355405129,defined,data/metadata/phase_2/notebook_11_reinsurance_capital/notebook_11_raroc_assumption_grid.csv,FULL_CATALOG_2000000_YEARS,ratio
C1_ALDEA22_SUBDUCTION,FROZEN_OCCURRENCE_XOL,1.25,0.20000000000000001,1.25,raroc_using_tvar99_5_tail_capital,-0.0011374540304297869,-0.0013490686046583552,0.00021161457422856828,-15.685975753780038,defined,data/metadata/phase_2/notebook_11_reinsurance_capital/notebook_11_raroc_assumption_grid.csv,FULL_CATALOG_2000000_YEARS,ratio
C1_ALDEA22_SUBDUCTION,FROZEN_OCCURRENCE_XOL,1.5,0.20000000000000001,1.25,raroc_using_tvar99_5_tail_capital,0.00077763532714325535,0.00073531241229754236,4.2322914845712985e-05,5.7557732112085072,defined,data/metadata/phase_2/notebook_11_reinsurance_capital/notebook_11_raroc_assumption_grid.csv,FULL_CATALOG_2000000_YEARS,ratio
C1_ALDEA22_SUBDUCTION,FROZEN_OCCURRENCE_XOL,2,0.20000000000000001,1.25,raroc_using_tvar99_5_tail_capital,0.0046078140422893413,0.0049040744462093416,-0.00029626040392000032,-6.0411073928332808,defined,data/metadata/phase_2/notebook_11_reinsurance_capital/notebook_11_raroc_assumption_grid.csv,FULL_CATALOG_2000000_YEARS,ratio
C1_ALDEA22_SUBDUCTION,FROZEN_OCCURRENCE_XOL,2.5,0.20000000000000001,1.25,raroc_using_tvar99_5_tail_capital,0.0084379927574354304,0.0090728364801211416,-0.00063484372268571114,-6.9971912761425044,defined,data/metadata/phase_2/notebook_11_reinsurance_capital/notebook_11_raroc_assumption_grid.csv,FULL_CATALOG_2000000_YEARS,ratio
C1_ALDEA22_SUBDUCTION,FROZEN_OCCURRENCE_XOL,3,0.20000000000000001,1.25,raroc_using_tvar99_5_tail_capital,0.012268171472581513,0.013241598514032936,-0.00097342704145142282,-7.3512804395921112,defined,data/metadata/phase_2/notebook_11_reinsurance_capital/notebook_11_raroc_assumption_grid.csv,FULL_CATALOG_2000000_YEARS,ratio
C1_ALDEA22_SUBDUCTION,FROZEN_OCCURRENCE_XOL,1.25,0.29999999999999999,1.25,raroc_using_tvar99_5_tail_capital,-0.0023343848789129386,-0.0026518067402557929,0.00031742186134285427,-11.970022419968501,defined,data/metadata/phase_2/notebook_11_reinsurance_capital/notebook_11_raroc_assumption_grid.csv,FULL_CATALOG_2000000_YEARS,ratio
C1_ALDEA22_SUBDUCTION,FROZEN_OCCURRENCE_XOL,1.5,0.29999999999999999,1.25,raroc_using_tvar99_5_tail_capital,-0.00065868169103652687,-0.00082797335041938206,0.00016929165938285519,-20.446510663308931,defined,data/metadata/phase_2/notebook_11_reinsurance_capital/notebook_11_raroc_assumption_grid.csv,FULL_CATALOG_2000000_YEARS,ratio
C1_ALDEA22_SUBDUCTION,FROZEN_OCCURRENCE_XOL,2,0.29999999999999999,1.25,raroc_using_tvar99_5_tail_capital,0.0026927246847162976,0.0028196934292534425,-0.00012696874453714492,-4.5029272764153605,defined,data/metadata/phase_2/notebook_11_reinsurance_capital/notebook_11_raroc_assumption_grid.csv,FULL_CATALOG_2000000_YEARS,ratio
C1_ALDEA22_SUBDUCTION,FROZEN_OCCURRENCE_XOL,2.5,0.29999999999999999,1.25,raroc_using_tvar99_5_tail_capital,0.0060441310604691266,0.0064673602089262662,-0.0004232291484571396,-6.5440788016260125,defined,data/metadata/phase_2/notebook_11_reinsurance_capital/notebook_11_raroc_assumption_grid.csv,FULL_CATALOG_2000000_YEARS,ratio
C1_ALDEA22_SUBDUCTION,FROZEN_OCCURRENCE_XOL,3,0.29999999999999999,1.25,raroc_using_tvar99_5_tail_capital,0.0093955374362219481,0.010115026988599087,-0.00071948955237713906,-7.1130759531150503,defined,data/metadata/phase_2/notebook_11_reinsurance_capital/notebook_11_raroc_assumption_grid.csv,FULL_CATALOG_2000000_YEARS,ratio
C1_ALDEA22_SUBDUCTION,FROZEN_OCCURRENCE_XOL,1.25,0.40000000000000002,1.25,raroc_using_tvar99_5_tail_capital,-0.0035313157273960914,-0.0039545448758532302,0.00042322914845713874,-10.702347848962598,defined,data/metadata/phase_2/notebook_11_reinsurance_capital/notebook_11_raroc_assumption_grid.csv,FULL_CATALOG_2000000_YEARS,ratio
C1_ALDEA22_SUBDUCTION,FROZEN_OCCURRENCE_XOL,1.5,0.40000000000000002,1.25,raroc_using_tvar99_5_tail_capital,-0.0020949987092163092,-0.0023912591131363052,0.00029626040391999599,-12.389305796787097,defined,data/metadata/phase_2/notebook_11_reinsurance_capital/notebook_11_raroc_assumption_grid.csv,FULL_CATALOG_2000000_YEARS,ratio
C1_ALDEA22_SUBDUCTION,FROZEN_OCCURRENCE_XOL,2,0.40000000000000002,1.25,raroc_using_tvar99_5_tail_capital,0.00077763532714325535,0.00073531241229754236,4.2322914845712985e-05,5.7557732112085072,defined,data/metadata/phase_2/notebook_11_reinsurance_capital/notebook_11_raroc_assumption_grid.csv,FULL_CATALOG_2000000_YEARS,ratio
C1_ALDEA22_SUBDUCTION,FROZEN_OCCURRENCE_XOL,2.5,0.40000000000000002,1.25,raroc_using_tvar99_5_tail_capital,0.0036502693635028197,0.0038618839377313912,-0.00021161457422857154,-5.4795684603841694,defined,data/metadata/phase_2/notebook_11_reinsurance_capital/notebook_11_raroc_assumption_grid.csv,FULL_CATALOG_2000000_YEARS,ratio
C1_ALDEA22_SUBDUCTION,FROZEN_OCCURRENCE_XOL,3,0.40000000000000002,1.25,raroc_using_tvar99_5_tail_capital,0.0065229033998623854,0.006988455463165239,-0.00046555206330285356,-6.6617304174961989,defined,data/metadata/phase_2/notebook_11_reinsurance_capital/notebook_11_raroc_assumption_grid.csv,FULL_CATALOG_2000000_YEARS,ratio
C1_ALDEA22_SUBDUCTION,FROZEN_OCCURRENCE_XOL,1.25,0.20000000000000001,1.5,raroc_using_tvar99_5_tail_capital,-0.0022749080608595747,-0.002698137209316713,0.0004232291484571383,-15.685975753780086,defined,data/metadata/phase_2/notebook_11_reinsurance_capital/notebook_11_raroc_assumption_grid.csv,FULL_CATALOG_2000000_YEARS,ratio
C1_ALDEA22_SUBDUCTION,FROZEN_OCCURRENCE_XOL,1.5,0.20000000000000001,1.5,raroc_using_tvar99_5_tail_capital,-0.00035981870328653266,-0.00061375619236081534,0.00025393748907428268,-41.374326195799547,defined,data/metadata/phase_2/notebook_11_reinsurance_capital/notebook_11_raroc_assumption_grid.csv,FULL_CATALOG_2000000_YEARS,ratio
C1_ALDEA22_SUBDUCTION,FROZEN_OCCURRENCE_XOL,2,0.20000000000000001,1.5,raroc_using_tvar99_5_tail_capital,0.0034703600118595529,0.0035550058415509834,-8.4645829691430523e-05,-2.3810320844508404,defined,data/metadata/phase_2/notebook_11_reinsurance_capital/notebook_11_raroc_assumption_grid.csv,FULL_CATALOG_2000000_YEARS,ratio
C1_ALDEA22_SUBDUCTION,FROZEN_OCCURRENCE_XOL,2.5,0.20000000000000001,1.5,raroc_using_tvar99_5_tail_capital,0.007300538727005642,0.0077237678754627833,-0.00042322914845714134,-5.4795684603841464,defined,data/metadata/phase_2/notebook_11_reinsurance_capital/notebook_11_raroc_assumption_grid.csv,FULL_CATALOG_2000000_YEARS,ratio
C1_ALDEA22_SUBDUCTION,FROZEN_OCCURRENCE_XOL,3,0.20000000000000001,1.5,raroc_using_tvar99_5_tail_capital,0.011130717442151727,0.01189252990937458,-0.00076181246722285302,-6.4058066116136949,defined,data/metadata/phase_2/notebook_11_reinsurance_capital/notebook_11_raroc_assumption_grid.csv,FULL_CATALOG_2000000_YEARS,ratio
C1_ALDEA22_SUBDUCTION,FROZEN_OCCURRENCE_XOL,1.25,0.29999999999999999,1.5,raroc_using_tvar99_5_tail_capital,-0.0034718389093427266,-0.0040008753449141512,0.0005290364355714245,-13.223017214068596,defined,data/metadata/phase_2/notebook_11_reinsurance_capital/notebook_11_raroc_assumption_grid.csv,FULL_CATALOG_2000000_YEARS,ratio
C1_ALDEA22_SUBDUCTION,FROZEN_OCCURRENCE_XOL,1.5,0.29999999999999999,1.5,raroc_using_tvar99_5_tail_capital,-0.0017961357214663148,-0.0021770419550777398,0.00038090623361142499,-17.496504039483394,defined,data/metadata/phase_2/notebook_11_reinsurance_capital/notebook_11_raroc_assumption_grid.csv,FULL_CATALOG_2000000_YEARS,ratio
C1_ALDEA22_SUBDUCTION,FROZEN_OCCURRENCE_XOL,2,0.29999999999999999,1.5,raroc_using_tvar99_5_tail_capital,0.0015552706542865096,0.0014706248245950847,8.4645829691424885e-05,5.7557732112084325,defined,data/metadata/phase_2/notebook_11_reinsurance_capital/notebook_11_raroc_assumption_grid.csv,FULL_CATALOG_2000000_YEARS,ratio
C1_ALDEA22_SUBDUCTION,FROZEN_OCCURRENCE_XOL,2.5,0.29999999999999999,1.5,raroc_using_tvar99_5_tail_capital,0.0049066770300393381,0.0051182916042679079,-0.0002116145742285698,-4.1344767080506735,defined,data/metadata/phase_2/notebook_11_reinsurance_capital/notebook_11_raroc_assumption_grid.csv,FULL_CATALOG_2000000_YEARS,ratio
C1_ALDEA22_SUBDUCTION,FROZEN_OCCURRENCE_XOL,3,0.29999999999999999,1.5,raroc_using_tvar99_5_tail_capital,0.0082580834057921597,0.0087659583839407307,-0.00050787497814857099,-5.7937187915356736,defined,data/metadata/phase_2/notebook_11_reinsurance_capital/notebook_11_raroc_assumption_grid.csv,FULL_CATALOG_2000000_YEARS,ratio
C1_ALDEA22_SUBDUCTION,FROZEN_OCCURRENCE_XOL,1.25,0.40000000000000002,1.5,raroc_using_tvar99_5_tail_capital,-0.004668769757825879,-0.0053036134805115875,0.00063484372268570854,-11.970022419968497,defined,data/metadata/phase_2/notebook_11_reinsurance_capital/notebook_11_raroc_assumption_grid.csv,FULL_CATALOG_2000000_YEARS,ratio
C1_ALDEA22_SUBDUCTION,FROZEN_OCCURRENCE_XOL,1.5,0.40000000000000002,1.5,raroc_using_tvar99_5_tail_capital,-0.0032324527396460972,-0.003740327717794663,0.00050787497814856579,-13.578355065850067,defined,data/metadata/phase_2/notebook_11_reinsurance_capital/notebook_11_raroc_assumption_grid.csv,FULL_CATALOG_2000000_YEARS,ratio
C1_ALDEA22_SUBDUCTION,FROZEN_OCCURRENCE_XOL,2,0.40000000000000002,1.5,raroc_using_tvar99_5_tail_capital,-0.00035981870328653266,-0.00061375619236081534,0.00025393748907428268,-41.374326195799547,defined,data/metadata/phase_2/notebook_11_reinsurance_capital/notebook_11_raroc_assumption_grid.csv,FULL_CATALOG_2000000_YEARS,ratio
C1_ALDEA22_SUBDUCTION,FROZEN_OCCURRENCE_XOL,2.5,0.40000000000000002,1.5,raroc_using_tvar99_5_tail_capital,0.0025128153330730317,0.0025128153330730334,-1.7347234759768071e-18,-6.9035056143792981e-14,defined,data/metadata/phase_2/notebook_11_reinsurance_capital/notebook_11_raroc_assumption_grid.csv,FULL_CATALOG_2000000_YEARS,ratio
C1_ALDEA22_SUBDUCTION,FROZEN_OCCURRENCE_XOL,3,0.40000000000000002,1.5,raroc_using_tvar99_5_tail_capital,0.005385449369432597,0.0056393868585068816,-0.00025393748907428463,-4.5029272764152708,defined,data/metadata/phase_2/notebook_11_reinsurance_capital/notebook_11_raroc_assumption_grid.csv,FULL_CATALOG_2000000_YEARS,ratio
C1_ALDEA22_SUBDUCTION,FROZEN_OCCURRENCE_XOL,1.25,0.20000000000000001,2,raroc_using_tvar99_5_tail_capital,-0.0045498161217191512,-0.0053962744186334287,0.00084645829691427747,-15.685975753780097,defined,data/metadata/phase_2/notebook_11_reinsurance_capital/notebook_11_raroc_assumption_grid.csv,FULL_CATALOG_2000000_YEARS,ratio
C1_ALDEA22_SUBDUCTION,FROZEN_OCCURRENCE_XOL,1.5,0.20000000000000001,2,raroc_using_tvar99_5_tail_capital,-0.0026347267641461088,-0.0033118934016775309,0.00067716663753142206,-20.446510663308956,defined,data/metadata/phase_2/notebook_11_reinsurance_capital/notebook_11_raroc_assumption_grid.csv,FULL_CATALOG_2000000_YEARS,ratio
C1_ALDEA22_SUBDUCTION,FROZEN_OCCURRENCE_XOL,2,0.20000000000000001,2,raroc_using_tvar99_5_tail_capital,0.0011954519509999768,0.00085686863223426808,0.00033858331876570876,39.514028875448439,defined,data/metadata/phase_2/notebook_11_reinsurance_capital/notebook_11_raroc_assumption_grid.csv,FULL_CATALOG_2000000_YEARS,ratio
C1_ALDEA22_SUBDUCTION,FROZEN_OCCURRENCE_XOL,2.5,0.20000000000000001,2,raroc_using_tvar99_5_tail_capital,0.0050256306661460659,0.0050256306661460685,-2.6020852139652106e-18,-5.1776292107844714e-14,defined,data/metadata/phase_2/notebook_11_reinsurance_capital/notebook_11_raroc_assumption_grid.csv,FULL_CATALOG_2000000_YEARS,ratio
C1_ALDEA22_SUBDUCTION,FROZEN_OCCURRENCE_XOL,3,0.20000000000000001,2,raroc_using_tvar99_5_tail_capital,0.0088558093812921498,0.0091943927000578633,-0.00033858331876571342,-3.6824979072688793,defined,data/metadata/phase_2/notebook_11_reinsurance_capital/notebook_11_raroc_assumption_grid.csv,FULL_CATALOG_2000000_YEARS,ratio
C1_ALDEA22_SUBDUCTION,FROZEN_OCCURRENCE_XOL,1.25,0.29999999999999999,2,raroc_using_tvar99_5_tail_capital,-0.0057467469702023027,-0.0066990125542308659,0.00095226558402856324,-14.215014172904409,defined,data/metadata/phase_2/notebook_11_reinsurance_capital/notebook_11_raroc_assumption_grid.csv,FULL_CATALOG_2000000_YEARS,ratio
C1_ALDEA22_SUBDUCTION,FROZEN_OCCURRENCE_XOL,1.5,0.29999999999999999,2,raroc_using_tvar99_5_tail_capital,-0.0040710437823258906,-0.004875179164394455,0.00080413538206856438,-16.494478560737079,defined,data/metadata/phase_2/notebook_11_reinsurance_capital/notebook_11_raroc_assumption_grid.csv,FULL_CATALOG_2000000_YEARS,ratio
C1_ALDEA22_SUBDUCTION,FROZEN_OCCURRENCE_XOL,2,0.29999999999999999,2,raroc_using_tvar99_5_tail_capital,-0.00071963740657306641,-0.0012275123847216307,0.00050787497814856427,-41.374326195799455,defined,data/metadata/phase_2/notebook_11_reinsurance_capital/notebook_11_raroc_assumption_grid.csv,FULL_CATALOG_2000000_YEARS,ratio
C1_ALDEA22_SUBDUCTION,FROZEN_OCCURRENCE_XOL,2.5,0.29999999999999999,2,raroc_using_tvar99_5_tail_capital,0.0026317689691797625,0.0024201543949511927,0.0002116145742285698,8.7438460401547005,defined,data/metadata/phase_2/notebook_11_reinsurance_capital/notebook_11_raroc_assumption_grid.csv,FULL_CATALOG_2000000_YEARS,ratio
C1_ALDEA22_SUBDUCTION,FROZEN_OCCURRENCE_XOL,3,0.29999999999999999,2,raroc_using_tvar99_5_tail_capital,0.0059831753449325837,0.0060678211746240151,-8.464582969143139e-05,-1.3949954564486051,defined,data/metadata/phase_2/notebook_11_reinsurance_capital/notebook_11_raroc_assumption_grid.csv,FULL_CATALOG_2000000_YEARS,ratio
C1_ALDEA22_SUBDUCTION,FROZEN_OCCURRENCE_XOL,1.25,0.40000000000000002,2,raroc_using_tvar99_5_tail_capital,-0.006943677818685455,-0.0080017506898283023,0.0010580728711428473,-13.223017214068573,defined,data/metadata/phase_2/notebook_11_reinsurance_capital/notebook_11_raroc_assumption_grid.csv,FULL_CATALOG_2000000_YEARS,ratio
C1_ALDEA22_SUBDUCTION,FROZEN_OCCURRENCE_XOL,1.5,0.40000000000000002,2,raroc_using_tvar99_5_tail_capital,-0.0055073608005056732,-0.0064384649271113786,0.00093110412660570539,-14.461585752917131,defined,data/metadata/phase_2/notebook_11_reinsurance_capital/notebook_11_raroc_assumption_grid.csv,FULL_CATALOG_2000000_YEARS,ratio
C1_ALDEA22_SUBDUCTION,FROZEN_OCCURRENCE_XOL,2,0.40000000000000002,2,raroc_using_tvar99_5_tail_capital,-0.0026347267641461088,-0.0033118934016775309,0.00067716663753142206,-20.446510663308956,defined,data/metadata/phase_2/notebook_11_reinsurance_capital/notebook_11_raroc_assumption_grid.csv,FULL_CATALOG_2000000_YEARS,ratio
C1_ALDEA22_SUBDUCTION,FROZEN_OCCURRENCE_XOL,2.5,0.40000000000000002,2,raroc_using_tvar99_5_tail_capital,0.00023790727221345578,-0.00018532187624368193,0.00042322914845713771,-228.37516921133948,defined,data/metadata/phase_2/notebook_11_reinsurance_capital/notebook_11_raroc_assumption_grid.csv,FULL_CATALOG_2000000_YEARS,ratio
C1_ALDEA22_SUBDUCTION,FROZEN_OCCURRENCE_XOL,3,0.40000000000000002,2,raroc_using_tvar99_5_tail_capital,0.0031105413085730214,0.0029412496491901655,0.00016929165938285584,5.7557732112086466,defined,data/metadata/phase_2/notebook_11_reinsurance_capital/notebook_11_raroc_assumption_grid.csv,FULL_CATALOG_2000000_YEARS,ratio
C1_ALDEA22_SUBDUCTION,STANDALONE_AGGREGATE,1.25,0.20000000000000001,1,raroc_using_tvar99_5_tail_capital,1.6913627552438098e-18,2.4658207242510049e-18,-7.744579690071951e-19,,undefined_zero_or_missing_baseline,data/metadata/phase_2/notebook_11_reinsurance_capital/notebook_11_raroc_assumption_grid.csv,FULL_CATALOG_2000000_YEARS,ratio
C1_ALDEA22_SUBDUCTION,STANDALONE_AGGREGATE,1.5,0.20000000000000001,1,raroc_using_tvar99_5_tail_capital,0.0019130367863339703,0.0020838875355429129,-0.00017085074920894267,-8.1986549799306268,defined,data/metadata/phase_2/notebook_11_reinsurance_capital/notebook_11_raroc_assumption_grid.csv,FULL_CATALOG_2000000_YEARS,ratio
C1_ALDEA22_SUBDUCTION,STANDALONE_AGGREGATE,2,0.20000000000000001,1,raroc_using_tvar99_5_tail_capital,0.0057391103590019076,0.0062516626066287384,-0.00051255224762683082,-8.1986549799306747,defined,data/metadata/phase_2/notebook_11_reinsurance_capital/notebook_11_raroc_assumption_grid.csv,FULL_CATALOG_2000000_YEARS,ratio
C1_ALDEA22_SUBDUCTION,STANDALONE_AGGREGATE,2.5,0.20000000000000001,1,raroc_using_tvar99_5_tail_capital,0.0095651839316698503,0.010419437677714565,-0.00085425374604471485,-8.1986549799306427,defined,data/metadata/phase_2/notebook_11_reinsurance_capital/notebook_11_raroc_assumption_grid.csv,FULL_CATALOG_2000000_YEARS,ratio
C1_ALDEA22_SUBDUCTION,STANDALONE_AGGREGATE,3,0.20000000000000001,1,raroc_using_tvar99_5_tail_capital,0.013391257504337787,0.014587212748800388,-0.0011959552444626015,-8.1986549799306481,defined,data/metadata/phase_2/notebook_11_reinsurance_capital/notebook_11_raroc_assumption_grid.csv,FULL_CATALOG_2000000_YEARS,ratio
C1_ALDEA22_SUBDUCTION,STANDALONE_AGGREGATE,1.25,0.29999999999999999,1,raroc_using_tvar99_5_tail_capital,-0.0011956479914587289,-0.0013024297097143189,0.00010678171825559001,-8.1986549799307031,defined,data/metadata/phase_2/notebook_11_reinsurance_capital/notebook_11_raroc_assumption_grid.csv,FULL_CATALOG_2000000_YEARS,ratio
C1_ALDEA22_SUBDUCTION,STANDALONE_AGGREGATE,1.5,0.29999999999999999,1,raroc_using_tvar99_5_tail_capital,0.00047825919658349327,0.00052097188388572845,-4.2712687302235179e-05,-8.1986549799305308,defined,data/metadata/phase_2/notebook_11_reinsurance_capital/notebook_11_raroc_assumption_grid.csv,FULL_CATALOG_2000000_YEARS,ratio
C1_ALDEA22_SUBDUCTION,STANDALONE_AGGREGATE,2,0.29999999999999999,1,raroc_using_tvar99_5_tail_capital,0.0038260735726679388,0.0041677750710858268,-0.00034170149841788794,-8.1986549799306889,defined,data/metadata/phase_2/notebook_11_reinsurance_capital/notebook_11_raroc_assumption_grid.csv,FULL_CATALOG_2000000_YEARS,ratio
C1_ALDEA22_SUBDUCTION,STANDALONE_AGGREGATE,2.5,0.29999999999999999,1,raroc_using_tvar99_5_tail_capital,0.0071738879487523886,0.007814578258285923,-0.0006406903095335344,-8.1986549799306196,defined,data/metadata/phase_2/notebook_11_reinsurance_capital/notebook_11_raroc_assumption_grid.csv,FULL_CATALOG_2000000_YEARS,ratio
C1_ALDEA22_SUBDUCTION,STANDALONE_AGGREGATE,3,0.29999999999999999,1,raroc_using_tvar99_5_tail_capital,0.010521702324836834,0.011461381445486019,-0.00093967912064918564,-8.1986549799306374,defined,data/metadata/phase_2/notebook_11_reinsurance_capital/notebook_11_raroc_assumption_grid.csv,FULL_CATALOG_2000000_YEARS,ratio
C1_ALDEA22_SUBDUCTION,STANDALONE_AGGREGATE,1.25,0.40000000000000002,1,raroc_using_tvar99_5_tail_capital,-0.0023912959829174608,-0.0026048594194286391,0.00021356343651117828,-8.1986549799306321,defined,data/metadata/phase_2/notebook_11_reinsurance_capital/notebook_11_raroc_assumption_grid.csv,FULL_CATALOG_2000000_YEARS,ratio
C1_ALDEA22_SUBDUCTION,STANDALONE_AGGREGATE,1.5,0.40000000000000002,1,raroc_using_tvar99_5_tail_capital,-0.00095651839316698373,-0.0010419437677714543,8.5425374604470574e-05,-8.1986549799305735,defined,data/metadata/phase_2/notebook_11_reinsurance_capital/notebook_11_raroc_assumption_grid.csv,FULL_CATALOG_2000000_YEARS,ratio
C1_ALDEA22_SUBDUCTION,STANDALONE_AGGREGATE,2,0.40000000000000002,1,raroc_using_tvar99_5_tail_capital,0.0019130367863339703,0.0020838875355429129,-0.00017085074920894267,-8.1986549799306268,defined,data/metadata/phase_2/notebook_11_reinsurance_capital/notebook_11_raroc_assumption_grid.csv,FULL_CATALOG_2000000_YEARS,ratio
C1_ALDEA22_SUBDUCTION,STANDALONE_AGGREGATE,2.5,0.40000000000000002,1,raroc_using_tvar99_5_tail_capital,0.0047825919658349243,0.0052097188388572826,-0.00042712687302235829,-8.1986549799306587,defined,data/metadata/phase_2/notebook_11_reinsurance_capital/notebook_11_raroc_assumption_grid.csv,FULL_CATALOG_2000000_YEARS,ratio
C1_ALDEA22_SUBDUCTION,STANDALONE_AGGREGATE,3,0.40000000000000002,1,raroc_using_tvar99_5_tail_capital,0.0076521471453358785,0.0083355501421716518,-0.00068340299683577327,-8.1986549799306587,defined,data/metadata/phase_2/notebook_11_reinsurance_capital/notebook_11_raroc_assumption_grid.csv,FULL_CATALOG_2000000_YEARS,ratio
C1_ALDEA22_SUBDUCTION,STANDALONE_AGGREGATE,1.25,0.20000000000000001,1.25,raroc_using_tvar99_5_tail_capital,-0.0011348883163809444,-0.0013484517528921213,0.00021356343651117698,-15.837677251198061,defined,data/metadata/phase_2/notebook_11_reinsurance_capital/notebook_11_raroc_assumption_grid.csv,FULL_CATALOG_2000000_YEARS,ratio
C1_ALDEA22_SUBDUCTION,STANDALONE_AGGREGATE,1.5,0.20000000000000001,1.25,raroc_using_tvar99_5_tail_capital,0.00077814846995302429,0.00073543578265078922,4.271268730223507e-05,5.8078065155168757,defined,data/metadata/phase_2/notebook_11_reinsurance_capital/notebook_11_raroc_assumption_grid.csv,FULL_CATALOG_2000000_YEARS,ratio
C1_ALDEA22_SUBDUCTION,STANDALONE_AGGREGATE,2,0.20000000000000001,1.25,raroc_using_tvar99_5_tail_capital,0.0046042220426209613,0.0049032108537366142,-0.00029898881111565297,-6.0978167171375279,defined,data/metadata/phase_2/notebook_11_reinsurance_capital/notebook_11_raroc_assumption_grid.csv,FULL_CATALOG_2000000_YEARS,ratio
C1_ALDEA22_SUBDUCTION,STANDALONE_AGGREGATE,2.5,0.20000000000000001,1.25,raroc_using_tvar99_5_tail_capital,0.0084302956152889023,0.009070985924822441,-0.00064069030953353874,-7.0630724691161921,defined,data/metadata/phase_2/notebook_11_reinsurance_capital/notebook_11_raroc_assumption_grid.csv,FULL_CATALOG_2000000_YEARS,ratio
C1_ALDEA22_SUBDUCTION,STANDALONE_AGGREGATE,3,0.20000000000000001,1.25,raroc_using_tvar99_5_tail_capital,0.012256369187956841,0.013238760995908264,-0.00098239180795142364,-7.4205721234415654,defined,data/metadata/phase_2/notebook_11_reinsurance_capital/notebook_11_raroc_assumption_grid.csv,FULL_CATALOG_2000000_YEARS,ratio
C1_ALDEA22_SUBDUCTION,STANDALONE_AGGREGATE,1.25,0.29999999999999999,1.25,raroc_using_tvar99_5_tail_capital,-0.002330536307839675,-0.0026508814626064426,0.00032034515476676764,-12.084476778218242,defined,data/metadata/phase_2/notebook_11_reinsurance_capital/notebook_11_raroc_assumption_grid.csv,FULL_CATALOG_2000000_YEARS,ratio
C1_ALDEA22_SUBDUCTION,STANDALONE_AGGREGATE,1.5,0.29999999999999999,1.25,raroc_using_tvar99_5_tail_capital,-0.00065662911979745271,-0.00082747986900639538,0.00017085074920894267,-20.647118511063404,defined,data/metadata/phase_2/notebook_11_reinsurance_capital/notebook_11_raroc_assumption_grid.csv,FULL_CATALOG_2000000_YEARS,ratio
C1_ALDEA22_SUBDUCTION,STANDALONE_AGGREGATE,2,0.29999999999999999,1.25,raroc_using_tvar99_5_tail_capital,0.0026911852562869929,0.002819323318193703,-0.00012813806190671009,-4.5449935124434813,defined,data/metadata/phase_2/notebook_11_reinsurance_capital/notebook_11_raroc_assumption_grid.csv,FULL_CATALOG_2000000_YEARS,ratio
C1_ALDEA22_SUBDUCTION,STANDALONE_AGGREGATE,2.5,0.29999999999999999,1.25,raroc_using_tvar99_5_tail_capital,0.0060389996323714414,0.0064661265053937989,-0.00042712687302235743,-6.605606504389673,defined,data/metadata/phase_2/notebook_11_reinsurance_capital/notebook_11_raroc_assumption_grid.csv,FULL_CATALOG_2000000_YEARS,ratio
C1_ALDEA22_SUBDUCTION,STANDALONE_AGGREGATE,3,0.29999999999999999,1.25,raroc_using_tvar99_5_tail_capital,0.0093868140084558856,0.010112929692593895,-0.00072611568413800953,-7.1800725033199155,defined,data/metadata/phase_2/notebook_11_reinsurance_capital/notebook_11_raroc_assumption_grid.csv,FULL_CATALOG_2000000_YEARS,ratio
C1_ALDEA22_SUBDUCTION,STANDALONE_AGGREGATE,1.25,0.40000000000000002,1.25,raroc_using_tvar99_5_tail_capital,-0.0035261842992984067,-0.0039533111723207628,0.00042712687302235612,-10.804281636439319,defined,data/metadata/phase_2/notebook_11_reinsurance_capital/notebook_11_raroc_assumption_grid.csv,FULL_CATALOG_2000000_YEARS,ratio
C1_ALDEA22_SUBDUCTION,STANDALONE_AGGREGATE,1.5,0.40000000000000002,1.25,raroc_using_tvar99_5_tail_capital,-0.0020914067095479296,-0.0023903955206635782,0.00029898881111564864,-12.507922163134275,defined,data/metadata/phase_2/notebook_11_reinsurance_capital/notebook_11_raroc_assumption_grid.csv,FULL_CATALOG_2000000_YEARS,ratio
C1_ALDEA22_SUBDUCTION,STANDALONE_AGGREGATE,2,0.40000000000000002,1.25,raroc_using_tvar99_5_tail_capital,0.00077814846995302429,0.00073543578265078922,4.271268730223507e-05,5.8078065155168757,defined,data/metadata/phase_2/notebook_11_reinsurance_capital/notebook_11_raroc_assumption_grid.csv,FULL_CATALOG_2000000_YEARS,ratio
C1_ALDEA22_SUBDUCTION,STANDALONE_AGGREGATE,2.5,0.40000000000000002,1.25,raroc_using_tvar99_5_tail_capital,0.0036477036494539784,0.0038612670859651584,-0.00021356343651118001,-5.5309159339802028,defined,data/metadata/phase_2/notebook_11_reinsurance_capital/notebook_11_raroc_assumption_grid.csv,FULL_CATALOG_2000000_YEARS,ratio
C1_ALDEA22_SUBDUCTION,STANDALONE_AGGREGATE,3,0.40000000000000002,1.25,raroc_using_tvar99_5_tail_capital,0.0065172588289549322,0.0069870983892795276,-0.00046983956032459542,-6.724387351486012,defined,data/metadata/phase_2/notebook_11_reinsurance_capital/notebook_11_raroc_assumption_grid.csv,FULL_CATALOG_2000000_YEARS,ratio
C1_ALDEA22_SUBDUCTION,STANDALONE_AGGREGATE,1.25,0.20000000000000001,1.5,raroc_using_tvar99_5_tail_capital,-0.0022697766327618896,-0.0026969035057842457,0.00042712687302235612,-15.837677251198121,defined,data/metadata/phase_2/notebook_11_reinsurance_capital/notebook_11_raroc_assumption_grid.csv,FULL_CATALOG_2000000_YEARS,ratio
C1_ALDEA22_SUBDUCTION,STANDALONE_AGGREGATE,1.5,0.20000000000000001,1.5,raroc_using_tvar99_5_tail_capital,-0.0003567398464279212,-0.00061301597024133504,0.00025627612381341384,-41.805782598538471,defined,data/metadata/phase_2/notebook_11_reinsurance_capital/notebook_11_raroc_assumption_grid.csv,FULL_CATALOG_2000000_YEARS,ratio
C1_ALDEA22_SUBDUCTION,STANDALONE_AGGREGATE,2,0.20000000000000001,1.5,raroc_using_tvar99_5_tail_capital,0.0034693337262400158,0.0035547591008444897,-8.5425374604473827e-05,-2.4031269681306862,defined,data/metadata/phase_2/notebook_11_reinsurance_capital/notebook_11_raroc_assumption_grid.csv,FULL_CATALOG_2000000_YEARS,ratio
C1_ALDEA22_SUBDUCTION,STANDALONE_AGGREGATE,2.5,0.20000000000000001,1.5,raroc_using_tvar99_5_tail_capital,0.0072954072989079577,0.0077225341719303169,-0.00042712687302235916,-5.5309159339801921,defined,data/metadata/phase_2/notebook_11_reinsurance_capital/notebook_11_raroc_assumption_grid.csv,FULL_CATALOG_2000000_YEARS,ratio
C1_ALDEA22_SUBDUCTION,STANDALONE_AGGREGATE,3,0.20000000000000001,1.5,raroc_using_tvar99_5_tail_capital,0.011121480871575894,0.011890309243016138,-0.00076882837144024406,-6.4660082065722655,defined,data/metadata/phase_2/notebook_11_reinsurance_capital/notebook_11_raroc_assumption_grid.csv,FULL_CATALOG_2000000_YEARS,ratio
C1_ALDEA22_SUBDUCTION,STANDALONE_AGGREGATE,1.25,0.29999999999999999,1.5,raroc_using_tvar99_5_tail_capital,-0.0034654246242206204,-0.0039993332154985668,0.00053390859127794635,-13.34994016524797,defined,data/metadata/phase_2/notebook_11_reinsurance_capital/notebook_11_raroc_assumption_grid.csv,FULL_CATALOG_2000000_YEARS,ratio
C1_ALDEA22_SUBDUCTION,STANDALONE_AGGREGATE,1.5,0.29999999999999999,1.5,raroc_using_tvar99_5_tail_capital,-0.0017915174361783982,-0.0021759316218985195,0.00038441418572012138,-17.666648246267805,defined,data/metadata/phase_2/notebook_11_reinsurance_capital/notebook_11_raroc_assumption_grid.csv,FULL_CATALOG_2000000_YEARS,ratio
C1_ALDEA22_SUBDUCTION,STANDALONE_AGGREGATE,2,0.29999999999999999,1.5,raroc_using_tvar99_5_tail_capital,0.0015562969399060473,0.0014708715653015784,8.542537460446884e-05,5.8078065155167886,defined,data/metadata/phase_2/notebook_11_reinsurance_capital/notebook_11_raroc_assumption_grid.csv,FULL_CATALOG_2000000_YEARS,ratio
C1_ALDEA22_SUBDUCTION,STANDALONE_AGGREGATE,2.5,0.29999999999999999,1.5,raroc_using_tvar99_5_tail_capital,0.004904111315990496,0.0051176747525016747,-0.00021356343651117871,-4.1730560623607902,defined,data/metadata/phase_2/notebook_11_reinsurance_capital/notebook_11_raroc_assumption_grid.csv,FULL_CATALOG_2000000_YEARS,ratio
C1_ALDEA22_SUBDUCTION,STANDALONE_AGGREGATE,3,0.29999999999999999,1.5,raroc_using_tvar99_5_tail_capital,0.008251925692074941,0.0087644779397017692,-0.00051255224762682822,-5.8480636399921035,defined,data/metadata/phase_2/notebook_11_reinsurance_capital/notebook_11_raroc_assumption_grid.csv,FULL_CATALOG_2000000_YEARS,ratio
C1_ALDEA22_SUBDUCTION,STANDALONE_AGGREGATE,1.25,0.40000000000000002,1.5,raroc_using_tvar99_5_tail_capital,-0.0046610726156793526,-0.005301762925212887,0.0006406903095335344,-12.084476778218221,defined,data/metadata/phase_2/notebook_11_reinsurance_capital/notebook_11_raroc_assumption_grid.csv,FULL_CATALOG_2000000_YEARS,ratio
C1_ALDEA22_SUBDUCTION,STANDALONE_AGGREGATE,1.5,0.40000000000000002,1.5,raroc_using_tvar99_5_tail_capital,-0.0032262950259288751,-0.0037388472735557024,0.00051255224762682735,-13.708830827405853,defined,data/metadata/phase_2/notebook_11_reinsurance_capital/notebook_11_raroc_assumption_grid.csv,FULL_CATALOG_2000000_YEARS,ratio
C1_ALDEA22_SUBDUCTION,STANDALONE_AGGREGATE,2,0.40000000000000002,1.5,raroc_using_tvar99_5_tail_capital,-0.0003567398464279212,-0.00061301597024133504,0.00025627612381341384,-41.805782598538471,defined,data/metadata/phase_2/notebook_11_reinsurance_capital/notebook_11_raroc_assumption_grid.csv,FULL_CATALOG_2000000_YEARS,ratio
C1_ALDEA22_SUBDUCTION,STANDALONE_AGGREGATE,2.5,0.40000000000000002,1.5,raroc_using_tvar99_5_tail_capital,0.002512815333073033,0.0025128153330730343,-1.3010426069826053e-18,-5.1776292107844714e-14,defined,data/metadata/phase_2/notebook_11_reinsurance_capital/notebook_11_raroc_assumption_grid.csv,FULL_CATALOG_2000000_YEARS,ratio
C1_ALDEA22_SUBDUCTION,STANDALONE_AGGREGATE,3,0.40000000000000002,1.5,raroc_using_tvar99_5_tail_capital,0.0053823705125739868,0.0056386466363874035,-0.00025627612381341671,-4.5449935124434218,defined,data/metadata/phase_2/notebook_11_reinsurance_capital/notebook_11_raroc_assumption_grid.csv,FULL_CATALOG_2000000_YEARS,ratio
C1_ALDEA22_SUBDUCTION,STANDALONE_AGGREGATE,1.25,0.20000000000000001,2,raroc_using_tvar99_5_tail_capital,-0.0045395532655237809,-0.0053938070115684932,0.00085425374604471225,-15.837677251198118,defined,data/metadata/phase_2/notebook_11_reinsurance_capital/notebook_11_raroc_assumption_grid.csv,FULL_CATALOG_2000000_YEARS,ratio
C1_ALDEA22_SUBDUCTION,STANDALONE_AGGREGATE,1.5,0.20000000000000001,2,raroc_using_tvar99_5_tail_capital,-0.0026265164791898121,-0.0033099194760255824,0.00068340299683577023,-20.647118511063386,defined,data/metadata/phase_2/notebook_11_reinsurance_capital/notebook_11_raroc_assumption_grid.csv,FULL_CATALOG_2000000_YEARS,ratio
C1_ALDEA22_SUBDUCTION,STANDALONE_AGGREGATE,2,0.20000000000000001,2,raroc_using_tvar99_5_tail_capital,0.0011995570934781249,0.00085785559506024222,0.00034170149841788273,39.8320533648658,defined,data/metadata/phase_2/notebook_11_reinsurance_capital/notebook_11_raroc_assumption_grid.csv,FULL_CATALOG_2000000_YEARS,ratio
C1_ALDEA22_SUBDUCTION,STANDALONE_AGGREGATE,2.5,0.20000000000000001,2,raroc_using_tvar99_5_tail_capital,0.0050256306661460668,0.0050256306661460694,-2.6020852139652106e-18,-5.1776292107844707e-14,defined,data/metadata/phase_2/notebook_11_reinsurance_capital/notebook_11_raroc_assumption_grid.csv,FULL_CATALOG_2000000_YEARS,ratio
C1_ALDEA22_SUBDUCTION,STANDALONE_AGGREGATE,3,0.20000000000000001,2,raroc_using_tvar99_5_tail_capital,0.0088517042388140035,0.0091934057372318918,-0.00034170149841788837,-3.7168108118414636,defined,data/metadata/phase_2/notebook_11_reinsurance_capital/notebook_11_raroc_assumption_grid.csv,FULL_CATALOG_2000000_YEARS,ratio
C1_ALDEA22_SUBDUCTION,STANDALONE_AGGREGATE,1.25,0.29999999999999999,2,raroc_using_tvar99_5_tail_capital,-0.0057352012569825113,-0.0066962367212828134,0.00096103546430030204,-14.35187410931605,defined,data/metadata/phase_2/notebook_11_reinsurance_capital/notebook_11_raroc_assumption_grid.csv,FULL_CATALOG_2000000_YEARS,ratio
C1_ALDEA22_SUBDUCTION,STANDALONE_AGGREGATE,1.5,0.29999999999999999,2,raroc_using_tvar99_5_tail_capital,-0.0040612940689402893,-0.004872835127682767,0.00081154105874247772,-16.654391898713776,defined,data/metadata/phase_2/notebook_11_reinsurance_capital/notebook_11_raroc_assumption_grid.csv,FULL_CATALOG_2000000_YEARS,ratio
C1_ALDEA22_SUBDUCTION,STANDALONE_AGGREGATE,2,0.29999999999999999,2,raroc_using_tvar99_5_tail_capital,-0.0007134796928558436,-0.001226031940482669,0.0005125522476268254,-41.805782598538322,defined,data/metadata/phase_2/notebook_11_reinsurance_capital/notebook_11_raroc_assumption_grid.csv,FULL_CATALOG_2000000_YEARS,ratio
C1_ALDEA22_SUBDUCTION,STANDALONE_AGGREGATE,2.5,0.29999999999999999,2,raroc_using_tvar99_5_tail_capital,0.0026343346832286055,0.0024207712467174268,0.00021356343651117871,8.8221238087147391,defined,data/metadata/phase_2/notebook_11_reinsurance_capital/notebook_11_raroc_assumption_grid.csv,FULL_CATALOG_2000000_YEARS,ratio
C1_ALDEA22_SUBDUCTION,STANDALONE_AGGREGATE,3,0.29999999999999999,2,raroc_using_tvar99_5_tail_capital,0.0059821490593130501,0.0060675744339175226,-8.5425374604472526e-05,-1.407899903575105,defined,data/metadata/phase_2/notebook_11_reinsurance_capital/notebook_11_raroc_assumption_grid.csv,FULL_CATALOG_2000000_YEARS,ratio
C1_ALDEA22_SUBDUCTION,STANDALONE_AGGREGATE,1.25,0.40000000000000002,2,raroc_using_tvar99_5_tail_capital,-0.0069308492484412435,-0.0079986664309971353,0.0010678171825558918,-13.349940165247958,defined,data/metadata/phase_2/notebook_11_reinsurance_capital/notebook_11_raroc_assumption_grid.csv,FULL_CATALOG_2000000_YEARS,ratio
C1_ALDEA22_SUBDUCTION,STANDALONE_AGGREGATE,1.5,0.40000000000000002,2,raroc_using_tvar99_5_tail_capital,-0.0054960716586907659,-0.0064357507793399507,0.00093967912064918478,-14.60092462973773,defined,data/metadata/phase_2/notebook_11_reinsurance_capital/notebook_11_raroc_assumption_grid.csv,FULL_CATALOG_2000000_YEARS,ratio
C1_ALDEA22_SUBDUCTION,STANDALONE_AGGREGATE,2,0.40000000000000002,2,raroc_using_tvar99_5_tail_capital,-0.0026265164791898121,-0.0033099194760255824,0.00068340299683577023,-20.647118511063386,defined,data/metadata/phase_2/notebook_11_reinsurance_capital/notebook_11_raroc_assumption_grid.csv,FULL_CATALOG_2000000_YEARS,ratio
C1_ALDEA22_SUBDUCTION,STANDALONE_AGGREGATE,2.5,0.40000000000000002,2,raroc_using_tvar99_5_tail_capital,0.00024303870031114184,-0.00018408817271121334,0.00042712687302235515,-232.02298481847967,defined,data/metadata/phase_2/notebook_11_reinsurance_capital/notebook_11_raroc_assumption_grid.csv,FULL_CATALOG_2000000_YEARS,ratio
C1_ALDEA22_SUBDUCTION,STANDALONE_AGGREGATE,3,0.40000000000000002,2,raroc_using_tvar99_5_tail_capital,0.0031125938798120959,0.002941743130603156,0.00017085074920893985,5.8078065155168632,defined,data/metadata/phase_2/notebook_11_reinsurance_capital/notebook_11_raroc_assumption_grid.csv,FULL_CATALOG_2000000_YEARS,ratio
C1_ALDEA22_SUBDUCTION,STACKED_OCCURRENCE_PLUS_AGGREGATE,1.25,0.20000000000000001,1,raroc_using_tvar99_5_tail_capital,1.605299430729577e-18,3.0021088209087496e-18,-1.3968093901791726e-18,,undefined_zero_or_missing_baseline,data/metadata/phase_2/notebook_11_reinsurance_capital/notebook_11_raroc_assumption_grid.csv,FULL_CATALOG_2000000_YEARS,ratio
C1_ALDEA22_SUBDUCTION,STACKED_OCCURRENCE_PLUS_AGGREGATE,1.5,0.20000000000000001,1,raroc_using_tvar99_5_tail_capital,0.0027235406962925384,0.0025371094867959057,0.00018643120949663264,7.3481735994009094,defined,data/metadata/phase_2/notebook_11_reinsurance_capital/notebook_11_raroc_assumption_grid.csv,FULL_CATALOG_2000000_YEARS,ratio
C1_ALDEA22_SUBDUCTION,STACKED_OCCURRENCE_PLUS_AGGREGATE,2,0.20000000000000001,1,raroc_using_tvar99_5_tail_capital,0.0081706220888776108,0.0076113284603877146,0.00055929362848989618,7.348173599400889,defined,data/metadata/phase_2/notebook_11_reinsurance_capital/notebook_11_raroc_assumption_grid.csv,FULL_CATALOG_2000000_YEARS,ratio
C1_ALDEA22_SUBDUCTION,STACKED_OCCURRENCE_PLUS_AGGREGATE,2.5,0.20000000000000001,1,raroc_using_tvar99_5_tail_capital,0.013617703481462691,0.012685547433979526,0.00093215604748316493,7.3481735994009245,defined,data/metadata/phase_2/notebook_11_reinsurance_capital/notebook_11_raroc_assumption_grid.csv,FULL_CATALOG_2000000_YEARS,ratio
C1_ALDEA22_SUBDUCTION,STACKED_OCCURRENCE_PLUS_AGGREGATE,3,0.20000000000000001,1,raroc_using_tvar99_5_tail_capital,0.019064784874047766,0.017759766407571334,0.0013050184664764319,7.3481735994009307,defined,data/metadata/phase_2/notebook_11_reinsurance_capital/notebook_11_raroc_assumption_grid.csv,FULL_CATALOG_2000000_YEARS,ratio
C1_ALDEA22_SUBDUCTION,STACKED_OCCURRENCE_PLUS_AGGREGATE,1.25,0.29999999999999999,1,raroc_using_tvar99_5_tail_capital,-0.0017022129351828351,-0.0015856934292474386,-0.00011651950593539648,7.3481735994009894,defined,data/metadata/phase_2/notebook_11_reinsurance_capital/notebook_11_raroc_assumption_grid.csv,FULL_CATALOG_2000000_YEARS,ratio
C1_ALDEA22_SUBDUCTION,STACKED_OCCURRENCE_PLUS_AGGREGATE,1.5,0.29999999999999999,1,raroc_using_tvar99_5_tail_capital,0.0006808851740731334,0.00063427737169897719,4.6607802374156208e-05,7.3481735994005923,defined,data/metadata/phase_2/notebook_11_reinsurance_capital/notebook_11_raroc_assumption_grid.csv,FULL_CATALOG_2000000_YEARS,ratio
C1_ALDEA22_SUBDUCTION,STACKED_OCCURRENCE_PLUS_AGGREGATE,2,0.29999999999999999,1,raroc_using_tvar99_5_tail_capital,0.005447081392585075,0.0050742189735918115,0.00037286241899326354,7.3481735994008748,defined,data/metadata/phase_2/notebook_11_reinsurance_capital/notebook_11_raroc_assumption_grid.csv,FULL_CATALOG_2000000_YEARS,ratio
C1_ALDEA22_SUBDUCTION,STACKED_OCCURRENCE_PLUS_AGGREGATE,2.5,0.29999999999999999,1,raroc_using_tvar99_5_tail_capital,0.01021327761109702,0.0095141605754846433,0.00069911703561237673,7.3481735994009574,defined,data/metadata/phase_2/notebook_11_reinsurance_capital/notebook_11_raroc_assumption_grid.csv,FULL_CATALOG_2000000_YEARS,ratio
C1_ALDEA22_SUBDUCTION,STACKED_OCCURRENCE_PLUS_AGGREGATE,3,0.29999999999999999,1,raroc_using_tvar99_5_tail_capital,0.014979473829608956,0.013954102177377475,0.0010253716522314812,7.3481735994009245,defined,data/metadata/phase_2/notebook_11_reinsurance_capital/notebook_11_raroc_assumption_grid.csv,FULL_CATALOG_2000000_YEARS,ratio
C1_ALDEA22_SUBDUCTION,STACKED_OCCURRENCE_PLUS_AGGREGATE,1.25,0.40000000000000002,1,raroc_using_tvar99_5_tail_capital,-0.0034044258703656723,-0.0031713868584948785,-0.00023303901187079383,7.3481735994010124,defined,data/metadata/phase_2/notebook_11_reinsurance_capital/notebook_11_raroc_assumption_grid.csv,FULL_CATALOG_2000000_YEARS,ratio
C1_ALDEA22_SUBDUCTION,STACKED_OCCURRENCE_PLUS_AGGREGATE,1.5,0.40000000000000002,1,raroc_using_tvar99_5_tail_capital,-0.0013617703481462683,-0.00126855474339795,-9.3215604748318271e-05,7.3481735994010782,defined,data/metadata/phase_2/notebook_11_reinsurance_capital/notebook_11_raroc_assumption_grid.csv,FULL_CATALOG_2000000_YEARS,ratio
C1_ALDEA22_SUBDUCTION,STACKED_OCCURRENCE_PLUS_AGGREGATE,2,0.40000000000000002,1,raroc_using_tvar99_5_tail_capital,0.0027235406962925384,0.0025371094867959057,0.00018643120949663264,7.3481735994009094,defined,data/metadata/phase_2/notebook_11_reinsurance_capital/notebook_11_raroc_assumption_grid.csv,FULL_CATALOG_2000000_YEARS,ratio
C1_ALDEA22_SUBDUCTION,STACKED_OCCURRENCE_PLUS_AGGREGATE,2.5,0.40000000000000002,1,raroc_using_tvar99_5_tail_capital,0.0068088517407313446,0.006342773716989763,0.0004660780237415816,7.3481735994009103,defined,data/metadata/phase_2/notebook_11_reinsurance_capital/notebook_11_raroc_assumption_grid.csv,FULL_CATALOG_2000000_YEARS,ratio
C1_ALDEA22_SUBDUCTION,STACKED_OCCURRENCE_PLUS_AGGREGATE,3,0.40000000000000002,1,raroc_using_tvar99_5_tail_capital,0.010894162785170152,0.010148437947183621,0.00074572483798653055,7.3481735994009103,defined,data/metadata/phase_2/notebook_11_reinsurance_capital/notebook_11_raroc_assumption_grid.csv,FULL_CATALOG_2000000_YEARS,ratio
C1_ALDEA22_SUBDUCTION,STACKED_OCCURRENCE_PLUS_AGGREGATE,1.25,0.20000000000000001,1.25,raroc_using_tvar99_5_tail_capital,-0.0021480182038291543,-0.0019149791919583613,-0.00023303901187079297,12.169271230173248,defined,data/metadata/phase_2/notebook_11_reinsurance_capital/notebook_11_raroc_assumption_grid.csv,FULL_CATALOG_2000000_YEARS,ratio
C1_ALDEA22_SUBDUCTION,STACKED_OCCURRENCE_PLUS_AGGREGATE,1.5,0.20000000000000001,1.25,raroc_using_tvar99_5_tail_capital,0.00057552249246338222,0.00062213029483754168,-4.6607802374159461e-05,-7.491646486421347,defined,data/metadata/phase_2/notebook_11_reinsurance_capital/notebook_11_raroc_assumption_grid.csv,FULL_CATALOG_2000000_YEARS,ratio
C1_ALDEA22_SUBDUCTION,STACKED_OCCURRENCE_PLUS_AGGREGATE,2,0.20000000000000001,1.25,raroc_using_tvar99_5_tail_capital,0.0060226038850484552,0.0056963492684293507,0.00032625461661910451,5.7274335060051964,defined,data/metadata/phase_2/notebook_11_reinsurance_capital/notebook_11_raroc_assumption_grid.csv,FULL_CATALOG_2000000_YEARS,ratio
C1_ALDEA22_SUBDUCTION,STACKED_OCCURRENCE_PLUS_AGGREGATE,2.5,0.20000000000000001,1.25,raroc_using_tvar99_5_tail_capital,0.011469685277633535,0.010770568242021163,0.00069911703561237153,6.4909949029873841,defined,data/metadata/phase_2/notebook_11_reinsurance_capital/notebook_11_raroc_assumption_grid.csv,FULL_CATALOG_2000000_YEARS,ratio
C1_ALDEA22_SUBDUCTION,STACKED_OCCURRENCE_PLUS_AGGREGATE,3,0.20000000000000001,1.25,raroc_using_tvar99_5_tail_capital,0.016916766670218606,0.015844787215612968,0.0010719794546056385,6.7655023700750165,defined,data/metadata/phase_2/notebook_11_reinsurance_capital/notebook_11_raroc_assumption_grid.csv,FULL_CATALOG_2000000_YEARS,ratio
C1_ALDEA22_SUBDUCTION,STACKED_OCCURRENCE_PLUS_AGGREGATE,1.25,0.29999999999999999,1.25,raroc_using_tvar99_5_tail_capital,-0.0038502311390119911,-0.0035006726212058028,-0.00034955851780618837,9.985467241029335,defined,data/metadata/phase_2/notebook_11_reinsurance_capital/notebook_11_raroc_assumption_grid.csv,FULL_CATALOG_2000000_YEARS,ratio
C1_ALDEA22_SUBDUCTION,STACKED_OCCURRENCE_PLUS_AGGREGATE,1.5,0.29999999999999999,1.25,raroc_using_tvar99_5_tail_capital,-0.0014671330297560228,-0.0012807018202593871,-0.00018643120949663567,14.556956705103833,defined,data/metadata/phase_2/notebook_11_reinsurance_capital/notebook_11_raroc_assumption_grid.csv,FULL_CATALOG_2000000_YEARS,ratio
C1_ALDEA22_SUBDUCTION,STACKED_OCCURRENCE_PLUS_AGGREGATE,2,0.29999999999999999,1.25,raroc_using_tvar99_5_tail_capital,0.003299063188755919,0.0031592397816334475,0.00013982340712247144,4.4258561168844679,defined,data/metadata/phase_2/notebook_11_reinsurance_capital/notebook_11_raroc_assumption_grid.csv,FULL_CATALOG_2000000_YEARS,ratio
C1_ALDEA22_SUBDUCTION,STACKED_OCCURRENCE_PLUS_AGGREGATE,2.5,0.29999999999999999,1.25,raroc_using_tvar99_5_tail_capital,0.0080652594072678635,0.0075991813835262793,0.0004660780237415842,6.1332662061726975,defined,data/metadata/phase_2/notebook_11_reinsurance_capital/notebook_11_raroc_assumption_grid.csv,FULL_CATALOG_2000000_YEARS,ratio
C1_ALDEA22_SUBDUCTION,STACKED_OCCURRENCE_PLUS_AGGREGATE,3,0.29999999999999999,1.25,raroc_using_tvar99_5_tail_capital,0.012831455625779802,0.01203912298541911,0.00079233264036069131,6.5813152778678781,defined,data/metadata/phase_2/notebook_11_reinsurance_capital/notebook_11_raroc_assumption_grid.csv,FULL_CATALOG_2000000_YEARS,ratio
C1_ALDEA22_SUBDUCTION,STACKED_OCCURRENCE_PLUS_AGGREGATE,1.25,0.40000000000000002,1.25,raroc_using_tvar99_5_tail_capital,-0.0055524440741948284,-0.0050863660504532433,-0.00046607802374158507,9.1632811936540257,defined,data/metadata/phase_2/notebook_11_reinsurance_capital/notebook_11_raroc_assumption_grid.csv,FULL_CATALOG_2000000_YEARS,ratio
C1_ALDEA22_SUBDUCTION,STACKED_OCCURRENCE_PLUS_AGGREGATE,1.5,0.40000000000000002,1.25,raroc_using_tvar99_5_tail_capital,-0.0035097885519754244,-0.0031835339353563142,-0.00032625461661911015,10.248190320691348,defined,data/metadata/phase_2/notebook_11_reinsurance_capital/notebook_11_raroc_assumption_grid.csv,FULL_CATALOG_2000000_YEARS,ratio
C1_ALDEA22_SUBDUCTION,STACKED_OCCURRENCE_PLUS_AGGREGATE,2,0.40000000000000002,1.25,raroc_using_tvar99_5_tail_capital,0.00057552249246338222,0.00062213029483754168,-4.6607802374159461e-05,-7.491646486421347,defined,data/metadata/phase_2/notebook_11_reinsurance_capital/notebook_11_raroc_assumption_grid.csv,FULL_CATALOG_2000000_YEARS,ratio
C1_ALDEA22_SUBDUCTION,STACKED_OCCURRENCE_PLUS_AGGREGATE,2.5,0.40000000000000002,1.25,raroc_using_tvar99_5_tail_capital,0.004660833536902189,0.0044277945250313991,0.00023303901187078993,5.2630945395809068,defined,data/metadata/phase_2/notebook_11_reinsurance_capital/notebook_11_raroc_assumption_grid.csv,FULL_CATALOG_2000000_YEARS,ratio
C1_ALDEA22_SUBDUCTION,STACKED_OCCURRENCE_PLUS_AGGREGATE,3,0.40000000000000002,1.25,raroc_using_tvar99_5_tail_capital,0.0087461445813409953,0.0082334587552252564,0.00051268582611573889,6.226858497230821,defined,data/metadata/phase_2/notebook_11_reinsurance_capital/notebook_11_raroc_assumption_grid.csv,FULL_CATALOG_2000000_YEARS,ratio
C1_ALDEA22_SUBDUCTION,STACKED_OCCURRENCE_PLUS_AGGREGATE,1.25,0.20000000000000001,1.5,raroc_using_tvar99_5_tail_capital,-0.0042960364076583121,-0.0038299583839167253,-0.0004660780237415868,12.16927123017326,defined,data/metadata/phase_2/notebook_11_reinsurance_capital/notebook_11_raroc_assumption_grid.csv,FULL_CATALOG_2000000_YEARS,ratio
C1_ALDEA22_SUBDUCTION,STACKED_OCCURRENCE_PLUS_AGGREGATE,1.5,0.20000000000000001,1.5,raroc_using_tvar99_5_tail_capital,-0.0015724957113657755,-0.0012928488971208226,-0.00027964681424495286,21.630278284471366,defined,data/metadata/phase_2/notebook_11_reinsurance_capital/notebook_11_raroc_assumption_grid.csv,FULL_CATALOG_2000000_YEARS,ratio
C1_ALDEA22_SUBDUCTION,STACKED_OCCURRENCE_PLUS_AGGREGATE,2,0.20000000000000001,1.5,raroc_using_tvar99_5_tail_capital,0.0038745856812192978,0.0037813700764709863,9.3215604748311549e-05,2.4651277939795366,defined,data/metadata/phase_2/notebook_11_reinsurance_capital/notebook_11_raroc_assumption_grid.csv,FULL_CATALOG_2000000_YEARS,ratio
C1_ALDEA22_SUBDUCTION,STACKED_OCCURRENCE_PLUS_AGGREGATE,2.5,0.20000000000000001,1.5,raroc_using_tvar99_5_tail_capital,0.009321667073804378,0.0088555890500627982,0.00046607802374157986,5.2630945395809068,defined,data/metadata/phase_2/notebook_11_reinsurance_capital/notebook_11_raroc_assumption_grid.csv,FULL_CATALOG_2000000_YEARS,ratio
C1_ALDEA22_SUBDUCTION,STACKED_OCCURRENCE_PLUS_AGGREGATE,3,0.20000000000000001,1.5,raroc_using_tvar99_5_tail_capital,0.014768748466389451,0.013929808023654604,0.00083894044273484687,6.0226274569629252,defined,data/metadata/phase_2/notebook_11_reinsurance_capital/notebook_11_raroc_assumption_grid.csv,FULL_CATALOG_2000000_YEARS,ratio
C1_ALDEA22_SUBDUCTION,STACKED_OCCURRENCE_PLUS_AGGREGATE,1.25,0.29999999999999999,1.5,raroc_using_tvar99_5_tail_capital,-0.0059982493428411485,-0.0054156518131641667,-0.00058259752967698177,10.757662231180099,defined,data/metadata/phase_2/notebook_11_reinsurance_capital/notebook_11_raroc_assumption_grid.csv,FULL_CATALOG_2000000_YEARS,ratio
C1_ALDEA22_SUBDUCTION,STACKED_OCCURRENCE_PLUS_AGGREGATE,1.5,0.29999999999999999,1.5,raroc_using_tvar99_5_tail_capital,-0.0036151512335851803,-0.0031956810122177512,-0.00041947022136742907,13.12616058247702,defined,data/metadata/phase_2/notebook_11_reinsurance_capital/notebook_11_raroc_assumption_grid.csv,FULL_CATALOG_2000000_YEARS,ratio
C1_ALDEA22_SUBDUCTION,STACKED_OCCURRENCE_PLUS_AGGREGATE,2,0.29999999999999999,1.5,raroc_using_tvar99_5_tail_capital,0.0011510449849267612,0.0012442605896750834,-9.3215604748322174e-05,-7.4916464864216099,defined,data/metadata/phase_2/notebook_11_reinsurance_capital/notebook_11_raroc_assumption_grid.csv,FULL_CATALOG_2000000_YEARS,ratio
C1_ALDEA22_SUBDUCTION,STACKED_OCCURRENCE_PLUS_AGGREGATE,2.5,0.29999999999999999,1.5,raroc_using_tvar99_5_tail_capital,0.0059172412034387062,0.0056842021915679154,0.0002330390118707908,4.0997664055034244,defined,data/metadata/phase_2/notebook_11_reinsurance_capital/notebook_11_raroc_assumption_grid.csv,FULL_CATALOG_2000000_YEARS,ratio
C1_ALDEA22_SUBDUCTION,STACKED_OCCURRENCE_PLUS_AGGREGATE,3,0.29999999999999999,1.5,raroc_using_tvar99_5_tail_capital,0.010683437421950645,0.010124143793460747,0.00055929362848989791,5.5243548481714519,defined,data/metadata/phase_2/notebook_11_reinsurance_capital/notebook_11_raroc_assumption_grid.csv,FULL_CATALOG_2000000_YEARS,ratio
C1_ALDEA22_SUBDUCTION,STACKED_OCCURRENCE_PLUS_AGGREGATE,1.25,0.40000000000000002,1.5,raroc_using_tvar99_5_tail_capital,-0.0077004622780239866,-0.0070013452424116072,-0.00069911703561237933,9.9854672410293706,defined,data/metadata/phase_2/notebook_11_reinsurance_capital/notebook_11_raroc_assumption_grid.csv,FULL_CATALOG_2000000_YEARS,ratio
C1_ALDEA22_SUBDUCTION,STACKED_OCCURRENCE_PLUS_AGGREGATE,1.5,0.40000000000000002,1.5,raroc_using_tvar99_5_tail_capital,-0.0056578067558045817,-0.0050985131273146786,-0.00055929362848990312,10.969739893255426,defined,data/metadata/phase_2/notebook_11_reinsurance_capital/notebook_11_raroc_assumption_grid.csv,FULL_CATALOG_2000000_YEARS,ratio
C1_ALDEA22_SUBDUCTION,STACKED_OCCURRENCE_PLUS_AGGREGATE,2,0.40000000000000002,1.5,raroc_using_tvar99_5_tail_capital,-0.0015724957113657755,-0.0012928488971208226,-0.00027964681424495286,21.630278284471366,defined,data/metadata/phase_2/notebook_11_reinsurance_capital/notebook_11_raroc_assumption_grid.csv,FULL_CATALOG_2000000_YEARS,ratio
C1_ALDEA22_SUBDUCTION,STACKED_OCCURRENCE_PLUS_AGGREGATE,2.5,0.40000000000000002,1.5,raroc_using_tvar99_5_tail_capital,0.0025128153330730312,0.0025128153330730347,-3.4694469519536142e-18,-1.3807011228758589e-13,defined,data/metadata/phase_2/notebook_11_reinsurance_capital/notebook_11_raroc_assumption_grid.csv,FULL_CATALOG_2000000_YEARS,ratio
C1_ALDEA22_SUBDUCTION,STACKED_OCCURRENCE_PLUS_AGGREGATE,3,0.40000000000000002,1.5,raroc_using_tvar99_5_tail_capital,0.0065981263775118379,0.0063184795632668924,0.00027964681424494549,4.4258561168845105,defined,data/metadata/phase_2/notebook_11_reinsurance_capital/notebook_11_raroc_assumption_grid.csv,FULL_CATALOG_2000000_YEARS,ratio
C1_ALDEA22_SUBDUCTION,STACKED_OCCURRENCE_PLUS_AGGREGATE,1.25,0.20000000000000001,2,raroc_using_tvar99_5_tail_capital,-0.0085920728153166242,-0.0076599167678334541,-0.00093215604748317013,12.16927123017321,defined,data/metadata/phase_2/notebook_11_reinsurance_capital/notebook_11_raroc_assumption_grid.csv,FULL_CATALOG_2000000_YEARS,ratio
C1_ALDEA22_SUBDUCTION,STACKED_OCCURRENCE_PLUS_AGGREGATE,1.5,0.20000000000000001,2,raroc_using_tvar99_5_tail_capital,-0.0058685321190240875,-0.0051228072810375509,-0.00074572483798653662,14.556956705103707,defined,data/metadata/phase_2/notebook_11_reinsurance_capital/notebook_11_raroc_assumption_grid.csv,FULL_CATALOG_2000000_YEARS,ratio
C1_ALDEA22_SUBDUCTION,STACKED_OCCURRENCE_PLUS_AGGREGATE,2,0.20000000000000001,2,raroc_using_tvar99_5_tail_capital,-0.00042145072643901422,-4.8588307445742147e-05,-0.00037286241899327205,767.39124821263238,defined,data/metadata/phase_2/notebook_11_reinsurance_capital/notebook_11_raroc_assumption_grid.csv,FULL_CATALOG_2000000_YEARS,ratio
C1_ALDEA22_SUBDUCTION,STACKED_OCCURRENCE_PLUS_AGGREGATE,2.5,0.20000000000000001,2,raroc_using_tvar99_5_tail_capital,0.0050256306661460659,0.0050256306661460694,-3.4694469519536142e-18,-6.9035056143792943e-14,defined,data/metadata/phase_2/notebook_11_reinsurance_capital/notebook_11_raroc_assumption_grid.csv,FULL_CATALOG_2000000_YEARS,ratio
C1_ALDEA22_SUBDUCTION,STACKED_OCCURRENCE_PLUS_AGGREGATE,3,0.20000000000000001,2,raroc_using_tvar99_5_tail_capital,0.010472712058731138,0.010099849639737875,0.00037286241899326354,3.691762078578237,defined,data/metadata/phase_2/notebook_11_reinsurance_capital/notebook_11_raroc_assumption_grid.csv,FULL_CATALOG_2000000_YEARS,ratio
C1_ALDEA22_SUBDUCTION,STACKED_OCCURRENCE_PLUS_AGGREGATE,1.25,0.29999999999999999,2,raroc_using_tvar99_5_tail_capital,-0.01029428575049946,-0.0092456101970808963,-0.0010486755534185634,11.342415817505049,defined,data/metadata/phase_2/notebook_11_reinsurance_capital/notebook_11_raroc_assumption_grid.csv,FULL_CATALOG_2000000_YEARS,ratio
C1_ALDEA22_SUBDUCTION,STACKED_OCCURRENCE_PLUS_AGGREGATE,1.5,0.29999999999999999,2,raroc_using_tvar99_5_tail_capital,-0.0079111876412434924,-0.0070256393961344796,-0.00088554824510901284,12.604521740700829,defined,data/metadata/phase_2/notebook_11_reinsurance_capital/notebook_11_raroc_assumption_grid.csv,FULL_CATALOG_2000000_YEARS,ratio
C1_ALDEA22_SUBDUCTION,STACKED_OCCURRENCE_PLUS_AGGREGATE,2,0.29999999999999999,2,raroc_using_tvar99_5_tail_capital,-0.0031449914227315509,-0.0025856977942416452,-0.00055929362848990572,21.630278284471366,defined,data/metadata/phase_2/notebook_11_reinsurance_capital/notebook_11_raroc_assumption_grid.csv,FULL_CATALOG_2000000_YEARS,ratio
C1_ALDEA22_SUBDUCTION,STACKED_OCCURRENCE_PLUS_AGGREGATE,2.5,0.29999999999999999,2,raroc_using_tvar99_5_tail_capital,0.0016212047957803938,0.0018542438076511866,-0.00023303901187079275,-12.567873270451345,defined,data/metadata/phase_2/notebook_11_reinsurance_capital/notebook_11_raroc_assumption_grid.csv,FULL_CATALOG_2000000_YEARS,ratio
C1_ALDEA22_SUBDUCTION,STACKED_OCCURRENCE_PLUS_AGGREGATE,3,0.29999999999999999,2,raroc_using_tvar99_5_tail_capital,0.0063874010142923321,0.0062941854095440184,9.3215604748313717e-05,1.4809796452288926,defined,data/metadata/phase_2/notebook_11_reinsurance_capital/notebook_11_raroc_assumption_grid.csv,FULL_CATALOG_2000000_YEARS,ratio
C1_ALDEA22_SUBDUCTION,STACKED_OCCURRENCE_PLUS_AGGREGATE,1.25,0.40000000000000002,2,raroc_using_tvar99_5_tail_capital,-0.011996498685682299,-0.010831303626328335,-0.0011651950593539635,10.757662231180097,defined,data/metadata/phase_2/notebook_11_reinsurance_capital/notebook_11_raroc_assumption_grid.csv,FULL_CATALOG_2000000_YEARS,ratio
C1_ALDEA22_SUBDUCTION,STACKED_OCCURRENCE_PLUS_AGGREGATE,1.5,0.40000000000000002,2,raroc_using_tvar99_5_tail_capital,-0.0099538431634628947,-0.0089284715112314065,-0.0010253716522314882,11.484291022731503,defined,data/metadata/phase_2/notebook_11_reinsurance_capital/notebook_11_raroc_assumption_grid.csv,FULL_CATALOG_2000000_YEARS,ratio
C1_ALDEA22_SUBDUCTION,STACKED_OCCURRENCE_PLUS_AGGREGATE,2,0.40000000000000002,2,raroc_using_tvar99_5_tail_capital,-0.0058685321190240875,-0.0051228072810375509,-0.00074572483798653662,14.556956705103707,defined,data/metadata/phase_2/notebook_11_reinsurance_capital/notebook_11_raroc_assumption_grid.csv,FULL_CATALOG_2000000_YEARS,ratio
C1_ALDEA22_SUBDUCTION,STACKED_OCCURRENCE_PLUS_AGGREGATE,2.5,0.40000000000000002,2,raroc_using_tvar99_5_tail_capital,-0.0017832210745852809,-0.0013171430508436936,-0.00046607802374158723,35.385528052024554,defined,data/metadata/phase_2/notebook_11_reinsurance_capital/notebook_11_raroc_assumption_grid.csv,FULL_CATALOG_2000000_YEARS,ratio
C1_ALDEA22_SUBDUCTION,STACKED_OCCURRENCE_PLUS_AGGREGATE,3,0.40000000000000002,2,raroc_using_tvar99_5_tail_capital,0.0023020899698535258,0.0024885211793501637,-0.00018643120949663784,-7.4916464864213568,defined,data/metadata/phase_2/notebook_11_reinsurance_capital/notebook_11_raroc_assumption_grid.csv,FULL_CATALOG_2000000_YEARS,ratio
C2_GODA_ATKINSON09,NO_REINSURANCE,1.25,0.20000000000000001,0,raroc_using_tvar99_5_tail_capital,0,5.9467241094591009e-19,-5.9467241094591009e-19,,undefined_zero_or_missing_baseline,data/metadata/phase_2/notebook_11_reinsurance_capital/notebook_11_raroc_assumption_grid.csv,FULL_CATALOG_2000000_YEARS,ratio
C2_GODA_ATKINSON09,NO_REINSURANCE,1.5,0.20000000000000001,0,raroc_using_tvar99_5_tail_capital,0.0010051261332292125,0.0010051261332292127,-2.1684043449710089e-19,-2.1573455044935322e-14,defined,data/metadata/phase_2/notebook_11_reinsurance_capital/notebook_11_raroc_assumption_grid.csv,FULL_CATALOG_2000000_YEARS,ratio
C2_GODA_ATKINSON09,NO_REINSURANCE,2,0.20000000000000001,0,raroc_using_tvar99_5_tail_capital,0.0030153783996876389,0.0030153783996876376,1.3010426069826053e-18,4.3146910089870649e-14,defined,data/metadata/phase_2/notebook_11_reinsurance_capital/notebook_11_raroc_assumption_grid.csv,FULL_CATALOG_2000000_YEARS,ratio
C2_GODA_ATKINSON09,NO_REINSURANCE,2.5,0.20000000000000001,0,raroc_using_tvar99_5_tail_capital,0.0050256306661460633,0.0050256306661460642,-8.6736173798840355e-19,-1.7258764035948252e-14,defined,data/metadata/phase_2/notebook_11_reinsurance_capital/notebook_11_raroc_assumption_grid.csv,FULL_CATALOG_2000000_YEARS,ratio
C2_GODA_ATKINSON09,NO_REINSURANCE,3,0.20000000000000001,0,raroc_using_tvar99_5_tail_capital,0.0070358829326044895,0.0070358829326044887,8.6736173798840355e-19,1.2327688597105897e-14,defined,data/metadata/phase_2/notebook_11_reinsurance_capital/notebook_11_raroc_assumption_grid.csv,FULL_CATALOG_2000000_YEARS,ratio
C2_GODA_ATKINSON09,NO_REINSURANCE,1.25,0.29999999999999999,0,raroc_using_tvar99_5_tail_capital,-0.00062820383326825759,-0.00062820383326825781,2.1684043449710089e-19,-3.4517528071896516e-14,defined,data/metadata/phase_2/notebook_11_reinsurance_capital/notebook_11_raroc_assumption_grid.csv,FULL_CATALOG_2000000_YEARS,ratio
C2_GODA_ATKINSON09,NO_REINSURANCE,1.5,0.29999999999999999,0,raroc_using_tvar99_5_tail_capital,0.00025128153330730387,0.000251281533307303,8.6736173798840355e-19,3.4517528071896535e-13,defined,data/metadata/phase_2/notebook_11_reinsurance_capital/notebook_11_raroc_assumption_grid.csv,FULL_CATALOG_2000000_YEARS,ratio
C2_GODA_ATKINSON09,NO_REINSURANCE,2,0.29999999999999999,0,raroc_using_tvar99_5_tail_capital,0.0020102522664584258,0.0020102522664584258,0,0,defined,data/metadata/phase_2/notebook_11_reinsurance_capital/notebook_11_raroc_assumption_grid.csv,FULL_CATALOG_2000000_YEARS,ratio
C2_GODA_ATKINSON09,NO_REINSURANCE,2.5,0.29999999999999999,0,raroc_using_tvar99_5_tail_capital,0.0037692229996095484,0.0037692229996095475,8.6736173798840355e-19,2.3011685381264343e-14,defined,data/metadata/phase_2/notebook_11_reinsurance_capital/notebook_11_raroc_assumption_grid.csv,FULL_CATALOG_2000000_YEARS,ratio
C2_GODA_ATKINSON09,NO_REINSURANCE,3,0.29999999999999999,0,raroc_using_tvar99_5_tail_capital,0.0055281937327606723,0.0055281937327606697,2.6020852139652106e-18,4.7069356461677062e-14,defined,data/metadata/phase_2/notebook_11_reinsurance_capital/notebook_11_raroc_assumption_grid.csv,FULL_CATALOG_2000000_YEARS,ratio
C2_GODA_ATKINSON09,NO_REINSURANCE,1.25,0.40000000000000002,0,raroc_using_tvar99_5_tail_capital,-0.0012564076665365158,-0.0012564076665365156,-2.1684043449710089e-19,1.7258764035948258e-14,defined,data/metadata/phase_2/notebook_11_reinsurance_capital/notebook_11_raroc_assumption_grid.csv,FULL_CATALOG_2000000_YEARS,ratio
C2_GODA_ATKINSON09,NO_REINSURANCE,1.5,0.40000000000000002,0,raroc_using_tvar99_5_tail_capital,-0.00050256306661460655,-0.00050256306661460601,-5.4210108624275222e-19,1.0786727522467666e-13,defined,data/metadata/phase_2/notebook_11_reinsurance_capital/notebook_11_raroc_assumption_grid.csv,FULL_CATALOG_2000000_YEARS,ratio
C2_GODA_ATKINSON09,NO_REINSURANCE,2,0.40000000000000002,0,raroc_using_tvar99_5_tail_capital,0.0010051261332292125,0.0010051261332292127,-2.1684043449710089e-19,-2.1573455044935322e-14,defined,data/metadata/phase_2/notebook_11_reinsurance_capital/notebook_11_raroc_assumption_grid.csv,FULL_CATALOG_2000000_YEARS,ratio
C2_GODA_ATKINSON09,NO_REINSURANCE,2.5,0.40000000000000002,0,raroc_using_tvar99_5_tail_capital,0.0025128153330730321,0.0025128153330730317,4.3368086899420177e-19,1.7258764035948255e-14,defined,data/metadata/phase_2/notebook_11_reinsurance_capital/notebook_11_raroc_assumption_grid.csv,FULL_CATALOG_2000000_YEARS,ratio
C2_GODA_ATKINSON09,NO_REINSURANCE,3,0.40000000000000002,0,raroc_using_tvar99_5_tail_capital,0.0040205045329168507,0.0040205045329168507,0,0,defined,data/metadata/phase_2/notebook_11_reinsurance_capital/notebook_11_raroc_assumption_grid.csv,FULL_CATALOG_2000000_YEARS,ratio
C2_GODA_ATKINSON09,FROZEN_OCCURRENCE_XOL,1.25,0.20000000000000001,1,raroc_using_tvar99_5_tail_capital,1.1297824656826295e-18,1.8498034878977522e-18,-7.2002102221512271e-19,,undefined_zero_or_missing_baseline,data/metadata/phase_2/notebook_11_reinsurance_capital/notebook_11_raroc_assumption_grid.csv,FULL_CATALOG_2000000_YEARS,ratio
C2_GODA_ATKINSON09,FROZEN_OCCURRENCE_XOL,1.5,0.20000000000000001,1,raroc_using_tvar99_5_tail_capital,0.0019151085414114155,0.0020843810169558995,-0.00016927247554448404,-8.1209948741375158,defined,data/metadata/phase_2/notebook_11_reinsurance_capital/notebook_11_raroc_assumption_grid.csv,FULL_CATALOG_2000000_YEARS,ratio
C2_GODA_ATKINSON09,FROZEN_OCCURRENCE_XOL,2,0.20000000000000001,1,raroc_using_tvar99_5_tail_capital,0.0057453256242342467,0.0062531430508676981,-0.00050781742663345147,-8.1209948741375069,defined,data/metadata/phase_2/notebook_11_reinsurance_capital/notebook_11_raroc_assumption_grid.csv,FULL_CATALOG_2000000_YEARS,ratio
C2_GODA_ATKINSON09,FROZEN_OCCURRENCE_XOL,2.5,0.20000000000000001,1,raroc_using_tvar99_5_tail_capital,0.0095755427070570755,0.010421905084779498,-0.00084636237772242259,-8.1209948741375388,defined,data/metadata/phase_2/notebook_11_reinsurance_capital/notebook_11_raroc_assumption_grid.csv,FULL_CATALOG_2000000_YEARS,ratio
C2_GODA_ATKINSON09,FROZEN_OCCURRENCE_XOL,3,0.20000000000000001,1,raroc_using_tvar99_5_tail_capital,0.013405759789879904,0.014590667118691293,-0.0011849073288113885,-8.1209948741375193,defined,data/metadata/phase_2/notebook_11_reinsurance_capital/notebook_11_raroc_assumption_grid.csv,FULL_CATALOG_2000000_YEARS,ratio
C2_GODA_ATKINSON09,FROZEN_OCCURRENCE_XOL,1.25,0.29999999999999999,1,raroc_using_tvar99_5_tail_capital,-0.0011969428383821325,-0.001302738135597436,0.00010579529721530347,-8.1209948741375957,defined,data/metadata/phase_2/notebook_11_reinsurance_capital/notebook_11_raroc_assumption_grid.csv,FULL_CATALOG_2000000_YEARS,ratio
C2_GODA_ATKINSON09,FROZEN_OCCURRENCE_XOL,1.5,0.29999999999999999,1,raroc_using_tvar99_5_tail_capital,0.00047877713535285615,0.00052109525423897499,-4.2318118886118842e-05,-8.1209948741370983,defined,data/metadata/phase_2/notebook_11_reinsurance_capital/notebook_11_raroc_assumption_grid.csv,FULL_CATALOG_2000000_YEARS,ratio
C2_GODA_ATKINSON09,FROZEN_OCCURRENCE_XOL,2,0.29999999999999999,1,raroc_using_tvar99_5_tail_capital,0.003830217082822831,0.0041687620339117999,-0.00033854495108896895,-8.1209948741375353,defined,data/metadata/phase_2/notebook_11_reinsurance_capital/notebook_11_raroc_assumption_grid.csv,FULL_CATALOG_2000000_YEARS,ratio
C2_GODA_ATKINSON09,FROZEN_OCCURRENCE_XOL,2.5,0.29999999999999999,1,raroc_using_tvar99_5_tail_capital,0.0071816570302928083,0.0078164288135846218,-0.00063477178329181348,-8.1209948741374962,defined,data/metadata/phase_2/notebook_11_reinsurance_capital/notebook_11_raroc_assumption_grid.csv,FULL_CATALOG_2000000_YEARS,ratio
C2_GODA_ATKINSON09,FROZEN_OCCURRENCE_XOL,3,0.29999999999999999,1,raroc_using_tvar99_5_tail_capital,0.010533096977762786,0.011464095593257444,-0.00093099861549465757,-8.1209948741374784,defined,data/metadata/phase_2/notebook_11_reinsurance_capital/notebook_11_raroc_assumption_grid.csv,FULL_CATALOG_2000000_YEARS,ratio
C2_GODA_ATKINSON09,FROZEN_OCCURRENCE_XOL,1.25,0.40000000000000002,1,raroc_using_tvar99_5_tail_capital,-0.0023938856767642671,-0.0026054762711948728,0.00021159059443060565,-8.1209948741375442,defined,data/metadata/phase_2/notebook_11_reinsurance_capital/notebook_11_raroc_assumption_grid.csv,FULL_CATALOG_2000000_YEARS,ratio
C2_GODA_ATKINSON09,FROZEN_OCCURRENCE_XOL,1.5,0.40000000000000002,1,raroc_using_tvar99_5_tail_capital,-0.00095755427070570666,-0.0010421905084779482,8.4636237772241587e-05,-8.1209948741374856,defined,data/metadata/phase_2/notebook_11_reinsurance_capital/notebook_11_raroc_assumption_grid.csv,FULL_CATALOG_2000000_YEARS,ratio
C2_GODA_ATKINSON09,FROZEN_OCCURRENCE_XOL,2,0.40000000000000002,1,raroc_using_tvar99_5_tail_capital,0.0019151085414114155,0.0020843810169558995,-0.00016927247554448404,-8.1209948741375158,defined,data/metadata/phase_2/notebook_11_reinsurance_capital/notebook_11_raroc_assumption_grid.csv,FULL_CATALOG_2000000_YEARS,ratio
C2_GODA_ATKINSON09,FROZEN_OCCURRENCE_XOL,2.5,0.40000000000000002,1,raroc_using_tvar99_5_tail_capital,0.0047877713535285386,0.0052109525423897482,-0.00042318118886120956,-8.1209948741375069,defined,data/metadata/phase_2/notebook_11_reinsurance_capital/notebook_11_raroc_assumption_grid.csv,FULL_CATALOG_2000000_YEARS,ratio
C2_GODA_ATKINSON09,FROZEN_OCCURRENCE_XOL,3,0.40000000000000002,1,raroc_using_tvar99_5_tail_capital,0.0076604341656456602,0.0083375240678235946,-0.00067708990217793443,-8.1209948741374998,defined,data/metadata/phase_2/notebook_11_reinsurance_capital/notebook_11_raroc_assumption_grid.csv,FULL_CATALOG_2000000_YEARS,ratio
C2_GODA_ATKINSON09,FROZEN_OCCURRENCE_XOL,1.25,0.20000000000000001,1.25,raroc_using_tvar99_5_tail_capital,-0.0011374780102277511,-0.0013490686046583552,0.00021159059443060413,-15.684198246106867,defined,data/metadata/phase_2/notebook_11_reinsurance_capital/notebook_11_raroc_assumption_grid.csv,FULL_CATALOG_2000000_YEARS,ratio
C2_GODA_ATKINSON09,FROZEN_OCCURRENCE_XOL,1.5,0.20000000000000001,1.25,raroc_using_tvar99_5_tail_capital,0.00077763053118366332,0.00073531241229754236,4.2318118886120956e-05,5.7551209769320515,defined,data/metadata/phase_2/notebook_11_reinsurance_capital/notebook_11_raroc_assumption_grid.csv,FULL_CATALOG_2000000_YEARS,ratio
C2_GODA_ATKINSON09,FROZEN_OCCURRENCE_XOL,2,0.20000000000000001,1.25,raroc_using_tvar99_5_tail_capital,0.0046078476140064941,0.0049040744462093416,-0.00029622683220284756,-6.0404228249801415,defined,data/metadata/phase_2/notebook_11_reinsurance_capital/notebook_11_raroc_assumption_grid.csv,FULL_CATALOG_2000000_YEARS,ratio
C2_GODA_ATKINSON09,FROZEN_OCCURRENCE_XOL,2.5,0.20000000000000001,1.25,raroc_using_tvar99_5_tail_capital,0.0084380646968293237,0.0090728364801211416,-0.00063477178329181781,-6.9963983665154998,defined,data/metadata/phase_2/notebook_11_reinsurance_capital/notebook_11_raroc_assumption_grid.csv,FULL_CATALOG_2000000_YEARS,ratio
C2_GODA_ATKINSON09,FROZEN_OCCURRENCE_XOL,3,0.20000000000000001,1.25,raroc_using_tvar99_5_tail_capital,0.012268281779652153,0.013241598514032936,-0.00097331673438078373,-7.3504474051928108,defined,data/metadata/phase_2/notebook_11_reinsurance_capital/notebook_11_raroc_assumption_grid.csv,FULL_CATALOG_2000000_YEARS,ratio
C2_GODA_ATKINSON09,FROZEN_OCCURRENCE_XOL,1.25,0.29999999999999999,1.25,raroc_using_tvar99_5_tail_capital,-0.0023344208486098849,-0.0026518067402557929,0.00031738589164590804,-11.968665997707399,defined,data/metadata/phase_2/notebook_11_reinsurance_capital/notebook_11_raroc_assumption_grid.csv,FULL_CATALOG_2000000_YEARS,ratio
C2_GODA_ATKINSON09,FROZEN_OCCURRENCE_XOL,1.5,0.29999999999999999,1.25,raroc_using_tvar99_5_tail_capital,-0.00065870087487489618,-0.00082797335041938206,0.00016927247554448588,-20.444193700044401,defined,data/metadata/phase_2/notebook_11_reinsurance_capital/notebook_11_raroc_assumption_grid.csv,FULL_CATALOG_2000000_YEARS,ratio
C2_GODA_ATKINSON09,FROZEN_OCCURRENCE_XOL,2,0.29999999999999999,1.25,raroc_using_tvar99_5_tail_capital,0.0026927390725950788,0.0028196934292534425,-0.00012695435665836374,-4.5024170124756031,defined,data/metadata/phase_2/notebook_11_reinsurance_capital/notebook_11_raroc_assumption_grid.csv,FULL_CATALOG_2000000_YEARS,ratio
C2_GODA_ATKINSON09,FROZEN_OCCURRENCE_XOL,2.5,0.29999999999999999,1.25,raroc_using_tvar99_5_tail_capital,0.0060441790200650557,0.0064673602089262662,-0.00042318118886121043,-6.543337237921814,defined,data/metadata/phase_2/notebook_11_reinsurance_capital/notebook_11_raroc_assumption_grid.csv,FULL_CATALOG_2000000_YEARS,ratio
C2_GODA_ATKINSON09,FROZEN_OCCURRENCE_XOL,3,0.29999999999999999,1.25,raroc_using_tvar99_5_tail_capital,0.0093956189675350327,0.010115026988599087,-0.00071940802106405452,-7.1122699116365995,defined,data/metadata/phase_2/notebook_11_reinsurance_capital/notebook_11_raroc_assumption_grid.csv,FULL_CATALOG_2000000_YEARS,ratio
C2_GODA_ATKINSON09,FROZEN_OCCURRENCE_XOL,1.25,0.40000000000000002,1.25,raroc_using_tvar99_5_tail_capital,-0.0035313636869920193,-0.0039545448758532302,0.00042318118886121086,-10.701135077393845,defined,data/metadata/phase_2/notebook_11_reinsurance_capital/notebook_11_raroc_assumption_grid.csv,FULL_CATALOG_2000000_YEARS,ratio
C2_GODA_ATKINSON09,FROZEN_OCCURRENCE_XOL,1.5,0.40000000000000002,1.25,raroc_using_tvar99_5_tail_capital,-0.0020950322809334589,-0.0023912591131363052,0.00029622683220284626,-12.387901862058097,defined,data/metadata/phase_2/notebook_11_reinsurance_capital/notebook_11_raroc_assumption_grid.csv,FULL_CATALOG_2000000_YEARS,ratio
C2_GODA_ATKINSON09,FROZEN_OCCURRENCE_XOL,2,0.40000000000000002,1.25,raroc_using_tvar99_5_tail_capital,0.00077763053118366332,0.00073531241229754236,4.2318118886120956e-05,5.7551209769320515,defined,data/metadata/phase_2/notebook_11_reinsurance_capital/notebook_11_raroc_assumption_grid.csv,FULL_CATALOG_2000000_YEARS,ratio
C2_GODA_ATKINSON09,FROZEN_OCCURRENCE_XOL,2.5,0.40000000000000002,1.25,raroc_using_tvar99_5_tail_capital,0.0036502933433007864,0.0038618839377313912,-0.00021159059443060478,-5.4789475251527282,defined,data/metadata/phase_2/notebook_11_reinsurance_capital/notebook_11_raroc_assumption_grid.csv,FULL_CATALOG_2000000_YEARS,ratio
C2_GODA_ATKINSON09,FROZEN_OCCURRENCE_XOL,3,0.40000000000000002,1.25,raroc_using_tvar99_5_tail_capital,0.0065229561554179076,0.006988455463165239,-0.00046549930774733139,-6.6609755217141444,defined,data/metadata/phase_2/notebook_11_reinsurance_capital/notebook_11_raroc_assumption_grid.csv,FULL_CATALOG_2000000_YEARS,ratio
C2_GODA_ATKINSON09,FROZEN_OCCURRENCE_XOL,1.25,0.20000000000000001,1.5,raroc_using_tvar99_5_tail_capital,-0.0022749560204555035,-0.002698137209316713,0.00042318118886120956,-15.6841982461069,defined,data/metadata/phase_2/notebook_11_reinsurance_capital/notebook_11_raroc_assumption_grid.csv,FULL_CATALOG_2000000_YEARS,ratio
C2_GODA_ATKINSON09,FROZEN_OCCURRENCE_XOL,1.5,0.20000000000000001,1.5,raroc_using_tvar99_5_tail_capital,-0.00035984747904408901,-0.00061375619236081534,0.00025390871331672633,-41.369637728633833,defined,data/metadata/phase_2/notebook_11_reinsurance_capital/notebook_11_raroc_assumption_grid.csv,FULL_CATALOG_2000000_YEARS,ratio
C2_GODA_ATKINSON09,FROZEN_OCCURRENCE_XOL,2,0.20000000000000001,1.5,raroc_using_tvar99_5_tail_capital,0.0034703696037787419,0.0035550058415509834,-8.4636237772241479e-05,-2.3807622700084301,defined,data/metadata/phase_2/notebook_11_reinsurance_capital/notebook_11_raroc_assumption_grid.csv,FULL_CATALOG_2000000_YEARS,ratio
C2_GODA_ATKINSON09,FROZEN_OCCURRENCE_XOL,2.5,0.20000000000000001,1.5,raroc_using_tvar99_5_tail_capital,0.0073005866866015711,0.0077237678754627833,-0.00042318118886121216,-5.478947525152762,defined,data/metadata/phase_2/notebook_11_reinsurance_capital/notebook_11_raroc_assumption_grid.csv,FULL_CATALOG_2000000_YEARS,ratio
C2_GODA_ATKINSON09,FROZEN_OCCURRENCE_XOL,3,0.20000000000000001,1.5,raroc_using_tvar99_5_tail_capital,0.011130803769424399,0.01189252990937458,-0.00076172613995018068,-6.4050807166751902,defined,data/metadata/phase_2/notebook_11_reinsurance_capital/notebook_11_raroc_assumption_grid.csv,FULL_CATALOG_2000000_YEARS,ratio
C2_GODA_ATKINSON09,FROZEN_OCCURRENCE_XOL,1.25,0.29999999999999999,1.5,raroc_using_tvar99_5_tail_capital,-0.003471898858837637,-0.0040008753449141512,0.00052897648607651412,-13.221518804602113,defined,data/metadata/phase_2/notebook_11_reinsurance_capital/notebook_11_raroc_assumption_grid.csv,FULL_CATALOG_2000000_YEARS,ratio
C2_GODA_ATKINSON09,FROZEN_OCCURRENCE_XOL,1.5,0.29999999999999999,1.5,raroc_using_tvar99_5_tail_capital,-0.0017961788851026483,-0.0021770419550777398,0.00038086306997509142,-17.494521365872863,defined,data/metadata/phase_2/notebook_11_reinsurance_capital/notebook_11_raroc_assumption_grid.csv,FULL_CATALOG_2000000_YEARS,ratio
C2_GODA_ATKINSON09,FROZEN_OCCURRENCE_XOL,2,0.29999999999999999,1.5,raroc_using_tvar99_5_tail_capital,0.0015552610623673266,0.0014706248245950847,8.4636237772241912e-05,5.7551209769320515,defined,data/metadata/phase_2/notebook_11_reinsurance_capital/notebook_11_raroc_assumption_grid.csv,FULL_CATALOG_2000000_YEARS,ratio
C2_GODA_ATKINSON09,FROZEN_OCCURRENCE_XOL,2.5,0.29999999999999999,1.5,raroc_using_tvar99_5_tail_capital,0.004906701009837304,0.0051182916042679079,-0.00021159059443060391,-4.1340081962928457,defined,data/metadata/phase_2/notebook_11_reinsurance_capital/notebook_11_raroc_assumption_grid.csv,FULL_CATALOG_2000000_YEARS,ratio
C2_GODA_ATKINSON09,FROZEN_OCCURRENCE_XOL,3,0.29999999999999999,1.5,raroc_using_tvar99_5_tail_capital,0.0082581409573072809,0.0087659583839407307,-0.00050781742663344974,-5.7930622573314201,defined,data/metadata/phase_2/notebook_11_reinsurance_capital/notebook_11_raroc_assumption_grid.csv,FULL_CATALOG_2000000_YEARS,ratio
C2_GODA_ATKINSON09,FROZEN_OCCURRENCE_XOL,1.25,0.40000000000000002,1.5,raroc_using_tvar99_5_tail_capital,-0.0046688416972197715,-0.0053036134805115875,0.00063477178329181608,-11.968665997707395,defined,data/metadata/phase_2/notebook_11_reinsurance_capital/notebook_11_raroc_assumption_grid.csv,FULL_CATALOG_2000000_YEARS,ratio
C2_GODA_ATKINSON09,FROZEN_OCCURRENCE_XOL,1.5,0.40000000000000002,1.5,raroc_using_tvar99_5_tail_capital,-0.0032325102911612111,-0.003740327717794663,0.00050781742663345191,-13.576816390112105,defined,data/metadata/phase_2/notebook_11_reinsurance_capital/notebook_11_raroc_assumption_grid.csv,FULL_CATALOG_2000000_YEARS,ratio
C2_GODA_ATKINSON09,FROZEN_OCCURRENCE_XOL,2,0.40000000000000002,1.5,raroc_using_tvar99_5_tail_capital,-0.00035984747904408901,-0.00061375619236081534,0.00025390871331672633,-41.369637728633833,defined,data/metadata/phase_2/notebook_11_reinsurance_capital/notebook_11_raroc_assumption_grid.csv,FULL_CATALOG_2000000_YEARS,ratio
C2_GODA_ATKINSON09,FROZEN_OCCURRENCE_XOL,2.5,0.40000000000000002,1.5,raroc_using_tvar99_5_tail_capital,0.0025128153330730343,0.0025128153330730334,8.6736173798840355e-19,3.451752807189649e-14,defined,data/metadata/phase_2/notebook_11_reinsurance_capital/notebook_11_raroc_assumption_grid.csv,FULL_CATALOG_2000000_YEARS,ratio
C2_GODA_ATKINSON09,FROZEN_OCCURRENCE_XOL,3,0.40000000000000002,1.5,raroc_using_tvar99_5_tail_capital,0.005385478145190155,0.0056393868585068816,-0.0002539087133167266,-4.5024170124755907,defined,data/metadata/phase_2/notebook_11_reinsurance_capital/notebook_11_raroc_assumption_grid.csv,FULL_CATALOG_2000000_YEARS,ratio
C2_GODA_ATKINSON09,FROZEN_OCCURRENCE_XOL,1.25,0.20000000000000001,2,raroc_using_tvar99_5_tail_capital,-0.0045499120409110078,-0.0053962744186334287,0.00084636237772242086,-15.684198246106924,defined,data/metadata/phase_2/notebook_11_reinsurance_capital/notebook_11_raroc_assumption_grid.csv,FULL_CATALOG_2000000_YEARS,ratio
C2_GODA_ATKINSON09,FROZEN_OCCURRENCE_XOL,1.5,0.20000000000000001,2,raroc_using_tvar99_5_tail_capital,-0.0026348034994995934,-0.0033118934016775309,0.00067708990217793747,-20.444193700044206,defined,data/metadata/phase_2/notebook_11_reinsurance_capital/notebook_11_raroc_assumption_grid.csv,FULL_CATALOG_2000000_YEARS,ratio
C2_GODA_ATKINSON09,FROZEN_OCCURRENCE_XOL,2,0.20000000000000001,2,raroc_using_tvar99_5_tail_capital,0.0011954135833232376,0.00085686863223426808,0.00033854495108896949,39.509551213961494,defined,data/metadata/phase_2/notebook_11_reinsurance_capital/notebook_11_raroc_assumption_grid.csv,FULL_CATALOG_2000000_YEARS,ratio
C2_GODA_ATKINSON09,FROZEN_OCCURRENCE_XOL,2.5,0.20000000000000001,2,raroc_using_tvar99_5_tail_capital,0.0050256306661460659,0.0050256306661460685,-2.6020852139652106e-18,-5.1776292107844714e-14,defined,data/metadata/phase_2/notebook_11_reinsurance_capital/notebook_11_raroc_assumption_grid.csv,FULL_CATALOG_2000000_YEARS,ratio
C2_GODA_ATKINSON09,FROZEN_OCCURRENCE_XOL,3,0.20000000000000001,2,raroc_using_tvar99_5_tail_capital,0.0088558477489688956,0.0091943927000578633,-0.00033854495108896765,-3.6820806129679133,defined,data/metadata/phase_2/notebook_11_reinsurance_capital/notebook_11_raroc_assumption_grid.csv,FULL_CATALOG_2000000_YEARS,ratio
C2_GODA_ATKINSON09,FROZEN_OCCURRENCE_XOL,1.25,0.29999999999999999,2,raroc_using_tvar99_5_tail_capital,-0.0057468548792931418,-0.0066990125542308659,0.00095215767493772412,-14.213403352056329,defined,data/metadata/phase_2/notebook_11_reinsurance_capital/notebook_11_raroc_assumption_grid.csv,FULL_CATALOG_2000000_YEARS,ratio
C2_GODA_ATKINSON09,FROZEN_OCCURRENCE_XOL,1.5,0.29999999999999999,2,raroc_using_tvar99_5_tail_capital,-0.0040711349055581533,-0.004875179164394455,0.00080404425883630164,-16.49260943492262,defined,data/metadata/phase_2/notebook_11_reinsurance_capital/notebook_11_raroc_assumption_grid.csv,FULL_CATALOG_2000000_YEARS,ratio
C2_GODA_ATKINSON09,FROZEN_OCCURRENCE_XOL,2,0.29999999999999999,2,raroc_using_tvar99_5_tail_capital,-0.00071969495808817802,-0.0012275123847216307,0.00050781742663345267,-41.369637728633833,defined,data/metadata/phase_2/notebook_11_reinsurance_capital/notebook_11_raroc_assumption_grid.csv,FULL_CATALOG_2000000_YEARS,ratio
C2_GODA_ATKINSON09,FROZEN_OCCURRENCE_XOL,2.5,0.29999999999999999,2,raroc_using_tvar99_5_tail_capital,0.0026317449893817992,0.0024201543949511927,0.00021159059443060652,8.7428552026274193,defined,data/metadata/phase_2/notebook_11_reinsurance_capital/notebook_11_raroc_assumption_grid.csv,FULL_CATALOG_2000000_YEARS,ratio
C2_GODA_ATKINSON09,FROZEN_OCCURRENCE_XOL,3,0.29999999999999999,2,raroc_using_tvar99_5_tail_capital,0.0059831849368517766,0.0060678211746240151,-8.4636237772238443e-05,-1.3948373779733683,defined,data/metadata/phase_2/notebook_11_reinsurance_capital/notebook_11_raroc_assumption_grid.csv,FULL_CATALOG_2000000_YEARS,ratio
C2_GODA_ATKINSON09,FROZEN_OCCURRENCE_XOL,1.25,0.40000000000000002,2,raroc_using_tvar99_5_tail_capital,-0.0069437977176752767,-0.0080017506898283023,0.0010579529721530256,-13.221518804602081,defined,data/metadata/phase_2/notebook_11_reinsurance_capital/notebook_11_raroc_assumption_grid.csv,FULL_CATALOG_2000000_YEARS,ratio
C2_GODA_ATKINSON09,FROZEN_OCCURRENCE_XOL,1.5,0.40000000000000002,2,raroc_using_tvar99_5_tail_capital,-0.0055074663116167159,-0.0064384649271113786,0.00093099861549466277,-14.459946991003584,defined,data/metadata/phase_2/notebook_11_reinsurance_capital/notebook_11_raroc_assumption_grid.csv,FULL_CATALOG_2000000_YEARS,ratio
C2_GODA_ATKINSON09,FROZEN_OCCURRENCE_XOL,2,0.40000000000000002,2,raroc_using_tvar99_5_tail_capital,-0.0026348034994995934,-0.0033118934016775309,0.00067708990217793747,-20.444193700044206,defined,data/metadata/phase_2/notebook_11_reinsurance_capital/notebook_11_raroc_assumption_grid.csv,FULL_CATALOG_2000000_YEARS,ratio
C2_GODA_ATKINSON09,FROZEN_OCCURRENCE_XOL,2.5,0.40000000000000002,2,raroc_using_tvar99_5_tail_capital,0.00023785931261752975,-0.00018532187624368193,0.00042318118886121168,-228.34929013170884,defined,data/metadata/phase_2/notebook_11_reinsurance_capital/notebook_11_raroc_assumption_grid.csv,FULL_CATALOG_2000000_YEARS,ratio
C2_GODA_ATKINSON09,FROZEN_OCCURRENCE_XOL,3,0.40000000000000002,2,raroc_using_tvar99_5_tail_capital,0.0031105221247346507,0.0029412496491901655,0.00016927247554448513,5.7551209769321039,defined,data/metadata/phase_2/notebook_11_reinsurance_capital/notebook_11_raroc_assumption_grid.csv,FULL_CATALOG_2000000_YEARS,ratio
C2_GODA_ATKINSON09,STANDALONE_AGGREGATE,1.25,0.20000000000000001,1,raroc_using_tvar99_5_tail_capital,1.1286221303898816e-18,2.4658207242510049e-18,-1.3371985938611232e-18,,undefined_zero_or_missing_baseline,data/metadata/phase_2/notebook_11_reinsurance_capital/notebook_11_raroc_assumption_grid.csv,FULL_CATALOG_2000000_YEARS,ratio
C2_GODA_ATKINSON09,STANDALONE_AGGREGATE,1.5,0.20000000000000001,1,raroc_using_tvar99_5_tail_capital,0.0019131416423865666,0.0020838875355429129,-0.00017074589315634633,-8.1936232279378789,defined,data/metadata/phase_2/notebook_11_reinsurance_capital/notebook_11_raroc_assumption_grid.csv,FULL_CATALOG_2000000_YEARS,ratio
C2_GODA_ATKINSON09,STANDALONE_AGGREGATE,2,0.20000000000000001,1,raroc_using_tvar99_5_tail_capital,0.0057394249271596996,0.0062516626066287384,-0.00051223767946903878,-8.1936232279378753,defined,data/metadata/phase_2/notebook_11_reinsurance_capital/notebook_11_raroc_assumption_grid.csv,FULL_CATALOG_2000000_YEARS,ratio
C2_GODA_ATKINSON09,STANDALONE_AGGREGATE,2.5,0.20000000000000001,1,raroc_using_tvar99_5_tail_capital,0.0095657082119328298,0.010419437677714565,-0.00085372946578173535,-8.1936232279379144,defined,data/metadata/phase_2/notebook_11_reinsurance_capital/notebook_11_raroc_assumption_grid.csv,FULL_CATALOG_2000000_YEARS,ratio
C2_GODA_ATKINSON09,STANDALONE_AGGREGATE,3,0.20000000000000001,1,raroc_using_tvar99_5_tail_capital,0.013391991496705962,0.014587212748800388,-0.0011952212520944267,-8.1936232279378967,defined,data/metadata/phase_2/notebook_11_reinsurance_capital/notebook_11_raroc_assumption_grid.csv,FULL_CATALOG_2000000_YEARS,ratio
C2_GODA_ATKINSON09,STANDALONE_AGGREGATE,1.25,0.29999999999999999,1,raroc_using_tvar99_5_tail_capital,-0.0011957135264916018,-0.0013024297097143189,0.00010671618322271714,-8.1936232279379411,defined,data/metadata/phase_2/notebook_11_reinsurance_capital/notebook_11_raroc_assumption_grid.csv,FULL_CATALOG_2000000_YEARS,ratio
C2_GODA_ATKINSON09,STANDALONE_AGGREGATE,1.5,0.29999999999999999,1,raroc_using_tvar99_5_tail_capital,0.00047828541059664388,0.00052097188388572845,-4.2686473289084577e-05,-8.1936232279374916,defined,data/metadata/phase_2/notebook_11_reinsurance_capital/notebook_11_raroc_assumption_grid.csv,FULL_CATALOG_2000000_YEARS,ratio
C2_GODA_ATKINSON09,STANDALONE_AGGREGATE,2,0.29999999999999999,1,raroc_using_tvar99_5_tail_capital,0.0038262832847731332,0.0041677750710858268,-0.00034149178631269353,-8.1936232279378967,defined,data/metadata/phase_2/notebook_11_reinsurance_capital/notebook_11_raroc_assumption_grid.csv,FULL_CATALOG_2000000_YEARS,ratio
C2_GODA_ATKINSON09,STANDALONE_AGGREGATE,2.5,0.29999999999999999,1,raroc_using_tvar99_5_tail_capital,0.0071742811589496245,0.007814578258285923,-0.00064029709933629848,-8.1936232279378753,defined,data/metadata/phase_2/notebook_11_reinsurance_capital/notebook_11_raroc_assumption_grid.csv,FULL_CATALOG_2000000_YEARS,ratio
C2_GODA_ATKINSON09,STANDALONE_AGGREGATE,3,0.29999999999999999,1,raroc_using_tvar99_5_tail_capital,0.010522279033126115,0.011461381445486019,-0.00093910241235990385,-8.1936232279378718,defined,data/metadata/phase_2/notebook_11_reinsurance_capital/notebook_11_raroc_assumption_grid.csv,FULL_CATALOG_2000000_YEARS,ratio
C2_GODA_ATKINSON09,STANDALONE_AGGREGATE,1.25,0.40000000000000002,1,raroc_using_tvar99_5_tail_capital,-0.0023914270529832057,-0.0026048594194286391,0.0002134323664454334,-8.1936232279379038,defined,data/metadata/phase_2/notebook_11_reinsurance_capital/notebook_11_raroc_assumption_grid.csv,FULL_CATALOG_2000000_YEARS,ratio
C2_GODA_ATKINSON09,STANDALONE_AGGREGATE,1.5,0.40000000000000002,1,raroc_using_tvar99_5_tail_capital,-0.00095657082119328211,-0.0010419437677714543,8.5372946578172191e-05,-8.1936232279378007,defined,data/metadata/phase_2/notebook_11_reinsurance_capital/notebook_11_raroc_assumption_grid.csv,FULL_CATALOG_2000000_YEARS,ratio
C2_GODA_ATKINSON09,STANDALONE_AGGREGATE,2,0.40000000000000002,1,raroc_using_tvar99_5_tail_capital,0.0019131416423865666,0.0020838875355429129,-0.00017074589315634633,-8.1936232279378789,defined,data/metadata/phase_2/notebook_11_reinsurance_capital/notebook_11_raroc_assumption_grid.csv,FULL_CATALOG_2000000_YEARS,ratio
C2_GODA_ATKINSON09,STANDALONE_AGGREGATE,2.5,0.40000000000000002,1,raroc_using_tvar99_5_tail_capital,0.0047828541059664166,0.0052097188388572826,-0.00042686473289086594,-8.1936232279378789,defined,data/metadata/phase_2/notebook_11_reinsurance_capital/notebook_11_raroc_assumption_grid.csv,FULL_CATALOG_2000000_YEARS,ratio
C2_GODA_ATKINSON09,STANDALONE_AGGREGATE,3,0.40000000000000002,1,raroc_using_tvar99_5_tail_capital,0.0076525665695462639,0.0083355501421716518,-0.00068298357262538793,-8.1936232279379109,defined,data/metadata/phase_2/notebook_11_reinsurance_capital/notebook_11_raroc_assumption_grid.csv,FULL_CATALOG_2000000_YEARS,ratio
C2_GODA_ATKINSON09,STANDALONE_AGGREGATE,1.25,0.20000000000000001,1.25,raroc_using_tvar99_5_tail_capital,-0.0011350193864466899,-0.0013484517528921213,0.00021343236644543145,-15.827957210012723,defined,data/metadata/phase_2/notebook_11_reinsurance_capital/notebook_11_raroc_assumption_grid.csv,FULL_CATALOG_2000000_YEARS,ratio
C2_GODA_ATKINSON09,STANDALONE_AGGREGATE,1.5,0.20000000000000001,1.25,raroc_using_tvar99_5_tail_capital,0.00077812225593987554,0.00073543578265078922,4.2686473289086312e-05,5.8042420964653223,defined,data/metadata/phase_2/notebook_11_reinsurance_capital/notebook_11_raroc_assumption_grid.csv,FULL_CATALOG_2000000_YEARS,ratio
C2_GODA_ATKINSON09,STANDALONE_AGGREGATE,2,0.20000000000000001,1.25,raroc_using_tvar99_5_tail_capital,0.0046044055407130089,0.0049032108537366142,-0.00029880531302360538,-6.0940743104264694,defined,data/metadata/phase_2/notebook_11_reinsurance_capital/notebook_11_raroc_assumption_grid.csv,FULL_CATALOG_2000000_YEARS,ratio
C2_GODA_ATKINSON09,STANDALONE_AGGREGATE,2.5,0.20000000000000001,1.25,raroc_using_tvar99_5_tail_capital,0.0084306888254861399,0.009070985924822441,-0.00064029709933630108,-7.0587376569965796,defined,data/metadata/phase_2/notebook_11_reinsurance_capital/notebook_11_raroc_assumption_grid.csv,FULL_CATALOG_2000000_YEARS,ratio
C2_GODA_ATKINSON09,STANDALONE_AGGREGATE,3,0.20000000000000001,1.25,raroc_using_tvar99_5_tail_capital,0.012256972110259272,0.013238760995908264,-0.00098178888564899244,-7.4160179034309657,defined,data/metadata/phase_2/notebook_11_reinsurance_capital/notebook_11_raroc_assumption_grid.csv,FULL_CATALOG_2000000_YEARS,ratio
C2_GODA_ATKINSON09,STANDALONE_AGGREGATE,1.25,0.29999999999999999,1.25,raroc_using_tvar99_5_tail_capital,-0.002330732912938293,-0.0026508814626064426,0.00032014854966814967,-12.077060184855194,defined,data/metadata/phase_2/notebook_11_reinsurance_capital/notebook_11_raroc_assumption_grid.csv,FULL_CATALOG_2000000_YEARS,ratio
C2_GODA_ATKINSON09,STANDALONE_AGGREGATE,1.5,0.29999999999999999,1.25,raroc_using_tvar99_5_tail_capital,-0.00065673397585004709,-0.00082747986900639538,0.00017074589315634828,-20.634446776496581,defined,data/metadata/phase_2/notebook_11_reinsurance_capital/notebook_11_raroc_assumption_grid.csv,FULL_CATALOG_2000000_YEARS,ratio
C2_GODA_ATKINSON09,STANDALONE_AGGREGATE,2,0.29999999999999999,1.25,raroc_using_tvar99_5_tail_capital,0.002691263898326442,0.002819323318193703,-0.000128059419867261,-4.5422041183026387,defined,data/metadata/phase_2/notebook_11_reinsurance_capital/notebook_11_raroc_assumption_grid.csv,FULL_CATALOG_2000000_YEARS,ratio
C2_GODA_ATKINSON09,STANDALONE_AGGREGATE,2.5,0.29999999999999999,1.25,raroc_using_tvar99_5_tail_capital,0.0060392617725029338,0.0064661265053937989,-0.00042686473289086507,-6.6015524523807354,defined,data/metadata/phase_2/notebook_11_reinsurance_capital/notebook_11_raroc_assumption_grid.csv,FULL_CATALOG_2000000_YEARS,ratio
C2_GODA_ATKINSON09,STANDALONE_AGGREGATE,3,0.29999999999999999,1.25,raroc_using_tvar99_5_tail_capital,0.0093872596466794255,0.010112929692593895,-0.00072567004591446958,-7.1756658848909725,defined,data/metadata/phase_2/notebook_11_reinsurance_capital/notebook_11_raroc_assumption_grid.csv,FULL_CATALOG_2000000_YEARS,ratio
C2_GODA_ATKINSON09,STANDALONE_AGGREGATE,1.25,0.40000000000000002,1.25,raroc_using_tvar99_5_tail_capital,-0.0035264464394298969,-0.0039533111723207628,0.00042686473289086594,-10.797650735909009,defined,data/metadata/phase_2/notebook_11_reinsurance_capital/notebook_11_raroc_assumption_grid.csv,FULL_CATALOG_2000000_YEARS,ratio
C2_GODA_ATKINSON09,STANDALONE_AGGREGATE,1.5,0.40000000000000002,1.25,raroc_using_tvar99_5_tail_capital,-0.0020915902076399733,-0.0023903955206635782,0.00029880531302360494,-12.500245689075589,defined,data/metadata/phase_2/notebook_11_reinsurance_capital/notebook_11_raroc_assumption_grid.csv,FULL_CATALOG_2000000_YEARS,ratio
C2_GODA_ATKINSON09,STANDALONE_AGGREGATE,2,0.40000000000000002,1.25,raroc_using_tvar99_5_tail_capital,0.00077812225593987554,0.00073543578265078922,4.2686473289086312e-05,5.8042420964653223,defined,data/metadata/phase_2/notebook_11_reinsurance_capital/notebook_11_raroc_assumption_grid.csv,FULL_CATALOG_2000000_YEARS,ratio
C2_GODA_ATKINSON09,STANDALONE_AGGREGATE,2.5,0.40000000000000002,1.25,raroc_using_tvar99_5_tail_capital,0.0036478347195197255,0.0038612670859651584,-0.00021343236644543297,-5.5275214506971517,defined,data/metadata/phase_2/notebook_11_reinsurance_capital/notebook_11_raroc_assumption_grid.csv,FULL_CATALOG_2000000_YEARS,ratio
C2_GODA_ATKINSON09,STANDALONE_AGGREGATE,3,0.40000000000000002,1.25,raroc_using_tvar99_5_tail_capital,0.0065175471830995731,0.0069870983892795276,-0.00046955120617995453,-6.7202604002313482,defined,data/metadata/phase_2/notebook_11_reinsurance_capital/notebook_11_raroc_assumption_grid.csv,FULL_CATALOG_2000000_YEARS,ratio
C2_GODA_ATKINSON09,STANDALONE_AGGREGATE,1.25,0.20000000000000001,1.5,raroc_using_tvar99_5_tail_capital,-0.0022700387728933806,-0.0026969035057842457,0.00042686473289086507,-15.827957210012785,defined,data/metadata/phase_2/notebook_11_reinsurance_capital/notebook_11_raroc_assumption_grid.csv,FULL_CATALOG_2000000_YEARS,ratio
C2_GODA_ATKINSON09,STANDALONE_AGGREGATE,1.5,0.20000000000000001,1.5,raroc_using_tvar99_5_tail_capital,-0.00035689713050681543,-0.00061301597024133504,0.00025611883973451961,-41.780125179069891,defined,data/metadata/phase_2/notebook_11_reinsurance_capital/notebook_11_raroc_assumption_grid.csv,FULL_CATALOG_2000000_YEARS,ratio
C2_GODA_ATKINSON09,STANDALONE_AGGREGATE,2,0.20000000000000001,1.5,raroc_using_tvar99_5_tail_capital,0.0034693861542663177,0.0035547591008444897,-8.5372946578171974e-05,-2.4016520995161184,defined,data/metadata/phase_2/notebook_11_reinsurance_capital/notebook_11_raroc_assumption_grid.csv,FULL_CATALOG_2000000_YEARS,ratio
C2_GODA_ATKINSON09,STANDALONE_AGGREGATE,2.5,0.20000000000000001,1.5,raroc_using_tvar99_5_tail_capital,0.0072956694390394483,0.0077225341719303169,-0.00042686473289086854,-5.5275214506971855,defined,data/metadata/phase_2/notebook_11_reinsurance_capital/notebook_11_raroc_assumption_grid.csv,FULL_CATALOG_2000000_YEARS,ratio
C2_GODA_ATKINSON09,STANDALONE_AGGREGATE,3,0.20000000000000001,1.5,raroc_using_tvar99_5_tail_capital,0.011121952723812579,0.011890309243016138,-0.00076835651920355991,-6.4620398300814577,defined,data/metadata/phase_2/notebook_11_reinsurance_capital/notebook_11_raroc_assumption_grid.csv,FULL_CATALOG_2000000_YEARS,ratio
C2_GODA_ATKINSON09,STANDALONE_AGGREGATE,1.25,0.29999999999999999,1.5,raroc_using_tvar99_5_tail_capital,-0.0034657522993849837,-0.0039993332154985668,0.00053358091611358308,-13.341746920356712,defined,data/metadata/phase_2/notebook_11_reinsurance_capital/notebook_11_raroc_assumption_grid.csv,FULL_CATALOG_2000000_YEARS,ratio
C2_GODA_ATKINSON09,STANDALONE_AGGREGATE,1.5,0.29999999999999999,1.5,raroc_using_tvar99_5_tail_capital,-0.0017917533622967381,-0.0021759316218985195,0.00038417825960178147,-17.655805712616214,defined,data/metadata/phase_2/notebook_11_reinsurance_capital/notebook_11_raroc_assumption_grid.csv,FULL_CATALOG_2000000_YEARS,ratio
C2_GODA_ATKINSON09,STANDALONE_AGGREGATE,2,0.29999999999999999,1.5,raroc_using_tvar99_5_tail_capital,0.0015562445118797511,0.0014708715653015784,8.5372946578172624e-05,5.8042420964653223,defined,data/metadata/phase_2/notebook_11_reinsurance_capital/notebook_11_raroc_assumption_grid.csv,FULL_CATALOG_2000000_YEARS,ratio
C2_GODA_ATKINSON09,STANDALONE_AGGREGATE,2.5,0.29999999999999999,1.5,raroc_using_tvar99_5_tail_capital,0.0049042423860562422,0.0051176747525016747,-0.00021343236644543254,-4.1704949370043556,defined,data/metadata/phase_2/notebook_11_reinsurance_capital/notebook_11_raroc_assumption_grid.csv,FULL_CATALOG_2000000_YEARS,ratio
C2_GODA_ATKINSON09,STANDALONE_AGGREGATE,3,0.29999999999999999,1.5,raroc_using_tvar99_5_tail_capital,0.0082522402602327339,0.0087644779397017692,-0.00051223767946903531,-5.84447451397733,defined,data/metadata/phase_2/notebook_11_reinsurance_capital/notebook_11_raroc_assumption_grid.csv,FULL_CATALOG_2000000_YEARS,ratio
C2_GODA_ATKINSON09,STANDALONE_AGGREGATE,1.25,0.40000000000000002,1.5,raroc_using_tvar99_5_tail_capital,-0.0046614658258765877,-0.005301762925212887,0.00064029709933629934,-12.07706018485519,defined,data/metadata/phase_2/notebook_11_reinsurance_capital/notebook_11_raroc_assumption_grid.csv,FULL_CATALOG_2000000_YEARS,ratio
C2_GODA_ATKINSON09,STANDALONE_AGGREGATE,1.5,0.40000000000000002,1.5,raroc_using_tvar99_5_tail_capital,-0.0032266095940866641,-0.0037388472735557024,0.00051223767946903835,-13.700417320921812,defined,data/metadata/phase_2/notebook_11_reinsurance_capital/notebook_11_raroc_assumption_grid.csv,FULL_CATALOG_2000000_YEARS,ratio
C2_GODA_ATKINSON09,STANDALONE_AGGREGATE,2,0.40000000000000002,1.5,raroc_using_tvar99_5_tail_capital,-0.00035689713050681543,-0.00061301597024133504,0.00025611883973451961,-41.780125179069891,defined,data/metadata/phase_2/notebook_11_reinsurance_capital/notebook_11_raroc_assumption_grid.csv,FULL_CATALOG_2000000_YEARS,ratio
C2_GODA_ATKINSON09,STANDALONE_AGGREGATE,2.5,0.40000000000000002,1.5,raroc_using_tvar99_5_tail_capital,0.0025128153330730343,0.0025128153330730343,0,0,defined,data/metadata/phase_2/notebook_11_reinsurance_capital/notebook_11_raroc_assumption_grid.csv,FULL_CATALOG_2000000_YEARS,ratio
C2_GODA_ATKINSON09,STANDALONE_AGGREGATE,3,0.40000000000000002,1.5,raroc_using_tvar99_5_tail_capital,0.0053825277966528815,0.0056386466363874035,-0.00025611883973452199,-4.5422041183026414,defined,data/metadata/phase_2/notebook_11_reinsurance_capital/notebook_11_raroc_assumption_grid.csv,FULL_CATALOG_2000000_YEARS,ratio
C2_GODA_ATKINSON09,STANDALONE_AGGREGATE,1.25,0.20000000000000001,2,raroc_using_tvar99_5_tail_capital,-0.004540077545786763,-0.0053938070115684932,0.00085372946578173015,-15.82795721001278,defined,data/metadata/phase_2/notebook_11_reinsurance_capital/notebook_11_raroc_assumption_grid.csv,FULL_CATALOG_2000000_YEARS,ratio
C2_GODA_ATKINSON09,STANDALONE_AGGREGATE,1.5,0.20000000000000001,2,raroc_using_tvar99_5_tail_capital,-0.0026269359034001975,-0.0033099194760255824,0.0006829835726253849,-20.634446776496329,defined,data/metadata/phase_2/notebook_11_reinsurance_capital/notebook_11_raroc_assumption_grid.csv,FULL_CATALOG_2000000_YEARS,ratio
C2_GODA_ATKINSON09,STANDALONE_AGGREGATE,2,0.20000000000000001,2,raroc_using_tvar99_5_tail_capital,0.0011993473813729357,0.00085785559506024222,0.00034149178631269353,39.807607280187121,defined,data/metadata/phase_2/notebook_11_reinsurance_capital/notebook_11_raroc_assumption_grid.csv,FULL_CATALOG_2000000_YEARS,ratio
C2_GODA_ATKINSON09,STANDALONE_AGGREGATE,2.5,0.20000000000000001,2,raroc_using_tvar99_5_tail_capital,0.0050256306661460668,0.0050256306661460694,-2.6020852139652106e-18,-5.1776292107844707e-14,defined,data/metadata/phase_2/notebook_11_reinsurance_capital/notebook_11_raroc_assumption_grid.csv,FULL_CATALOG_2000000_YEARS,ratio
C2_GODA_ATKINSON09,STANDALONE_AGGREGATE,3,0.20000000000000001,2,raroc_using_tvar99_5_tail_capital,0.008851913950919197,0.0091934057372318918,-0.00034149178631269483,-3.7145296974080582,defined,data/metadata/phase_2/notebook_11_reinsurance_capital/notebook_11_raroc_assumption_grid.csv,FULL_CATALOG_2000000_YEARS,ratio
C2_GODA_ATKINSON09,STANDALONE_AGGREGATE,1.25,0.29999999999999999,2,raroc_using_tvar99_5_tail_capital,-0.0057357910722783661,-0.0066962367212828134,0.00096044564900444728,-14.343065948547478,defined,data/metadata/phase_2/notebook_11_reinsurance_capital/notebook_11_raroc_assumption_grid.csv,FULL_CATALOG_2000000_YEARS,ratio
C2_GODA_ATKINSON09,STANDALONE_AGGREGATE,1.5,0.29999999999999999,2,raroc_using_tvar99_5_tail_capital,-0.0040617921351901202,-0.004872835127682767,0.00081104299249264676,-16.644170616097391,defined,data/metadata/phase_2/notebook_11_reinsurance_capital/notebook_11_raroc_assumption_grid.csv,FULL_CATALOG_2000000_YEARS,ratio
C2_GODA_ATKINSON09,STANDALONE_AGGREGATE,2,0.29999999999999999,2,raroc_using_tvar99_5_tail_capital,-0.00071379426101363086,-0.001226031940482669,0.00051223767946903813,-41.780125179069842,defined,data/metadata/phase_2/notebook_11_reinsurance_capital/notebook_11_raroc_assumption_grid.csv,FULL_CATALOG_2000000_YEARS,ratio
C2_GODA_ATKINSON09,STANDALONE_AGGREGATE,2.5,0.29999999999999999,2,raroc_using_tvar99_5_tail_capital,0.0026342036131628607,0.0024207712467174268,0.00021343236644543384,8.8167094158462422,defined,data/metadata/phase_2/notebook_11_reinsurance_capital/notebook_11_raroc_assumption_grid.csv,FULL_CATALOG_2000000_YEARS,ratio
C2_GODA_ATKINSON09,STANDALONE_AGGREGATE,3,0.29999999999999999,2,raroc_using_tvar99_5_tail_capital,0.0059822014873393524,0.0060675744339175226,-8.5372946578170239e-05,-1.4070358346316865,defined,data/metadata/phase_2/notebook_11_reinsurance_capital/notebook_11_raroc_assumption_grid.csv,FULL_CATALOG_2000000_YEARS,ratio
C2_GODA_ATKINSON09,STANDALONE_AGGREGATE,1.25,0.40000000000000002,2,raroc_using_tvar99_5_tail_capital,-0.00693150459876997,-0.0079986664309971353,0.0010671618322271653,-13.341746920356698,defined,data/metadata/phase_2/notebook_11_reinsurance_capital/notebook_11_raroc_assumption_grid.csv,FULL_CATALOG_2000000_YEARS,ratio
C2_GODA_ATKINSON09,STANDALONE_AGGREGATE,1.5,0.40000000000000002,2,raroc_using_tvar99_5_tail_capital,-0.005496648366980046,-0.0064357507793399507,0.00093910241235990472,-14.591963619452319,defined,data/metadata/phase_2/notebook_11_reinsurance_capital/notebook_11_raroc_assumption_grid.csv,FULL_CATALOG_2000000_YEARS,ratio
C2_GODA_ATKINSON09,STANDALONE_AGGREGATE,2,0.40000000000000002,2,raroc_using_tvar99_5_tail_capital,-0.0026269359034001975,-0.0033099194760255824,0.0006829835726253849,-20.634446776496329,defined,data/metadata/phase_2/notebook_11_reinsurance_capital/notebook_11_raroc_assumption_grid.csv,FULL_CATALOG_2000000_YEARS,ratio
C2_GODA_ATKINSON09,STANDALONE_AGGREGATE,2.5,0.40000000000000002,2,raroc_using_tvar99_5_tail_capital,0.00024277656017965244,-0.00018408817271121334,0.00042686473289086578,-231.88058559335366,defined,data/metadata/phase_2/notebook_11_reinsurance_capital/notebook_11_raroc_assumption_grid.csv,FULL_CATALOG_2000000_YEARS,ratio
C2_GODA_ATKINSON09,STANDALONE_AGGREGATE,3,0.40000000000000002,2,raroc_using_tvar99_5_tail_capital,0.0031124890237595,0.002941743130603156,0.00017074589315634395,5.8042420964652788,defined,data/metadata/phase_2/notebook_11_reinsurance_capital/notebook_11_raroc_assumption_grid.csv,FULL_CATALOG_2000000_YEARS,ratio
C2_GODA_ATKINSON09,STACKED_OCCURRENCE_PLUS_AGGREGATE,1.25,0.20000000000000001,1,raroc_using_tvar99_5_tail_capital,0,3.0021088209087496e-18,-3.0021088209087496e-18,,undefined_zero_or_missing_baseline,data/metadata/phase_2/notebook_11_reinsurance_capital/notebook_11_raroc_assumption_grid.csv,FULL_CATALOG_2000000_YEARS,ratio
C2_GODA_ATKINSON09,STACKED_OCCURRENCE_PLUS_AGGREGATE,1.5,0.20000000000000001,1,raroc_using_tvar99_5_tail_capital,0.0027268743350941137,0.0025371094867959057,0.00018976484829820797,7.4795687488386795,defined,data/metadata/phase_2/notebook_11_reinsurance_capital/notebook_11_raroc_assumption_grid.csv,FULL_CATALOG_2000000_YEARS,ratio
C2_GODA_ATKINSON09,STACKED_OCCURRENCE_PLUS_AGGREGATE,2,0.20000000000000001,1,raroc_using_tvar99_5_tail_capital,0.0081806230052823437,0.0076113284603877146,0.00056929454489462912,7.4795687488387506,defined,data/metadata/phase_2/notebook_11_reinsurance_capital/notebook_11_raroc_assumption_grid.csv,FULL_CATALOG_2000000_YEARS,ratio
C2_GODA_ATKINSON09,STACKED_OCCURRENCE_PLUS_AGGREGATE,2.5,0.20000000000000001,1,raroc_using_tvar99_5_tail_capital,0.013634371675470571,0.012685547433979526,0.00094882424149104506,7.4795687488387212,defined,data/metadata/phase_2/notebook_11_reinsurance_capital/notebook_11_raroc_assumption_grid.csv,FULL_CATALOG_2000000_YEARS,ratio
C2_GODA_ATKINSON09,STACKED_OCCURRENCE_PLUS_AGGREGATE,3,0.20000000000000001,1,raroc_using_tvar99_5_tail_capital,0.0190881203456588,0.017759766407571334,0.0013283539380874662,7.4795687488387408,defined,data/metadata/phase_2/notebook_11_reinsurance_capital/notebook_11_raroc_assumption_grid.csv,FULL_CATALOG_2000000_YEARS,ratio
C2_GODA_ATKINSON09,STACKED_OCCURRENCE_PLUS_AGGREGATE,1.25,0.29999999999999999,1,raroc_using_tvar99_5_tail_capital,-0.0017042964594338205,-0.0015856934292474386,-0.00011860303018638193,7.4795687488388154,defined,data/metadata/phase_2/notebook_11_reinsurance_capital/notebook_11_raroc_assumption_grid.csv,FULL_CATALOG_2000000_YEARS,ratio
C2_GODA_ATKINSON09,STACKED_OCCURRENCE_PLUS_AGGREGATE,1.5,0.29999999999999999,1,raroc_using_tvar99_5_tail_capital,0.00068171858377353049,0.00063427737169897719,4.7441212074553294e-05,7.4795687488388758,defined,data/metadata/phase_2/notebook_11_reinsurance_capital/notebook_11_raroc_assumption_grid.csv,FULL_CATALOG_2000000_YEARS,ratio
C2_GODA_ATKINSON09,STACKED_OCCURRENCE_PLUS_AGGREGATE,2,0.29999999999999999,1,raroc_using_tvar99_5_tail_capital,0.0054537486701882291,0.0050742189735918115,0.00037952969659641768,7.4795687488387141,defined,data/metadata/phase_2/notebook_11_reinsurance_capital/notebook_11_raroc_assumption_grid.csv,FULL_CATALOG_2000000_YEARS,ratio
C2_GODA_ATKINSON09,STACKED_OCCURRENCE_PLUS_AGGREGATE,2.5,0.29999999999999999,1,raroc_using_tvar99_5_tail_capital,0.010225778756602931,0.0095141605754846433,0.0007116181811182877,7.4795687488387639,defined,data/metadata/phase_2/notebook_11_reinsurance_capital/notebook_11_raroc_assumption_grid.csv,FULL_CATALOG_2000000_YEARS,ratio
C2_GODA_ATKINSON09,STACKED_OCCURRENCE_PLUS_AGGREGATE,3,0.29999999999999999,1,raroc_using_tvar99_5_tail_capital,0.014997808843017634,0.013954102177377475,0.0010437066656401595,7.479568748838795,defined,data/metadata/phase_2/notebook_11_reinsurance_capital/notebook_11_raroc_assumption_grid.csv,FULL_CATALOG_2000000_YEARS,ratio
C2_GODA_ATKINSON09,STACKED_OCCURRENCE_PLUS_AGGREGATE,1.25,0.40000000000000002,1,raroc_using_tvar99_5_tail_capital,-0.0034085929188676423,-0.0031713868584948785,-0.00023720606037276387,7.4795687488388118,defined,data/metadata/phase_2/notebook_11_reinsurance_capital/notebook_11_raroc_assumption_grid.csv,FULL_CATALOG_2000000_YEARS,ratio
C2_GODA_ATKINSON09,STACKED_OCCURRENCE_PLUS_AGGREGATE,1.5,0.40000000000000002,1,raroc_using_tvar99_5_tail_capital,-0.0013634371675470577,-0.00126855474339795,-9.4882424149107672e-05,7.4795687488389859,defined,data/metadata/phase_2/notebook_11_reinsurance_capital/notebook_11_raroc_assumption_grid.csv,FULL_CATALOG_2000000_YEARS,ratio
C2_GODA_ATKINSON09,STACKED_OCCURRENCE_PLUS_AGGREGATE,2,0.40000000000000002,1,raroc_using_tvar99_5_tail_capital,0.0027268743350941137,0.0025371094867959057,0.00018976484829820797,7.4795687488386795,defined,data/metadata/phase_2/notebook_11_reinsurance_capital/notebook_11_raroc_assumption_grid.csv,FULL_CATALOG_2000000_YEARS,ratio
C2_GODA_ATKINSON09,STACKED_OCCURRENCE_PLUS_AGGREGATE,2.5,0.40000000000000002,1,raroc_using_tvar99_5_tail_capital,0.0068171858377352864,0.006342773716989763,0.0004744121207455234,7.4795687488387355,defined,data/metadata/phase_2/notebook_11_reinsurance_capital/notebook_11_raroc_assumption_grid.csv,FULL_CATALOG_2000000_YEARS,ratio
C2_GODA_ATKINSON09,STACKED_OCCURRENCE_PLUS_AGGREGATE,3,0.40000000000000002,1,raroc_using_tvar99_5_tail_capital,0.010907497340376457,0.010148437947183621,0.00075905939319283536,7.479568748838715,defined,data/metadata/phase_2/notebook_11_reinsurance_capital/notebook_11_raroc_assumption_grid.csv,FULL_CATALOG_2000000_YEARS,ratio
C2_GODA_ATKINSON09,STACKED_OCCURRENCE_PLUS_AGGREGATE,1.25,0.20000000000000001,1.25,raroc_using_tvar99_5_tail_capital,-0.0021521852523311265,-0.0019149791919583613,-0.00023720606037276517,12.386874038572994,defined,data/metadata/phase_2/notebook_11_reinsurance_capital/notebook_11_raroc_assumption_grid.csv,FULL_CATALOG_2000000_YEARS,ratio
C2_GODA_ATKINSON09,STACKED_OCCURRENCE_PLUS_AGGREGATE,1.5,0.20000000000000001,1.25,raroc_using_tvar99_5_tail_capital,0.00057468908276298719,0.00062213029483754168,-4.7441212074554487e-05,-7.6256071225309681,defined,data/metadata/phase_2/notebook_11_reinsurance_capital/notebook_11_raroc_assumption_grid.csv,FULL_CATALOG_2000000_YEARS,ratio
C2_GODA_ATKINSON09,STACKED_OCCURRENCE_PLUS_AGGREGATE,2,0.20000000000000001,1.25,raroc_using_tvar99_5_tail_capital,0.0060284377529512181,0.0056963492684293507,0.00033208848452186742,5.8298476598404561,defined,data/metadata/phase_2/notebook_11_reinsurance_capital/notebook_11_raroc_assumption_grid.csv,FULL_CATALOG_2000000_YEARS,ratio
C2_GODA_ATKINSON09,STACKED_OCCURRENCE_PLUS_AGGREGATE,2.5,0.20000000000000001,1.25,raroc_using_tvar99_5_tail_capital,0.011482186423139445,0.010770568242021163,0.0007116181811182825,6.6070625535050045,defined,data/metadata/phase_2/notebook_11_reinsurance_capital/notebook_11_raroc_assumption_grid.csv,FULL_CATALOG_2000000_YEARS,ratio
C2_GODA_ATKINSON09,STACKED_OCCURRENCE_PLUS_AGGREGATE,3,0.20000000000000001,1.25,raroc_using_tvar99_5_tail_capital,0.016935935093327671,0.015844787215612968,0.0010911478777147036,6.8864785804098396,defined,data/metadata/phase_2/notebook_11_reinsurance_capital/notebook_11_raroc_assumption_grid.csv,FULL_CATALOG_2000000_YEARS,ratio
C2_GODA_ATKINSON09,STACKED_OCCURRENCE_PLUS_AGGREGATE,1.25,0.29999999999999999,1.25,raroc_using_tvar99_5_tail_capital,-0.003856481711764947,-0.0035006726212058028,-0.00035580909055914428,10.16402072001198,defined,data/metadata/phase_2/notebook_11_reinsurance_capital/notebook_11_raroc_assumption_grid.csv,FULL_CATALOG_2000000_YEARS,ratio
C2_GODA_ATKINSON09,STACKED_OCCURRENCE_PLUS_AGGREGATE,1.5,0.29999999999999999,1.25,raroc_using_tvar99_5_tail_capital,-0.0014704666685575961,-0.0012807018202593871,-0.00018976484829820906,14.817254515947749,defined,data/metadata/phase_2/notebook_11_reinsurance_capital/notebook_11_raroc_assumption_grid.csv,FULL_CATALOG_2000000_YEARS,ratio
C2_GODA_ATKINSON09,STACKED_OCCURRENCE_PLUS_AGGREGATE,2,0.29999999999999999,1.25,raroc_using_tvar99_5_tail_capital,0.0033015634178571026,0.0031592397816334475,0.00014232363622365511,4.5049963301635927,defined,data/metadata/phase_2/notebook_11_reinsurance_capital/notebook_11_raroc_assumption_grid.csv,FULL_CATALOG_2000000_YEARS,ratio
C2_GODA_ATKINSON09,STACKED_OCCURRENCE_PLUS_AGGREGATE,2.5,0.29999999999999999,1.25,raroc_using_tvar99_5_tail_capital,0.0080735935042718036,0.0075991813835262793,0.00047441212074552427,6.2429371902343105,defined,data/metadata/phase_2/notebook_11_reinsurance_capital/notebook_11_raroc_assumption_grid.csv,FULL_CATALOG_2000000_YEARS,ratio
C2_GODA_ATKINSON09,STACKED_OCCURRENCE_PLUS_AGGREGATE,3,0.29999999999999999,1.25,raroc_using_tvar99_5_tail_capital,0.012845623590686505,0.01203912298541911,0.00080650060526739516,6.6989979772128638,defined,data/metadata/phase_2/notebook_11_reinsurance_capital/notebook_11_raroc_assumption_grid.csv,FULL_CATALOG_2000000_YEARS,ratio
C2_GODA_ATKINSON09,STACKED_OCCURRENCE_PLUS_AGGREGATE,1.25,0.40000000000000002,1.25,raroc_using_tvar99_5_tail_capital,-0.0055607781711987693,-0.0050863660504532433,-0.000474412120745526,9.3271328889758411,defined,data/metadata/phase_2/notebook_11_reinsurance_capital/notebook_11_raroc_assumption_grid.csv,FULL_CATALOG_2000000_YEARS,ratio
C2_GODA_ATKINSON09,STACKED_OCCURRENCE_PLUS_AGGREGATE,1.5,0.40000000000000002,1.25,raroc_using_tvar99_5_tail_capital,-0.0035156224198781842,-0.0031835339353563142,-0.00033208848452187002,10.431441638918836,defined,data/metadata/phase_2/notebook_11_reinsurance_capital/notebook_11_raroc_assumption_grid.csv,FULL_CATALOG_2000000_YEARS,ratio
C2_GODA_ATKINSON09,STACKED_OCCURRENCE_PLUS_AGGREGATE,2,0.40000000000000002,1.25,raroc_using_tvar99_5_tail_capital,0.00057468908276298719,0.00062213029483754168,-4.7441212074554487e-05,-7.6256071225309681,defined,data/metadata/phase_2/notebook_11_reinsurance_capital/notebook_11_raroc_assumption_grid.csv,FULL_CATALOG_2000000_YEARS,ratio
C2_GODA_ATKINSON09,STACKED_OCCURRENCE_PLUS_AGGREGATE,2.5,0.40000000000000002,1.25,raroc_using_tvar99_5_tail_capital,0.0046650005854041599,0.0044277945250313991,0.00023720606037276083,5.35720569307761,defined,data/metadata/phase_2/notebook_11_reinsurance_capital/notebook_11_raroc_assumption_grid.csv,FULL_CATALOG_2000000_YEARS,ratio
C2_GODA_ATKINSON09,STACKED_OCCURRENCE_PLUS_AGGREGATE,3,0.40000000000000002,1.25,raroc_using_tvar99_5_tail_capital,0.0087553120880453292,0.0082334587552252564,0.00052185333282007279,6.3382030363470934,defined,data/metadata/phase_2/notebook_11_reinsurance_capital/notebook_11_raroc_assumption_grid.csv,FULL_CATALOG_2000000_YEARS,ratio
C2_GODA_ATKINSON09,STACKED_OCCURRENCE_PLUS_AGGREGATE,1.25,0.20000000000000001,1.5,raroc_using_tvar99_5_tail_capital,-0.0043043705046622548,-0.0038299583839167253,-0.00047441212074552947,12.386874038572962,defined,data/metadata/phase_2/notebook_11_reinsurance_capital/notebook_11_raroc_assumption_grid.csv,FULL_CATALOG_2000000_YEARS,ratio
C2_GODA_ATKINSON09,STACKED_OCCURRENCE_PLUS_AGGREGATE,1.5,0.20000000000000001,1.5,raroc_using_tvar99_5_tail_capital,-0.0015774961695681408,-0.0012928488971208226,-0.00028464727244731825,22.017056523869755,defined,data/metadata/phase_2/notebook_11_reinsurance_capital/notebook_11_raroc_assumption_grid.csv,FULL_CATALOG_2000000_YEARS,ratio
C2_GODA_ATKINSON09,STACKED_OCCURRENCE_PLUS_AGGREGATE,2,0.20000000000000001,1.5,raroc_using_tvar99_5_tail_capital,0.0038762525006200898,0.0037813700764709863,9.4882424149103552e-05,2.5092075684285797,defined,data/metadata/phase_2/notebook_11_reinsurance_capital/notebook_11_raroc_assumption_grid.csv,FULL_CATALOG_2000000_YEARS,ratio
C2_GODA_ATKINSON09,STACKED_OCCURRENCE_PLUS_AGGREGATE,2.5,0.20000000000000001,1.5,raroc_using_tvar99_5_tail_capital,0.0093300011708083164,0.0088555890500627982,0.0004744121207455182,5.3572056930775709,defined,data/metadata/phase_2/notebook_11_reinsurance_capital/notebook_11_raroc_assumption_grid.csv,FULL_CATALOG_2000000_YEARS,ratio
C2_GODA_ATKINSON09,STACKED_OCCURRENCE_PLUS_AGGREGATE,3,0.20000000000000001,1.5,raroc_using_tvar99_5_tail_capital,0.014783749840996544,0.013929808023654604,0.00085394181734193934,6.1303200725511537,defined,data/metadata/phase_2/notebook_11_reinsurance_capital/notebook_11_raroc_assumption_grid.csv,FULL_CATALOG_2000000_YEARS,ratio
C2_GODA_ATKINSON09,STACKED_OCCURRENCE_PLUS_AGGREGATE,1.25,0.29999999999999999,1.5,raroc_using_tvar99_5_tail_capital,-0.0060086669640960749,-0.0054156518131641667,-0.00059301515093190815,10.950023587011794,defined,data/metadata/phase_2/notebook_11_reinsurance_capital/notebook_11_raroc_assumption_grid.csv,FULL_CATALOG_2000000_YEARS,ratio
C2_GODA_ATKINSON09,STACKED_OCCURRENCE_PLUS_AGGREGATE,1.5,0.29999999999999999,1.5,raroc_using_tvar99_5_tail_capital,-0.0036226519208887244,-0.0031956810122177512,-0.00042697090867097314,13.360873849379047,defined,data/metadata/phase_2/notebook_11_reinsurance_capital/notebook_11_raroc_assumption_grid.csv,FULL_CATALOG_2000000_YEARS,ratio
C2_GODA_ATKINSON09,STACKED_OCCURRENCE_PLUS_AGGREGATE,2,0.29999999999999999,1.5,raroc_using_tvar99_5_tail_capital,0.0011493781655259744,0.0012442605896750834,-9.4882424149108973e-05,-7.6256071225309681,defined,data/metadata/phase_2/notebook_11_reinsurance_capital/notebook_11_raroc_assumption_grid.csv,FULL_CATALOG_2000000_YEARS,ratio
C2_GODA_ATKINSON09,STACKED_OCCURRENCE_PLUS_AGGREGATE,2.5,0.29999999999999999,1.5,raroc_using_tvar99_5_tail_capital,0.0059214082519406762,0.0056842021915679154,0.00023720606037276083,4.1730756996054454,defined,data/metadata/phase_2/notebook_11_reinsurance_capital/notebook_11_raroc_assumption_grid.csv,FULL_CATALOG_2000000_YEARS,ratio
C2_GODA_ATKINSON09,STACKED_OCCURRENCE_PLUS_AGGREGATE,3,0.29999999999999999,1.5,raroc_using_tvar99_5_tail_capital,0.010693438338355378,0.010124143793460747,0.00056929454489463086,5.6231376846142984,defined,data/metadata/phase_2/notebook_11_reinsurance_capital/notebook_11_raroc_assumption_grid.csv,FULL_CATALOG_2000000_YEARS,ratio
C2_GODA_ATKINSON09,STACKED_OCCURRENCE_PLUS_AGGREGATE,1.25,0.40000000000000002,1.5,raroc_using_tvar99_5_tail_capital,-0.0077129634235298975,-0.0070013452424116072,-0.0007116181811182903,10.164020720012003,defined,data/metadata/phase_2/notebook_11_reinsurance_capital/notebook_11_raroc_assumption_grid.csv,FULL_CATALOG_2000000_YEARS,ratio
C2_GODA_ATKINSON09,STACKED_OCCURRENCE_PLUS_AGGREGATE,1.5,0.40000000000000002,1.5,raroc_using_tvar99_5_tail_capital,-0.0056678076722093121,-0.0050985131273146786,-0.00056929454489463346,11.165893480683723,defined,data/metadata/phase_2/notebook_11_reinsurance_capital/notebook_11_raroc_assumption_grid.csv,FULL_CATALOG_2000000_YEARS,ratio
C2_GODA_ATKINSON09,STACKED_OCCURRENCE_PLUS_AGGREGATE,2,0.40000000000000002,1.5,raroc_using_tvar99_5_tail_capital,-0.0015774961695681408,-0.0012928488971208226,-0.00028464727244731825,22.017056523869755,defined,data/metadata/phase_2/notebook_11_reinsurance_capital/notebook_11_raroc_assumption_grid.csv,FULL_CATALOG_2000000_YEARS,ratio
C2_GODA_ATKINSON09,STACKED_OCCURRENCE_PLUS_AGGREGATE,2.5,0.40000000000000002,1.5,raroc_using_tvar99_5_tail_capital,0.0025128153330730321,0.0025128153330730347,-2.6020852139652106e-18,-1.0355258421568941e-13,defined,data/metadata/phase_2/notebook_11_reinsurance_capital/notebook_11_raroc_assumption_grid.csv,FULL_CATALOG_2000000_YEARS,ratio
C2_GODA_ATKINSON09,STACKED_OCCURRENCE_PLUS_AGGREGATE,3,0.40000000000000002,1.5,raroc_using_tvar99_5_tail_capital,0.0066031268357142018,0.0063184795632668924,0.00028464727244730936,4.5049963301635811,defined,data/metadata/phase_2/notebook_11_reinsurance_capital/notebook_11_raroc_assumption_grid.csv,FULL_CATALOG_2000000_YEARS,ratio
C2_GODA_ATKINSON09,STACKED_OCCURRENCE_PLUS_AGGREGATE,1.25,0.20000000000000001,2,raroc_using_tvar99_5_tail_capital,-0.0086087410093245078,-0.0076599167678334541,-0.00094882424149105374,12.386874038572889,defined,data/metadata/phase_2/notebook_11_reinsurance_capital/notebook_11_raroc_assumption_grid.csv,FULL_CATALOG_2000000_YEARS,ratio
C2_GODA_ATKINSON09,STACKED_OCCURRENCE_PLUS_AGGREGATE,1.5,0.20000000000000001,2,raroc_using_tvar99_5_tail_capital,-0.0058818666742303941,-0.0051228072810375509,-0.00075905939319284316,14.817254515947877,defined,data/metadata/phase_2/notebook_11_reinsurance_capital/notebook_11_raroc_assumption_grid.csv,FULL_CATALOG_2000000_YEARS,ratio
C2_GODA_ATKINSON09,STACKED_OCCURRENCE_PLUS_AGGREGATE,2,0.20000000000000001,2,raroc_using_tvar99_5_tail_capital,-0.00042811800404216332,-4.8588307445742147e-05,-0.00037952969659642115,781.11322774565963,defined,data/metadata/phase_2/notebook_11_reinsurance_capital/notebook_11_raroc_assumption_grid.csv,FULL_CATALOG_2000000_YEARS,ratio
C2_GODA_ATKINSON09,STACKED_OCCURRENCE_PLUS_AGGREGATE,2.5,0.20000000000000001,2,raroc_using_tvar99_5_tail_capital,0.0050256306661460642,0.0050256306661460694,-5.2041704279304213e-18,-1.0355258421568941e-13,defined,data/metadata/phase_2/notebook_11_reinsurance_capital/notebook_11_raroc_assumption_grid.csv,FULL_CATALOG_2000000_YEARS,ratio
C2_GODA_ATKINSON09,STACKED_OCCURRENCE_PLUS_AGGREGATE,3,0.20000000000000001,2,raroc_using_tvar99_5_tail_capital,0.010479379336334291,0.010099849639737875,0.00037952969659641594,3.7577757108695535,defined,data/metadata/phase_2/notebook_11_reinsurance_capital/notebook_11_raroc_assumption_grid.csv,FULL_CATALOG_2000000_YEARS,ratio
C2_GODA_ATKINSON09,STACKED_OCCURRENCE_PLUS_AGGREGATE,1.25,0.29999999999999999,2,raroc_using_tvar99_5_tail_capital,-0.010313037468758328,-0.0092456101970808963,-0.0010674272716774316,11.545233347761611,defined,data/metadata/phase_2/notebook_11_reinsurance_capital/notebook_11_raroc_assumption_grid.csv,FULL_CATALOG_2000000_YEARS,ratio
C2_GODA_ATKINSON09,STACKED_OCCURRENCE_PLUS_AGGREGATE,1.5,0.29999999999999999,2,raroc_using_tvar99_5_tail_capital,-0.007927022425550977,-0.0070256393961344796,-0.00090138302941649741,12.829907409031554,defined,data/metadata/phase_2/notebook_11_reinsurance_capital/notebook_11_raroc_assumption_grid.csv,FULL_CATALOG_2000000_YEARS,ratio
C2_GODA_ATKINSON09,STACKED_OCCURRENCE_PLUS_AGGREGATE,2,0.29999999999999999,2,raroc_using_tvar99_5_tail_capital,-0.0031549923391362786,-0.0025856977942416452,-0.00056929454489463346,22.017056523869638,defined,data/metadata/phase_2/notebook_11_reinsurance_capital/notebook_11_raroc_assumption_grid.csv,FULL_CATALOG_2000000_YEARS,ratio
C2_GODA_ATKINSON09,STACKED_OCCURRENCE_PLUS_AGGREGATE,2.5,0.29999999999999999,2,raroc_using_tvar99_5_tail_capital,0.0016170377472784232,0.0018542438076511866,-0.00023720606037276343,-12.792603615229964,defined,data/metadata/phase_2/notebook_11_reinsurance_capital/notebook_11_raroc_assumption_grid.csv,FULL_CATALOG_2000000_YEARS,ratio
C2_GODA_ATKINSON09,STACKED_OCCURRENCE_PLUS_AGGREGATE,3,0.29999999999999999,2,raroc_using_tvar99_5_tail_capital,0.006389067833693125,0.0062941854095440184,9.4882424149106588e-05,1.5074615375205531,defined,data/metadata/phase_2/notebook_11_reinsurance_capital/notebook_11_raroc_assumption_grid.csv,FULL_CATALOG_2000000_YEARS,ratio
C2_GODA_ATKINSON09,STACKED_OCCURRENCE_PLUS_AGGREGATE,1.25,0.40000000000000002,2,raroc_using_tvar99_5_tail_capital,-0.01201733392819215,-0.010831303626328335,-0.0011860303018638146,10.950023587011778,defined,data/metadata/phase_2/notebook_11_reinsurance_capital/notebook_11_raroc_assumption_grid.csv,FULL_CATALOG_2000000_YEARS,ratio
C2_GODA_ATKINSON09,STACKED_OCCURRENCE_PLUS_AGGREGATE,1.5,0.40000000000000002,2,raroc_using_tvar99_5_tail_capital,-0.0099721781768715659,-0.0089284715112314065,-0.0010437066656401595,11.689645470977288,defined,data/metadata/phase_2/notebook_11_reinsurance_capital/notebook_11_raroc_assumption_grid.csv,FULL_CATALOG_2000000_YEARS,ratio
C2_GODA_ATKINSON09,STACKED_OCCURRENCE_PLUS_AGGREGATE,2,0.40000000000000002,2,raroc_using_tvar99_5_tail_capital,-0.0058818666742303941,-0.0051228072810375509,-0.00075905939319284316,14.817254515947877,defined,data/metadata/phase_2/notebook_11_reinsurance_capital/notebook_11_raroc_assumption_grid.csv,FULL_CATALOG_2000000_YEARS,ratio
C2_GODA_ATKINSON09,STACKED_OCCURRENCE_PLUS_AGGREGATE,2.5,0.40000000000000002,2,raroc_using_tvar99_5_tail_capital,-0.0017915551715892209,-0.0013171430508436936,-0.0004744121207455273,36.018268512417343,defined,data/metadata/phase_2/notebook_11_reinsurance_capital/notebook_11_raroc_assumption_grid.csv,FULL_CATALOG_2000000_YEARS,ratio
C2_GODA_ATKINSON09,STACKED_OCCURRENCE_PLUS_AGGREGATE,3,0.40000000000000002,2,raroc_using_tvar99_5_tail_capital,0.0022987563310519488,0.0024885211793501637,-0.00018976484829821491,-7.6256071225308553,defined,data/metadata/phase_2/notebook_11_reinsurance_capital/notebook_11_raroc_assumption_grid.csv,FULL_CATALOG_2000000_YEARS,ratio
